height,ts,gap_s,txs,counted_txs,bytes,fullness,fee_speck
633449,1788017634.0,,6,6,22337,0.022337,6
633450,1788017640.0,6.0,0,0,0,0.000000,0
633451,1788017646.0,6.0,0,0,0,0.000000,0
633452,1788017652.001,6.000999927520752,0,0,0,0.000000,0
633453,1788017658.001,6.0,0,0,0,0.000000,0
633454,1788017664.0,5.999000072479248,0,0,0,0.000000,0
633455,1788017670.0,6.0,0,0,0,0.000000,0
633456,1788017676.0,6.0,0,0,0,0.000000,0
633457,1788017682.0,6.0,0,0,0,0.000000,0
633458,1788017688.001,6.000999927520752,0,0,0,0.000000,0
633459,1788017694.0,5.999000072479248,0,0,0,0.000000,0
633460,1788017700.0,6.0,0,0,0,0.000000,0
633461,1788017706.0,6.0,0,0,0,0.000000,0
633462,1788017712.0,6.0,0,0,0,0.000000,0
633463,1788017718.0,6.0,0,0,0,0.000000,0
633464,1788017724.0,6.0,0,0,0,0.000000,0
633465,1788017730.0,6.0,0,0,0,0.000000,0
633466,1788017736.0,6.0,0,0,0,0.000000,0
633467,1788017742.0,6.0,0,0,0,0.000000,0
633468,1788017748.0,6.0,0,0,0,0.000000,0
633469,1788017754.0,6.0,0,0,0,0.000000,0
633470,1788017760.0,6.0,0,0,0,0.000000,0
633471,1788017766.0,6.0,0,0,0,0.000000,0
633472,1788017772.0,6.0,0,0,0,0.000000,0
633473,1788017778.0,6.0,0,0,0,0.000000,0
633474,1788017784.0,6.0,0,0,0,0.000000,0
633475,1788017790.0,6.0,0,0,0,0.000000,0
633476,1788017796.0,6.0,0,0,0,0.000000,0
633477,1788017802.0,6.0,0,0,0,0.000000,0
633478,1788017808.0,6.0,0,0,0,0.000000,0
633479,1788017814.001,6.000999927520752,0,0,0,0.000000,0
633480,1788017820.0,5.999000072479248,0,0,0,0.000000,0
633481,1788017826.0,6.0,0,0,0,0.000000,0
633482,1788017832.0,6.0,0,0,0,0.000000,0
633483,1788017838.001,6.000999927520752,0,0,0,0.000000,0
633484,1788017844.0,5.999000072479248,0,0,0,0.000000,0
633485,1788017850.0,6.0,0,0,0,0.000000,0
633486,1788017856.0,6.0,0,0,0,0.000000,0
633487,1788017862.0,6.0,0,0,0,0.000000,0
633488,1788017868.0,6.0,0,0,0,0.000000,0
633489,1788017874.0,6.0,0,0,0,0.000000,0
633490,1788017880.0,6.0,0,0,0,0.000000,0
633491,1788017886.0,6.0,0,0,0,0.000000,0
633492,1788017892.0,6.0,0,0,0,0.000000,0
633493,1788017898.0,6.0,0,0,0,0.000000,0
633494,1788017904.0,6.0,0,0,0,0.000000,0
633495,1788017910.0,6.0,0,0,0,0.000000,0
633496,1788017916.001,6.000999927520752,0,0,0,0.000000,0
633497,1788017922.0,5.999000072479248,0,0,0,0.000000,0
633498,1788017928.0,6.0,0,0,0,0.000000,0
633499,1788017934.0,6.0,0,0,0,0.000000,0
633500,1788017940.0,6.0,0,0,0,0.000000,0
633501,1788017946.0,6.0,0,0,0,0.000000,0
633502,1788017952.001,6.000999927520752,0,0,0,0.000000,0
633503,1788017958.0,5.999000072479248,0,0,0,0.000000,0
633504,1788017964.0,6.0,0,0,0,0.000000,0
633505,1788017970.0,6.0,0,0,0,0.000000,0
633506,1788017976.0,6.0,0,0,0,0.000000,0
633507,1788017982.0,6.0,0,0,0,0.000000,0
633508,1788017988.0,6.0,0,0,0,0.000000,0
633509,1788017994.0,6.0,0,0,0,0.000000,0
633510,1788018000.001,6.000999927520752,1,1,5901,0.005901,1
633511,1788018006.0,5.999000072479248,0,0,0,0.000000,0
633512,1788018012.0,6.0,0,0,0,0.000000,0
633513,1788018018.0,6.0,0,0,0,0.000000,0
633514,1788018024.0,6.0,0,0,0,0.000000,0
633515,1788018030.0,6.0,0,0,0,0.000000,0
633516,1788018036.0,6.0,0,0,0,0.000000,0
633517,1788018042.0,6.0,0,0,0,0.000000,0
633518,1788018048.0,6.0,0,0,0,0.000000,0
633519,1788018054.0,6.0,0,0,0,0.000000,0
633520,1788018060.001,6.000999927520752,0,0,0,0.000000,0
633521,1788018066.0,5.999000072479248,0,0,0,0.000000,0
633522,1788018072.001,6.000999927520752,0,0,0,0.000000,0
633523,1788018078.0,5.999000072479248,0,0,0,0.000000,0
633524,1788018084.0,6.0,0,0,0,0.000000,0
633525,1788018090.0,6.0,0,0,0,0.000000,0
633526,1788018096.0,6.0,0,0,0,0.000000,0
633527,1788018102.0,6.0,0,0,0,0.000000,0
633528,1788018108.001,6.000999927520752,0,0,0,0.000000,0
633529,1788018114.0,5.999000072479248,0,0,0,0.000000,0
633530,1788018120.0,6.0,0,0,0,0.000000,0
633531,1788018126.0,6.0,0,0,0,0.000000,0
633532,1788018132.0,6.0,0,0,0,0.000000,0
633533,1788018138.0,6.0,0,0,0,0.000000,0
633534,1788018144.001,6.000999927520752,0,0,0,0.000000,0
633535,1788018150.0,5.999000072479248,0,0,0,0.000000,0
633536,1788018156.0,6.0,0,0,0,0.000000,0
633537,1788018162.0,6.0,0,0,0,0.000000,0
633538,1788018168.0,6.0,0,0,0,0.000000,0
633539,1788018174.0,6.0,0,0,0,0.000000,0
633540,1788018180.001,6.000999927520752,0,0,0,0.000000,0
633541,1788018186.0,5.999000072479248,0,0,0,0.000000,0
633542,1788018192.0,6.0,0,0,0,0.000000,0
633543,1788018198.0,6.0,0,0,0,0.000000,0
633544,1788018204.0,6.0,0,0,0,0.000000,0
633545,1788018210.0,6.0,0,0,0,0.000000,0
633546,1788018216.0,6.0,0,0,0,0.000000,0
633547,1788018222.0,6.0,0,0,0,0.000000,0
633548,1788018228.0,6.0,0,0,0,0.000000,0
633549,1788018234.0,6.0,0,0,0,0.000000,0
633550,1788018240.0,6.0,0,0,0,0.000000,0
633551,1788018246.0,6.0,0,0,0,0.000000,0
633552,1788018252.0,6.0,0,0,0,0.000000,0
633553,1788018258.0,6.0,0,0,0,0.000000,0
633554,1788018264.0,6.0,0,0,0,0.000000,0
633555,1788018270.0,6.0,0,0,0,0.000000,0
633556,1788018276.0,6.0,0,0,0,0.000000,0
633557,1788018282.0,6.0,0,0,0,0.000000,0
633558,1788018288.0,6.0,0,0,0,0.000000,0
633559,1788018294.0,6.0,0,0,0,0.000000,0
633560,1788018300.0,6.0,0,0,0,0.000000,0
633561,1788018306.001,6.000999927520752,0,0,0,0.000000,0
633562,1788018312.001,6.0,0,0,0,0.000000,0
633563,1788018318.0,5.999000072479248,0,0,0,0.000000,0
633564,1788018324.0,6.0,0,0,0,0.000000,0
633565,1788018330.0,6.0,0,0,0,0.000000,0
633566,1788018336.0,6.0,0,0,0,0.000000,0
633567,1788018342.001,6.000999927520752,0,0,0,0.000000,0
633568,1788018348.001,6.0,0,0,0,0.000000,0
633569,1788018354.0,5.999000072479248,0,0,0,0.000000,0
633570,1788018360.001,6.000999927520752,0,0,0,0.000000,0
633571,1788018366.0,5.999000072479248,0,0,0,0.000000,0
633572,1788018372.0,6.0,0,0,0,0.000000,0
633573,1788018378.001,6.000999927520752,0,0,0,0.000000,0
633574,1788018384.001,6.0,0,0,0,0.000000,0
633575,1788018390.001,6.0,0,0,0,0.000000,0
633576,1788018396.0,5.999000072479248,0,0,0,0.000000,0
633577,1788018402.001,6.000999927520752,0,0,0,0.000000,0
633578,1788018408.0,5.999000072479248,0,0,0,0.000000,0
633579,1788018414.0,6.0,0,0,0,0.000000,0
633580,1788018420.001,6.000999927520752,0,0,0,0.000000,0
633581,1788018426.0,5.999000072479248,0,0,0,0.000000,0
633582,1788018432.0,6.0,0,0,0,0.000000,0
633583,1788018438.0,6.0,0,0,0,0.000000,0
633584,1788018444.0,6.0,0,0,0,0.000000,0
633585,1788018450.0,6.0,0,0,0,0.000000,0
633586,1788018456.0,6.0,0,0,0,0.000000,0
633587,1788018462.0,6.0,0,0,0,0.000000,0
633588,1788018468.0,6.0,0,0,0,0.000000,0
633589,1788018474.001,6.000999927520752,0,0,0,0.000000,0
633590,1788018480.001,6.0,0,0,0,0.000000,0
633591,1788018486.0,5.999000072479248,0,0,0,0.000000,0
633592,1788018492.0,6.0,0,0,0,0.000000,0
633593,1788018498.0,6.0,0,0,0,0.000000,0
633594,1788018504.0,6.0,1,1,4046,0.004046,1
633595,1788018510.001,6.000999927520752,0,0,0,0.000000,0
633596,1788018516.001,6.0,0,0,0,0.000000,0
633597,1788018522.0,5.999000072479248,0,0,0,0.000000,0
633598,1788018528.0,6.0,0,0,0,0.000000,0
633599,1788018534.0,6.0,1,1,709,0.000709,1
633600,1788018540.001,6.000999927520752,0,0,0,0.000000,0
633601,1788018546.0,5.999000072479248,0,0,0,0.000000,0
633602,1788018552.0,6.0,0,0,0,0.000000,0
633603,1788018558.0,6.0,0,0,0,0.000000,0
633604,1788018564.0,6.0,0,0,0,0.000000,0
633605,1788018570.0,6.0,0,0,0,0.000000,0
633606,1788018576.0,6.0,0,0,0,0.000000,0
633607,1788018582.001,6.000999927520752,0,0,0,0.000000,0
633608,1788018588.0,5.999000072479248,0,0,0,0.000000,0
633609,1788018594.0,6.0,0,0,0,0.000000,0
633610,1788018600.001,6.000999927520752,0,0,0,0.000000,0
633611,1788018606.0,5.999000072479248,0,0,0,0.000000,0
633612,1788018612.0,6.0,0,0,0,0.000000,0
633613,1788018618.0,6.0,0,0,0,0.000000,0
633614,1788018624.0,6.0,0,0,0,0.000000,0
633615,1788018630.0,6.0,0,0,0,0.000000,0
633616,1788018636.0,6.0,0,0,0,0.000000,0
633617,1788018642.0,6.0,0,0,0,0.000000,0
633618,1788018648.0,6.0,0,0,0,0.000000,0
633619,1788018654.0,6.0,0,0,0,0.000000,0
633620,1788018660.0,6.0,0,0,0,0.000000,0
633621,1788018666.001,6.000999927520752,0,0,0,0.000000,0
633622,1788018672.0,5.999000072479248,0,0,0,0.000000,0
633623,1788018678.0,6.0,0,0,0,0.000000,0
633624,1788018684.0,6.0,0,0,0,0.000000,0
633625,1788018690.0,6.0,0,0,0,0.000000,0
633626,1788018696.0,6.0,0,0,0,0.000000,0
633627,1788018702.0,6.0,0,0,0,0.000000,0
633628,1788018708.0,6.0,0,0,0,0.000000,0
633629,1788018714.001,6.000999927520752,0,0,0,0.000000,0
633630,1788018720.0,5.999000072479248,0,0,0,0.000000,0
633631,1788018726.0,6.0,0,0,0,0.000000,0
633632,1788018732.0,6.0,0,0,0,0.000000,0
633633,1788018738.0,6.0,0,0,0,0.000000,0
633634,1788018744.0,6.0,0,0,0,0.000000,0
633635,1788018750.0,6.0,0,0,0,0.000000,0
633636,1788018756.0,6.0,0,0,0,0.000000,0
633637,1788018762.001,6.000999927520752,0,0,0,0.000000,0
633638,1788018768.0,5.999000072479248,0,0,0,0.000000,0
633639,1788018774.0,6.0,0,0,0,0.000000,0
633640,1788018780.0,6.0,0,0,0,0.000000,0
633641,1788018786.0,6.0,0,0,0,0.000000,0
633642,1788018792.0,6.0,0,0,0,0.000000,0
633643,1788018798.001,6.000999927520752,0,0,0,0.000000,0
633644,1788018804.0,5.999000072479248,0,0,0,0.000000,0
633645,1788018810.001,6.000999927520752,0,0,0,0.000000,0
633646,1788018816.0,5.999000072479248,0,0,0,0.000000,0
633647,1788018822.0,6.0,0,0,0,0.000000,0
633648,1788018828.0,6.0,0,0,0,0.000000,0
633649,1788018834.001,6.000999927520752,0,0,0,0.000000,0
633650,1788018840.0,5.999000072479248,0,0,0,0.000000,0
633651,1788018846.0,6.0,0,0,0,0.000000,0
633652,1788018852.0,6.0,0,0,0,0.000000,0
633653,1788018858.0,6.0,0,0,0,0.000000,0
633654,1788018864.0,6.0,0,0,0,0.000000,0
633655,1788018870.0,6.0,0,0,0,0.000000,0
633656,1788018876.0,6.0,0,0,0,0.000000,0
633657,1788018882.0,6.0,0,0,0,0.000000,0
633658,1788018888.001,6.000999927520752,0,0,0,0.000000,0
633659,1788018894.0,5.999000072479248,0,0,0,0.000000,0
633660,1788018900.0,6.0,0,0,0,0.000000,0
633661,1788018906.0,6.0,0,0,0,0.000000,0
633662,1788018912.0,6.0,0,0,0,0.000000,0
633663,1788018918.0,6.0,0,0,0,0.000000,0
633664,1788018924.0,6.0,0,0,0,0.000000,0
633665,1788018930.0,6.0,0,0,0,0.000000,0
633666,1788018936.0,6.0,0,0,0,0.000000,0
633667,1788018942.0,6.0,0,0,0,0.000000,0
633668,1788018948.0,6.0,0,0,0,0.000000,0
633669,1788018954.001,6.000999927520752,0,0,0,0.000000,0
633670,1788018960.0,5.999000072479248,0,0,0,0.000000,0
633671,1788018966.0,6.0,0,0,0,0.000000,0
633672,1788018972.0,6.0,0,0,0,0.000000,0
633673,1788018978.0,6.0,0,0,0,0.000000,0
633674,1788018984.001,6.000999927520752,0,0,0,0.000000,0
633675,1788018990.0,5.999000072479248,0,0,0,0.000000,0
633676,1788018996.0,6.0,0,0,0,0.000000,0
633677,1788019002.0,6.0,0,0,0,0.000000,0
633678,1788019008.0,6.0,0,0,0,0.000000,0
633679,1788019014.0,6.0,0,0,0,0.000000,0
633680,1788019020.0,6.0,0,0,0,0.000000,0
633681,1788019026.0,6.0,0,0,0,0.000000,0
633682,1788019032.0,6.0,0,0,0,0.000000,0
633683,1788019038.0,6.0,0,0,0,0.000000,0
633684,1788019044.0,6.0,0,0,0,0.000000,0
633685,1788019050.0,6.0,0,0,0,0.000000,0
633686,1788019056.0,6.0,0,0,0,0.000000,0
633687,1788019062.0,6.0,0,0,0,0.000000,0
633688,1788019068.001,6.000999927520752,0,0,0,0.000000,0
633689,1788019074.0,5.999000072479248,0,0,0,0.000000,0
633690,1788019080.0,6.0,0,0,0,0.000000,0
633691,1788019086.0,6.0,0,0,0,0.000000,0
633692,1788019092.0,6.0,0,0,0,0.000000,0
633693,1788019098.0,6.0,0,0,0,0.000000,0
633694,1788019104.0,6.0,0,0,0,0.000000,0
633695,1788019110.0,6.0,0,0,0,0.000000,0
633696,1788019116.001,6.000999927520752,0,0,0,0.000000,0
633697,1788019122.001,6.0,0,0,0,0.000000,0
633698,1788019128.0,5.999000072479248,0,0,0,0.000000,0
633699,1788019134.0,6.0,0,0,0,0.000000,0
633700,1788019140.001,6.000999927520752,0,0,0,0.000000,0
633701,1788019146.0,5.999000072479248,0,0,0,0.000000,0
633702,1788019152.001,6.000999927520752,0,0,0,0.000000,0
633703,1788019158.0,5.999000072479248,0,0,0,0.000000,0
633704,1788019164.0,6.0,0,0,0,0.000000,0
633705,1788019170.0,6.0,0,0,0,0.000000,0
633706,1788019176.0,6.0,0,0,0,0.000000,0
633707,1788019182.001,6.000999927520752,0,0,0,0.000000,0
633708,1788019188.0,5.999000072479248,0,0,0,0.000000,0
633709,1788019194.0,6.0,0,0,0,0.000000,0
633710,1788019200.0,6.0,0,0,0,0.000000,0
633711,1788019206.001,6.000999927520752,0,0,0,0.000000,0
633712,1788019212.0,5.999000072479248,0,0,0,0.000000,0
633713,1788019218.001,6.000999927520752,0,0,0,0.000000,0
633714,1788019224.0,5.999000072479248,0,0,0,0.000000,0
633715,1788019230.0,6.0,0,0,0,0.000000,0
633716,1788019236.001,6.000999927520752,0,0,0,0.000000,0
633717,1788019242.0,5.999000072479248,0,0,0,0.000000,0
633718,1788019248.0,6.0,0,0,0,0.000000,0
633719,1788019254.001,6.000999927520752,0,0,0,0.000000,0
633720,1788019260.0,5.999000072479248,0,0,0,0.000000,0
633721,1788019266.0,6.0,0,0,0,0.000000,0
633722,1788019272.001,6.000999927520752,0,0,0,0.000000,0
633723,1788019278.0,5.999000072479248,0,0,0,0.000000,0
633724,1788019284.0,6.0,0,0,0,0.000000,0
633725,1788019290.001,6.000999927520752,0,0,0,0.000000,0
633726,1788019296.0,5.999000072479248,0,0,0,0.000000,0
633727,1788019302.0,6.0,0,0,0,0.000000,0
633728,1788019308.001,6.000999927520752,0,0,0,0.000000,0
633729,1788019314.0,5.999000072479248,0,0,0,0.000000,0
633730,1788019320.0,6.0,0,0,0,0.000000,0
633731,1788019326.001,6.000999927520752,0,0,0,0.000000,0
633732,1788019332.0,5.999000072479248,0,0,0,0.000000,0
633733,1788019338.001,6.000999927520752,1,1,5901,0.005901,1
633734,1788019344.001,6.0,0,0,0,0.000000,0
633735,1788019350.0,5.999000072479248,0,0,0,0.000000,0
633736,1788019356.0,6.0,0,0,0,0.000000,0
633737,1788019362.001,6.000999927520752,0,0,0,0.000000,0
633738,1788019368.0,5.999000072479248,0,0,0,0.000000,0
633739,1788019374.0,6.0,0,0,0,0.000000,0
633740,1788019380.0,6.0,0,0,0,0.000000,0
633741,1788019386.0,6.0,0,0,0,0.000000,0
633742,1788019392.001,6.000999927520752,0,0,0,0.000000,0
633743,1788019398.0,5.999000072479248,0,0,0,0.000000,0
633744,1788019404.0,6.0,0,0,0,0.000000,0
633745,1788019410.0,6.0,0,0,0,0.000000,0
633746,1788019416.001,6.000999927520752,0,0,0,0.000000,0
633747,1788019422.0,5.999000072479248,0,0,0,0.000000,0
633748,1788019428.0,6.0,0,0,0,0.000000,0
633749,1788019434.0,6.0,0,0,0,0.000000,0
633750,1788019440.0,6.0,0,0,0,0.000000,0
633751,1788019446.0,6.0,0,0,0,0.000000,0
633752,1788019452.0,6.0,0,0,0,0.000000,0
633753,1788019458.0,6.0,0,0,0,0.000000,0
633754,1788019464.0,6.0,0,0,0,0.000000,0
633755,1788019470.0,6.0,0,0,0,0.000000,0
633756,1788019476.0,6.0,0,0,0,0.000000,0
633757,1788019482.0,6.0,0,0,0,0.000000,0
633758,1788019488.001,6.000999927520752,0,0,0,0.000000,0
633759,1788019494.0,5.999000072479248,0,0,0,0.000000,0
633760,1788019500.0,6.0,0,0,0,0.000000,0
633761,1788019506.0,6.0,0,0,0,0.000000,0
633762,1788019512.0,6.0,0,0,0,0.000000,0
633763,1788019518.0,6.0,0,0,0,0.000000,0
633764,1788019524.0,6.0,0,0,0,0.000000,0
633765,1788019530.0,6.0,0,0,0,0.000000,0
633766,1788019536.0,6.0,0,0,0,0.000000,0
633767,1788019542.0,6.0,0,0,0,0.000000,0
633768,1788019548.0,6.0,0,0,0,0.000000,0
633769,1788019554.001,6.000999927520752,0,0,0,0.000000,0
633770,1788019560.0,5.999000072479248,0,0,0,0.000000,0
633771,1788019566.0,6.0,0,0,0,0.000000,0
633772,1788019572.0,6.0,0,0,0,0.000000,0
633773,1788019578.0,6.0,0,0,0,0.000000,0
633774,1788019584.0,6.0,0,0,0,0.000000,0
633775,1788019590.0,6.0,0,0,0,0.000000,0
633776,1788019596.0,6.0,0,0,0,0.000000,0
633777,1788019602.0,6.0,0,0,0,0.000000,0
633778,1788019608.0,6.0,0,0,0,0.000000,0
633779,1788019614.001,6.000999927520752,0,0,0,0.000000,0
633780,1788019620.001,6.0,0,0,0,0.000000,0
633781,1788019626.0,5.999000072479248,0,0,0,0.000000,0
633782,1788019632.0,6.0,0,0,0,0.000000,0
633783,1788019638.0,6.0,0,0,0,0.000000,0
633784,1788019644.0,6.0,0,0,0,0.000000,0
633785,1788019650.0,6.0,0,0,0,0.000000,0
633786,1788019656.0,6.0,0,0,0,0.000000,0
633787,1788019662.001,6.000999927520752,0,0,0,0.000000,0
633788,1788019668.0,5.999000072479248,0,0,0,0.000000,0
633789,1788019674.0,6.0,0,0,0,0.000000,0
633790,1788019680.0,6.0,0,0,0,0.000000,0
633791,1788019686.0,6.0,0,0,0,0.000000,0
633792,1788019692.0,6.0,0,0,0,0.000000,0
633793,1788019698.001,6.000999927520752,0,0,0,0.000000,0
633794,1788019704.001,6.0,0,0,0,0.000000,0
633795,1788019710.0,5.999000072479248,0,0,0,0.000000,0
633796,1788019716.0,6.0,0,0,0,0.000000,0
633797,1788019722.0,6.0,0,0,0,0.000000,0
633798,1788019728.0,6.0,0,0,0,0.000000,0
633799,1788019734.0,6.0,0,0,0,0.000000,0
633800,1788019740.0,6.0,0,0,0,0.000000,0
633801,1788019746.0,6.0,0,0,0,0.000000,0
633802,1788019752.0,6.0,0,0,0,0.000000,0
633803,1788019758.0,6.0,0,0,0,0.000000,0
633804,1788019764.0,6.0,0,0,0,0.000000,0
633805,1788019770.001,6.000999927520752,0,0,0,0.000000,0
633806,1788019776.0,5.999000072479248,1,1,9382,0.009382,1
633807,1788019782.0,6.0,0,0,0,0.000000,0
633808,1788019788.0,6.0,0,0,0,0.000000,0
633809,1788019794.0,6.0,0,0,0,0.000000,0
633810,1788019800.0,6.0,0,0,0,0.000000,0
633811,1788019806.0,6.0,0,0,0,0.000000,0
633812,1788019812.001,6.000999927520752,1,1,8097,0.008097,1
633813,1788019818.0,5.999000072479248,0,0,0,0.000000,0
633814,1788019824.0,6.0,0,0,0,0.000000,0
633815,1788019830.0,6.0,0,0,0,0.000000,0
633816,1788019836.0,6.0,0,0,0,0.000000,0
633817,1788019842.0,6.0,0,0,0,0.000000,0
633818,1788019848.0,6.0,0,0,0,0.000000,0
633819,1788019854.0,6.0,2,2,12123,0.012123,2
633820,1788019860.0,6.0,0,0,0,0.000000,0
633821,1788019866.0,6.0,0,0,0,0.000000,0
633822,1788019872.0,6.0,1,1,3822,0.003822,1
633823,1788019878.001,6.000999927520752,0,0,0,0.000000,0
633824,1788019884.001,6.0,0,0,0,0.000000,0
633825,1788019890.0,5.999000072479248,0,0,0,0.000000,0
633826,1788019896.0,6.0,0,0,0,0.000000,0
633827,1788019902.001,6.000999927520752,0,0,0,0.000000,0
633828,1788019908.0,5.999000072479248,0,0,0,0.000000,0
633829,1788019914.0,6.0,0,0,0,0.000000,0
633830,1788019920.0,6.0,1,1,8096,0.008096,1
633831,1788019926.0,6.0,0,0,0,0.000000,0
633832,1788019932.0,6.0,0,0,0,0.000000,0
633833,1788019938.0,6.0,0,0,0,0.000000,0
633834,1788019944.0,6.0,0,0,0,0.000000,0
633835,1788019950.0,6.0,0,0,0,0.000000,0
633836,1788019956.001,6.000999927520752,0,0,0,0.000000,0
633837,1788019962.0,5.999000072479248,1,1,8302,0.008302,1
633838,1788019968.0,6.0,0,0,0,0.000000,0
633839,1788019974.0,6.0,0,0,0,0.000000,0
633840,1788019980.0,6.0,0,0,0,0.000000,0
633841,1788019986.0,6.0,0,0,0,0.000000,0
633842,1788019992.0,6.0,0,0,0,0.000000,0
633843,1788019998.0,6.0,0,0,0,0.000000,0
633844,1788020004.0,6.0,0,0,0,0.000000,0
633845,1788020010.001,6.000999927520752,0,0,0,0.000000,0
633846,1788020016.0,5.999000072479248,0,0,0,0.000000,0
633847,1788020022.0,6.0,0,0,0,0.000000,0
633848,1788020028.0,6.0,0,0,0,0.000000,0
633849,1788020034.0,6.0,0,0,0,0.000000,0
633850,1788020040.001,6.000999927520752,0,0,0,0.000000,0
633851,1788020046.0,5.999000072479248,0,0,0,0.000000,0
633852,1788020052.0,6.0,0,0,0,0.000000,0
633853,1788020058.0,6.0,0,0,0,0.000000,0
633854,1788020064.0,6.0,0,0,0,0.000000,0
633855,1788020070.0,6.0,0,0,0,0.000000,0
633856,1788020076.0,6.0,0,0,0,0.000000,0
633857,1788020082.0,6.0,0,0,0,0.000000,0
633858,1788020088.0,6.0,0,0,0,0.000000,0
633859,1788020094.0,6.0,0,0,0,0.000000,0
633860,1788020100.0,6.0,0,0,0,0.000000,0
633861,1788020106.001,6.000999927520752,0,0,0,0.000000,0
633862,1788020112.0,5.999000072479248,1,1,3820,0.003820,1
633863,1788020118.001,6.000999927520752,0,0,0,0.000000,0
633864,1788020124.0,5.999000072479248,0,0,0,0.000000,0
633865,1788020130.0,6.0,0,0,0,0.000000,0
633866,1788020136.0,6.0,0,0,0,0.000000,0
633867,1788020142.0,6.0,0,0,0,0.000000,0
633868,1788020148.0,6.0,0,0,0,0.000000,0
633869,1788020154.0,6.0,1,1,3820,0.003820,1
633870,1788020160.0,6.0,0,0,0,0.000000,0
633871,1788020166.0,6.0,0,0,0,0.000000,0
633872,1788020172.0,6.0,0,0,0,0.000000,0
633873,1788020178.0,6.0,0,0,0,0.000000,0
633874,1788020184.0,6.0,0,0,0,0.000000,0
633875,1788020190.0,6.0,0,0,0,0.000000,0
633876,1788020196.0,6.0,0,0,0,0.000000,0
633877,1788020202.001,6.000999927520752,0,0,0,0.000000,0
633878,1788020208.0,5.999000072479248,0,0,0,0.000000,0
633879,1788020214.001,6.000999927520752,0,0,0,0.000000,0
633880,1788020220.0,5.999000072479248,1,1,8097,0.008097,1
633881,1788020226.001,6.000999927520752,0,0,0,0.000000,0
633882,1788020232.0,5.999000072479248,0,0,0,0.000000,0
633883,1788020238.001,6.000999927520752,0,0,0,0.000000,0
633884,1788020244.0,5.999000072479248,0,0,0,0.000000,0
633885,1788020250.001,6.000999927520752,0,0,0,0.000000,0
633886,1788020256.0,5.999000072479248,0,0,0,0.000000,0
633887,1788020262.0,6.0,1,1,8299,0.008299,1
633888,1788020268.0,6.0,0,0,0,0.000000,0
633889,1788020274.0,6.0,0,0,0,0.000000,0
633890,1788020280.0,6.0,0,0,0,0.000000,0
633891,1788020286.0,6.0,0,0,0,0.000000,0
633892,1788020292.0,6.0,0,0,0,0.000000,0
633893,1788020298.0,6.0,0,0,0,0.000000,0
633894,1788020304.0,6.0,0,0,0,0.000000,0
633895,1788020310.0,6.0,0,0,0,0.000000,0
633896,1788020316.0,6.0,0,0,0,0.000000,0
633897,1788020322.0,6.0,0,0,0,0.000000,0
633898,1788020328.0,6.0,0,0,0,0.000000,0
633899,1788020334.001,6.000999927520752,0,0,0,0.000000,0
633900,1788020340.0,5.999000072479248,0,0,0,0.000000,0
633901,1788020346.0,6.0,0,0,0,0.000000,0
633902,1788020352.0,6.0,0,0,0,0.000000,0
633903,1788020358.0,6.0,0,0,0,0.000000,0
633904,1788020364.0,6.0,0,0,0,0.000000,0
633905,1788020370.0,6.0,0,0,0,0.000000,0
633906,1788020376.0,6.0,0,0,0,0.000000,0
633907,1788020382.0,6.0,0,0,0,0.000000,0
633908,1788020388.001,6.000999927520752,0,0,0,0.000000,0
633909,1788020394.0,5.999000072479248,0,0,0,0.000000,0
633910,1788020400.0,6.0,0,0,0,0.000000,0
633911,1788020406.0,6.0,0,0,0,0.000000,0
633912,1788020412.0,6.0,1,1,8399,0.008399,1
633913,1788020418.0,6.0,0,0,0,0.000000,0
633914,1788020424.0,6.0,0,0,0,0.000000,0
633915,1788020430.0,6.0,0,0,0,0.000000,0
633916,1788020436.0,6.0,0,0,0,0.000000,0
633917,1788020442.0,6.0,0,0,0,0.000000,0
633918,1788020448.0,6.0,0,0,0,0.000000,0
633919,1788020454.0,6.0,0,0,0,0.000000,0
633920,1788020460.0,6.0,0,0,0,0.000000,0
633921,1788020466.0,6.0,0,0,0,0.000000,0
633922,1788020472.001,6.000999927520752,0,0,0,0.000000,0
633923,1788020478.0,5.999000072479248,0,0,0,0.000000,0
633924,1788020484.0,6.0,0,0,0,0.000000,0
633925,1788020490.0,6.0,0,0,0,0.000000,0
633926,1788020496.0,6.0,4,4,14884,0.014884,4
633927,1788020502.0,6.0,6,6,22337,0.022337,6
633928,1788020508.001,6.000999927520752,6,6,22333,0.022333,6
633929,1788020514.0,5.999000072479248,6,6,22331,0.022331,6
633930,1788020520.0,6.0,8,8,29783,0.029783,8
633931,1788020526.0,6.0,4,4,14891,0.014891,4
633932,1788020532.0,6.0,6,6,22331,0.022331,6
633933,1788020538.001,6.000999927520752,6,6,22338,0.022338,6
633934,1788020544.001,6.0,4,4,14890,0.014890,4
633935,1788020550.001,6.0,6,6,22331,0.022331,6
633936,1788020556.0,5.999000072479248,4,4,14892,0.014892,4
633937,1788020562.0,6.0,0,0,0,0.000000,0
633938,1788020568.0,6.0,0,0,0,0.000000,0
633939,1788020574.001,6.000999927520752,0,0,0,0.000000,0
633940,1788020580.0,5.999000072479248,0,0,0,0.000000,0
633941,1788020586.0,6.0,0,0,0,0.000000,0
633942,1788020592.0,6.0,4,4,14886,0.014886,4
633943,1788020598.0,6.0,6,6,22337,0.022337,6
633944,1788020604.0,6.0,7,7,26061,0.026061,7
633945,1788020610.0,6.0,7,7,26054,0.026054,7
633946,1788020616.0,6.0,2,2,7446,0.007446,2
633947,1788020622.0,6.0,6,6,22338,0.022338,6
633948,1788020628.0,6.0,6,6,22329,0.022329,6
633949,1788020634.0,6.0,6,6,22337,0.022337,6
633950,1788020640.0,6.0,4,4,14891,0.014891,4
633951,1788020646.0,6.0,2,2,7445,0.007445,2
633952,1788020652.0,6.0,2,2,7656,0.007656,2
633953,1788020658.0,6.0,0,0,0,0.000000,0
633954,1788020664.0,6.0,0,0,0,0.000000,0
633955,1788020670.0,6.0,1,1,5901,0.005901,1
633956,1788020676.0,6.0,0,0,0,0.000000,0
633957,1788020682.0,6.0,0,0,0,0.000000,0
633958,1788020688.001,6.000999927520752,0,0,0,0.000000,0
633959,1788020694.001,6.0,0,0,0,0.000000,0
633960,1788020700.0,5.999000072479248,0,0,0,0.000000,0
633961,1788020706.0,6.0,0,0,0,0.000000,0
633962,1788020712.0,6.0,0,0,0,0.000000,0
633963,1788020718.001,6.000999927520752,0,0,0,0.000000,0
633964,1788020724.001,6.0,0,0,0,0.000000,0
633965,1788020730.0,5.999000072479248,0,0,0,0.000000,0
633966,1788020736.0,6.0,0,0,0,0.000000,0
633967,1788020742.0,6.0,0,0,0,0.000000,0
633968,1788020748.0,6.0,0,0,0,0.000000,0
633969,1788020754.001,6.000999927520752,0,0,0,0.000000,0
633970,1788020760.0,5.999000072479248,0,0,0,0.000000,0
633971,1788020766.0,6.0,0,0,0,0.000000,0
633972,1788020772.0,6.0,0,0,0,0.000000,0
633973,1788020778.0,6.0,0,0,0,0.000000,0
633974,1788020784.0,6.0,0,0,0,0.000000,0
633975,1788020790.001,6.000999927520752,0,0,0,0.000000,0
633976,1788020796.0,5.999000072479248,0,0,0,0.000000,0
633977,1788020802.0,6.0,0,0,0,0.000000,0
633978,1788020808.0,6.0,0,0,0,0.000000,0
633979,1788020814.0,6.0,0,0,0,0.000000,0
633980,1788020820.001,6.000999927520752,0,0,0,0.000000,0
633981,1788020826.0,5.999000072479248,0,0,0,0.000000,0
633982,1788020832.001,6.000999927520752,0,0,0,0.000000,0
633983,1788020838.0,5.999000072479248,0,0,0,0.000000,0
633984,1788020844.0,6.0,0,0,0,0.000000,0
633985,1788020850.0,6.0,0,0,0,0.000000,0
633986,1788020856.0,6.0,0,0,0,0.000000,0
633987,1788020862.0,6.0,0,0,0,0.000000,0
633988,1788020868.0,6.0,0,0,0,0.000000,0
633989,1788020874.0,6.0,0,0,0,0.000000,0
633990,1788020880.0,6.0,0,0,0,0.000000,0
633991,1788020886.0,6.0,0,0,0,0.000000,0
633992,1788020892.001,6.000999927520752,0,0,0,0.000000,0
633993,1788020898.0,5.999000072479248,0,0,0,0.000000,0
633994,1788020904.001,6.000999927520752,0,0,0,0.000000,0
633995,1788020910.0,5.999000072479248,0,0,0,0.000000,0
633996,1788020916.0,6.0,0,0,0,0.000000,0
633997,1788020922.0,6.0,0,0,0,0.000000,0
633998,1788020928.0,6.0,0,0,0,0.000000,0
633999,1788020934.0,6.0,0,0,0,0.000000,0
634000,1788020940.0,6.0,0,0,0,0.000000,0
634001,1788020946.0,6.0,0,0,0,0.000000,0
634002,1788020952.0,6.0,0,0,0,0.000000,0
634003,1788020958.0,6.0,0,0,0,0.000000,0
634004,1788020964.001,6.000999927520752,0,0,0,0.000000,0
634005,1788020970.0,5.999000072479248,0,0,0,0.000000,0
634006,1788020976.0,6.0,0,0,0,0.000000,0
634007,1788020982.0,6.0,0,0,0,0.000000,0
634008,1788020988.0,6.0,0,0,0,0.000000,0
634009,1788020994.0,6.0,0,0,0,0.000000,0
634010,1788021000.001,6.000999927520752,0,0,0,0.000000,0
634011,1788021006.0,5.999000072479248,0,0,0,0.000000,0
634012,1788021012.0,6.0,0,0,0,0.000000,0
634013,1788021018.0,6.0,0,0,0,0.000000,0
634014,1788021024.0,6.0,0,0,0,0.000000,0
634015,1788021030.0,6.0,0,0,0,0.000000,0
634016,1788021036.0,6.0,0,0,0,0.000000,0
634017,1788021042.001,6.000999927520752,0,0,0,0.000000,0
634018,1788021048.0,5.999000072479248,0,0,0,0.000000,0
634019,1788021054.0,6.0,0,0,0,0.000000,0
634020,1788021060.0,6.0,0,0,0,0.000000,0
634021,1788021066.001,6.000999927520752,0,0,0,0.000000,0
634022,1788021072.0,5.999000072479248,0,0,0,0.000000,0
634023,1788021078.0,6.0,0,0,0,0.000000,0
634024,1788021084.0,6.0,0,0,0,0.000000,0
634025,1788021090.0,6.0,0,0,0,0.000000,0
634026,1788021096.0,6.0,0,0,0,0.000000,0
634027,1788021102.0,6.0,0,0,0,0.000000,0
634028,1788021108.0,6.0,0,0,0,0.000000,0
634029,1788021114.0,6.0,0,0,0,0.000000,0
634030,1788021120.0,6.0,0,0,0,0.000000,0
634031,1788021126.0,6.0,0,0,0,0.000000,0
634032,1788021132.0,6.0,0,0,0,0.000000,0
634033,1788021138.0,6.0,0,0,0,0.000000,0
634034,1788021144.001,6.000999927520752,0,0,0,0.000000,0
634035,1788021150.0,5.999000072479248,0,0,0,0.000000,0
634036,1788021156.0,6.0,0,0,0,0.000000,0
634037,1788021162.0,6.0,0,0,0,0.000000,0
634038,1788021168.0,6.0,0,0,0,0.000000,0
634039,1788021174.0,6.0,0,0,0,0.000000,0
634040,1788021180.0,6.0,0,0,0,0.000000,0
634041,1788021186.0,6.0,0,0,0,0.000000,0
634042,1788021192.0,6.0,0,0,0,0.000000,0
634043,1788021198.001,6.000999927520752,0,0,0,0.000000,0
634044,1788021204.0,5.999000072479248,0,0,0,0.000000,0
634045,1788021210.0,6.0,0,0,0,0.000000,0
634046,1788021216.0,6.0,0,0,0,0.000000,0
634047,1788021222.0,6.0,0,0,0,0.000000,0
634048,1788021228.0,6.0,0,0,0,0.000000,0
634049,1788021234.0,6.0,0,0,0,0.000000,0
634050,1788021240.0,6.0,0,0,0,0.000000,0
634051,1788021246.0,6.0,0,0,0,0.000000,0
634052,1788021252.0,6.0,0,0,0,0.000000,0
634053,1788021258.0,6.0,0,0,0,0.000000,0
634054,1788021264.0,6.0,0,0,0,0.000000,0
634055,1788021270.0,6.0,0,0,0,0.000000,0
634056,1788021276.0,6.0,0,0,0,0.000000,0
634057,1788021282.0,6.0,0,0,0,0.000000,0
634058,1788021288.0,6.0,0,0,0,0.000000,0
634059,1788021294.0,6.0,0,0,0,0.000000,0
634060,1788021300.0,6.0,0,0,0,0.000000,0
634061,1788021306.0,6.0,0,0,0,0.000000,0
634062,1788021312.0,6.0,0,0,0,0.000000,0
634063,1788021318.001,6.000999927520752,0,0,0,0.000000,0
634064,1788021324.0,5.999000072479248,0,0,0,0.000000,0
634065,1788021330.001,6.000999927520752,0,0,0,0.000000,0
634066,1788021336.0,5.999000072479248,0,0,0,0.000000,0
634067,1788021342.0,6.0,0,0,0,0.000000,0
634068,1788021348.0,6.0,0,0,0,0.000000,0
634069,1788021354.0,6.0,0,0,0,0.000000,0
634070,1788021360.0,6.0,0,0,0,0.000000,0
634071,1788021366.0,6.0,0,0,0,0.000000,0
634072,1788021372.001,6.000999927520752,0,0,0,0.000000,0
634073,1788021378.0,5.999000072479248,0,0,0,0.000000,0
634074,1788021384.001,6.000999927520752,0,0,0,0.000000,0
634075,1788021390.0,5.999000072479248,0,0,0,0.000000,0
634076,1788021396.0,6.0,0,0,0,0.000000,0
634077,1788021402.0,6.0,0,0,0,0.000000,0
634078,1788021408.0,6.0,0,0,0,0.000000,0
634079,1788021414.0,6.0,0,0,0,0.000000,0
634080,1788021420.001,6.000999927520752,0,0,0,0.000000,0
634081,1788021426.0,5.999000072479248,0,0,0,0.000000,0
634082,1788021432.001,6.000999927520752,0,0,0,0.000000,0
634083,1788021438.0,5.999000072479248,0,0,0,0.000000,0
634084,1788021444.0,6.0,0,0,0,0.000000,0
634085,1788021450.0,6.0,0,0,0,0.000000,0
634086,1788021456.001,6.000999927520752,0,0,0,0.000000,0
634087,1788021462.0,5.999000072479248,0,0,0,0.000000,0
634088,1788021468.0,6.0,0,0,0,0.000000,0
634089,1788021474.0,6.0,0,0,0,0.000000,0
634090,1788021480.001,6.000999927520752,0,0,0,0.000000,0
634091,1788021486.0,5.999000072479248,0,0,0,0.000000,0
634092,1788021492.0,6.0,0,0,0,0.000000,0
634093,1788021498.0,6.0,0,0,0,0.000000,0
634094,1788021504.0,6.0,0,0,0,0.000000,0
634095,1788021510.001,6.000999927520752,0,0,0,0.000000,0
634096,1788021516.001,6.0,0,0,0,0.000000,0
634097,1788021522.0,5.999000072479248,0,0,0,0.000000,0
634098,1788021528.0,6.0,0,0,0,0.000000,0
634099,1788021534.0,6.0,0,0,0,0.000000,0
634100,1788021540.0,6.0,0,0,0,0.000000,0
634101,1788021546.0,6.0,0,0,0,0.000000,0
634102,1788021552.001,6.000999927520752,0,0,0,0.000000,0
634103,1788021558.0,5.999000072479248,0,0,0,0.000000,0
634104,1788021564.0,6.0,0,0,0,0.000000,0
634105,1788021570.0,6.0,0,0,0,0.000000,0
634106,1788021576.0,6.0,0,0,0,0.000000,0
634107,1788021582.0,6.0,0,0,0,0.000000,0
634108,1788021588.0,6.0,0,0,0,0.000000,0
634109,1788021594.0,6.0,0,0,0,0.000000,0
634110,1788021600.0,6.0,0,0,0,0.000000,0
634111,1788021606.0,6.0,0,0,0,0.000000,0
634112,1788021612.0,6.0,0,0,0,0.000000,0
634113,1788021618.001,6.000999927520752,0,0,0,0.000000,0
634114,1788021624.0,5.999000072479248,0,0,0,0.000000,0
634115,1788021630.0,6.0,0,0,0,0.000000,0
634116,1788021636.0,6.0,0,0,0,0.000000,0
634117,1788021642.0,6.0,0,0,0,0.000000,0
634118,1788021648.0,6.0,0,0,0,0.000000,0
634119,1788021654.0,6.0,0,0,0,0.000000,0
634120,1788021660.001,6.000999927520752,0,0,0,0.000000,0
634121,1788021666.0,5.999000072479248,0,0,0,0.000000,0
634122,1788021672.0,6.0,0,0,0,0.000000,0
634123,1788021678.0,6.0,0,0,0,0.000000,0
634124,1788021684.0,6.0,0,0,0,0.000000,0
634125,1788021690.0,6.0,0,0,0,0.000000,0
634126,1788021696.001,6.000999927520752,0,0,0,0.000000,0
634127,1788021702.0,5.999000072479248,0,0,0,0.000000,0
634128,1788021708.0,6.0,1,1,3820,0.003820,1
634129,1788021714.0,6.0,0,0,0,0.000000,0
634130,1788021720.0,6.0,0,0,0,0.000000,0
634131,1788021726.0,6.0,0,0,0,0.000000,0
634132,1788021732.0,6.0,0,0,0,0.000000,0
634133,1788021738.001,6.000999927520752,0,0,0,0.000000,0
634134,1788021744.0,5.999000072479248,0,0,0,0.000000,0
634135,1788021750.0,6.0,0,0,0,0.000000,0
634136,1788021756.0,6.0,0,0,0,0.000000,0
634137,1788021762.0,6.0,0,0,0,0.000000,0
634138,1788021768.0,6.0,0,0,0,0.000000,0
634139,1788021774.001,6.000999927520752,0,0,0,0.000000,0
634140,1788021780.0,5.999000072479248,0,0,0,0.000000,0
634141,1788021786.0,6.0,0,0,0,0.000000,0
634142,1788021792.0,6.0,0,0,0,0.000000,0
634143,1788021798.0,6.0,0,0,0,0.000000,0
634144,1788021804.0,6.0,0,0,0,0.000000,0
634145,1788021810.001,6.000999927520752,0,0,0,0.000000,0
634146,1788021816.0,5.999000072479248,1,1,4045,0.004045,1
634147,1788021822.0,6.0,0,0,0,0.000000,0
634148,1788021828.0,6.0,0,0,0,0.000000,0
634149,1788021834.0,6.0,0,0,0,0.000000,0
634150,1788021840.0,6.0,0,0,0,0.000000,0
634151,1788021846.0,6.0,0,0,0,0.000000,0
634152,1788021852.0,6.0,0,0,0,0.000000,0
634153,1788021858.0,6.0,0,0,0,0.000000,0
634154,1788021864.001,6.000999927520752,0,0,0,0.000000,0
634155,1788021870.0,5.999000072479248,1,1,642,0.000642,1
634156,1788021876.0,6.0,0,0,0,0.000000,0
634157,1788021882.0,6.0,0,0,0,0.000000,0
634158,1788021888.0,6.0,0,0,0,0.000000,0
634159,1788021894.0,6.0,0,0,0,0.000000,0
634160,1788021900.0,6.0,0,0,0,0.000000,0
634161,1788021906.0,6.0,0,0,0,0.000000,0
634162,1788021912.0,6.0,0,0,0,0.000000,0
634163,1788021918.0,6.0,0,0,0,0.000000,0
634164,1788021924.001,6.000999927520752,0,0,0,0.000000,0
634165,1788021930.0,5.999000072479248,0,0,0,0.000000,0
634166,1788021936.0,6.0,0,0,0,0.000000,0
634167,1788021942.0,6.0,0,0,0,0.000000,0
634168,1788021948.0,6.0,0,0,0,0.000000,0
634169,1788021954.0,6.0,0,0,0,0.000000,0
634170,1788021960.0,6.0,0,0,0,0.000000,0
634171,1788021966.001,6.000999927520752,0,0,0,0.000000,0
634172,1788021972.0,5.999000072479248,1,1,5901,0.005901,1
634173,1788021978.001,6.000999927520752,0,0,0,0.000000,0
634174,1788021984.0,5.999000072479248,0,0,0,0.000000,0
634175,1788021990.0,6.0,0,0,0,0.000000,0
634176,1788021996.0,6.0,0,0,0,0.000000,0
634177,1788022002.0,6.0,0,0,0,0.000000,0
634178,1788022008.001,6.000999927520752,0,0,0,0.000000,0
634179,1788022014.0,5.999000072479248,0,0,0,0.000000,0
634180,1788022020.0,6.0,0,0,0,0.000000,0
634181,1788022026.0,6.0,0,0,0,0.000000,0
634182,1788022032.0,6.0,0,0,0,0.000000,0
634183,1788022038.0,6.0,0,0,0,0.000000,0
634184,1788022044.0,6.0,0,0,0,0.000000,0
634185,1788022050.0,6.0,0,0,0,0.000000,0
634186,1788022056.001,6.000999927520752,0,0,0,0.000000,0
634187,1788022062.0,5.999000072479248,0,0,0,0.000000,0
634188,1788022068.0,6.0,0,0,0,0.000000,0
634189,1788022074.0,6.0,0,0,0,0.000000,0
634190,1788022080.0,6.0,0,0,0,0.000000,0
634191,1788022086.0,6.0,0,0,0,0.000000,0
634192,1788022092.0,6.0,0,0,0,0.000000,0
634193,1788022098.0,6.0,0,0,0,0.000000,0
634194,1788022104.0,6.0,0,0,0,0.000000,0
634195,1788022110.0,6.0,1,1,3820,0.003820,1
634196,1788022116.0,6.0,0,0,0,0.000000,0
634197,1788022122.0,6.0,0,0,0,0.000000,0
634198,1788022128.0,6.0,0,0,0,0.000000,0
634199,1788022134.0,6.0,0,0,0,0.000000,0
634200,1788022140.0,6.0,0,0,0,0.000000,0
634201,1788022146.001,6.000999927520752,0,0,0,0.000000,0
634202,1788022152.001,6.0,0,0,0,0.000000,0
634203,1788022158.0,5.999000072479248,0,0,0,0.000000,0
634204,1788022164.0,6.0,0,0,0,0.000000,0
634205,1788022170.0,6.0,0,0,0,0.000000,0
634206,1788022176.0,6.0,0,0,0,0.000000,0
634207,1788022182.0,6.0,0,0,0,0.000000,0
634208,1788022188.0,6.0,0,0,0,0.000000,0
634209,1788022194.0,6.0,0,0,0,0.000000,0
634210,1788022200.0,6.0,0,0,0,0.000000,0
634211,1788022206.0,6.0,0,0,0,0.000000,0
634212,1788022212.0,6.0,0,0,0,0.000000,0
634213,1788022218.0,6.0,0,0,0,0.000000,0
634214,1788022224.0,6.0,0,0,0,0.000000,0
634215,1788022230.0,6.0,0,0,0,0.000000,0
634216,1788022236.0,6.0,0,0,0,0.000000,0
634217,1788022242.0,6.0,0,0,0,0.000000,0
634218,1788022248.0,6.0,0,0,0,0.000000,0
634219,1788022254.0,6.0,0,0,0,0.000000,0
634220,1788022260.0,6.0,0,0,0,0.000000,0
634221,1788022266.001,6.000999927520752,0,0,0,0.000000,0
634222,1788022272.0,5.999000072479248,0,0,0,0.000000,0
634223,1788022278.0,6.0,0,0,0,0.000000,0
634224,1788022284.0,6.0,0,0,0,0.000000,0
634225,1788022290.001,6.000999927520752,0,0,0,0.000000,0
634226,1788022296.0,5.999000072479248,0,0,0,0.000000,0
634227,1788022302.0,6.0,0,0,0,0.000000,0
634228,1788022308.0,6.0,0,0,0,0.000000,0
634229,1788022314.0,6.0,0,0,0,0.000000,0
634230,1788022320.001,6.000999927520752,0,0,0,0.000000,0
634231,1788022326.0,5.999000072479248,0,0,0,0.000000,0
634232,1788022332.0,6.0,0,0,0,0.000000,0
634233,1788022338.0,6.0,0,0,0,0.000000,0
634234,1788022344.0,6.0,0,0,0,0.000000,0
634235,1788022350.001,6.000999927520752,0,0,0,0.000000,0
634236,1788022356.0,5.999000072479248,0,0,0,0.000000,0
634237,1788022362.0,6.0,0,0,0,0.000000,0
634238,1788022368.0,6.0,0,0,0,0.000000,0
634239,1788022374.0,6.0,0,0,0,0.000000,0
634240,1788022380.0,6.0,0,0,0,0.000000,0
634241,1788022386.0,6.0,0,0,0,0.000000,0
634242,1788022392.0,6.0,0,0,0,0.000000,0
634243,1788022398.001,6.000999927520752,0,0,0,0.000000,0
634244,1788022404.0,5.999000072479248,0,0,0,0.000000,0
634245,1788022410.001,6.000999927520752,0,0,0,0.000000,0
634246,1788022416.0,5.999000072479248,0,0,0,0.000000,0
634247,1788022422.001,6.000999927520752,0,0,0,0.000000,0
634248,1788022428.0,5.999000072479248,0,0,0,0.000000,0
634249,1788022434.001,6.000999927520752,0,0,0,0.000000,0
634250,1788022440.001,6.0,0,0,0,0.000000,0
634251,1788022446.001,6.0,0,0,0,0.000000,0
634252,1788022452.0,5.999000072479248,0,0,0,0.000000,0
634253,1788022458.0,6.0,0,0,0,0.000000,0
634254,1788022464.0,6.0,0,0,0,0.000000,0
634255,1788022470.0,6.0,0,0,0,0.000000,0
634256,1788022476.0,6.0,0,0,0,0.000000,0
634257,1788022482.0,6.0,0,0,0,0.000000,0
634258,1788022488.0,6.0,0,0,0,0.000000,0
634259,1788022494.0,6.0,0,0,0,0.000000,0
634260,1788022500.0,6.0,0,0,0,0.000000,0
634261,1788022506.0,6.0,0,0,0,0.000000,0
634262,1788022512.0,6.0,0,0,0,0.000000,0
634263,1788022518.0,6.0,0,0,0,0.000000,0
634264,1788022524.0,6.0,0,0,0,0.000000,0
634265,1788022530.001,6.000999927520752,0,0,0,0.000000,0
634266,1788022536.0,5.999000072479248,0,0,0,0.000000,0
634267,1788022542.0,6.0,0,0,0,0.000000,0
634268,1788022548.001,6.000999927520752,0,0,0,0.000000,0
634269,1788022554.0,5.999000072479248,0,0,0,0.000000,0
634270,1788022560.0,6.0,0,0,0,0.000000,0
634271,1788022566.0,6.0,0,0,0,0.000000,0
634272,1788022572.0,6.0,0,0,0,0.000000,0
634273,1788022578.001,6.000999927520752,0,0,0,0.000000,0
634274,1788022584.0,5.999000072479248,0,0,0,0.000000,0
634275,1788022590.0,6.0,0,0,0,0.000000,0
634276,1788022596.0,6.0,0,0,0,0.000000,0
634277,1788022602.0,6.0,0,0,0,0.000000,0
634278,1788022608.0,6.0,1,1,8097,0.008097,1
634279,1788022614.0,6.0,0,0,0,0.000000,0
634280,1788022620.0,6.0,0,0,0,0.000000,0
634281,1788022626.0,6.0,0,0,0,0.000000,0
634282,1788022632.001,6.000999927520752,0,0,0,0.000000,0
634283,1788022638.0,5.999000072479248,0,0,0,0.000000,0
634284,1788022644.0,6.0,0,0,0,0.000000,0
634285,1788022650.0,6.0,1,1,8303,0.008303,1
634286,1788022656.0,6.0,0,0,0,0.000000,0
634287,1788022662.0,6.0,0,0,0,0.000000,0
634288,1788022668.001,6.000999927520752,0,0,0,0.000000,0
634289,1788022674.0,5.999000072479248,0,0,0,0.000000,0
634290,1788022680.0,6.0,0,0,0,0.000000,0
634291,1788022686.0,6.0,0,0,0,0.000000,0
634292,1788022692.0,6.0,1,1,8409,0.008409,1
634293,1788022698.0,6.0,0,0,0,0.000000,0
634294,1788022704.001,6.000999927520752,0,0,0,0.000000,0
634295,1788022710.0,5.999000072479248,0,0,0,0.000000,0
634296,1788022716.0,6.0,0,0,0,0.000000,0
634297,1788022722.001,6.000999927520752,0,0,0,0.000000,0
634298,1788022728.0,5.999000072479248,0,0,0,0.000000,0
634299,1788022734.0,6.0,0,0,0,0.000000,0
634300,1788022740.0,6.0,0,0,0,0.000000,0
634301,1788022746.0,6.0,0,0,0,0.000000,0
634302,1788022752.0,6.0,0,0,0,0.000000,0
634303,1788022758.0,6.0,0,0,0,0.000000,0
634304,1788022764.0,6.0,0,0,0,0.000000,0
634305,1788022770.001,6.000999927520752,0,0,0,0.000000,0
634306,1788022776.0,5.999000072479248,0,0,0,0.000000,0
634307,1788022782.0,6.0,0,0,0,0.000000,0
634308,1788022788.0,6.0,0,0,0,0.000000,0
634309,1788022794.001,6.000999927520752,0,0,0,0.000000,0
634310,1788022800.0,5.999000072479248,0,0,0,0.000000,0
634311,1788022806.001,6.000999927520752,0,0,0,0.000000,0
634312,1788022812.0,5.999000072479248,0,0,0,0.000000,0
634313,1788022818.0,6.0,0,0,0,0.000000,0
634314,1788022824.0,6.0,0,0,0,0.000000,0
634315,1788022830.0,6.0,0,0,0,0.000000,0
634316,1788022836.0,6.0,0,0,0,0.000000,0
634317,1788022842.001,6.000999927520752,0,0,0,0.000000,0
634318,1788022848.0,5.999000072479248,0,0,0,0.000000,0
634319,1788022854.0,6.0,0,0,0,0.000000,0
634320,1788022860.0,6.0,0,0,0,0.000000,0
634321,1788022866.0,6.0,0,0,0,0.000000,0
634322,1788022872.0,6.0,0,0,0,0.000000,0
634323,1788022878.001,6.000999927520752,0,0,0,0.000000,0
634324,1788022884.0,5.999000072479248,0,0,0,0.000000,0
634325,1788022890.0,6.0,0,0,0,0.000000,0
634326,1788022896.0,6.0,0,0,0,0.000000,0
634327,1788022902.0,6.0,0,0,0,0.000000,0
634328,1788022908.0,6.0,0,0,0,0.000000,0
634329,1788022914.0,6.0,0,0,0,0.000000,0
634330,1788022920.0,6.0,0,0,0,0.000000,0
634331,1788022926.0,6.0,0,0,0,0.000000,0
634332,1788022932.0,6.0,0,0,0,0.000000,0
634333,1788022938.001,6.000999927520752,0,0,0,0.000000,0
634334,1788022944.0,5.999000072479248,0,0,0,0.000000,0
634335,1788022950.0,6.0,0,0,0,0.000000,0
634336,1788022956.0,6.0,0,0,0,0.000000,0
634337,1788022962.0,6.0,0,0,0,0.000000,0
634338,1788022968.0,6.0,0,0,0,0.000000,0
634339,1788022974.0,6.0,0,0,0,0.000000,0
634340,1788022980.0,6.0,0,0,0,0.000000,0
634341,1788022986.0,6.0,0,0,0,0.000000,0
634342,1788022992.001,6.000999927520752,0,0,0,0.000000,0
634343,1788022998.001,6.0,0,0,0,0.000000,0
634344,1788023004.0,5.999000072479248,0,0,0,0.000000,0
634345,1788023010.0,6.0,0,0,0,0.000000,0
634346,1788023016.001,6.000999927520752,0,0,0,0.000000,0
634347,1788023022.001,6.0,0,0,0,0.000000,0
634348,1788023028.0,5.999000072479248,0,0,0,0.000000,0
634349,1788023034.0,6.0,0,0,0,0.000000,0
634350,1788023040.0,6.0,0,0,0,0.000000,0
634351,1788023046.0,6.0,0,0,0,0.000000,0
634352,1788023052.001,6.000999927520752,0,0,0,0.000000,0
634353,1788023058.0,5.999000072479248,0,0,0,0.000000,0
634354,1788023064.0,6.0,0,0,0,0.000000,0
634355,1788023070.001,6.000999927520752,0,0,0,0.000000,0
634356,1788023076.0,5.999000072479248,0,0,0,0.000000,0
634357,1788023082.0,6.0,0,0,0,0.000000,0
634358,1788023088.0,6.0,1,1,708,0.000708,1
634359,1788023094.001,6.000999927520752,0,0,0,0.000000,0
634360,1788023100.0,5.999000072479248,0,0,0,0.000000,0
634361,1788023106.001,6.000999927520752,0,0,0,0.000000,0
634362,1788023112.0,5.999000072479248,0,0,0,0.000000,0
634363,1788023118.0,6.0,0,0,0,0.000000,0
634364,1788023124.001,6.000999927520752,0,0,0,0.000000,0
634365,1788023130.0,5.999000072479248,0,0,0,0.000000,0
634366,1788023136.0,6.0,0,0,0,0.000000,0
634367,1788023142.001,6.000999927520752,0,0,0,0.000000,0
634368,1788023148.0,5.999000072479248,0,0,0,0.000000,0
634369,1788023154.001,6.000999927520752,0,0,0,0.000000,0
634370,1788023160.001,6.0,0,0,0,0.000000,0
634371,1788023166.0,5.999000072479248,0,0,0,0.000000,0
634372,1788023172.001,6.000999927520752,0,0,0,0.000000,0
634373,1788023178.0,5.999000072479248,0,0,0,0.000000,0
634374,1788023184.001,6.000999927520752,0,0,0,0.000000,0
634375,1788023190.0,5.999000072479248,0,0,0,0.000000,0
634376,1788023196.0,6.0,0,0,0,0.000000,0
634377,1788023202.0,6.0,0,0,0,0.000000,0
634378,1788023208.001,6.000999927520752,0,0,0,0.000000,0
634379,1788023214.0,5.999000072479248,0,0,0,0.000000,0
634380,1788023220.0,6.0,0,0,0,0.000000,0
634381,1788023226.0,6.0,0,0,0,0.000000,0
634382,1788023232.0,6.0,0,0,0,0.000000,0
634383,1788023238.001,6.000999927520752,0,0,0,0.000000,0
634384,1788023244.0,5.999000072479248,0,0,0,0.000000,0
634385,1788023250.0,6.0,0,0,0,0.000000,0
634386,1788023256.0,6.0,0,0,0,0.000000,0
634387,1788023262.0,6.0,0,0,0,0.000000,0
634388,1788023268.001,6.000999927520752,0,0,0,0.000000,0
634389,1788023274.0,5.999000072479248,1,1,5900,0.005900,1
634390,1788023280.0,6.0,0,0,0,0.000000,0
634391,1788023286.0,6.0,0,0,0,0.000000,0
634392,1788023292.001,6.000999927520752,0,0,0,0.000000,0
634393,1788023298.0,5.999000072479248,0,0,0,0.000000,0
634394,1788023304.0,6.0,0,0,0,0.000000,0
634395,1788023310.0,6.0,0,0,0,0.000000,0
634396,1788023316.0,6.0,0,0,0,0.000000,0
634397,1788023322.0,6.0,0,0,0,0.000000,0
634398,1788023328.001,6.000999927520752,0,0,0,0.000000,0
634399,1788023334.0,5.999000072479248,0,0,0,0.000000,0
634400,1788023340.0,6.0,0,0,0,0.000000,0
634401,1788023346.001,6.000999927520752,0,0,0,0.000000,0
634402,1788023352.0,5.999000072479248,0,0,0,0.000000,0
634403,1788023358.0,6.0,0,0,0,0.000000,0
634404,1788023364.0,6.0,0,0,0,0.000000,0
634405,1788023370.0,6.0,0,0,0,0.000000,0
634406,1788023376.0,6.0,0,0,0,0.000000,0
634407,1788023382.0,6.0,0,0,0,0.000000,0
634408,1788023388.0,6.0,0,0,0,0.000000,0
634409,1788023394.0,6.0,0,0,0,0.000000,0
634410,1788023400.0,6.0,0,0,0,0.000000,0
634411,1788023406.0,6.0,0,0,0,0.000000,0
634412,1788023412.0,6.0,0,0,0,0.000000,0
634413,1788023418.0,6.0,0,0,0,0.000000,0
634414,1788023424.0,6.0,0,0,0,0.000000,0
634415,1788023430.0,6.0,0,0,0,0.000000,0
634416,1788023436.0,6.0,0,0,0,0.000000,0
634417,1788023442.0,6.0,0,0,0,0.000000,0
634418,1788023448.0,6.0,0,0,0,0.000000,0
634419,1788023454.0,6.0,0,0,0,0.000000,0
634420,1788023460.0,6.0,0,0,0,0.000000,0
634421,1788023466.0,6.0,0,0,0,0.000000,0
634422,1788023472.0,6.0,0,0,0,0.000000,0
634423,1788023478.0,6.0,0,0,0,0.000000,0
634424,1788023484.0,6.0,0,0,0,0.000000,0
634425,1788023490.0,6.0,1,1,3717,0.003717,1
634426,1788023496.001,6.000999927520752,0,0,0,0.000000,0
634427,1788023502.0,5.999000072479248,0,0,0,0.000000,0
634428,1788023508.001,6.000999927520752,0,0,0,0.000000,0
634429,1788023514.0,5.999000072479248,0,0,0,0.000000,0
634430,1788023520.0,6.0,0,0,0,0.000000,0
634431,1788023526.0,6.0,0,0,0,0.000000,0
634432,1788023532.0,6.0,0,0,0,0.000000,0
634433,1788023538.001,6.000999927520752,0,0,0,0.000000,0
634434,1788023544.0,5.999000072479248,0,0,0,0.000000,0
634435,1788023550.0,6.0,0,0,0,0.000000,0
634436,1788023556.0,6.0,0,0,0,0.000000,0
634437,1788023562.0,6.0,0,0,0,0.000000,0
634438,1788023568.0,6.0,0,0,0,0.000000,0
634439,1788023574.0,6.0,0,0,0,0.000000,0
634440,1788023580.0,6.0,0,0,0,0.000000,0
634441,1788023586.0,6.0,0,0,0,0.000000,0
634442,1788023592.0,6.0,0,0,0,0.000000,0
634443,1788023598.0,6.0,0,0,0,0.000000,0
634444,1788023604.0,6.0,0,0,0,0.000000,0
634445,1788023610.0,6.0,0,0,0,0.000000,0
634446,1788023616.0,6.0,0,0,0,0.000000,0
634447,1788023622.0,6.0,0,0,0,0.000000,0
634448,1788023628.0,6.0,0,0,0,0.000000,0
634449,1788023634.0,6.0,0,0,0,0.000000,0
634450,1788023640.0,6.0,0,0,0,0.000000,0
634451,1788023646.0,6.0,0,0,0,0.000000,0
634452,1788023652.0,6.0,0,0,0,0.000000,0
634453,1788023658.001,6.000999927520752,0,0,0,0.000000,0
634454,1788023664.0,5.999000072479248,0,0,0,0.000000,0
634455,1788023670.0,6.0,0,0,0,0.000000,0
634456,1788023676.0,6.0,0,0,0,0.000000,0
634457,1788023682.0,6.0,0,0,0,0.000000,0
634458,1788023688.0,6.0,0,0,0,0.000000,0
634459,1788023694.0,6.0,0,0,0,0.000000,0
634460,1788023700.0,6.0,0,0,0,0.000000,0
634461,1788023706.001,6.000999927520752,0,0,0,0.000000,0
634462,1788023712.0,5.999000072479248,0,0,0,0.000000,0
634463,1788023718.0,6.0,0,0,0,0.000000,0
634464,1788023724.0,6.0,0,0,0,0.000000,0
634465,1788023730.0,6.0,0,0,0,0.000000,0
634466,1788023736.001,6.000999927520752,0,0,0,0.000000,0
634467,1788023742.001,6.0,0,0,0,0.000000,0
634468,1788023748.0,5.999000072479248,0,0,0,0.000000,0
634469,1788023754.0,6.0,0,0,0,0.000000,0
634470,1788023760.0,6.0,0,0,0,0.000000,0
634471,1788023766.0,6.0,0,0,0,0.000000,0
634472,1788023772.0,6.0,0,0,0,0.000000,0
634473,1788023778.0,6.0,0,0,0,0.000000,0
634474,1788023784.0,6.0,0,0,0,0.000000,0
634475,1788023790.001,6.000999927520752,0,0,0,0.000000,0
634476,1788023796.001,6.0,0,0,0,0.000000,0
634477,1788023802.0,5.999000072479248,0,0,0,0.000000,0
634478,1788023808.0,6.0,0,0,0,0.000000,0
634479,1788023814.0,6.0,0,0,0,0.000000,0
634480,1788023820.0,6.0,0,0,0,0.000000,0
634481,1788023826.001,6.000999927520752,0,0,0,0.000000,0
634482,1788023832.0,5.999000072479248,0,0,0,0.000000,0
634483,1788023838.0,6.0,0,0,0,0.000000,0
634484,1788023844.0,6.0,0,0,0,0.000000,0
634485,1788023850.0,6.0,0,0,0,0.000000,0
634486,1788023856.0,6.0,0,0,0,0.000000,0
634487,1788023862.0,6.0,0,0,0,0.000000,0
634488,1788023868.0,6.0,0,0,0,0.000000,0
634489,1788023874.001,6.000999927520752,0,0,0,0.000000,0
634490,1788023880.0,5.999000072479248,0,0,0,0.000000,0
634491,1788023886.001,6.000999927520752,0,0,0,0.000000,0
634492,1788023892.001,6.0,0,0,0,0.000000,0
634493,1788023898.0,5.999000072479248,0,0,0,0.000000,0
634494,1788023904.0,6.0,0,0,0,0.000000,0
634495,1788023910.0,6.0,0,0,0,0.000000,0
634496,1788023916.0,6.0,0,0,0,0.000000,0
634497,1788023922.0,6.0,0,0,0,0.000000,0
634498,1788023928.0,6.0,0,0,0,0.000000,0
634499,1788023934.0,6.0,0,0,0,0.000000,0
634500,1788023940.001,6.000999927520752,0,0,0,0.000000,0
634501,1788023946.0,5.999000072479248,0,0,0,0.000000,0
634502,1788023952.0,6.0,0,0,0,0.000000,0
634503,1788023958.0,6.0,0,0,0,0.000000,0
634504,1788023964.0,6.0,0,0,0,0.000000,0
634505,1788023970.0,6.0,0,0,0,0.000000,0
634506,1788023976.0,6.0,0,0,0,0.000000,0
634507,1788023982.0,6.0,0,0,0,0.000000,0
634508,1788023988.0,6.0,0,0,0,0.000000,0
634509,1788023994.0,6.0,0,0,0,0.000000,0
634510,1788024000.0,6.0,0,0,0,0.000000,0
634511,1788024006.0,6.0,0,0,0,0.000000,0
634512,1788024012.0,6.0,0,0,0,0.000000,0
634513,1788024018.0,6.0,0,0,0,0.000000,0
634514,1788024024.0,6.0,0,0,0,0.000000,0
634515,1788024030.0,6.0,0,0,0,0.000000,0
634516,1788024036.0,6.0,0,0,0,0.000000,0
634517,1788024042.0,6.0,0,0,0,0.000000,0
634518,1788024048.001,6.000999927520752,0,0,0,0.000000,0
634519,1788024054.0,5.999000072479248,0,0,0,0.000000,0
634520,1788024060.0,6.0,0,0,0,0.000000,0
634521,1788024066.0,6.0,0,0,0,0.000000,0
634522,1788024072.001,6.000999927520752,0,0,0,0.000000,0
634523,1788024078.0,5.999000072479248,0,0,0,0.000000,0
634524,1788024084.001,6.000999927520752,0,0,0,0.000000,0
634525,1788024090.0,5.999000072479248,0,0,0,0.000000,0
634526,1788024096.0,6.0,0,0,0,0.000000,0
634527,1788024102.0,6.0,0,0,0,0.000000,0
634528,1788024108.0,6.0,0,0,0,0.000000,0
634529,1788024114.0,6.0,0,0,0,0.000000,0
634530,1788024120.001,6.000999927520752,0,0,0,0.000000,0
634531,1788024126.0,5.999000072479248,0,0,0,0.000000,0
634532,1788024132.001,6.000999927520752,0,0,0,0.000000,0
634533,1788024138.001,6.0,0,0,0,0.000000,0
634534,1788024144.0,5.999000072479248,0,0,0,0.000000,0
634535,1788024150.0,6.0,0,0,0,0.000000,0
634536,1788024156.001,6.000999927520752,0,0,0,0.000000,0
634537,1788024162.0,5.999000072479248,0,0,0,0.000000,0
634538,1788024168.0,6.0,0,0,0,0.000000,0
634539,1788024174.0,6.0,1,1,4979,0.004979,1
634540,1788024180.0,6.0,0,0,0,0.000000,0
634541,1788024186.0,6.0,0,0,0,0.000000,0
634542,1788024192.001,6.000999927520752,0,0,0,0.000000,0
634543,1788024198.001,6.0,0,0,0,0.000000,0
634544,1788024204.001,6.0,0,0,0,0.000000,0
634545,1788024210.0,5.999000072479248,0,0,0,0.000000,0
634546,1788024216.0,6.0,0,0,0,0.000000,0
634547,1788024222.0,6.0,0,0,0,0.000000,0
634548,1788024228.0,6.0,0,0,0,0.000000,0
634549,1788024234.0,6.0,0,0,0,0.000000,0
634550,1788024240.001,6.000999927520752,0,0,0,0.000000,0
634551,1788024246.0,5.999000072479248,0,0,0,0.000000,0
634552,1788024252.0,6.0,0,0,0,0.000000,0
634553,1788024258.0,6.0,0,0,0,0.000000,0
634554,1788024264.0,6.0,0,0,0,0.000000,0
634555,1788024270.0,6.0,0,0,0,0.000000,0
634556,1788024276.0,6.0,0,0,0,0.000000,0
634557,1788024282.0,6.0,0,0,0,0.000000,0
634558,1788024288.0,6.0,0,0,0,0.000000,0
634559,1788024294.0,6.0,0,0,0,0.000000,0
634560,1788024300.0,6.0,0,0,0,0.000000,0
634561,1788024306.0,6.0,0,0,0,0.000000,0
634562,1788024312.0,6.0,0,0,0,0.000000,0
634563,1788024318.0,6.0,0,0,0,0.000000,0
634564,1788024324.0,6.0,0,0,0,0.000000,0
634565,1788024330.0,6.0,0,0,0,0.000000,0
634566,1788024336.0,6.0,0,0,0,0.000000,0
634567,1788024342.0,6.0,0,0,0,0.000000,0
634568,1788024348.0,6.0,0,0,0,0.000000,0
634569,1788024354.0,6.0,0,0,0,0.000000,0
634570,1788024360.001,6.000999927520752,0,0,0,0.000000,0
634571,1788024366.0,5.999000072479248,0,0,0,0.000000,0
634572,1788024372.0,6.0,0,0,0,0.000000,0
634573,1788024378.0,6.0,0,0,0,0.000000,0
634574,1788024384.001,6.000999927520752,0,0,0,0.000000,0
634575,1788024390.0,5.999000072479248,0,0,0,0.000000,0
634576,1788024396.0,6.0,0,0,0,0.000000,0
634577,1788024402.0,6.0,0,0,0,0.000000,0
634578,1788024408.0,6.0,0,0,0,0.000000,0
634579,1788024414.0,6.0,0,0,0,0.000000,0
634580,1788024420.001,6.000999927520752,0,0,0,0.000000,0
634581,1788024426.0,5.999000072479248,0,0,0,0.000000,0
634582,1788024432.0,6.0,0,0,0,0.000000,0
634583,1788024438.0,6.0,0,0,0,0.000000,0
634584,1788024444.0,6.0,0,0,0,0.000000,0
634585,1788024450.0,6.0,0,0,0,0.000000,0
634586,1788024456.001,6.000999927520752,0,0,0,0.000000,0
634587,1788024462.0,5.999000072479248,0,0,0,0.000000,0
634588,1788024468.0,6.0,0,0,0,0.000000,0
634589,1788024474.001,6.000999927520752,0,0,0,0.000000,0
634590,1788024480.0,5.999000072479248,0,0,0,0.000000,0
634591,1788024486.0,6.0,0,0,0,0.000000,0
634592,1788024492.001,6.000999927520752,0,0,0,0.000000,0
634593,1788024498.0,5.999000072479248,0,0,0,0.000000,0
634594,1788024504.001,6.000999927520752,0,0,0,0.000000,0
634595,1788024510.0,5.999000072479248,0,0,0,0.000000,0
634596,1788024516.0,6.0,0,0,0,0.000000,0
634597,1788024522.0,6.0,0,0,0,0.000000,0
634598,1788024528.0,6.0,0,0,0,0.000000,0
634599,1788024534.0,6.0,0,0,0,0.000000,0
634600,1788024540.001,6.000999927520752,0,0,0,0.000000,0
634601,1788024546.0,5.999000072479248,0,0,0,0.000000,0
634602,1788024552.0,6.0,0,0,0,0.000000,0
634603,1788024558.0,6.0,0,0,0,0.000000,0
634604,1788024564.0,6.0,0,0,0,0.000000,0
634605,1788024570.0,6.0,0,0,0,0.000000,0
634606,1788024576.0,6.0,1,1,5901,0.005901,1
634607,1788024582.0,6.0,0,0,0,0.000000,0
634608,1788024588.001,6.000999927520752,0,0,0,0.000000,0
634609,1788024594.0,5.999000072479248,0,0,0,0.000000,0
634610,1788024600.0,6.0,0,0,0,0.000000,0
634611,1788024606.001,6.000999927520752,0,0,0,0.000000,0
634612,1788024612.0,5.999000072479248,0,0,0,0.000000,0
634613,1788024618.001,6.000999927520752,0,0,0,0.000000,0
634614,1788024624.001,6.0,0,0,0,0.000000,0
634615,1788024630.0,5.999000072479248,0,0,0,0.000000,0
634616,1788024636.0,6.0,0,0,0,0.000000,0
634617,1788024642.0,6.0,0,0,0,0.000000,0
634618,1788024648.001,6.000999927520752,0,0,0,0.000000,0
634619,1788024654.0,5.999000072479248,0,0,0,0.000000,0
634620,1788024660.0,6.0,0,0,0,0.000000,0
634621,1788024666.0,6.0,0,0,0,0.000000,0
634622,1788024672.0,6.0,0,0,0,0.000000,0
634623,1788024678.0,6.0,0,0,0,0.000000,0
634624,1788024684.001,6.000999927520752,0,0,0,0.000000,0
634625,1788024690.0,5.999000072479248,0,0,0,0.000000,0
634626,1788024696.0,6.0,0,0,0,0.000000,0
634627,1788024702.0,6.0,0,0,0,0.000000,0
634628,1788024708.0,6.0,0,0,0,0.000000,0
634629,1788024714.0,6.0,0,0,0,0.000000,0
634630,1788024720.0,6.0,0,0,0,0.000000,0
634631,1788024726.0,6.0,0,0,0,0.000000,0
634632,1788024732.0,6.0,0,0,0,0.000000,0
634633,1788024738.0,6.0,0,0,0,0.000000,0
634634,1788024744.0,6.0,0,0,0,0.000000,0
634635,1788024750.0,6.0,0,0,0,0.000000,0
634636,1788024756.0,6.0,0,0,0,0.000000,0
634637,1788024762.0,6.0,0,0,0,0.000000,0
634638,1788024768.001,6.000999927520752,0,0,0,0.000000,0
634639,1788024774.0,5.999000072479248,0,0,0,0.000000,0
634640,1788024780.0,6.0,0,0,0,0.000000,0
634641,1788024786.001,6.000999927520752,0,0,0,0.000000,0
634642,1788024792.0,5.999000072479248,0,0,0,0.000000,0
634643,1788024798.0,6.0,0,0,0,0.000000,0
634644,1788024804.0,6.0,0,0,0,0.000000,0
634645,1788024810.0,6.0,0,0,0,0.000000,0
634646,1788024816.0,6.0,0,0,0,0.000000,0
634647,1788024822.0,6.0,0,0,0,0.000000,0
634648,1788024828.0,6.0,0,0,0,0.000000,0
634649,1788024834.0,6.0,0,0,0,0.000000,0
634650,1788024840.0,6.0,0,0,0,0.000000,0
634651,1788024846.0,6.0,0,0,0,0.000000,0
634652,1788024852.0,6.0,0,0,0,0.000000,0
634653,1788024858.0,6.0,0,0,0,0.000000,0
634654,1788024864.0,6.0,0,0,0,0.000000,0
634655,1788024870.0,6.0,0,0,0,0.000000,0
634656,1788024876.0,6.0,0,0,0,0.000000,0
634657,1788024882.0,6.0,0,0,0,0.000000,0
634658,1788024888.0,6.0,0,0,0,0.000000,0
634659,1788024894.0,6.0,0,0,0,0.000000,0
634660,1788024900.0,6.0,0,0,0,0.000000,0
634661,1788024906.0,6.0,0,0,0,0.000000,0
634662,1788024912.0,6.0,0,0,0,0.000000,0
634663,1788024918.0,6.0,0,0,0,0.000000,0
634664,1788024924.0,6.0,0,0,0,0.000000,0
634665,1788024930.0,6.0,0,0,0,0.000000,0
634666,1788024936.0,6.0,0,0,0,0.000000,0
634667,1788024942.0,6.0,0,0,0,0.000000,0
634668,1788024948.0,6.0,0,0,0,0.000000,0
634669,1788024954.0,6.0,0,0,0,0.000000,0
634670,1788024960.0,6.0,0,0,0,0.000000,0
634671,1788024966.0,6.0,0,0,0,0.000000,0
634672,1788024972.0,6.0,0,0,0,0.000000,0
634673,1788024978.0,6.0,0,0,0,0.000000,0
634674,1788024984.0,6.0,0,0,0,0.000000,0
634675,1788024990.0,6.0,0,0,0,0.000000,0
634676,1788024996.0,6.0,0,0,0,0.000000,0
634677,1788025002.0,6.0,0,0,0,0.000000,0
634678,1788025008.001,6.000999927520752,0,0,0,0.000000,0
634679,1788025014.0,5.999000072479248,0,0,0,0.000000,0
634680,1788025020.0,6.0,0,0,0,0.000000,0
634681,1788025026.0,6.0,0,0,0,0.000000,0
634682,1788025032.0,6.0,0,0,0,0.000000,0
634683,1788025038.0,6.0,0,0,0,0.000000,0
634684,1788025044.0,6.0,0,0,0,0.000000,0
634685,1788025050.0,6.0,0,0,0,0.000000,0
634686,1788025056.0,6.0,0,0,0,0.000000,0
634687,1788025062.0,6.0,0,0,0,0.000000,0
634688,1788025068.0,6.0,0,0,0,0.000000,0
634689,1788025074.001,6.000999927520752,0,0,0,0.000000,0
634690,1788025080.0,5.999000072479248,0,0,0,0.000000,0
634691,1788025086.001,6.000999927520752,0,0,0,0.000000,0
634692,1788025092.0,5.999000072479248,0,0,0,0.000000,0
634693,1788025098.001,6.000999927520752,0,0,0,0.000000,0
634694,1788025104.0,5.999000072479248,0,0,0,0.000000,0
634695,1788025110.0,6.0,0,0,0,0.000000,0
634696,1788025116.0,6.0,0,0,0,0.000000,0
634697,1788025122.001,6.000999927520752,0,0,0,0.000000,0
634698,1788025128.0,5.999000072479248,0,0,0,0.000000,0
634699,1788025134.0,6.0,0,0,0,0.000000,0
634700,1788025140.0,6.0,0,0,0,0.000000,0
634701,1788025146.0,6.0,0,0,0,0.000000,0
634702,1788025152.0,6.0,0,0,0,0.000000,0
634703,1788025158.0,6.0,0,0,0,0.000000,0
634704,1788025164.0,6.0,0,0,0,0.000000,0
634705,1788025170.0,6.0,0,0,0,0.000000,0
634706,1788025176.0,6.0,0,0,0,0.000000,0
634707,1788025182.0,6.0,0,0,0,0.000000,0
634708,1788025188.0,6.0,0,0,0,0.000000,0
634709,1788025194.0,6.0,0,0,0,0.000000,0
634710,1788025200.0,6.0,0,0,0,0.000000,0
634711,1788025206.0,6.0,0,0,0,0.000000,0
634712,1788025212.0,6.0,0,0,0,0.000000,0
634713,1788025218.0,6.0,0,0,0,0.000000,0
634714,1788025224.0,6.0,0,0,0,0.000000,0
634715,1788025230.0,6.0,0,0,0,0.000000,0
634716,1788025236.0,6.0,0,0,0,0.000000,0
634717,1788025242.0,6.0,0,0,0,0.000000,0
634718,1788025248.0,6.0,0,0,0,0.000000,0
634719,1788025254.0,6.0,0,0,0,0.000000,0
634720,1788025260.0,6.0,0,0,0,0.000000,0
634721,1788025266.0,6.0,0,0,0,0.000000,0
634722,1788025272.001,6.000999927520752,0,0,0,0.000000,0
634723,1788025278.0,5.999000072479248,0,0,0,0.000000,0
634724,1788025284.0,6.0,0,0,0,0.000000,0
634725,1788025290.0,6.0,0,0,0,0.000000,0
634726,1788025296.0,6.0,0,0,0,0.000000,0
634727,1788025302.001,6.000999927520752,0,0,0,0.000000,0
634728,1788025308.0,5.999000072479248,0,0,0,0.000000,0
634729,1788025314.001,6.000999927520752,0,0,0,0.000000,0
634730,1788025320.0,5.999000072479248,0,0,0,0.000000,0
634731,1788025326.0,6.0,0,0,0,0.000000,0
634732,1788025332.0,6.0,0,0,0,0.000000,0
634733,1788025338.0,6.0,0,0,0,0.000000,0
634734,1788025344.001,6.000999927520752,0,0,0,0.000000,0
634735,1788025350.001,6.0,0,0,0,0.000000,0
634736,1788025356.0,5.999000072479248,0,0,0,0.000000,0
634737,1788025362.0,6.0,0,0,0,0.000000,0
634738,1788025368.0,6.0,0,0,0,0.000000,0
634739,1788025374.0,6.0,0,0,0,0.000000,0
634740,1788025380.0,6.0,0,0,0,0.000000,0
634741,1788025386.0,6.0,0,0,0,0.000000,0
634742,1788025392.0,6.0,0,0,0,0.000000,0
634743,1788025398.0,6.0,0,0,0,0.000000,0
634744,1788025404.001,6.000999927520752,0,0,0,0.000000,0
634745,1788025410.0,5.999000072479248,0,0,0,0.000000,0
634746,1788025416.0,6.0,0,0,0,0.000000,0
634747,1788025422.0,6.0,0,0,0,0.000000,0
634748,1788025428.0,6.0,0,0,0,0.000000,0
634749,1788025434.0,6.0,0,0,0,0.000000,0
634750,1788025440.0,6.0,0,0,0,0.000000,0
634751,1788025446.0,6.0,0,0,0,0.000000,0
634752,1788025452.0,6.0,0,0,0,0.000000,0
634753,1788025458.001,6.000999927520752,0,0,0,0.000000,0
634754,1788025464.0,5.999000072479248,0,0,0,0.000000,0
634755,1788025470.0,6.0,0,0,0,0.000000,0
634756,1788025476.0,6.0,0,0,0,0.000000,0
634757,1788025482.0,6.0,0,0,0,0.000000,0
634758,1788025488.0,6.0,0,0,0,0.000000,0
634759,1788025494.001,6.000999927520752,0,0,0,0.000000,0
634760,1788025500.0,5.999000072479248,0,0,0,0.000000,0
634761,1788025506.0,6.0,0,0,0,0.000000,0
634762,1788025512.0,6.0,0,0,0,0.000000,0
634763,1788025518.0,6.0,0,0,0,0.000000,0
634764,1788025524.0,6.0,0,0,0,0.000000,0
634765,1788025530.0,6.0,0,0,0,0.000000,0
634766,1788025536.0,6.0,0,0,0,0.000000,0
634767,1788025542.0,6.0,0,0,0,0.000000,0
634768,1788025548.0,6.0,0,0,0,0.000000,0
634769,1788025554.001,6.000999927520752,0,0,0,0.000000,0
634770,1788025560.0,5.999000072479248,0,0,0,0.000000,0
634771,1788025566.0,6.0,0,0,0,0.000000,0
634772,1788025572.0,6.0,0,0,0,0.000000,0
634773,1788025578.001,6.000999927520752,0,0,0,0.000000,0
634774,1788025584.0,5.999000072479248,0,0,0,0.000000,0
634775,1788025590.0,6.0,0,0,0,0.000000,0
634776,1788025596.0,6.0,0,0,0,0.000000,0
634777,1788025602.0,6.0,0,0,0,0.000000,0
634778,1788025608.0,6.0,0,0,0,0.000000,0
634779,1788025614.001,6.000999927520752,0,0,0,0.000000,0
634780,1788025620.001,6.0,0,0,0,0.000000,0
634781,1788025626.001,6.0,0,0,0,0.000000,0
634782,1788025632.0,5.999000072479248,0,0,0,0.000000,0
634783,1788025638.001,6.000999927520752,0,0,0,0.000000,0
634784,1788025644.0,5.999000072479248,0,0,0,0.000000,0
634785,1788025650.0,6.0,0,0,0,0.000000,0
634786,1788025656.001,6.000999927520752,0,0,0,0.000000,0
634787,1788025662.0,5.999000072479248,0,0,0,0.000000,0
634788,1788025668.0,6.0,0,0,0,0.000000,0
634789,1788025674.0,6.0,0,0,0,0.000000,0
634790,1788025680.0,6.0,0,0,0,0.000000,0
634791,1788025686.0,6.0,0,0,0,0.000000,0
634792,1788025692.0,6.0,0,0,0,0.000000,0
634793,1788025698.0,6.0,0,0,0,0.000000,0
634794,1788025704.0,6.0,0,0,0,0.000000,0
634795,1788025710.0,6.0,0,0,0,0.000000,0
634796,1788025716.0,6.0,0,0,0,0.000000,0
634797,1788025722.0,6.0,0,0,0,0.000000,0
634798,1788025728.0,6.0,0,0,0,0.000000,0
634799,1788025734.0,6.0,0,0,0,0.000000,0
634800,1788025740.001,6.000999927520752,0,0,0,0.000000,0
634801,1788025746.001,6.0,0,0,0,0.000000,0
634802,1788025752.0,5.999000072479248,0,0,0,0.000000,0
634803,1788025758.0,6.0,0,0,0,0.000000,0
634804,1788025764.0,6.0,0,0,0,0.000000,0
634805,1788025770.0,6.0,0,0,0,0.000000,0
634806,1788025776.0,6.0,0,0,0,0.000000,0
634807,1788025782.0,6.0,0,0,0,0.000000,0
634808,1788025788.0,6.0,0,0,0,0.000000,0
634809,1788025794.0,6.0,0,0,0,0.000000,0
634810,1788025800.0,6.0,0,0,0,0.000000,0
634811,1788025806.0,6.0,1,1,4046,0.004046,1
634812,1788025812.0,6.0,0,0,0,0.000000,0
634813,1788025818.0,6.0,0,0,0,0.000000,0
634814,1788025824.001,6.000999927520752,0,0,0,0.000000,0
634815,1788025830.0,5.999000072479248,0,0,0,0.000000,0
634816,1788025836.001,6.000999927520752,0,0,0,0.000000,0
634817,1788025842.001,6.0,0,0,0,0.000000,0
634818,1788025848.0,5.999000072479248,0,0,0,0.000000,0
634819,1788025854.0,6.0,0,0,0,0.000000,0
634820,1788025860.001,6.000999927520752,0,0,0,0.000000,0
634821,1788025866.001,6.0,0,0,0,0.000000,0
634822,1788025872.0,5.999000072479248,0,0,0,0.000000,0
634823,1788025878.0,6.0,0,0,0,0.000000,0
634824,1788025884.0,6.0,0,0,0,0.000000,0
634825,1788025890.0,6.0,0,0,0,0.000000,0
634826,1788025896.0,6.0,1,1,5901,0.005901,1
634827,1788025902.0,6.0,0,0,0,0.000000,0
634828,1788025908.0,6.0,0,0,0,0.000000,0
634829,1788025914.0,6.0,0,0,0,0.000000,0
634830,1788025920.0,6.0,0,0,0,0.000000,0
634831,1788025926.001,6.000999927520752,0,0,0,0.000000,0
634832,1788025932.0,5.999000072479248,0,0,0,0.000000,0
634833,1788025938.0,6.0,0,0,0,0.000000,0
634834,1788025944.0,6.0,0,0,0,0.000000,0
634835,1788025950.0,6.0,0,0,0,0.000000,0
634836,1788025956.0,6.0,0,0,0,0.000000,0
634837,1788025962.0,6.0,0,0,0,0.000000,0
634838,1788025968.0,6.0,0,0,0,0.000000,0
634839,1788025974.0,6.0,0,0,0,0.000000,0
634840,1788025980.0,6.0,0,0,0,0.000000,0
634841,1788025986.001,6.000999927520752,0,0,0,0.000000,0
634842,1788025992.0,5.999000072479248,0,0,0,0.000000,0
634843,1788025998.0,6.0,0,0,0,0.000000,0
634844,1788026004.001,6.000999927520752,0,0,0,0.000000,0
634845,1788026010.0,5.999000072479248,0,0,0,0.000000,0
634846,1788026016.0,6.0,0,0,0,0.000000,0
634847,1788026022.0,6.0,0,0,0,0.000000,0
634848,1788026028.0,6.0,0,0,0,0.000000,0
634849,1788026034.0,6.0,0,0,0,0.000000,0
634850,1788026040.001,6.000999927520752,0,0,0,0.000000,0
634851,1788026046.0,5.999000072479248,0,0,0,0.000000,0
634852,1788026052.0,6.0,0,0,0,0.000000,0
634853,1788026058.001,6.000999927520752,0,0,0,0.000000,0
634854,1788026064.0,5.999000072479248,0,0,0,0.000000,0
634855,1788026070.0,6.0,0,0,0,0.000000,0
634856,1788026076.001,6.000999927520752,0,0,0,0.000000,0
634857,1788026082.0,5.999000072479248,0,0,0,0.000000,0
634858,1788026088.0,6.0,0,0,0,0.000000,0
634859,1788026094.0,6.0,0,0,0,0.000000,0
634860,1788026100.001,6.000999927520752,0,0,0,0.000000,0
634861,1788026106.0,5.999000072479248,0,0,0,0.000000,0
634862,1788026112.0,6.0,0,0,0,0.000000,0
634863,1788026118.0,6.0,0,0,0,0.000000,0
634864,1788026124.0,6.0,0,0,0,0.000000,0
634865,1788026130.0,6.0,0,0,0,0.000000,0
634866,1788026136.0,6.0,0,0,0,0.000000,0
634867,1788026142.001,6.000999927520752,0,0,0,0.000000,0
634868,1788026148.0,5.999000072479248,0,0,0,0.000000,0
634869,1788026154.0,6.0,0,0,0,0.000000,0
634870,1788026160.0,6.0,0,0,0,0.000000,0
634871,1788026166.001,6.000999927520752,0,0,0,0.000000,0
634872,1788026172.001,6.0,0,0,0,0.000000,0
634873,1788026178.001,6.0,0,0,0,0.000000,0
634874,1788026184.001,6.0,0,0,0,0.000000,0
634875,1788026190.0,5.999000072479248,0,0,0,0.000000,0
634876,1788026196.0,6.0,0,0,0,0.000000,0
634877,1788026202.0,6.0,0,0,0,0.000000,0
634878,1788026208.0,6.0,0,0,0,0.000000,0
634879,1788026214.0,6.0,0,0,0,0.000000,0
634880,1788026220.0,6.0,0,0,0,0.000000,0
634881,1788026226.001,6.000999927520752,0,0,0,0.000000,0
634882,1788026232.0,5.999000072479248,0,0,0,0.000000,0
634883,1788026238.0,6.0,0,0,0,0.000000,0
634884,1788026244.0,6.0,0,0,0,0.000000,0
634885,1788026250.0,6.0,0,0,0,0.000000,0
634886,1788026256.0,6.0,0,0,0,0.000000,0
634887,1788026262.0,6.0,0,0,0,0.000000,0
634888,1788026268.0,6.0,0,0,0,0.000000,0
634889,1788026274.0,6.0,0,0,0,0.000000,0
634890,1788026280.0,6.0,0,0,0,0.000000,0
634891,1788026286.0,6.0,0,0,0,0.000000,0
634892,1788026292.0,6.0,0,0,0,0.000000,0
634893,1788026298.0,6.0,0,0,0,0.000000,0
634894,1788026304.0,6.0,0,0,0,0.000000,0
634895,1788026310.0,6.0,0,0,0,0.000000,0
634896,1788026316.0,6.0,0,0,0,0.000000,0
634897,1788026322.0,6.0,0,0,0,0.000000,0
634898,1788026328.0,6.0,0,0,0,0.000000,0
634899,1788026334.0,6.0,0,0,0,0.000000,0
634900,1788026340.0,6.0,1,1,15198,0.015198,1
634901,1788026346.0,6.0,0,0,0,0.000000,0
634902,1788026352.0,6.0,0,0,0,0.000000,0
634903,1788026358.0,6.0,0,0,0,0.000000,0
634904,1788026364.0,6.0,0,0,0,0.000000,0
634905,1788026370.0,6.0,0,0,0,0.000000,0
634906,1788026376.0,6.0,0,0,0,0.000000,0
634907,1788026382.0,6.0,0,0,0,0.000000,0
634908,1788026388.0,6.0,0,0,0,0.000000,0
634909,1788026394.001,6.000999927520752,0,0,0,0.000000,0
634910,1788026400.0,5.999000072479248,0,0,0,0.000000,0
634911,1788026406.0,6.0,0,0,0,0.000000,0
634912,1788026412.0,6.0,0,0,0,0.000000,0
634913,1788026418.0,6.0,0,0,0,0.000000,0
634914,1788026424.0,6.0,0,0,0,0.000000,0
634915,1788026430.0,6.0,0,0,0,0.000000,0
634916,1788026436.0,6.0,0,0,0,0.000000,0
634917,1788026442.0,6.0,0,0,0,0.000000,0
634918,1788026448.0,6.0,0,0,0,0.000000,0
634919,1788026454.0,6.0,0,0,0,0.000000,0
634920,1788026460.0,6.0,0,0,0,0.000000,0
634921,1788026466.0,6.0,0,0,0,0.000000,0
634922,1788026472.0,6.0,0,0,0,0.000000,0
634923,1788026478.0,6.0,0,0,0,0.000000,0
634924,1788026484.0,6.0,0,0,0,0.000000,0
634925,1788026490.0,6.0,0,0,0,0.000000,0
634926,1788026496.001,6.000999927520752,0,0,0,0.000000,0
634927,1788026502.0,5.999000072479248,0,0,0,0.000000,0
634928,1788026508.0,6.0,0,0,0,0.000000,0
634929,1788026514.0,6.0,0,0,0,0.000000,0
634930,1788026520.0,6.0,0,0,0,0.000000,0
634931,1788026526.001,6.000999927520752,0,0,0,0.000000,0
634932,1788026532.001,6.0,0,0,0,0.000000,0
634933,1788026538.0,5.999000072479248,0,0,0,0.000000,0
634934,1788026544.0,6.0,0,0,0,0.000000,0
634935,1788026550.001,6.000999927520752,0,0,0,0.000000,0
634936,1788026556.0,5.999000072479248,0,0,0,0.000000,0
634937,1788026562.001,6.000999927520752,0,0,0,0.000000,0
634938,1788026568.001,6.0,0,0,0,0.000000,0
634939,1788026574.0,5.999000072479248,0,0,0,0.000000,0
634940,1788026580.0,6.0,0,0,0,0.000000,0
634941,1788026586.0,6.0,0,0,0,0.000000,0
634942,1788026592.001,6.000999927520752,0,0,0,0.000000,0
634943,1788026598.001,6.0,0,0,0,0.000000,0
634944,1788026604.0,5.999000072479248,0,0,0,0.000000,0
634945,1788026610.0,6.0,0,0,0,0.000000,0
634946,1788026616.0,6.0,0,0,0,0.000000,0
634947,1788026622.0,6.0,0,0,0,0.000000,0
634948,1788026628.0,6.0,0,0,0,0.000000,0
634949,1788026634.0,6.0,0,0,0,0.000000,0
634950,1788026640.0,6.0,0,0,0,0.000000,0
634951,1788026646.0,6.0,0,0,0,0.000000,0
634952,1788026652.0,6.0,0,0,0,0.000000,0
634953,1788026658.0,6.0,0,0,0,0.000000,0
634954,1788026664.0,6.0,0,0,0,0.000000,0
634955,1788026670.0,6.0,0,0,0,0.000000,0
634956,1788026676.0,6.0,0,0,0,0.000000,0
634957,1788026682.0,6.0,0,0,0,0.000000,0
634958,1788026688.001,6.000999927520752,0,0,0,0.000000,0
634959,1788026694.0,5.999000072479248,1,1,15198,0.015198,1
634960,1788026700.0,6.0,0,0,0,0.000000,0
634961,1788026706.0,6.0,0,0,0,0.000000,0
634962,1788026712.0,6.0,0,0,0,0.000000,0
634963,1788026718.0,6.0,0,0,0,0.000000,0
634964,1788026724.0,6.0,0,0,0,0.000000,0
634965,1788026730.0,6.0,0,0,0,0.000000,0
634966,1788026736.0,6.0,0,0,0,0.000000,0
634967,1788026742.0,6.0,0,0,0,0.000000,0
634968,1788026748.0,6.0,0,0,0,0.000000,0
634969,1788026754.0,6.0,0,0,0,0.000000,0
634970,1788026760.0,6.0,0,0,0,0.000000,0
634971,1788026766.0,6.0,0,0,0,0.000000,0
634972,1788026772.0,6.0,0,0,0,0.000000,0
634973,1788026778.0,6.0,0,0,0,0.000000,0
634974,1788026784.0,6.0,0,0,0,0.000000,0
634975,1788026790.0,6.0,0,0,0,0.000000,0
634976,1788026796.001,6.000999927520752,0,0,0,0.000000,0
634977,1788026802.0,5.999000072479248,0,0,0,0.000000,0
634978,1788026808.0,6.0,0,0,0,0.000000,0
634979,1788026814.0,6.0,0,0,0,0.000000,0
634980,1788026820.0,6.0,0,0,0,0.000000,0
634981,1788026826.0,6.0,0,0,0,0.000000,0
634982,1788026832.0,6.0,0,0,0,0.000000,0
634983,1788026838.0,6.0,0,0,0,0.000000,0
634984,1788026844.0,6.0,0,0,0,0.000000,0
634985,1788026850.001,6.000999927520752,0,0,0,0.000000,0
634986,1788026856.0,5.999000072479248,0,0,0,0.000000,0
634987,1788026862.0,6.0,0,0,0,0.000000,0
634988,1788026868.0,6.0,0,0,0,0.000000,0
634989,1788026874.001,6.000999927520752,0,0,0,0.000000,0
634990,1788026880.001,6.0,0,0,0,0.000000,0
634991,1788026886.0,5.999000072479248,0,0,0,0.000000,0
634992,1788026892.0,6.0,0,0,0,0.000000,0
634993,1788026898.0,6.0,0,0,0,0.000000,0
634994,1788026904.0,6.0,0,0,0,0.000000,0
634995,1788026910.0,6.0,0,0,0,0.000000,0
634996,1788026916.0,6.0,0,0,0,0.000000,0
634997,1788026922.0,6.0,0,0,0,0.000000,0
634998,1788026928.0,6.0,0,0,0,0.000000,0
634999,1788026934.001,6.000999927520752,0,0,0,0.000000,0
635000,1788026940.001,6.0,0,0,0,0.000000,0
635001,1788026946.0,5.999000072479248,0,0,0,0.000000,0
635002,1788026952.0,6.0,0,0,0,0.000000,0
635003,1788026958.0,6.0,0,0,0,0.000000,0
635004,1788026964.001,6.000999927520752,0,0,0,0.000000,0
635005,1788026970.0,5.999000072479248,0,0,0,0.000000,0
635006,1788026976.001,6.000999927520752,0,0,0,0.000000,0
635007,1788026982.0,5.999000072479248,1,1,15198,0.015198,1
635008,1788026988.0,6.0,0,0,0,0.000000,0
635009,1788026994.0,6.0,0,0,0,0.000000,0
635010,1788027000.0,6.0,0,0,0,0.000000,0
635011,1788027006.0,6.0,0,0,0,0.000000,0
635012,1788027012.001,6.000999927520752,0,0,0,0.000000,0
635013,1788027018.001,6.0,0,0,0,0.000000,0
635014,1788027024.0,5.999000072479248,0,0,0,0.000000,0
635015,1788027030.0,6.0,0,0,0,0.000000,0
635016,1788027036.0,6.0,0,0,0,0.000000,0
635017,1788027042.0,6.0,0,0,0,0.000000,0
635018,1788027048.0,6.0,0,0,0,0.000000,0
635019,1788027054.0,6.0,0,0,0,0.000000,0
635020,1788027060.0,6.0,0,0,0,0.000000,0
635021,1788027066.001,6.000999927520752,0,0,0,0.000000,0
635022,1788027072.001,6.0,0,0,0,0.000000,0
635023,1788027078.0,5.999000072479248,0,0,0,0.000000,0
635024,1788027084.0,6.0,0,0,0,0.000000,0
635025,1788027090.0,6.0,0,0,0,0.000000,0
635026,1788027096.0,6.0,0,0,0,0.000000,0
635027,1788027102.0,6.0,0,0,0,0.000000,0
635028,1788027108.001,6.000999927520752,0,0,0,0.000000,0
635029,1788027114.0,5.999000072479248,0,0,0,0.000000,0
635030,1788027120.0,6.0,0,0,0,0.000000,0
635031,1788027126.0,6.0,0,0,0,0.000000,0
635032,1788027132.0,6.0,0,0,0,0.000000,0
635033,1788027138.0,6.0,0,0,0,0.000000,0
635034,1788027144.0,6.0,0,0,0,0.000000,0
635035,1788027150.0,6.0,0,0,0,0.000000,0
635036,1788027156.001,6.000999927520752,0,0,0,0.000000,0
635037,1788027162.001,6.0,0,0,0,0.000000,0
635038,1788027168.0,5.999000072479248,0,0,0,0.000000,0
635039,1788027174.0,6.0,0,0,0,0.000000,0
635040,1788027180.0,6.0,0,0,0,0.000000,0
635041,1788027186.0,6.0,0,0,0,0.000000,0
635042,1788027192.0,6.0,0,0,0,0.000000,0
635043,1788027198.0,6.0,0,0,0,0.000000,0
635044,1788027204.0,6.0,0,0,0,0.000000,0
635045,1788027210.0,6.0,0,0,0,0.000000,0
635046,1788027216.0,6.0,0,0,0,0.000000,0
635047,1788027222.0,6.0,0,0,0,0.000000,0
635048,1788027228.0,6.0,0,0,0,0.000000,0
635049,1788027234.0,6.0,1,1,15198,0.015198,1
635050,1788027240.0,6.0,0,0,0,0.000000,0
635051,1788027246.0,6.0,0,0,0,0.000000,0
635052,1788027252.0,6.0,0,0,0,0.000000,0
635053,1788027258.0,6.0,0,0,0,0.000000,0
635054,1788027264.0,6.0,0,0,0,0.000000,0
635055,1788027270.0,6.0,0,0,0,0.000000,0
635056,1788027276.001,6.000999927520752,0,0,0,0.000000,0
635057,1788027282.0,5.999000072479248,0,0,0,0.000000,0
635058,1788027288.001,6.000999927520752,0,0,0,0.000000,0
635059,1788027294.0,5.999000072479248,0,0,0,0.000000,0
635060,1788027300.0,6.0,0,0,0,0.000000,0
635061,1788027306.0,6.0,0,0,0,0.000000,0
635062,1788027312.0,6.0,0,0,0,0.000000,0
635063,1788027318.0,6.0,0,0,0,0.000000,0
635064,1788027324.001,6.000999927520752,0,0,0,0.000000,0
635065,1788027330.0,5.999000072479248,0,0,0,0.000000,0
635066,1788027336.001,6.000999927520752,0,0,0,0.000000,0
635067,1788027342.0,5.999000072479248,0,0,0,0.000000,0
635068,1788027348.0,6.0,0,0,0,0.000000,0
635069,1788027354.0,6.0,0,0,0,0.000000,0
635070,1788027360.001,6.000999927520752,0,0,0,0.000000,0
635071,1788027366.0,5.999000072479248,0,0,0,0.000000,0
635072,1788027372.0,6.0,0,0,0,0.000000,0
635073,1788027378.0,6.0,0,0,0,0.000000,0
635074,1788027384.0,6.0,0,0,0,0.000000,0
635075,1788027390.0,6.0,0,0,0,0.000000,0
635076,1788027396.0,6.0,0,0,0,0.000000,0
635077,1788027402.0,6.0,0,0,0,0.000000,0
635078,1788027408.0,6.0,0,0,0,0.000000,0
635079,1788027414.0,6.0,0,0,0,0.000000,0
635080,1788027420.0,6.0,1,1,3820,0.003820,1
635081,1788027426.0,6.0,0,0,0,0.000000,0
635082,1788027432.0,6.0,0,0,0,0.000000,0
635083,1788027438.0,6.0,0,0,0,0.000000,0
635084,1788027444.0,6.0,0,0,0,0.000000,0
635085,1788027450.0,6.0,0,0,0,0.000000,0
635086,1788027456.0,6.0,0,0,0,0.000000,0
635087,1788027462.0,6.0,0,0,0,0.000000,0
635088,1788027468.0,6.0,0,0,0,0.000000,0
635089,1788027474.0,6.0,0,0,0,0.000000,0
635090,1788027480.0,6.0,0,0,0,0.000000,0
635091,1788027486.0,6.0,0,0,0,0.000000,0
635092,1788027492.0,6.0,0,0,0,0.000000,0
635093,1788027498.0,6.0,0,0,0,0.000000,0
635094,1788027504.0,6.0,0,0,0,0.000000,0
635095,1788027510.0,6.0,0,0,0,0.000000,0
635096,1788027516.0,6.0,0,0,0,0.000000,0
635097,1788027522.0,6.0,0,0,0,0.000000,0
635098,1788027528.0,6.0,0,0,0,0.000000,0
635099,1788027534.0,6.0,0,0,0,0.000000,0
635100,1788027540.0,6.0,0,0,0,0.000000,0
635101,1788027546.0,6.0,0,0,0,0.000000,0
635102,1788027552.0,6.0,0,0,0,0.000000,0
635103,1788027558.0,6.0,0,0,0,0.000000,0
635104,1788027564.0,6.0,0,0,0,0.000000,0
635105,1788027570.0,6.0,0,0,0,0.000000,0
635106,1788027576.0,6.0,0,0,0,0.000000,0
635107,1788027582.0,6.0,0,0,0,0.000000,0
635108,1788027588.0,6.0,0,0,0,0.000000,0
635109,1788027594.0,6.0,0,0,0,0.000000,0
635110,1788027600.0,6.0,0,0,0,0.000000,0
635111,1788027606.0,6.0,0,0,0,0.000000,0
635112,1788027612.0,6.0,0,0,0,0.000000,0
635113,1788027618.001,6.000999927520752,0,0,0,0.000000,0
635114,1788027624.0,5.999000072479248,0,0,0,0.000000,0
635115,1788027630.0,6.0,0,0,0,0.000000,0
635116,1788027636.0,6.0,0,0,0,0.000000,0
635117,1788027642.001,6.000999927520752,0,0,0,0.000000,0
635118,1788027648.0,5.999000072479248,0,0,0,0.000000,0
635119,1788027654.001,6.000999927520752,0,0,0,0.000000,0
635120,1788027660.0,5.999000072479248,0,0,0,0.000000,0
635121,1788027666.0,6.0,0,0,0,0.000000,0
635122,1788027672.0,6.0,0,0,0,0.000000,0
635123,1788027678.0,6.0,0,0,0,0.000000,0
635124,1788027684.0,6.0,0,0,0,0.000000,0
635125,1788027690.001,6.000999927520752,0,0,0,0.000000,0
635126,1788027696.0,5.999000072479248,0,0,0,0.000000,0
635127,1788027702.0,6.0,0,0,0,0.000000,0
635128,1788027708.0,6.0,0,0,0,0.000000,0
635129,1788027714.0,6.0,0,0,0,0.000000,0
635130,1788027720.0,6.0,0,0,0,0.000000,0
635131,1788027726.0,6.0,0,0,0,0.000000,0
635132,1788027732.0,6.0,0,0,0,0.000000,0
635133,1788027738.001,6.000999927520752,0,0,0,0.000000,0
635134,1788027744.0,5.999000072479248,0,0,0,0.000000,0
635135,1788027750.001,6.000999927520752,0,0,0,0.000000,0
635136,1788027756.001,6.0,0,0,0,0.000000,0
635137,1788027762.001,6.0,0,0,0,0.000000,0
635138,1788027768.0,5.999000072479248,0,0,0,0.000000,0
635139,1788027774.0,6.0,0,0,0,0.000000,0
635140,1788027780.0,6.0,0,0,0,0.000000,0
635141,1788027786.001,6.000999927520752,0,0,0,0.000000,0
635142,1788027792.001,6.0,0,0,0,0.000000,0
635143,1788027798.001,6.0,0,0,0,0.000000,0
635144,1788027804.001,6.0,0,0,0,0.000000,0
635145,1788027810.0,5.999000072479248,0,0,0,0.000000,0
635146,1788027816.0,6.0,0,0,0,0.000000,0
635147,1788027822.0,6.0,0,0,0,0.000000,0
635148,1788027828.0,6.0,0,0,0,0.000000,0
635149,1788027834.001,6.000999927520752,0,0,0,0.000000,0
635150,1788027840.001,6.0,0,0,0,0.000000,0
635151,1788027846.001,6.0,0,0,0,0.000000,0
635152,1788027852.0,5.999000072479248,0,0,0,0.000000,0
635153,1788027858.0,6.0,0,0,0,0.000000,0
635154,1788027864.0,6.0,0,0,0,0.000000,0
635155,1788027870.0,6.0,0,0,0,0.000000,0
635156,1788027876.0,6.0,0,0,0,0.000000,0
635157,1788027882.0,6.0,0,0,0,0.000000,0
635158,1788027888.001,6.000999927520752,0,0,0,0.000000,0
635159,1788027894.0,5.999000072479248,0,0,0,0.000000,0
635160,1788027900.0,6.0,0,0,0,0.000000,0
635161,1788027906.0,6.0,0,0,0,0.000000,0
635162,1788027912.0,6.0,0,0,0,0.000000,0
635163,1788027918.0,6.0,0,0,0,0.000000,0
635164,1788027924.0,6.0,0,0,0,0.000000,0
635165,1788027930.0,6.0,0,0,0,0.000000,0
635166,1788027936.0,6.0,0,0,0,0.000000,0
635167,1788027942.0,6.0,0,0,0,0.000000,0
635168,1788027948.001,6.000999927520752,0,0,0,0.000000,0
635169,1788027954.0,5.999000072479248,0,0,0,0.000000,0
635170,1788027960.0,6.0,0,0,0,0.000000,0
635171,1788027966.0,6.0,0,0,0,0.000000,0
635172,1788027972.001,6.000999927520752,0,0,0,0.000000,0
635173,1788027978.0,5.999000072479248,0,0,0,0.000000,0
635174,1788027984.0,6.0,0,0,0,0.000000,0
635175,1788027990.0,6.0,0,0,0,0.000000,0
635176,1788027996.0,6.0,0,0,0,0.000000,0
635177,1788028002.0,6.0,0,0,0,0.000000,0
635178,1788028008.0,6.0,0,0,0,0.000000,0
635179,1788028014.0,6.0,0,0,0,0.000000,0
635180,1788028020.0,6.0,0,0,0,0.000000,0
635181,1788028026.0,6.0,0,0,0,0.000000,0
635182,1788028032.0,6.0,0,0,0,0.000000,0
635183,1788028038.0,6.0,0,0,0,0.000000,0
635184,1788028044.0,6.0,0,0,0,0.000000,0
635185,1788028050.0,6.0,0,0,0,0.000000,0
635186,1788028056.0,6.0,0,0,0,0.000000,0
635187,1788028062.001,6.000999927520752,0,0,0,0.000000,0
635188,1788028068.0,5.999000072479248,0,0,0,0.000000,0
635189,1788028074.0,6.0,0,0,0,0.000000,0
635190,1788028080.0,6.0,0,0,0,0.000000,0
635191,1788028086.0,6.0,0,0,0,0.000000,0
635192,1788028092.0,6.0,0,0,0,0.000000,0
635193,1788028098.0,6.0,0,0,0,0.000000,0
635194,1788028104.0,6.0,0,0,0,0.000000,0
635195,1788028110.0,6.0,0,0,0,0.000000,0
635196,1788028116.0,6.0,0,0,0,0.000000,0
635197,1788028122.0,6.0,0,0,0,0.000000,0
635198,1788028128.0,6.0,0,0,0,0.000000,0
635199,1788028134.0,6.0,0,0,0,0.000000,0
635200,1788028140.0,6.0,0,0,0,0.000000,0
635201,1788028146.0,6.0,0,0,0,0.000000,0
635202,1788028152.0,6.0,0,0,0,0.000000,0
635203,1788028158.0,6.0,0,0,0,0.000000,0
635204,1788028164.001,6.000999927520752,0,0,0,0.000000,0
635205,1788028170.0,5.999000072479248,0,0,0,0.000000,0
635206,1788028176.0,6.0,0,0,0,0.000000,0
635207,1788028182.0,6.0,0,0,0,0.000000,0
635208,1788028188.0,6.0,0,0,0,0.000000,0
635209,1788028194.0,6.0,0,0,0,0.000000,0
635210,1788028200.0,6.0,0,0,0,0.000000,0
635211,1788028206.0,6.0,0,0,0,0.000000,0
635212,1788028212.0,6.0,0,0,0,0.000000,0
635213,1788028218.0,6.0,0,0,0,0.000000,0
635214,1788028224.0,6.0,0,0,0,0.000000,0
635215,1788028230.0,6.0,0,0,0,0.000000,0
635216,1788028236.0,6.0,0,0,0,0.000000,0
635217,1788028242.0,6.0,0,0,0,0.000000,0
635218,1788028248.001,6.000999927520752,0,0,0,0.000000,0
635219,1788028254.0,5.999000072479248,0,0,0,0.000000,0
635220,1788028260.001,6.000999927520752,0,0,0,0.000000,0
635221,1788028266.0,5.999000072479248,0,0,0,0.000000,0
635222,1788028272.001,6.000999927520752,0,0,0,0.000000,0
635223,1788028278.0,5.999000072479248,0,0,0,0.000000,0
635224,1788028284.0,6.0,0,0,0,0.000000,0
635225,1788028290.0,6.0,0,0,0,0.000000,0
635226,1788028296.001,6.000999927520752,0,0,0,0.000000,0
635227,1788028302.0,5.999000072479248,0,0,0,0.000000,0
635228,1788028308.001,6.000999927520752,0,0,0,0.000000,0
635229,1788028314.001,6.0,0,0,0,0.000000,0
635230,1788028320.0,5.999000072479248,0,0,0,0.000000,0
635231,1788028326.0,6.0,0,0,0,0.000000,0
635232,1788028332.0,6.0,0,0,0,0.000000,0
635233,1788028338.0,6.0,0,0,0,0.000000,0
635234,1788028344.0,6.0,0,0,0,0.000000,0
635235,1788028350.001,6.000999927520752,0,0,0,0.000000,0
635236,1788028356.0,5.999000072479248,0,0,0,0.000000,0
635237,1788028362.0,6.0,0,0,0,0.000000,0
635238,1788028368.0,6.0,0,0,0,0.000000,0
635239,1788028374.0,6.0,0,0,0,0.000000,0
635240,1788028380.0,6.0,0,0,0,0.000000,0
635241,1788028386.0,6.0,0,0,0,0.000000,0
635242,1788028392.0,6.0,0,0,0,0.000000,0
635243,1788028398.0,6.0,0,0,0,0.000000,0
635244,1788028404.0,6.0,0,0,0,0.000000,0
635245,1788028410.0,6.0,0,0,0,0.000000,0
635246,1788028416.0,6.0,0,0,0,0.000000,0
635247,1788028422.0,6.0,0,0,0,0.000000,0
635248,1788028428.001,6.000999927520752,0,0,0,0.000000,0
635249,1788028434.0,5.999000072479248,0,0,0,0.000000,0
635250,1788028440.0,6.0,0,0,0,0.000000,0
635251,1788028446.0,6.0,0,0,0,0.000000,0
635252,1788028452.0,6.0,0,0,0,0.000000,0
635253,1788028458.0,6.0,0,0,0,0.000000,0
635254,1788028464.0,6.0,0,0,0,0.000000,0
635255,1788028470.0,6.0,0,0,0,0.000000,0
635256,1788028476.0,6.0,0,0,0,0.000000,0
635257,1788028482.0,6.0,0,0,0,0.000000,0
635258,1788028488.0,6.0,0,0,0,0.000000,0
635259,1788028494.0,6.0,0,0,0,0.000000,0
635260,1788028500.0,6.0,0,0,0,0.000000,0
635261,1788028506.0,6.0,0,0,0,0.000000,0
635262,1788028512.0,6.0,0,0,0,0.000000,0
635263,1788028518.0,6.0,0,0,0,0.000000,0
635264,1788028524.0,6.0,0,0,0,0.000000,0
635265,1788028530.0,6.0,0,0,0,0.000000,0
635266,1788028536.0,6.0,0,0,0,0.000000,0
635267,1788028542.0,6.0,0,0,0,0.000000,0
635268,1788028548.0,6.0,0,0,0,0.000000,0
635269,1788028554.0,6.0,0,0,0,0.000000,0
635270,1788028560.001,6.000999927520752,0,0,0,0.000000,0
635271,1788028566.0,5.999000072479248,0,0,0,0.000000,0
635272,1788028572.0,6.0,0,0,0,0.000000,0
635273,1788028578.0,6.0,0,0,0,0.000000,0
635274,1788028584.0,6.0,0,0,0,0.000000,0
635275,1788028590.0,6.0,0,0,0,0.000000,0
635276,1788028596.0,6.0,0,0,0,0.000000,0
635277,1788028602.0,6.0,0,0,0,0.000000,0
635278,1788028608.0,6.0,0,0,0,0.000000,0
635279,1788028614.0,6.0,0,0,0,0.000000,0
635280,1788028620.0,6.0,0,0,0,0.000000,0
635281,1788028626.0,6.0,0,0,0,0.000000,0
635282,1788028632.0,6.0,0,0,0,0.000000,0
635283,1788028638.0,6.0,0,0,0,0.000000,0
635284,1788028644.0,6.0,0,0,0,0.000000,0
635285,1788028650.0,6.0,0,0,0,0.000000,0
635286,1788028656.001,6.000999927520752,0,0,0,0.000000,0
635287,1788028662.0,5.999000072479248,0,0,0,0.000000,0
635288,1788028668.0,6.0,0,0,0,0.000000,0
635289,1788028674.001,6.000999927520752,0,0,0,0.000000,0
635290,1788028680.0,5.999000072479248,0,0,0,0.000000,0
635291,1788028686.0,6.0,0,0,0,0.000000,0
635292,1788028692.001,6.000999927520752,0,0,0,0.000000,0
635293,1788028698.001,6.0,0,0,0,0.000000,0
635294,1788028704.0,5.999000072479248,0,0,0,0.000000,0
635295,1788028710.001,6.000999927520752,0,0,0,0.000000,0
635296,1788028716.0,5.999000072479248,0,0,0,0.000000,0
635297,1788028722.0,6.0,0,0,0,0.000000,0
635298,1788028728.0,6.0,0,0,0,0.000000,0
635299,1788028734.0,6.0,0,0,0,0.000000,0
635300,1788028740.001,6.000999927520752,0,0,0,0.000000,0
635301,1788028746.0,5.999000072479248,0,0,0,0.000000,0
635302,1788028752.0,6.0,0,0,0,0.000000,0
635303,1788028758.0,6.0,0,0,0,0.000000,0
635304,1788028764.0,6.0,0,0,0,0.000000,0
635305,1788028770.0,6.0,0,0,0,0.000000,0
635306,1788028776.0,6.0,0,0,0,0.000000,0
635307,1788028782.0,6.0,0,0,0,0.000000,0
635308,1788028788.0,6.0,0,0,0,0.000000,0
635309,1788028794.0,6.0,0,0,0,0.000000,0
635310,1788028800.0,6.0,0,0,0,0.000000,0
635311,1788028806.0,6.0,0,0,0,0.000000,0
635312,1788028812.0,6.0,0,0,0,0.000000,0
635313,1788028818.0,6.0,0,0,0,0.000000,0
635314,1788028824.0,6.0,0,0,0,0.000000,0
635315,1788028830.001,6.000999927520752,0,0,0,0.000000,0
635316,1788028836.0,5.999000072479248,0,0,0,0.000000,0
635317,1788028842.0,6.0,0,0,0,0.000000,0
635318,1788028848.0,6.0,0,0,0,0.000000,0
635319,1788028854.0,6.0,0,0,0,0.000000,0
635320,1788028860.001,6.000999927520752,0,0,0,0.000000,0
635321,1788028866.0,5.999000072479248,0,0,0,0.000000,0
635322,1788028872.0,6.0,0,0,0,0.000000,0
635323,1788028878.0,6.0,0,0,0,0.000000,0
635324,1788028884.0,6.0,0,0,0,0.000000,0
635325,1788028890.0,6.0,0,0,0,0.000000,0
635326,1788028896.001,6.000999927520752,0,0,0,0.000000,0
635327,1788028902.0,5.999000072479248,0,0,0,0.000000,0
635328,1788028908.0,6.0,0,0,0,0.000000,0
635329,1788028914.0,6.0,0,0,0,0.000000,0
635330,1788028920.0,6.0,0,0,0,0.000000,0
635331,1788028926.001,6.000999927520752,0,0,0,0.000000,0
635332,1788028932.0,5.999000072479248,0,0,0,0.000000,0
635333,1788028938.0,6.0,0,0,0,0.000000,0
635334,1788028944.0,6.0,0,0,0,0.000000,0
635335,1788028950.0,6.0,0,0,0,0.000000,0
635336,1788028956.0,6.0,0,0,0,0.000000,0
635337,1788028962.0,6.0,0,0,0,0.000000,0
635338,1788028968.0,6.0,0,0,0,0.000000,0
635339,1788028974.0,6.0,0,0,0,0.000000,0
635340,1788028980.001,6.000999927520752,0,0,0,0.000000,0
635341,1788028986.0,5.999000072479248,0,0,0,0.000000,0
635342,1788028992.0,6.0,0,0,0,0.000000,0
635343,1788028998.0,6.0,0,0,0,0.000000,0
635344,1788029004.0,6.0,0,0,0,0.000000,0
635345,1788029010.0,6.0,0,0,0,0.000000,0
635346,1788029016.0,6.0,0,0,0,0.000000,0
635347,1788029022.0,6.0,0,0,0,0.000000,0
635348,1788029028.001,6.000999927520752,0,0,0,0.000000,0
635349,1788029034.0,5.999000072479248,0,0,0,0.000000,0
635350,1788029040.001,6.000999927520752,0,0,0,0.000000,0
635351,1788029046.001,6.0,0,0,0,0.000000,0
635352,1788029052.0,5.999000072479248,0,0,0,0.000000,0
635353,1788029058.0,6.0,0,0,0,0.000000,0
635354,1788029064.0,6.0,0,0,0,0.000000,0
635355,1788029070.001,6.000999927520752,0,0,0,0.000000,0
635356,1788029076.001,6.0,0,0,0,0.000000,0
635357,1788029082.001,6.0,0,0,0,0.000000,0
635358,1788029088.0,5.999000072479248,0,0,0,0.000000,0
635359,1788029094.0,6.0,0,0,0,0.000000,0
635360,1788029100.0,6.0,0,0,0,0.000000,0
635361,1788029106.001,6.000999927520752,0,0,0,0.000000,0
635362,1788029112.0,5.999000072479248,0,0,0,0.000000,0
635363,1788029118.0,6.0,0,0,0,0.000000,0
635364,1788029124.0,6.0,0,0,0,0.000000,0
635365,1788029130.0,6.0,0,0,0,0.000000,0
635366,1788029136.0,6.0,0,0,0,0.000000,0
635367,1788029142.0,6.0,0,0,0,0.000000,0
635368,1788029148.0,6.0,0,0,0,0.000000,0
635369,1788029154.001,6.000999927520752,0,0,0,0.000000,0
635370,1788029160.0,5.999000072479248,0,0,0,0.000000,0
635371,1788029166.0,6.0,0,0,0,0.000000,0
635372,1788029172.0,6.0,0,0,0,0.000000,0
635373,1788029178.0,6.0,0,0,0,0.000000,0
635374,1788029184.0,6.0,0,0,0,0.000000,0
635375,1788029190.0,6.0,0,0,0,0.000000,0
635376,1788029196.0,6.0,0,0,0,0.000000,0
635377,1788029202.0,6.0,0,0,0,0.000000,0
635378,1788029208.0,6.0,0,0,0,0.000000,0
635379,1788029214.0,6.0,0,0,0,0.000000,0
635380,1788029220.001,6.000999927520752,0,0,0,0.000000,0
635381,1788029226.001,6.0,0,0,0,0.000000,0
635382,1788029232.0,5.999000072479248,0,0,0,0.000000,0
635383,1788029238.0,6.0,0,0,0,0.000000,0
635384,1788029244.0,6.0,0,0,0,0.000000,0
635385,1788029250.0,6.0,0,0,0,0.000000,0
635386,1788029256.0,6.0,0,0,0,0.000000,0
635387,1788029262.0,6.0,0,0,0,0.000000,0
635388,1788029268.0,6.0,0,0,0,0.000000,0
635389,1788029274.0,6.0,0,0,0,0.000000,0
635390,1788029280.0,6.0,0,0,0,0.000000,0
635391,1788029286.0,6.0,0,0,0,0.000000,0
635392,1788029292.001,6.000999927520752,0,0,0,0.000000,0
635393,1788029298.0,5.999000072479248,0,0,0,0.000000,0
635394,1788029304.0,6.0,0,0,0,0.000000,0
635395,1788029310.0,6.0,0,0,0,0.000000,0
635396,1788029316.001,6.000999927520752,0,0,0,0.000000,0
635397,1788029322.0,5.999000072479248,0,0,0,0.000000,0
635398,1788029328.0,6.0,0,0,0,0.000000,0
635399,1788029334.0,6.0,0,0,0,0.000000,0
635400,1788029340.001,6.000999927520752,0,0,0,0.000000,0
635401,1788029346.0,5.999000072479248,0,0,0,0.000000,0
635402,1788029352.0,6.0,0,0,0,0.000000,0
635403,1788029358.0,6.0,0,0,0,0.000000,0
635404,1788029364.0,6.0,0,0,0,0.000000,0
635405,1788029370.0,6.0,0,0,0,0.000000,0
635406,1788029376.001,6.000999927520752,0,0,0,0.000000,0
635407,1788029382.0,5.999000072479248,0,0,0,0.000000,0
635408,1788029388.0,6.0,0,0,0,0.000000,0
635409,1788029394.0,6.0,0,0,0,0.000000,0
635410,1788029400.001,6.000999927520752,0,0,0,0.000000,0
635411,1788029406.0,5.999000072479248,0,0,0,0.000000,0
635412,1788029412.0,6.0,0,0,0,0.000000,0
635413,1788029418.001,6.000999927520752,0,0,0,0.000000,0
635414,1788029424.0,5.999000072479248,0,0,0,0.000000,0
635415,1788029430.0,6.0,0,0,0,0.000000,0
635416,1788029436.0,6.0,0,0,0,0.000000,0
635417,1788029442.0,6.0,0,0,0,0.000000,0
635418,1788029448.0,6.0,0,0,0,0.000000,0
635419,1788029454.0,6.0,0,0,0,0.000000,0
635420,1788029460.0,6.0,0,0,0,0.000000,0
635421,1788029466.001,6.000999927520752,0,0,0,0.000000,0
635422,1788029472.0,5.999000072479248,0,0,0,0.000000,0
635423,1788029478.0,6.0,0,0,0,0.000000,0
635424,1788029484.0,6.0,0,0,0,0.000000,0
635425,1788029490.0,6.0,0,0,0,0.000000,0
635426,1788029496.0,6.0,0,0,0,0.000000,0
635427,1788029502.001,6.000999927520752,0,0,0,0.000000,0
635428,1788029508.0,5.999000072479248,0,0,0,0.000000,0
635429,1788029514.0,6.0,0,0,0,0.000000,0
635430,1788029520.001,6.000999927520752,0,0,0,0.000000,0
635431,1788029526.0,5.999000072479248,0,0,0,0.000000,0
635432,1788029532.0,6.0,0,0,0,0.000000,0
635433,1788029538.001,6.000999927520752,0,0,0,0.000000,0
635434,1788029544.0,5.999000072479248,0,0,0,0.000000,0
635435,1788029550.0,6.0,0,0,0,0.000000,0
635436,1788029556.0,6.0,0,0,0,0.000000,0
635437,1788029562.0,6.0,0,0,0,0.000000,0
635438,1788029568.0,6.0,0,0,0,0.000000,0
635439,1788029574.0,6.0,0,0,0,0.000000,0
635440,1788029580.0,6.0,0,0,0,0.000000,0
635441,1788029586.0,6.0,0,0,0,0.000000,0
635442,1788029592.0,6.0,0,0,0,0.000000,0
635443,1788029598.001,6.000999927520752,0,0,0,0.000000,0
635444,1788029604.0,5.999000072479248,0,0,0,0.000000,0
635445,1788029610.0,6.0,0,0,0,0.000000,0
635446,1788029616.001,6.000999927520752,0,0,0,0.000000,0
635447,1788029622.0,5.999000072479248,0,0,0,0.000000,0
635448,1788029628.0,6.0,0,0,0,0.000000,0
635449,1788029634.0,6.0,0,0,0,0.000000,0
635450,1788029640.0,6.0,0,0,0,0.000000,0
635451,1788029646.0,6.0,0,0,0,0.000000,0
635452,1788029652.0,6.0,0,0,0,0.000000,0
635453,1788029658.0,6.0,0,0,0,0.000000,0
635454,1788029664.0,6.0,0,0,0,0.000000,0
635455,1788029670.0,6.0,0,0,0,0.000000,0
635456,1788029676.0,6.0,0,0,0,0.000000,0
635457,1788029682.0,6.0,0,0,0,0.000000,0
635458,1788029688.0,6.0,0,0,0,0.000000,0
635459,1788029694.001,6.000999927520752,0,0,0,0.000000,0
635460,1788029700.0,5.999000072479248,0,0,0,0.000000,0
635461,1788029706.0,6.0,0,0,0,0.000000,0
635462,1788029712.001,6.000999927520752,0,0,0,0.000000,0
635463,1788029718.0,5.999000072479248,0,0,0,0.000000,0
635464,1788029724.0,6.0,0,0,0,0.000000,0
635465,1788029730.0,6.0,0,0,0,0.000000,0
635466,1788029736.0,6.0,0,0,0,0.000000,0
635467,1788029742.0,6.0,0,0,0,0.000000,0
635468,1788029748.0,6.0,0,0,0,0.000000,0
635469,1788029754.0,6.0,0,0,0,0.000000,0
635470,1788029760.0,6.0,0,0,0,0.000000,0
635471,1788029766.0,6.0,0,0,0,0.000000,0
635472,1788029772.0,6.0,0,0,0,0.000000,0
635473,1788029778.0,6.0,0,0,0,0.000000,0
635474,1788029784.0,6.0,0,0,0,0.000000,0
635475,1788029790.001,6.000999927520752,0,0,0,0.000000,0
635476,1788029796.0,5.999000072479248,0,0,0,0.000000,0
635477,1788029802.0,6.0,0,0,0,0.000000,0
635478,1788029808.0,6.0,0,0,0,0.000000,0
635479,1788029814.0,6.0,0,0,0,0.000000,0
635480,1788029820.0,6.0,0,0,0,0.000000,0
635481,1788029826.0,6.0,0,0,0,0.000000,0
635482,1788029832.001,6.000999927520752,0,0,0,0.000000,0
635483,1788029838.0,5.999000072479248,0,0,0,0.000000,0
635484,1788029844.0,6.0,0,0,0,0.000000,0
635485,1788029850.0,6.0,0,0,0,0.000000,0
635486,1788029856.0,6.0,0,0,0,0.000000,0
635487,1788029862.0,6.0,0,0,0,0.000000,0
635488,1788029868.0,6.0,0,0,0,0.000000,0
635489,1788029874.0,6.0,0,0,0,0.000000,0
635490,1788029880.0,6.0,0,0,0,0.000000,0
635491,1788029886.0,6.0,0,0,0,0.000000,0
635492,1788029892.0,6.0,0,0,0,0.000000,0
635493,1788029898.0,6.0,0,0,0,0.000000,0
635494,1788029904.0,6.0,0,0,0,0.000000,0
635495,1788029910.0,6.0,0,0,0,0.000000,0
635496,1788029916.0,6.0,0,0,0,0.000000,0
635497,1788029922.0,6.0,0,0,0,0.000000,0
635498,1788029928.001,6.000999927520752,0,0,0,0.000000,0
635499,1788029934.0,5.999000072479248,0,0,0,0.000000,0
635500,1788029940.0,6.0,0,0,0,0.000000,0
635501,1788029946.0,6.0,0,0,0,0.000000,0
635502,1788029952.0,6.0,0,0,0,0.000000,0
635503,1788029958.0,6.0,0,0,0,0.000000,0
635504,1788029964.0,6.0,0,0,0,0.000000,0
635505,1788029970.0,6.0,0,0,0,0.000000,0
635506,1788029976.0,6.0,0,0,0,0.000000,0
635507,1788029982.0,6.0,0,0,0,0.000000,0
635508,1788029988.001,6.000999927520752,0,0,0,0.000000,0
635509,1788029994.0,5.999000072479248,0,0,0,0.000000,0
635510,1788030000.0,6.0,0,0,0,0.000000,0
635511,1788030006.0,6.0,0,0,0,0.000000,0
635512,1788030012.0,6.0,0,0,0,0.000000,0
635513,1788030018.0,6.0,0,0,0,0.000000,0
635514,1788030024.0,6.0,0,0,0,0.000000,0
635515,1788030030.0,6.0,0,0,0,0.000000,0
635516,1788030036.0,6.0,0,0,0,0.000000,0
635517,1788030042.001,6.000999927520752,0,0,0,0.000000,0
635518,1788030048.0,5.999000072479248,0,0,0,0.000000,0
635519,1788030054.0,6.0,0,0,0,0.000000,0
635520,1788030060.0,6.0,0,0,0,0.000000,0
635521,1788030066.0,6.0,0,0,0,0.000000,0
635522,1788030072.0,6.0,0,0,0,0.000000,0
635523,1788030078.0,6.0,0,0,0,0.000000,0
635524,1788030084.0,6.0,0,0,0,0.000000,0
635525,1788030090.0,6.0,0,0,0,0.000000,0
635526,1788030096.0,6.0,0,0,0,0.000000,0
635527,1788030102.0,6.0,0,0,0,0.000000,0
635528,1788030108.0,6.0,0,0,0,0.000000,0
635529,1788030114.0,6.0,0,0,0,0.000000,0
635530,1788030120.001,6.000999927520752,0,0,0,0.000000,0
635531,1788030126.0,5.999000072479248,0,0,0,0.000000,0
635532,1788030132.0,6.0,0,0,0,0.000000,0
635533,1788030138.001,6.000999927520752,0,0,0,0.000000,0
635534,1788030144.0,5.999000072479248,0,0,0,0.000000,0
635535,1788030150.0,6.0,0,0,0,0.000000,0
635536,1788030156.0,6.0,0,0,0,0.000000,0
635537,1788030162.0,6.0,0,0,0,0.000000,0
635538,1788030168.0,6.0,0,0,0,0.000000,0
635539,1788030174.001,6.000999927520752,0,0,0,0.000000,0
635540,1788030180.0,5.999000072479248,0,0,0,0.000000,0
635541,1788030186.0,6.0,0,0,0,0.000000,0
635542,1788030192.0,6.0,0,0,0,0.000000,0
635543,1788030198.001,6.000999927520752,0,0,0,0.000000,0
635544,1788030204.0,5.999000072479248,0,0,0,0.000000,0
635545,1788030210.0,6.0,0,0,0,0.000000,0
635546,1788030216.0,6.0,0,0,0,0.000000,0
635547,1788030222.0,6.0,0,0,0,0.000000,0
635548,1788030228.0,6.0,0,0,0,0.000000,0
635549,1788030234.0,6.0,0,0,0,0.000000,0
635550,1788030240.0,6.0,0,0,0,0.000000,0
635551,1788030246.001,6.000999927520752,0,0,0,0.000000,0
635552,1788030252.0,5.999000072479248,0,0,0,0.000000,0
635553,1788030258.0,6.0,0,0,0,0.000000,0
635554,1788030264.0,6.0,0,0,0,0.000000,0
635555,1788030270.0,6.0,0,0,0,0.000000,0
635556,1788030276.0,6.0,0,0,0,0.000000,0
635557,1788030282.0,6.0,0,0,0,0.000000,0
635558,1788030288.001,6.000999927520752,0,0,0,0.000000,0
635559,1788030294.0,5.999000072479248,0,0,0,0.000000,0
635560,1788030300.0,6.0,0,0,0,0.000000,0
635561,1788030306.0,6.0,0,0,0,0.000000,0
635562,1788030312.0,6.0,0,0,0,0.000000,0
635563,1788030318.0,6.0,0,0,0,0.000000,0
635564,1788030324.0,6.0,0,0,0,0.000000,0
635565,1788030330.0,6.0,0,0,0,0.000000,0
635566,1788030336.0,6.0,0,0,0,0.000000,0
635567,1788030342.0,6.0,0,0,0,0.000000,0
635568,1788030348.0,6.0,0,0,0,0.000000,0
635569,1788030354.001,6.000999927520752,0,0,0,0.000000,0
635570,1788030360.0,5.999000072479248,0,0,0,0.000000,0
635571,1788030366.001,6.000999927520752,0,0,0,0.000000,0
635572,1788030372.0,5.999000072479248,0,0,0,0.000000,0
635573,1788030378.0,6.0,0,0,0,0.000000,0
635574,1788030384.0,6.0,0,0,0,0.000000,0
635575,1788030390.001,6.000999927520752,0,0,0,0.000000,0
635576,1788030396.0,5.999000072479248,0,0,0,0.000000,0
635577,1788030402.0,6.0,0,0,0,0.000000,0
635578,1788030408.0,6.0,0,0,0,0.000000,0
635579,1788030414.0,6.0,0,0,0,0.000000,0
635580,1788030420.0,6.0,0,0,0,0.000000,0
635581,1788030426.0,6.0,0,0,0,0.000000,0
635582,1788030432.0,6.0,0,0,0,0.000000,0
635583,1788030438.001,6.000999927520752,0,0,0,0.000000,0
635584,1788030444.0,5.999000072479248,1,1,16844,0.016844,1
635585,1788030450.0,6.0,0,0,0,0.000000,0
635586,1788030456.0,6.0,0,0,0,0.000000,0
635587,1788030462.0,6.0,0,0,0,0.000000,0
635588,1788030468.0,6.0,0,0,0,0.000000,0
635589,1788030474.001,6.000999927520752,0,0,0,0.000000,0
635590,1788030480.0,5.999000072479248,0,0,0,0.000000,0
635591,1788030486.0,6.0,0,0,0,0.000000,0
635592,1788030492.0,6.0,0,0,0,0.000000,0
635593,1788030498.001,6.000999927520752,0,0,0,0.000000,0
635594,1788030504.0,5.999000072479248,0,0,0,0.000000,0
635595,1788030510.0,6.0,0,0,0,0.000000,0
635596,1788030516.001,6.000999927520752,0,0,0,0.000000,0
635597,1788030522.0,5.999000072479248,0,0,0,0.000000,0
635598,1788030528.0,6.0,0,0,0,0.000000,0
635599,1788030534.001,6.000999927520752,0,0,0,0.000000,0
635600,1788030540.0,5.999000072479248,0,0,0,0.000000,0
635601,1788030546.0,6.0,0,0,0,0.000000,0
635602,1788030552.0,6.0,0,0,0,0.000000,0
635603,1788030558.0,6.0,0,0,0,0.000000,0
635604,1788030564.001,6.000999927520752,0,0,0,0.000000,0
635605,1788030570.001,6.0,0,0,0,0.000000,0
635606,1788030576.0,5.999000072479248,0,0,0,0.000000,0
635607,1788030582.0,6.0,0,0,0,0.000000,0
635608,1788030588.0,6.0,0,0,0,0.000000,0
635609,1788030594.001,6.000999927520752,0,0,0,0.000000,0
635610,1788030600.001,6.0,0,0,0,0.000000,0
635611,1788030606.001,6.0,0,0,0,0.000000,0
635612,1788030612.0,5.999000072479248,0,0,0,0.000000,0
635613,1788030618.0,6.0,0,0,0,0.000000,0
635614,1788030624.0,6.0,0,0,0,0.000000,0
635615,1788030630.001,6.000999927520752,0,0,0,0.000000,0
635616,1788030636.0,5.999000072479248,0,0,0,0.000000,0
635617,1788030642.001,6.000999927520752,0,0,0,0.000000,0
635618,1788030648.0,5.999000072479248,0,0,0,0.000000,0
635619,1788030654.0,6.0,0,0,0,0.000000,0
635620,1788030660.0,6.0,0,0,0,0.000000,0
635621,1788030666.0,6.0,0,0,0,0.000000,0
635622,1788030672.0,6.0,0,0,0,0.000000,0
635623,1788030678.0,6.0,0,0,0,0.000000,0
635624,1788030684.0,6.0,0,0,0,0.000000,0
635625,1788030690.0,6.0,0,0,0,0.000000,0
635626,1788030696.001,6.000999927520752,0,0,0,0.000000,0
635627,1788030702.0,5.999000072479248,0,0,0,0.000000,0
635628,1788030708.0,6.0,0,0,0,0.000000,0
635629,1788030714.0,6.0,0,0,0,0.000000,0
635630,1788030720.0,6.0,0,0,0,0.000000,0
635631,1788030726.0,6.0,0,0,0,0.000000,0
635632,1788030732.0,6.0,0,0,0,0.000000,0
635633,1788030738.0,6.0,0,0,0,0.000000,0
635634,1788030744.0,6.0,0,0,0,0.000000,0
635635,1788030750.0,6.0,0,0,0,0.000000,0
635636,1788030756.0,6.0,0,0,0,0.000000,0
635637,1788030762.001,6.000999927520752,1,1,4045,0.004045,1
635638,1788030768.0,5.999000072479248,0,0,0,0.000000,0
635639,1788030774.0,6.0,0,0,0,0.000000,0
635640,1788030780.0,6.0,0,0,0,0.000000,0
635641,1788030786.0,6.0,0,0,0,0.000000,0
635642,1788030792.0,6.0,0,0,0,0.000000,0
635643,1788030798.0,6.0,0,0,0,0.000000,0
635644,1788030804.0,6.0,0,0,0,0.000000,0
635645,1788030810.0,6.0,0,0,0,0.000000,0
635646,1788030816.0,6.0,0,0,0,0.000000,0
635647,1788030822.0,6.0,0,0,0,0.000000,0
635648,1788030828.0,6.0,0,0,0,0.000000,0
635649,1788030834.0,6.0,0,0,0,0.000000,0
635650,1788030840.0,6.0,0,0,0,0.000000,0
635651,1788030846.0,6.0,0,0,0,0.000000,0
635652,1788030852.0,6.0,0,0,0,0.000000,0
635653,1788030858.0,6.0,0,0,0,0.000000,0
635654,1788030864.0,6.0,0,0,0,0.000000,0
635655,1788030870.0,6.0,1,1,10990,0.010990,1
635656,1788030876.0,6.0,1,1,709,0.000709,1
635657,1788030882.0,6.0,0,0,0,0.000000,0
635658,1788030888.0,6.0,0,0,0,0.000000,0
635659,1788030894.0,6.0,0,0,0,0.000000,0
635660,1788030900.0,6.0,0,0,0,0.000000,0
635661,1788030906.0,6.0,0,0,0,0.000000,0
635662,1788030912.0,6.0,0,0,0,0.000000,0
635663,1788030918.0,6.0,0,0,0,0.000000,0
635664,1788030924.0,6.0,0,0,0,0.000000,0
635665,1788030930.0,6.0,0,0,0,0.000000,0
635666,1788030936.0,6.0,0,0,0,0.000000,0
635667,1788030942.001,6.000999927520752,0,0,0,0.000000,0
635668,1788030948.0,5.999000072479248,0,0,0,0.000000,0
635669,1788030954.0,6.0,0,0,0,0.000000,0
635670,1788030960.0,6.0,0,0,0,0.000000,0
635671,1788030966.0,6.0,0,0,0,0.000000,0
635672,1788030972.0,6.0,0,0,0,0.000000,0
635673,1788030978.0,6.0,0,0,0,0.000000,0
635674,1788030984.001,6.000999927520752,0,0,0,0.000000,0
635675,1788030990.0,5.999000072479248,0,0,0,0.000000,0
635676,1788030996.001,6.000999927520752,0,0,0,0.000000,0
635677,1788031002.0,5.999000072479248,0,0,0,0.000000,0
635678,1788031008.0,6.0,0,0,0,0.000000,0
635679,1788031014.0,6.0,0,0,0,0.000000,0
635680,1788031020.0,6.0,0,0,0,0.000000,0
635681,1788031026.0,6.0,0,0,0,0.000000,0
635682,1788031032.001,6.000999927520752,0,0,0,0.000000,0
635683,1788031038.0,5.999000072479248,0,0,0,0.000000,0
635684,1788031044.0,6.0,0,0,0,0.000000,0
635685,1788031050.0,6.0,0,0,0,0.000000,0
635686,1788031056.0,6.0,0,0,0,0.000000,0
635687,1788031062.0,6.0,0,0,0,0.000000,0
635688,1788031068.0,6.0,0,0,0,0.000000,0
635689,1788031074.0,6.0,0,0,0,0.000000,0
635690,1788031080.0,6.0,0,0,0,0.000000,0
635691,1788031086.001,6.000999927520752,0,0,0,0.000000,0
635692,1788031092.0,5.999000072479248,0,0,0,0.000000,0
635693,1788031098.001,6.000999927520752,0,0,0,0.000000,0
635694,1788031104.0,5.999000072479248,0,0,0,0.000000,0
635695,1788031110.0,6.0,0,0,0,0.000000,0
635696,1788031116.0,6.0,0,0,0,0.000000,0
635697,1788031122.0,6.0,0,0,0,0.000000,0
635698,1788031128.0,6.0,0,0,0,0.000000,0
635699,1788031134.0,6.0,0,0,0,0.000000,0
635700,1788031140.0,6.0,0,0,0,0.000000,0
635701,1788031146.0,6.0,0,0,0,0.000000,0
635702,1788031152.0,6.0,0,0,0,0.000000,0
635703,1788031158.0,6.0,1,1,4046,0.004046,1
635704,1788031164.0,6.0,0,0,0,0.000000,0
635705,1788031170.0,6.0,0,0,0,0.000000,0
635706,1788031176.001,6.000999927520752,0,0,0,0.000000,0
635707,1788031182.0,5.999000072479248,0,0,0,0.000000,0
635708,1788031188.001,6.000999927520752,0,0,0,0.000000,0
635709,1788031194.001,6.0,0,0,0,0.000000,0
635710,1788031200.0,5.999000072479248,0,0,0,0.000000,0
635711,1788031206.0,6.0,0,0,0,0.000000,0
635712,1788031212.0,6.0,0,0,0,0.000000,0
635713,1788031218.0,6.0,0,0,0,0.000000,0
635714,1788031224.001,6.000999927520752,0,0,0,0.000000,0
635715,1788031230.0,5.999000072479248,0,0,0,0.000000,0
635716,1788031236.0,6.0,0,0,0,0.000000,0
635717,1788031242.0,6.0,0,0,0,0.000000,0
635718,1788031248.0,6.0,0,0,0,0.000000,0
635719,1788031254.001,6.000999927520752,0,0,0,0.000000,0
635720,1788031260.0,5.999000072479248,0,0,0,0.000000,0
635721,1788031266.0,6.0,0,0,0,0.000000,0
635722,1788031272.0,6.0,0,0,0,0.000000,0
635723,1788031278.001,6.000999927520752,0,0,0,0.000000,0
635724,1788031284.0,5.999000072479248,0,0,0,0.000000,0
635725,1788031290.001,6.000999927520752,0,0,0,0.000000,0
635726,1788031296.0,5.999000072479248,0,0,0,0.000000,0
635727,1788031302.001,6.000999927520752,0,0,0,0.000000,0
635728,1788031308.0,5.999000072479248,0,0,0,0.000000,0
635729,1788031314.0,6.0,0,0,0,0.000000,0
635730,1788031320.0,6.0,0,0,0,0.000000,0
635731,1788031326.001,6.000999927520752,0,0,0,0.000000,0
635732,1788031332.0,5.999000072479248,0,0,0,0.000000,0
635733,1788031338.0,6.0,0,0,0,0.000000,0
635734,1788031344.0,6.0,0,0,0,0.000000,0
635735,1788031350.0,6.0,0,0,0,0.000000,0
635736,1788031356.0,6.0,0,0,0,0.000000,0
635737,1788031362.001,6.000999927520752,0,0,0,0.000000,0
635738,1788031368.0,5.999000072479248,0,0,0,0.000000,0
635739,1788031374.001,6.000999927520752,0,0,0,0.000000,0
635740,1788031380.0,5.999000072479248,0,0,0,0.000000,0
635741,1788031386.0,6.0,0,0,0,0.000000,0
635742,1788031392.0,6.0,0,0,0,0.000000,0
635743,1788031398.0,6.0,0,0,0,0.000000,0
635744,1788031404.0,6.0,0,0,0,0.000000,0
635745,1788031410.001,6.000999927520752,0,0,0,0.000000,0
635746,1788031416.0,5.999000072479248,0,0,0,0.000000,0
635747,1788031422.0,6.0,0,0,0,0.000000,0
635748,1788031428.0,6.0,0,0,0,0.000000,0
635749,1788031434.0,6.0,0,0,0,0.000000,0
635750,1788031440.0,6.0,0,0,0,0.000000,0
635751,1788031446.0,6.0,0,0,0,0.000000,0
635752,1788031452.0,6.0,0,0,0,0.000000,0
635753,1788031458.001,6.000999927520752,0,0,0,0.000000,0
635754,1788031464.0,5.999000072479248,0,0,0,0.000000,0
635755,1788031470.0,6.0,0,0,0,0.000000,0
635756,1788031476.0,6.0,0,0,0,0.000000,0
635757,1788031482.0,6.0,0,0,0,0.000000,0
635758,1788031488.0,6.0,0,0,0,0.000000,0
635759,1788031494.0,6.0,0,0,0,0.000000,0
635760,1788031500.001,6.000999927520752,0,0,0,0.000000,0
635761,1788031506.0,5.999000072479248,0,0,0,0.000000,0
635762,1788031512.0,6.0,0,0,0,0.000000,0
635763,1788031518.0,6.0,0,0,0,0.000000,0
635764,1788031524.0,6.0,0,0,0,0.000000,0
635765,1788031530.0,6.0,0,0,0,0.000000,0
635766,1788031536.001,6.000999927520752,0,0,0,0.000000,0
635767,1788031542.0,5.999000072479248,0,0,0,0.000000,0
635768,1788031548.0,6.0,0,0,0,0.000000,0
635769,1788031554.0,6.0,0,0,0,0.000000,0
635770,1788031560.0,6.0,0,0,0,0.000000,0
635771,1788031566.0,6.0,0,0,0,0.000000,0
635772,1788031572.0,6.0,0,0,0,0.000000,0
635773,1788031578.0,6.0,0,0,0,0.000000,0
635774,1788031584.0,6.0,0,0,0,0.000000,0
635775,1788031590.0,6.0,0,0,0,0.000000,0
635776,1788031596.0,6.0,0,0,0,0.000000,0
635777,1788031602.0,6.0,0,0,0,0.000000,0
635778,1788031608.0,6.0,0,0,0,0.000000,0
635779,1788031614.0,6.0,0,0,0,0.000000,0
635780,1788031620.0,6.0,0,0,0,0.000000,0
635781,1788031626.0,6.0,0,0,0,0.000000,0
635782,1788031632.0,6.0,0,0,0,0.000000,0
635783,1788031638.001,6.000999927520752,0,0,0,0.000000,0
635784,1788031644.0,5.999000072479248,0,0,0,0.000000,0
635785,1788031650.0,6.0,0,0,0,0.000000,0
635786,1788031656.0,6.0,0,0,0,0.000000,0
635787,1788031662.0,6.0,0,0,0,0.000000,0
635788,1788031668.001,6.000999927520752,0,0,0,0.000000,0
635789,1788031674.0,5.999000072479248,0,0,0,0.000000,0
635790,1788031680.001,6.000999927520752,0,0,0,0.000000,0
635791,1788031686.0,5.999000072479248,0,0,0,0.000000,0
635792,1788031692.001,6.000999927520752,0,0,0,0.000000,0
635793,1788031698.0,5.999000072479248,0,0,0,0.000000,0
635794,1788031704.0,6.0,0,0,0,0.000000,0
635795,1788031710.0,6.0,0,0,0,0.000000,0
635796,1788031716.001,6.000999927520752,0,0,0,0.000000,0
635797,1788031722.0,5.999000072479248,0,0,0,0.000000,0
635798,1788031728.0,6.0,0,0,0,0.000000,0
635799,1788031734.0,6.0,0,0,0,0.000000,0
635800,1788031740.0,6.0,0,0,0,0.000000,0
635801,1788031746.0,6.0,0,0,0,0.000000,0
635802,1788031752.001,6.000999927520752,0,0,0,0.000000,0
635803,1788031758.0,5.999000072479248,0,0,0,0.000000,0
635804,1788031764.0,6.0,0,0,0,0.000000,0
635805,1788031770.0,6.0,0,0,0,0.000000,0
635806,1788031776.0,6.0,0,0,0,0.000000,0
635807,1788031782.0,6.0,0,0,0,0.000000,0
635808,1788031788.0,6.0,0,0,0,0.000000,0
635809,1788031794.0,6.0,0,0,0,0.000000,0
635810,1788031800.0,6.0,0,0,0,0.000000,0
635811,1788031806.001,6.000999927520752,0,0,0,0.000000,0
635812,1788031812.0,5.999000072479248,0,0,0,0.000000,0
635813,1788031818.0,6.0,0,0,0,0.000000,0
635814,1788031824.0,6.0,0,0,0,0.000000,0
635815,1788031830.001,6.000999927520752,0,0,0,0.000000,0
635816,1788031836.0,5.999000072479248,0,0,0,0.000000,0
635817,1788031842.0,6.0,0,0,0,0.000000,0
635818,1788031848.0,6.0,0,0,0,0.000000,0
635819,1788031854.0,6.0,0,0,0,0.000000,0
635820,1788031860.0,6.0,0,0,0,0.000000,0
635821,1788031866.0,6.0,0,0,0,0.000000,0
635822,1788031872.0,6.0,0,0,0,0.000000,0
635823,1788031878.0,6.0,0,0,0,0.000000,0
635824,1788031884.001,6.000999927520752,0,0,0,0.000000,0
635825,1788031890.0,5.999000072479248,0,0,0,0.000000,0
635826,1788031896.0,6.0,0,0,0,0.000000,0
635827,1788031902.0,6.0,0,0,0,0.000000,0
635828,1788031908.0,6.0,0,0,0,0.000000,0
635829,1788031914.001,6.000999927520752,0,0,0,0.000000,0
635830,1788031920.0,5.999000072479248,0,0,0,0.000000,0
635831,1788031926.0,6.0,0,0,0,0.000000,0
635832,1788031932.001,6.000999927520752,0,0,0,0.000000,0
635833,1788031938.0,5.999000072479248,0,0,0,0.000000,0
635834,1788031944.0,6.0,0,0,0,0.000000,0
635835,1788031950.0,6.0,0,0,0,0.000000,0
635836,1788031956.0,6.0,0,0,0,0.000000,0
635837,1788031962.0,6.0,0,0,0,0.000000,0
635838,1788031968.0,6.0,0,0,0,0.000000,0
635839,1788031974.0,6.0,0,0,0,0.000000,0
635840,1788031980.0,6.0,0,0,0,0.000000,0
635841,1788031986.0,6.0,0,0,0,0.000000,0
635842,1788031992.0,6.0,0,0,0,0.000000,0
635843,1788031998.001,6.000999927520752,0,0,0,0.000000,0
635844,1788032004.0,5.999000072479248,0,0,0,0.000000,0
635845,1788032010.001,6.000999927520752,0,0,0,0.000000,0
635846,1788032016.0,5.999000072479248,0,0,0,0.000000,0
635847,1788032022.0,6.0,0,0,0,0.000000,0
635848,1788032028.0,6.0,0,0,0,0.000000,0
635849,1788032034.0,6.0,0,0,0,0.000000,0
635850,1788032040.0,6.0,0,0,0,0.000000,0
635851,1788032046.0,6.0,0,0,0,0.000000,0
635852,1788032052.0,6.0,0,0,0,0.000000,0
635853,1788032058.0,6.0,0,0,0,0.000000,0
635854,1788032064.0,6.0,0,0,0,0.000000,0
635855,1788032070.0,6.0,0,0,0,0.000000,0
635856,1788032076.0,6.0,0,0,0,0.000000,0
635857,1788032082.0,6.0,0,0,0,0.000000,0
635858,1788032088.0,6.0,0,0,0,0.000000,0
635859,1788032094.001,6.000999927520752,0,0,0,0.000000,0
635860,1788032100.0,5.999000072479248,0,0,0,0.000000,0
635861,1788032106.0,6.0,0,0,0,0.000000,0
635862,1788032112.0,6.0,0,0,0,0.000000,0
635863,1788032118.0,6.0,0,0,0,0.000000,0
635864,1788032124.0,6.0,0,0,0,0.000000,0
635865,1788032130.0,6.0,0,0,0,0.000000,0
635866,1788032136.0,6.0,0,0,0,0.000000,0
635867,1788032142.0,6.0,0,0,0,0.000000,0
635868,1788032148.0,6.0,0,0,0,0.000000,0
635869,1788032154.0,6.0,0,0,0,0.000000,0
635870,1788032160.0,6.0,0,0,0,0.000000,0
635871,1788032166.001,6.000999927520752,0,0,0,0.000000,0
635872,1788032172.0,5.999000072479248,0,0,0,0.000000,0
635873,1788032178.0,6.0,0,0,0,0.000000,0
635874,1788032184.0,6.0,0,0,0,0.000000,0
635875,1788032190.001,6.000999927520752,0,0,0,0.000000,0
635876,1788032196.001,6.0,0,0,0,0.000000,0
635877,1788032202.001,6.0,0,0,0,0.000000,0
635878,1788032208.0,5.999000072479248,0,0,0,0.000000,0
635879,1788032214.0,6.0,0,0,0,0.000000,0
635880,1788032220.0,6.0,0,0,0,0.000000,0
635881,1788032226.0,6.0,0,0,0,0.000000,0
635882,1788032232.001,6.000999927520752,0,0,0,0.000000,0
635883,1788032238.0,5.999000072479248,0,0,0,0.000000,0
635884,1788032244.001,6.000999927520752,0,0,0,0.000000,0
635885,1788032250.0,5.999000072479248,0,0,0,0.000000,0
635886,1788032256.001,6.000999927520752,0,0,0,0.000000,0
635887,1788032262.0,5.999000072479248,0,0,0,0.000000,0
635888,1788032268.0,6.0,0,0,0,0.000000,0
635889,1788032274.001,6.000999927520752,0,0,0,0.000000,0
635890,1788032280.001,6.0,0,0,0,0.000000,0
635891,1788032286.0,5.999000072479248,0,0,0,0.000000,0
635892,1788032292.0,6.0,0,0,0,0.000000,0
635893,1788032298.0,6.0,0,0,0,0.000000,0
635894,1788032304.0,6.0,0,0,0,0.000000,0
635895,1788032310.0,6.0,0,0,0,0.000000,0
635896,1788032316.0,6.0,0,0,0,0.000000,0
635897,1788032322.0,6.0,0,0,0,0.000000,0
635898,1788032328.0,6.0,0,0,0,0.000000,0
635899,1788032334.0,6.0,0,0,0,0.000000,0
635900,1788032340.0,6.0,0,0,0,0.000000,0
635901,1788032346.0,6.0,0,0,0,0.000000,0
635902,1788032352.001,6.000999927520752,0,0,0,0.000000,0
635903,1788032358.001,6.0,0,0,0,0.000000,0
635904,1788032364.0,5.999000072479248,1,1,3716,0.003716,1
635905,1788032370.0,6.0,0,0,0,0.000000,0
635906,1788032376.0,6.0,0,0,0,0.000000,0
635907,1788032382.0,6.0,0,0,0,0.000000,0
635908,1788032388.001,6.000999927520752,0,0,0,0.000000,0
635909,1788032394.001,6.0,0,0,0,0.000000,0
635910,1788032400.0,5.999000072479248,0,0,0,0.000000,0
635911,1788032406.001,6.000999927520752,0,0,0,0.000000,0
635912,1788032412.0,5.999000072479248,0,0,0,0.000000,0
635913,1788032418.0,6.0,0,0,0,0.000000,0
635914,1788032424.0,6.0,0,0,0,0.000000,0
635915,1788032430.0,6.0,0,0,0,0.000000,0
635916,1788032436.0,6.0,0,0,0,0.000000,0
635917,1788032442.0,6.0,0,0,0,0.000000,0
635918,1788032448.0,6.0,0,0,0,0.000000,0
635919,1788032454.0,6.0,0,0,0,0.000000,0
635920,1788032460.0,6.0,0,0,0,0.000000,0
635921,1788032466.0,6.0,0,0,0,0.000000,0
635922,1788032472.0,6.0,0,0,0,0.000000,0
635923,1788032478.0,6.0,0,0,0,0.000000,0
635924,1788032484.0,6.0,0,0,0,0.000000,0
635925,1788032490.0,6.0,0,0,0,0.000000,0
635926,1788032496.0,6.0,0,0,0,0.000000,0
635927,1788032502.0,6.0,0,0,0,0.000000,0
635928,1788032508.0,6.0,0,0,0,0.000000,0
635929,1788032514.0,6.0,0,0,0,0.000000,0
635930,1788032520.0,6.0,0,0,0,0.000000,0
635931,1788032526.0,6.0,0,0,0,0.000000,0
635932,1788032532.0,6.0,0,0,0,0.000000,0
635933,1788032538.001,6.000999927520752,0,0,0,0.000000,0
635934,1788032544.0,5.999000072479248,0,0,0,0.000000,0
635935,1788032550.0,6.0,0,0,0,0.000000,0
635936,1788032556.0,6.0,0,0,0,0.000000,0
635937,1788032562.0,6.0,0,0,0,0.000000,0
635938,1788032568.001,6.000999927520752,0,0,0,0.000000,0
635939,1788032574.0,5.999000072479248,0,0,0,0.000000,0
635940,1788032580.0,6.0,0,0,0,0.000000,0
635941,1788032586.0,6.0,0,0,0,0.000000,0
635942,1788032592.0,6.0,0,0,0,0.000000,0
635943,1788032598.0,6.0,0,0,0,0.000000,0
635944,1788032604.001,6.000999927520752,0,0,0,0.000000,0
635945,1788032610.0,5.999000072479248,0,0,0,0.000000,0
635946,1788032616.0,6.0,0,0,0,0.000000,0
635947,1788032622.0,6.0,0,0,0,0.000000,0
635948,1788032628.0,6.0,0,0,0,0.000000,0
635949,1788032634.001,6.000999927520752,0,0,0,0.000000,0
635950,1788032640.001,6.0,0,0,0,0.000000,0
635951,1788032646.0,5.999000072479248,0,0,0,0.000000,0
635952,1788032652.0,6.0,0,0,0,0.000000,0
635953,1788032658.0,6.0,0,0,0,0.000000,0
635954,1788032664.0,6.0,0,0,0,0.000000,0
635955,1788032670.0,6.0,0,0,0,0.000000,0
635956,1788032676.0,6.0,0,0,0,0.000000,0
635957,1788032682.0,6.0,0,0,0,0.000000,0
635958,1788032688.0,6.0,0,0,0,0.000000,0
635959,1788032694.0,6.0,0,0,0,0.000000,0
635960,1788032700.0,6.0,0,0,0,0.000000,0
635961,1788032706.0,6.0,0,0,0,0.000000,0
635962,1788032712.0,6.0,0,0,0,0.000000,0
635963,1788032718.0,6.0,0,0,0,0.000000,0
635964,1788032724.0,6.0,0,0,0,0.000000,0
635965,1788032730.0,6.0,0,0,0,0.000000,0
635966,1788032736.001,6.000999927520752,0,0,0,0.000000,0
635967,1788032742.0,5.999000072479248,0,0,0,0.000000,0
635968,1788032748.0,6.0,0,0,0,0.000000,0
635969,1788032754.0,6.0,0,0,0,0.000000,0
635970,1788032760.0,6.0,0,0,0,0.000000,0
635971,1788032766.0,6.0,0,0,0,0.000000,0
635972,1788032772.0,6.0,0,0,0,0.000000,0
635973,1788032778.0,6.0,0,0,0,0.000000,0
635974,1788032784.0,6.0,0,0,0,0.000000,0
635975,1788032790.0,6.0,0,0,0,0.000000,0
635976,1788032796.0,6.0,0,0,0,0.000000,0
635977,1788032802.0,6.0,0,0,0,0.000000,0
635978,1788032808.0,6.0,0,0,0,0.000000,0
635979,1788032814.0,6.0,0,0,0,0.000000,0
635980,1788032820.001,6.000999927520752,0,0,0,0.000000,0
635981,1788032826.0,5.999000072479248,0,0,0,0.000000,0
635982,1788032832.0,6.0,0,0,0,0.000000,0
635983,1788032838.0,6.0,0,0,0,0.000000,0
635984,1788032844.0,6.0,0,0,0,0.000000,0
635985,1788032850.0,6.0,0,0,0,0.000000,0
635986,1788032856.0,6.0,0,0,0,0.000000,0
635987,1788032862.0,6.0,0,0,0,0.000000,0
635988,1788032868.0,6.0,0,0,0,0.000000,0
635989,1788032874.0,6.0,0,0,0,0.000000,0
635990,1788032880.0,6.0,0,0,0,0.000000,0
635991,1788032886.0,6.0,0,0,0,0.000000,0
635992,1788032892.001,6.000999927520752,0,0,0,0.000000,0
635993,1788032898.0,5.999000072479248,0,0,0,0.000000,0
635994,1788032904.0,6.0,0,0,0,0.000000,0
635995,1788032910.0,6.0,0,0,0,0.000000,0
635996,1788032916.0,6.0,0,0,0,0.000000,0
635997,1788032922.0,6.0,0,0,0,0.000000,0
635998,1788032928.0,6.0,0,0,0,0.000000,0
635999,1788032934.001,6.000999927520752,0,0,0,0.000000,0
636000,1788032940.001,6.0,0,0,0,0.000000,0
636001,1788032946.0,5.999000072479248,0,0,0,0.000000,0
636002,1788032952.0,6.0,0,0,0,0.000000,0
636003,1788032958.0,6.0,0,0,0,0.000000,0
636004,1788032964.0,6.0,0,0,0,0.000000,0
636005,1788032970.0,6.0,0,0,0,0.000000,0
636006,1788032976.0,6.0,0,0,0,0.000000,0
636007,1788032982.0,6.0,0,0,0,0.000000,0
636008,1788032988.0,6.0,0,0,0,0.000000,0
636009,1788032994.001,6.000999927520752,0,0,0,0.000000,0
636010,1788033000.0,5.999000072479248,0,0,0,0.000000,0
636011,1788033006.0,6.0,0,0,0,0.000000,0
636012,1788033012.0,6.0,0,0,0,0.000000,0
636013,1788033018.0,6.0,0,0,0,0.000000,0
636014,1788033024.0,6.0,0,0,0,0.000000,0
636015,1788033030.0,6.0,0,0,0,0.000000,0
636016,1788033036.001,6.000999927520752,0,0,0,0.000000,0
636017,1788033042.0,5.999000072479248,0,0,0,0.000000,0
636018,1788033048.0,6.0,0,0,0,0.000000,0
636019,1788033054.0,6.0,0,0,0,0.000000,0
636020,1788033060.001,6.000999927520752,0,0,0,0.000000,0
636021,1788033066.0,5.999000072479248,0,0,0,0.000000,0
636022,1788033072.001,6.000999927520752,0,0,0,0.000000,0
636023,1788033078.0,5.999000072479248,0,0,0,0.000000,0
636024,1788033084.001,6.000999927520752,0,0,0,0.000000,0
636025,1788033090.0,5.999000072479248,0,0,0,0.000000,0
636026,1788033096.0,6.0,0,0,0,0.000000,0
636027,1788033102.0,6.0,0,0,0,0.000000,0
636028,1788033108.0,6.0,0,0,0,0.000000,0
636029,1788033114.0,6.0,0,0,0,0.000000,0
636030,1788033120.001,6.000999927520752,0,0,0,0.000000,0
636031,1788033126.0,5.999000072479248,0,0,0,0.000000,0
636032,1788033132.0,6.0,0,0,0,0.000000,0
636033,1788033138.0,6.0,0,0,0,0.000000,0
636034,1788033144.0,6.0,0,0,0,0.000000,0
636035,1788033150.0,6.0,0,0,0,0.000000,0
636036,1788033156.001,6.000999927520752,0,0,0,0.000000,0
636037,1788033162.0,5.999000072479248,0,0,0,0.000000,0
636038,1788033168.0,6.0,0,0,0,0.000000,0
636039,1788033174.0,6.0,0,0,0,0.000000,0
636040,1788033180.001,6.000999927520752,0,0,0,0.000000,0
636041,1788033186.0,5.999000072479248,0,0,0,0.000000,0
636042,1788033192.0,6.0,0,0,0,0.000000,0
636043,1788033198.0,6.0,0,0,0,0.000000,0
636044,1788033204.0,6.0,0,0,0,0.000000,0
636045,1788033210.0,6.0,0,0,0,0.000000,0
636046,1788033216.0,6.0,0,0,0,0.000000,0
636047,1788033222.0,6.0,0,0,0,0.000000,0
636048,1788033228.0,6.0,0,0,0,0.000000,0
636049,1788033234.0,6.0,0,0,0,0.000000,0
636050,1788033240.0,6.0,0,0,0,0.000000,0
636051,1788033246.0,6.0,0,0,0,0.000000,0
636052,1788033252.0,6.0,0,0,0,0.000000,0
636053,1788033258.001,6.000999927520752,0,0,0,0.000000,0
636054,1788033264.0,5.999000072479248,0,0,0,0.000000,0
636055,1788033270.0,6.0,0,0,0,0.000000,0
636056,1788033276.0,6.0,0,0,0,0.000000,0
636057,1788033282.0,6.0,0,0,0,0.000000,0
636058,1788033288.0,6.0,0,0,0,0.000000,0
636059,1788033294.0,6.0,0,0,0,0.000000,0
636060,1788033300.0,6.0,0,0,0,0.000000,0
636061,1788033306.0,6.0,0,0,0,0.000000,0
636062,1788033312.0,6.0,0,0,0,0.000000,0
636063,1788033318.0,6.0,0,0,0,0.000000,0
636064,1788033324.0,6.0,0,0,0,0.000000,0
636065,1788033330.0,6.0,0,0,0,0.000000,0
636066,1788033336.001,6.000999927520752,0,0,0,0.000000,0
636067,1788033342.0,5.999000072479248,0,0,0,0.000000,0
636068,1788033348.0,6.0,0,0,0,0.000000,0
636069,1788033354.0,6.0,0,0,0,0.000000,0
636070,1788033360.0,6.0,0,0,0,0.000000,0
636071,1788033366.0,6.0,0,0,0,0.000000,0
636072,1788033372.0,6.0,0,0,0,0.000000,0
636073,1788033378.0,6.0,0,0,0,0.000000,0
636074,1788033384.0,6.0,0,0,0,0.000000,0
636075,1788033390.0,6.0,0,0,0,0.000000,0
636076,1788033396.0,6.0,0,0,0,0.000000,0
636077,1788033402.0,6.0,0,0,0,0.000000,0
636078,1788033408.0,6.0,0,0,0,0.000000,0
636079,1788033414.0,6.0,0,0,0,0.000000,0
636080,1788033420.0,6.0,0,0,0,0.000000,0
636081,1788033426.0,6.0,0,0,0,0.000000,0
636082,1788033432.0,6.0,0,0,0,0.000000,0
636083,1788033438.0,6.0,0,0,0,0.000000,0
636084,1788033444.0,6.0,0,0,0,0.000000,0
636085,1788033450.0,6.0,0,0,0,0.000000,0
636086,1788033456.0,6.0,0,0,0,0.000000,0
636087,1788033462.0,6.0,0,0,0,0.000000,0
636088,1788033468.0,6.0,0,0,0,0.000000,0
636089,1788033474.001,6.000999927520752,0,0,0,0.000000,0
636090,1788033480.0,5.999000072479248,0,0,0,0.000000,0
636091,1788033486.0,6.0,0,0,0,0.000000,0
636092,1788033492.0,6.0,0,0,0,0.000000,0
636093,1788033498.0,6.0,0,0,0,0.000000,0
636094,1788033504.0,6.0,0,0,0,0.000000,0
636095,1788033510.001,6.000999927520752,0,0,0,0.000000,0
636096,1788033516.0,5.999000072479248,0,0,0,0.000000,0
636097,1788033522.0,6.0,0,0,0,0.000000,0
636098,1788033528.0,6.0,0,0,0,0.000000,0
636099,1788033534.001,6.000999927520752,0,0,0,0.000000,0
636100,1788033540.0,5.999000072479248,0,0,0,0.000000,0
636101,1788033546.001,6.000999927520752,0,0,0,0.000000,0
636102,1788033552.0,5.999000072479248,0,0,0,0.000000,0
636103,1788033558.0,6.0,0,0,0,0.000000,0
636104,1788033564.0,6.0,0,0,0,0.000000,0
636105,1788033570.0,6.0,0,0,0,0.000000,0
636106,1788033576.0,6.0,0,0,0,0.000000,0
636107,1788033582.0,6.0,0,0,0,0.000000,0
636108,1788033588.0,6.0,0,0,0,0.000000,0
636109,1788033594.0,6.0,0,0,0,0.000000,0
636110,1788033600.0,6.0,0,0,0,0.000000,0
636111,1788033606.001,6.000999927520752,0,0,0,0.000000,0
636112,1788033612.001,6.0,0,0,0,0.000000,0
636113,1788033618.0,5.999000072479248,0,0,0,0.000000,0
636114,1788033624.0,6.0,0,0,0,0.000000,0
636115,1788033630.001,6.000999927520752,0,0,0,0.000000,0
636116,1788033636.001,6.0,0,0,0,0.000000,0
636117,1788033642.0,5.999000072479248,0,0,0,0.000000,0
636118,1788033648.0,6.0,0,0,0,0.000000,0
636119,1788033654.0,6.0,1,1,3820,0.003820,1
636120,1788033660.0,6.0,0,0,0,0.000000,0
636121,1788033666.0,6.0,0,0,0,0.000000,0
636122,1788033672.0,6.0,0,0,0,0.000000,0
636123,1788033678.0,6.0,0,0,0,0.000000,0
636124,1788033684.0,6.0,0,0,0,0.000000,0
636125,1788033690.0,6.0,0,0,0,0.000000,0
636126,1788033696.0,6.0,0,0,0,0.000000,0
636127,1788033702.0,6.0,0,0,0,0.000000,0
636128,1788033708.0,6.0,0,0,0,0.000000,0
636129,1788033714.0,6.0,0,0,0,0.000000,0
636130,1788033720.0,6.0,0,0,0,0.000000,0
636131,1788033726.0,6.0,0,0,0,0.000000,0
636132,1788033732.0,6.0,0,0,0,0.000000,0
636133,1788033738.0,6.0,0,0,0,0.000000,0
636134,1788033744.0,6.0,0,0,0,0.000000,0
636135,1788033750.0,6.0,0,0,0,0.000000,0
636136,1788033756.0,6.0,0,0,0,0.000000,0
636137,1788033762.0,6.0,0,0,0,0.000000,0
636138,1788033768.0,6.0,0,0,0,0.000000,0
636139,1788033774.0,6.0,0,0,0,0.000000,0
636140,1788033780.0,6.0,0,0,0,0.000000,0
636141,1788033786.0,6.0,0,0,0,0.000000,0
636142,1788033792.001,6.000999927520752,0,0,0,0.000000,0
636143,1788033798.0,5.999000072479248,0,0,0,0.000000,0
636144,1788033804.0,6.0,0,0,0,0.000000,0
636145,1788033810.0,6.0,0,0,0,0.000000,0
636146,1788033816.001,6.000999927520752,0,0,0,0.000000,0
636147,1788033822.0,5.999000072479248,0,0,0,0.000000,0
636148,1788033828.0,6.0,0,0,0,0.000000,0
636149,1788033834.0,6.0,0,0,0,0.000000,0
636150,1788033840.0,6.0,0,0,0,0.000000,0
636151,1788033846.0,6.0,0,0,0,0.000000,0
636152,1788033852.001,6.000999927520752,0,0,0,0.000000,0
636153,1788033858.0,5.999000072479248,0,0,0,0.000000,0
636154,1788033864.0,6.0,0,0,0,0.000000,0
636155,1788033870.0,6.0,0,0,0,0.000000,0
636156,1788033876.0,6.0,0,0,0,0.000000,0
636157,1788033882.0,6.0,0,0,0,0.000000,0
636158,1788033888.0,6.0,0,0,0,0.000000,0
636159,1788033894.0,6.0,0,0,0,0.000000,0
636160,1788033900.0,6.0,0,0,0,0.000000,0
636161,1788033906.0,6.0,0,0,0,0.000000,0
636162,1788033912.001,6.000999927520752,0,0,0,0.000000,0
636163,1788033918.001,6.0,0,0,0,0.000000,0
636164,1788033924.0,5.999000072479248,0,0,0,0.000000,0
636165,1788033930.0,6.0,0,0,0,0.000000,0
636166,1788033936.0,6.0,0,0,0,0.000000,0
636167,1788033942.0,6.0,0,0,0,0.000000,0
636168,1788033948.001,6.000999927520752,0,0,0,0.000000,0
636169,1788033954.0,5.999000072479248,0,0,0,0.000000,0
636170,1788033960.0,6.0,0,0,0,0.000000,0
636171,1788033966.0,6.0,0,0,0,0.000000,0
636172,1788033972.0,6.0,0,0,0,0.000000,0
636173,1788033978.0,6.0,0,0,0,0.000000,0
636174,1788033984.0,6.0,0,0,0,0.000000,0
636175,1788033990.0,6.0,0,0,0,0.000000,0
636176,1788033996.0,6.0,0,0,0,0.000000,0
636177,1788034002.0,6.0,0,0,0,0.000000,0
636178,1788034008.0,6.0,0,0,0,0.000000,0
636179,1788034014.0,6.0,0,0,0,0.000000,0
636180,1788034020.0,6.0,0,0,0,0.000000,0
636181,1788034026.0,6.0,0,0,0,0.000000,0
636182,1788034032.0,6.0,0,0,0,0.000000,0
636183,1788034038.001,6.000999927520752,0,0,0,0.000000,0
636184,1788034044.0,5.999000072479248,0,0,0,0.000000,0
636185,1788034050.0,6.0,0,0,0,0.000000,0
636186,1788034056.0,6.0,0,0,0,0.000000,0
636187,1788034062.0,6.0,0,0,0,0.000000,0
636188,1788034068.0,6.0,0,0,0,0.000000,0
636189,1788034074.0,6.0,0,0,0,0.000000,0
636190,1788034080.0,6.0,0,0,0,0.000000,0
636191,1788034086.0,6.0,0,0,0,0.000000,0
636192,1788034092.0,6.0,2,2,7434,0.007434,2
636193,1788034098.0,6.0,0,0,0,0.000000,0
636194,1788034104.0,6.0,0,0,0,0.000000,0
636195,1788034110.0,6.0,0,0,0,0.000000,0
636196,1788034116.0,6.0,0,0,0,0.000000,0
636197,1788034122.0,6.0,0,0,0,0.000000,0
636198,1788034128.0,6.0,0,0,0,0.000000,0
636199,1788034134.0,6.0,0,0,0,0.000000,0
636200,1788034140.0,6.0,0,0,0,0.000000,0
636201,1788034146.0,6.0,0,0,0,0.000000,0
636202,1788034152.0,6.0,0,0,0,0.000000,0
636203,1788034158.0,6.0,0,0,0,0.000000,0
636204,1788034164.0,6.0,0,0,0,0.000000,0
636205,1788034170.0,6.0,0,0,0,0.000000,0
636206,1788034176.0,6.0,0,0,0,0.000000,0
636207,1788034182.0,6.0,0,0,0,0.000000,0
636208,1788034188.0,6.0,0,0,0,0.000000,0
636209,1788034194.0,6.0,0,0,0,0.000000,0
636210,1788034200.0,6.0,0,0,0,0.000000,0
636211,1788034206.0,6.0,0,0,0,0.000000,0
636212,1788034212.0,6.0,0,0,0,0.000000,0
636213,1788034218.0,6.0,0,0,0,0.000000,0
636214,1788034224.001,6.000999927520752,0,0,0,0.000000,0
636215,1788034230.0,5.999000072479248,0,0,0,0.000000,0
636216,1788034236.0,6.0,0,0,0,0.000000,0
636217,1788034242.0,6.0,0,0,0,0.000000,0
636218,1788034248.0,6.0,0,0,0,0.000000,0
636219,1788034254.001,6.000999927520752,0,0,0,0.000000,0
636220,1788034260.0,5.999000072479248,0,0,0,0.000000,0
636221,1788034266.001,6.000999927520752,0,0,0,0.000000,0
636222,1788034272.001,6.0,0,0,0,0.000000,0
636223,1788034278.0,5.999000072479248,0,0,0,0.000000,0
636224,1788034284.0,6.0,0,0,0,0.000000,0
636225,1788034290.0,6.0,0,0,0,0.000000,0
636226,1788034296.0,6.0,0,0,0,0.000000,0
636227,1788034302.0,6.0,0,0,0,0.000000,0
636228,1788034308.0,6.0,0,0,0,0.000000,0
636229,1788034314.0,6.0,0,0,0,0.000000,0
636230,1788034320.0,6.0,0,0,0,0.000000,0
636231,1788034326.0,6.0,0,0,0,0.000000,0
636232,1788034332.0,6.0,0,0,0,0.000000,0
636233,1788034338.0,6.0,0,0,0,0.000000,0
636234,1788034344.001,6.000999927520752,0,0,0,0.000000,0
636235,1788034350.0,5.999000072479248,0,0,0,0.000000,0
636236,1788034356.001,6.000999927520752,0,0,0,0.000000,0
636237,1788034362.0,5.999000072479248,0,0,0,0.000000,0
636238,1788034368.0,6.0,0,0,0,0.000000,0
636239,1788034374.0,6.0,0,0,0,0.000000,0
636240,1788034380.001,6.000999927520752,0,0,0,0.000000,0
636241,1788034386.0,5.999000072479248,0,0,0,0.000000,0
636242,1788034392.001,6.000999927520752,0,0,0,0.000000,0
636243,1788034398.0,5.999000072479248,0,0,0,0.000000,0
636244,1788034404.0,6.0,0,0,0,0.000000,0
636245,1788034410.0,6.0,0,0,0,0.000000,0
636246,1788034416.0,6.0,0,0,0,0.000000,0
636247,1788034422.0,6.0,0,0,0,0.000000,0
636248,1788034428.0,6.0,0,0,0,0.000000,0
636249,1788034434.0,6.0,0,0,0,0.000000,0
636250,1788034440.0,6.0,0,0,0,0.000000,0
636251,1788034446.0,6.0,0,0,0,0.000000,0
636252,1788034452.0,6.0,0,0,0,0.000000,0
636253,1788034458.0,6.0,0,0,0,0.000000,0
636254,1788034464.0,6.0,0,0,0,0.000000,0
636255,1788034470.0,6.0,0,0,0,0.000000,0
636256,1788034476.0,6.0,0,0,0,0.000000,0
636257,1788034482.0,6.0,0,0,0,0.000000,0
636258,1788034488.0,6.0,0,0,0,0.000000,0
636259,1788034494.0,6.0,5,5,18603,0.018603,5
636260,1788034500.001,6.000999927520752,7,7,26060,0.026060,7
636261,1788034506.001,6.0,6,6,22338,0.022338,6
636262,1788034512.0,5.999000072479248,4,4,14892,0.014892,4
636263,1788034518.0,6.0,0,0,0,0.000000,0
636264,1788034524.0,6.0,0,0,0,0.000000,0
636265,1788034530.0,6.0,0,0,0,0.000000,0
636266,1788034536.0,6.0,0,0,0,0.000000,0
636267,1788034542.0,6.0,0,0,0,0.000000,0
636268,1788034548.0,6.0,0,0,0,0.000000,0
636269,1788034554.0,6.0,0,0,0,0.000000,0
636270,1788034560.0,6.0,0,0,0,0.000000,0
636271,1788034566.0,6.0,0,0,0,0.000000,0
636272,1788034572.0,6.0,0,0,0,0.000000,0
636273,1788034578.001,6.000999927520752,0,0,0,0.000000,0
636274,1788034584.0,5.999000072479248,0,0,0,0.000000,0
636275,1788034590.001,6.000999927520752,0,0,0,0.000000,0
636276,1788034596.0,5.999000072479248,0,0,0,0.000000,0
636277,1788034602.0,6.0,0,0,0,0.000000,0
636278,1788034608.0,6.0,0,0,0,0.000000,0
636279,1788034614.0,6.0,0,0,0,0.000000,0
636280,1788034620.0,6.0,0,0,0,0.000000,0
636281,1788034626.0,6.0,0,0,0,0.000000,0
636282,1788034632.0,6.0,0,0,0,0.000000,0
636283,1788034638.0,6.0,0,0,0,0.000000,0
636284,1788034644.0,6.0,0,0,0,0.000000,0
636285,1788034650.0,6.0,0,0,0,0.000000,0
636286,1788034656.0,6.0,0,0,0,0.000000,0
636287,1788034662.0,6.0,0,0,0,0.000000,0
636288,1788034668.0,6.0,0,0,0,0.000000,0
636289,1788034674.0,6.0,0,0,0,0.000000,0
636290,1788034680.0,6.0,0,0,0,0.000000,0
636291,1788034686.001,6.000999927520752,0,0,0,0.000000,0
636292,1788034692.0,5.999000072479248,0,0,0,0.000000,0
636293,1788034698.001,6.000999927520752,0,0,0,0.000000,0
636294,1788034704.0,5.999000072479248,0,0,0,0.000000,0
636295,1788034710.0,6.0,0,0,0,0.000000,0
636296,1788034716.0,6.0,0,0,0,0.000000,0
636297,1788034722.001,6.000999927520752,0,0,0,0.000000,0
636298,1788034728.0,5.999000072479248,0,0,0,0.000000,0
636299,1788034734.0,6.0,0,0,0,0.000000,0
636300,1788034740.0,6.0,0,0,0,0.000000,0
636301,1788034746.0,6.0,0,0,0,0.000000,0
636302,1788034752.0,6.0,0,0,0,0.000000,0
636303,1788034758.0,6.0,0,0,0,0.000000,0
636304,1788034764.001,6.000999927520752,0,0,0,0.000000,0
636305,1788034770.0,5.999000072479248,0,0,0,0.000000,0
636306,1788034776.001,6.000999927520752,0,0,0,0.000000,0
636307,1788034782.0,5.999000072479248,0,0,0,0.000000,0
636308,1788034788.0,6.0,0,0,0,0.000000,0
636309,1788034794.0,6.0,0,0,0,0.000000,0
636310,1788034800.001,6.000999927520752,0,0,0,0.000000,0
636311,1788034806.0,5.999000072479248,0,0,0,0.000000,0
636312,1788034812.001,6.000999927520752,0,0,0,0.000000,0
636313,1788034818.0,5.999000072479248,0,0,0,0.000000,0
636314,1788034824.0,6.0,0,0,0,0.000000,0
636315,1788034830.001,6.000999927520752,0,0,0,0.000000,0
636316,1788034836.0,5.999000072479248,0,0,0,0.000000,0
636317,1788034842.001,6.000999927520752,0,0,0,0.000000,0
636318,1788034848.001,6.0,0,0,0,0.000000,0
636319,1788034854.0,5.999000072479248,0,0,0,0.000000,0
636320,1788034860.0,6.0,0,0,0,0.000000,0
636321,1788034866.0,6.0,0,0,0,0.000000,0
636322,1788034872.0,6.0,0,0,0,0.000000,0
636323,1788034878.0,6.0,0,0,0,0.000000,0
636324,1788034884.0,6.0,0,0,0,0.000000,0
636325,1788034890.0,6.0,0,0,0,0.000000,0
636326,1788034896.0,6.0,0,0,0,0.000000,0
636327,1788034902.001,6.000999927520752,0,0,0,0.000000,0
636328,1788034908.0,5.999000072479248,0,0,0,0.000000,0
636329,1788034914.0,6.0,0,0,0,0.000000,0
636330,1788034920.0,6.0,0,0,0,0.000000,0
636331,1788034926.0,6.0,0,0,0,0.000000,0
636332,1788034932.001,6.000999927520752,0,0,0,0.000000,0
636333,1788034938.001,6.0,0,0,0,0.000000,0
636334,1788034944.0,5.999000072479248,0,0,0,0.000000,0
636335,1788034950.0,6.0,0,0,0,0.000000,0
636336,1788034956.0,6.0,0,0,0,0.000000,0
636337,1788034962.0,6.0,0,0,0,0.000000,0
636338,1788034968.0,6.0,0,0,0,0.000000,0
636339,1788034974.0,6.0,0,0,0,0.000000,0
636340,1788034980.001,6.000999927520752,0,0,0,0.000000,0
636341,1788034986.0,5.999000072479248,0,0,0,0.000000,0
636342,1788034992.0,6.0,0,0,0,0.000000,0
636343,1788034998.0,6.0,0,0,0,0.000000,0
636344,1788035004.001,6.000999927520752,0,0,0,0.000000,0
636345,1788035010.0,5.999000072479248,0,0,0,0.000000,0
636346,1788035016.0,6.0,0,0,0,0.000000,0
636347,1788035022.0,6.0,0,0,0,0.000000,0
636348,1788035028.001,6.000999927520752,0,0,0,0.000000,0
636349,1788035034.001,6.0,0,0,0,0.000000,0
636350,1788035040.0,5.999000072479248,0,0,0,0.000000,0
636351,1788035046.0,6.0,0,0,0,0.000000,0
636352,1788035052.001,6.000999927520752,0,0,0,0.000000,0
636353,1788035058.0,5.999000072479248,0,0,0,0.000000,0
636354,1788035064.0,6.0,0,0,0,0.000000,0
636355,1788035070.001,6.000999927520752,0,0,0,0.000000,0
636356,1788035076.001,6.0,0,0,0,0.000000,0
636357,1788035082.0,5.999000072479248,0,0,0,0.000000,0
636358,1788035088.001,6.000999927520752,0,0,0,0.000000,0
636359,1788035094.0,5.999000072479248,0,0,0,0.000000,0
636360,1788035100.0,6.0,0,0,0,0.000000,0
636361,1788035106.001,6.000999927520752,0,0,0,0.000000,0
636362,1788035112.001,6.0,0,0,0,0.000000,0
636363,1788035118.0,5.999000072479248,0,0,0,0.000000,0
636364,1788035124.0,6.0,0,0,0,0.000000,0
636365,1788035130.0,6.0,0,0,0,0.000000,0
636366,1788035136.0,6.0,0,0,0,0.000000,0
636367,1788035142.0,6.0,0,0,0,0.000000,0
636368,1788035148.0,6.0,0,0,0,0.000000,0
636369,1788035154.0,6.0,0,0,0,0.000000,0
636370,1788035160.0,6.0,0,0,0,0.000000,0
636371,1788035166.0,6.0,0,0,0,0.000000,0
636372,1788035172.0,6.0,0,0,0,0.000000,0
636373,1788035178.0,6.0,0,0,0,0.000000,0
636374,1788035184.0,6.0,0,0,0,0.000000,0
636375,1788035190.0,6.0,0,0,0,0.000000,0
636376,1788035196.0,6.0,0,0,0,0.000000,0
636377,1788035202.001,6.000999927520752,0,0,0,0.000000,0
636378,1788035208.001,6.0,0,0,0,0.000000,0
636379,1788035214.0,5.999000072479248,0,0,0,0.000000,0
636380,1788035220.0,6.0,0,0,0,0.000000,0
636381,1788035226.0,6.0,0,0,0,0.000000,0
636382,1788035232.001,6.000999927520752,0,0,0,0.000000,0
636383,1788035238.0,5.999000072479248,0,0,0,0.000000,0
636384,1788035244.0,6.0,0,0,0,0.000000,0
636385,1788035250.0,6.0,0,0,0,0.000000,0
636386,1788035256.0,6.0,0,0,0,0.000000,0
636387,1788035262.0,6.0,0,0,0,0.000000,0
636388,1788035268.0,6.0,0,0,0,0.000000,0
636389,1788035274.0,6.0,0,0,0,0.000000,0
636390,1788035280.0,6.0,0,0,0,0.000000,0
636391,1788035286.001,6.000999927520752,0,0,0,0.000000,0
636392,1788035292.0,5.999000072479248,0,0,0,0.000000,0
636393,1788035298.001,6.000999927520752,0,0,0,0.000000,0
636394,1788035304.0,5.999000072479248,0,0,0,0.000000,0
636395,1788035310.0,6.0,0,0,0,0.000000,0
636396,1788035316.0,6.0,0,0,0,0.000000,0
636397,1788035322.0,6.0,0,0,0,0.000000,0
636398,1788035328.0,6.0,0,0,0,0.000000,0
636399,1788035334.0,6.0,0,0,0,0.000000,0
636400,1788035340.0,6.0,0,0,0,0.000000,0
636401,1788035346.0,6.0,0,0,0,0.000000,0
636402,1788035352.0,6.0,0,0,0,0.000000,0
636403,1788035358.001,6.000999927520752,0,0,0,0.000000,0
636404,1788035364.0,5.999000072479248,0,0,0,0.000000,0
636405,1788035370.0,6.0,0,0,0,0.000000,0
636406,1788035376.001,6.000999927520752,0,0,0,0.000000,0
636407,1788035382.0,5.999000072479248,0,0,0,0.000000,0
636408,1788035388.0,6.0,0,0,0,0.000000,0
636409,1788035394.0,6.0,0,0,0,0.000000,0
636410,1788035400.0,6.0,0,0,0,0.000000,0
636411,1788035406.0,6.0,0,0,0,0.000000,0
636412,1788035412.001,6.000999927520752,0,0,0,0.000000,0
636413,1788035418.0,5.999000072479248,0,0,0,0.000000,0
636414,1788035424.0,6.0,0,0,0,0.000000,0
636415,1788035430.0,6.0,0,0,0,0.000000,0
636416,1788035436.0,6.0,0,0,0,0.000000,0
636417,1788035442.0,6.0,0,0,0,0.000000,0
636418,1788035448.001,6.000999927520752,0,0,0,0.000000,0
636419,1788035454.0,5.999000072479248,0,0,0,0.000000,0
636420,1788035460.0,6.0,0,0,0,0.000000,0
636421,1788035466.0,6.0,0,0,0,0.000000,0
636422,1788035472.0,6.0,0,0,0,0.000000,0
636423,1788035478.0,6.0,0,0,0,0.000000,0
636424,1788035484.0,6.0,0,0,0,0.000000,0
636425,1788035490.0,6.0,0,0,0,0.000000,0
636426,1788035496.0,6.0,0,0,0,0.000000,0
636427,1788035502.0,6.0,0,0,0,0.000000,0
636428,1788035508.0,6.0,0,0,0,0.000000,0
636429,1788035514.0,6.0,0,0,0,0.000000,0
636430,1788035520.0,6.0,0,0,0,0.000000,0
636431,1788035526.0,6.0,0,0,0,0.000000,0
636432,1788035532.0,6.0,0,0,0,0.000000,0
636433,1788035538.0,6.0,0,0,0,0.000000,0
636434,1788035544.0,6.0,0,0,0,0.000000,0
636435,1788035550.001,6.000999927520752,0,0,0,0.000000,0
636436,1788035556.0,5.999000072479248,0,0,0,0.000000,0
636437,1788035562.0,6.0,0,0,0,0.000000,0
636438,1788035568.0,6.0,0,0,0,0.000000,0
636439,1788035574.0,6.0,0,0,0,0.000000,0
636440,1788035580.001,6.000999927520752,0,0,0,0.000000,0
636441,1788035586.0,5.999000072479248,0,0,0,0.000000,0
636442,1788035592.0,6.0,0,0,0,0.000000,0
636443,1788035598.0,6.0,0,0,0,0.000000,0
636444,1788035604.0,6.0,0,0,0,0.000000,0
636445,1788035610.0,6.0,0,0,0,0.000000,0
636446,1788035616.0,6.0,0,0,0,0.000000,0
636447,1788035622.0,6.0,0,0,0,0.000000,0
636448,1788035628.001,6.000999927520752,0,0,0,0.000000,0
636449,1788035634.0,5.999000072479248,1,1,4046,0.004046,1
636450,1788035640.0,6.0,0,0,0,0.000000,0
636451,1788035646.001,6.000999927520752,0,0,0,0.000000,0
636452,1788035652.0,5.999000072479248,0,0,0,0.000000,0
636453,1788035658.0,6.0,0,0,0,0.000000,0
636454,1788035664.001,6.000999927520752,0,0,0,0.000000,0
636455,1788035670.0,5.999000072479248,0,0,0,0.000000,0
636456,1788035676.0,6.0,0,0,0,0.000000,0
636457,1788035682.001,6.000999927520752,0,0,0,0.000000,0
636458,1788035688.0,5.999000072479248,0,0,0,0.000000,0
636459,1788035694.0,6.0,0,0,0,0.000000,0
636460,1788035700.0,6.0,0,0,0,0.000000,0
636461,1788035706.001,6.000999927520752,0,0,0,0.000000,0
636462,1788035712.0,5.999000072479248,0,0,0,0.000000,0
636463,1788035718.0,6.0,0,0,0,0.000000,0
636464,1788035724.0,6.0,0,0,0,0.000000,0
636465,1788035730.0,6.0,0,0,0,0.000000,0
636466,1788035736.001,6.000999927520752,0,0,0,0.000000,0
636467,1788035742.0,5.999000072479248,0,0,0,0.000000,0
636468,1788035748.0,6.0,0,0,0,0.000000,0
636469,1788035754.0,6.0,0,0,0,0.000000,0
636470,1788035760.001,6.000999927520752,0,0,0,0.000000,0
636471,1788035766.0,5.999000072479248,0,0,0,0.000000,0
636472,1788035772.0,6.0,0,0,0,0.000000,0
636473,1788035778.0,6.0,0,0,0,0.000000,0
636474,1788035784.0,6.0,0,0,0,0.000000,0
636475,1788035790.0,6.0,0,0,0,0.000000,0
636476,1788035796.0,6.0,0,0,0,0.000000,0
636477,1788035802.001,6.000999927520752,0,0,0,0.000000,0
636478,1788035808.0,5.999000072479248,0,0,0,0.000000,0
636479,1788035814.001,6.000999927520752,0,0,0,0.000000,0
636480,1788035820.0,5.999000072479248,0,0,0,0.000000,0
636481,1788035826.0,6.0,0,0,0,0.000000,0
636482,1788035832.0,6.0,0,0,0,0.000000,0
636483,1788035838.0,6.0,0,0,0,0.000000,0
636484,1788035844.0,6.0,0,0,0,0.000000,0
636485,1788035850.0,6.0,0,0,0,0.000000,0
636486,1788035856.001,6.000999927520752,0,0,0,0.000000,0
636487,1788035862.0,5.999000072479248,0,0,0,0.000000,0
636488,1788035868.0,6.0,0,0,0,0.000000,0
636489,1788035874.0,6.0,0,0,0,0.000000,0
636490,1788035880.0,6.0,0,0,0,0.000000,0
636491,1788035886.0,6.0,0,0,0,0.000000,0
636492,1788035892.001,6.000999927520752,0,0,0,0.000000,0
636493,1788035898.0,5.999000072479248,0,0,0,0.000000,0
636494,1788035904.0,6.0,0,0,0,0.000000,0
636495,1788035910.0,6.0,0,0,0,0.000000,0
636496,1788035916.0,6.0,0,0,0,0.000000,0
636497,1788035922.0,6.0,0,0,0,0.000000,0
636498,1788035928.001,6.000999927520752,0,0,0,0.000000,0
636499,1788035934.0,5.999000072479248,0,0,0,0.000000,0
636500,1788035940.0,6.0,0,0,0,0.000000,0
636501,1788035946.0,6.0,0,0,0,0.000000,0
636502,1788035952.0,6.0,0,0,0,0.000000,0
636503,1788035958.0,6.0,0,0,0,0.000000,0
636504,1788035964.001,6.000999927520752,0,0,0,0.000000,0
636505,1788035970.0,5.999000072479248,0,0,0,0.000000,0
636506,1788035976.0,6.0,0,0,0,0.000000,0
636507,1788035982.0,6.0,0,0,0,0.000000,0
636508,1788035988.0,6.0,0,0,0,0.000000,0
636509,1788035994.0,6.0,0,0,0,0.000000,0
636510,1788036000.0,6.0,0,0,0,0.000000,0
636511,1788036006.001,6.000999927520752,0,0,0,0.000000,0
636512,1788036012.001,6.0,0,0,0,0.000000,0
636513,1788036018.0,5.999000072479248,0,0,0,0.000000,0
636514,1788036024.0,6.0,0,0,0,0.000000,0
636515,1788036030.0,6.0,0,0,0,0.000000,0
636516,1788036036.0,6.0,0,0,0,0.000000,0
636517,1788036042.0,6.0,0,0,0,0.000000,0
636518,1788036048.001,6.000999927520752,0,0,0,0.000000,0
636519,1788036054.001,6.0,0,0,0,0.000000,0
636520,1788036060.0,5.999000072479248,0,0,0,0.000000,0
636521,1788036066.0,6.0,0,0,0,0.000000,0
636522,1788036072.001,6.000999927520752,0,0,0,0.000000,0
636523,1788036078.0,5.999000072479248,0,0,0,0.000000,0
636524,1788036084.0,6.0,0,0,0,0.000000,0
636525,1788036090.0,6.0,0,0,0,0.000000,0
636526,1788036096.0,6.0,0,0,0,0.000000,0
636527,1788036102.0,6.0,0,0,0,0.000000,0
636528,1788036108.0,6.0,0,0,0,0.000000,0
636529,1788036114.0,6.0,0,0,0,0.000000,0
636530,1788036120.0,6.0,0,0,0,0.000000,0
636531,1788036126.0,6.0,0,0,0,0.000000,0
636532,1788036132.001,6.000999927520752,0,0,0,0.000000,0
636533,1788036138.001,6.0,0,0,0,0.000000,0
636534,1788036144.001,6.0,0,0,0,0.000000,0
636535,1788036150.0,5.999000072479248,0,0,0,0.000000,0
636536,1788036156.001,6.000999927520752,0,0,0,0.000000,0
636537,1788036162.0,5.999000072479248,0,0,0,0.000000,0
636538,1788036168.0,6.0,0,0,0,0.000000,0
636539,1788036174.001,6.000999927520752,0,0,0,0.000000,0
636540,1788036180.001,6.0,0,0,0,0.000000,0
636541,1788036186.0,5.999000072479248,0,0,0,0.000000,0
636542,1788036192.0,6.0,0,0,0,0.000000,0
636543,1788036198.001,6.000999927520752,0,0,0,0.000000,0
636544,1788036204.0,5.999000072479248,0,0,0,0.000000,0
636545,1788036210.0,6.0,0,0,0,0.000000,0
636546,1788036216.0,6.0,0,0,0,0.000000,0
636547,1788036222.001,6.000999927520752,0,0,0,0.000000,0
636548,1788036228.0,5.999000072479248,0,0,0,0.000000,0
636549,1788036234.0,6.0,0,0,0,0.000000,0
636550,1788036240.0,6.0,0,0,0,0.000000,0
636551,1788036246.0,6.0,0,0,0,0.000000,0
636552,1788036252.0,6.0,1,1,3820,0.003820,1
636553,1788036258.001,6.000999927520752,0,0,0,0.000000,0
636554,1788036264.0,5.999000072479248,1,1,5040,0.005040,1
636555,1788036270.0,6.0,0,0,0,0.000000,0
636556,1788036276.0,6.0,0,0,0,0.000000,0
636557,1788036282.0,6.0,0,0,0,0.000000,0
636558,1788036288.0,6.0,0,0,0,0.000000,0
636559,1788036294.0,6.0,0,0,0,0.000000,0
636560,1788036300.0,6.0,0,0,0,0.000000,0
636561,1788036306.0,6.0,0,0,0,0.000000,0
636562,1788036312.0,6.0,0,0,0,0.000000,0
636563,1788036318.001,6.000999927520752,0,0,0,0.000000,0
636564,1788036324.0,5.999000072479248,0,0,0,0.000000,0
636565,1788036330.0,6.0,0,0,0,0.000000,0
636566,1788036336.0,6.0,0,0,0,0.000000,0
636567,1788036342.0,6.0,0,0,0,0.000000,0
636568,1788036348.0,6.0,0,0,0,0.000000,0
636569,1788036354.0,6.0,0,0,0,0.000000,0
636570,1788036360.0,6.0,0,0,0,0.000000,0
636571,1788036366.0,6.0,0,0,0,0.000000,0
636572,1788036372.001,6.000999927520752,0,0,0,0.000000,0
636573,1788036378.001,6.0,0,0,0,0.000000,0
636574,1788036384.001,6.0,0,0,0,0.000000,0
636575,1788036390.0,5.999000072479248,0,0,0,0.000000,0
636576,1788036396.0,6.0,0,0,0,0.000000,0
636577,1788036402.0,6.0,0,0,0,0.000000,0
636578,1788036408.0,6.0,0,0,0,0.000000,0
636579,1788036414.0,6.0,0,0,0,0.000000,0
636580,1788036420.0,6.0,0,0,0,0.000000,0
636581,1788036426.001,6.000999927520752,0,0,0,0.000000,0
636582,1788036432.0,5.999000072479248,0,0,0,0.000000,0
636583,1788036438.0,6.0,0,0,0,0.000000,0
636584,1788036444.0,6.0,0,0,0,0.000000,0
636585,1788036450.0,6.0,0,0,0,0.000000,0
636586,1788036456.0,6.0,0,0,0,0.000000,0
636587,1788036462.0,6.0,0,0,0,0.000000,0
636588,1788036468.0,6.0,0,0,0,0.000000,0
636589,1788036474.0,6.0,0,0,0,0.000000,0
636590,1788036480.0,6.0,0,0,0,0.000000,0
636591,1788036486.0,6.0,0,0,0,0.000000,0
636592,1788036492.0,6.0,0,0,0,0.000000,0
636593,1788036498.0,6.0,0,0,0,0.000000,0
636594,1788036504.0,6.0,0,0,0,0.000000,0
636595,1788036510.0,6.0,0,0,0,0.000000,0
636596,1788036516.0,6.0,0,0,0,0.000000,0
636597,1788036522.0,6.0,0,0,0,0.000000,0
636598,1788036528.0,6.0,0,0,0,0.000000,0
636599,1788036534.0,6.0,0,0,0,0.000000,0
636600,1788036540.0,6.0,0,0,0,0.000000,0
636601,1788036546.0,6.0,0,0,0,0.000000,0
636602,1788036552.0,6.0,0,0,0,0.000000,0
636603,1788036558.0,6.0,0,0,0,0.000000,0
636604,1788036564.0,6.0,0,0,0,0.000000,0
636605,1788036570.0,6.0,1,1,709,0.000709,1
636606,1788036576.0,6.0,0,0,0,0.000000,0
636607,1788036582.0,6.0,0,0,0,0.000000,0
636608,1788036588.0,6.0,0,0,0,0.000000,0
636609,1788036594.0,6.0,0,0,0,0.000000,0
636610,1788036600.0,6.0,0,0,0,0.000000,0
636611,1788036606.0,6.0,0,0,0,0.000000,0
636612,1788036612.0,6.0,0,0,0,0.000000,0
636613,1788036618.001,6.000999927520752,0,0,0,0.000000,0
636614,1788036624.0,5.999000072479248,0,0,0,0.000000,0
636615,1788036630.001,6.000999927520752,0,0,0,0.000000,0
636616,1788036636.0,5.999000072479248,0,0,0,0.000000,0
636617,1788036642.0,6.0,0,0,0,0.000000,0
636618,1788036648.0,6.0,0,0,0,0.000000,0
636619,1788036654.0,6.0,0,0,0,0.000000,0
636620,1788036660.0,6.0,0,0,0,0.000000,0
636621,1788036666.001,6.000999927520752,0,0,0,0.000000,0
636622,1788036672.0,5.999000072479248,0,0,0,0.000000,0
636623,1788036678.001,6.000999927520752,0,0,0,0.000000,0
636624,1788036684.0,5.999000072479248,0,0,0,0.000000,0
636625,1788036690.0,6.0,0,0,0,0.000000,0
636626,1788036696.0,6.0,0,0,0,0.000000,0
636627,1788036702.0,6.0,1,1,5040,0.005040,1
636628,1788036708.001,6.000999927520752,0,0,0,0.000000,0
636629,1788036714.001,6.0,0,0,0,0.000000,0
636630,1788036720.0,5.999000072479248,0,0,0,0.000000,0
636631,1788036726.0,6.0,0,0,0,0.000000,0
636632,1788036732.001,6.000999927520752,0,0,0,0.000000,0
636633,1788036738.0,5.999000072479248,0,0,0,0.000000,0
636634,1788036744.001,6.000999927520752,0,0,0,0.000000,0
636635,1788036750.0,5.999000072479248,0,0,0,0.000000,0
636636,1788036756.0,6.0,0,0,0,0.000000,0
636637,1788036762.0,6.0,0,0,0,0.000000,0
636638,1788036768.0,6.0,0,0,0,0.000000,0
636639,1788036774.0,6.0,0,0,0,0.000000,0
636640,1788036780.001,6.000999927520752,0,0,0,0.000000,0
636641,1788036786.0,5.999000072479248,0,0,0,0.000000,0
636642,1788036792.0,6.0,0,0,0,0.000000,0
636643,1788036798.0,6.0,0,0,0,0.000000,0
636644,1788036804.0,6.0,0,0,0,0.000000,0
636645,1788036810.0,6.0,0,0,0,0.000000,0
636646,1788036816.0,6.0,0,0,0,0.000000,0
636647,1788036822.0,6.0,0,0,0,0.000000,0
636648,1788036828.0,6.0,0,0,0,0.000000,0
636649,1788036834.0,6.0,0,0,0,0.000000,0
636650,1788036840.0,6.0,0,0,0,0.000000,0
636651,1788036846.0,6.0,0,0,0,0.000000,0
636652,1788036852.0,6.0,0,0,0,0.000000,0
636653,1788036858.0,6.0,0,0,0,0.000000,0
636654,1788036864.0,6.0,0,0,0,0.000000,0
636655,1788036870.0,6.0,0,0,0,0.000000,0
636656,1788036876.0,6.0,0,0,0,0.000000,0
636657,1788036882.0,6.0,0,0,0,0.000000,0
636658,1788036888.0,6.0,0,0,0,0.000000,0
636659,1788036894.001,6.000999927520752,0,0,0,0.000000,0
636660,1788036900.0,5.999000072479248,0,0,0,0.000000,0
636661,1788036906.0,6.0,0,0,0,0.000000,0
636662,1788036912.0,6.0,0,0,0,0.000000,0
636663,1788036918.0,6.0,0,0,0,0.000000,0
636664,1788036924.0,6.0,0,0,0,0.000000,0
636665,1788036930.0,6.0,0,0,0,0.000000,0
636666,1788036936.0,6.0,0,0,0,0.000000,0
636667,1788036942.001,6.000999927520752,0,0,0,0.000000,0
636668,1788036948.0,5.999000072479248,0,0,0,0.000000,0
636669,1788036954.0,6.0,0,0,0,0.000000,0
636670,1788036960.0,6.0,0,0,0,0.000000,0
636671,1788036966.0,6.0,0,0,0,0.000000,0
636672,1788036972.0,6.0,0,0,0,0.000000,0
636673,1788036978.001,6.000999927520752,0,0,0,0.000000,0
636674,1788036984.001,6.0,0,0,0,0.000000,0
636675,1788036990.0,5.999000072479248,0,0,0,0.000000,0
636676,1788036996.0,6.0,0,0,0,0.000000,0
636677,1788037002.0,6.0,0,0,0,0.000000,0
636678,1788037008.0,6.0,0,0,0,0.000000,0
636679,1788037014.0,6.0,0,0,0,0.000000,0
636680,1788037020.001,6.000999927520752,0,0,0,0.000000,0
636681,1788037026.0,5.999000072479248,0,0,0,0.000000,0
636682,1788037032.0,6.0,0,0,0,0.000000,0
636683,1788037038.0,6.0,0,0,0,0.000000,0
636684,1788037044.0,6.0,0,0,0,0.000000,0
636685,1788037050.0,6.0,0,0,0,0.000000,0
636686,1788037056.0,6.0,0,0,0,0.000000,0
636687,1788037062.0,6.0,0,0,0,0.000000,0
636688,1788037068.001,6.000999927520752,0,0,0,0.000000,0
636689,1788037074.0,5.999000072479248,1,1,6535,0.006535,1
636690,1788037080.0,6.0,0,0,0,0.000000,0
636691,1788037086.0,6.0,0,0,0,0.000000,0
636692,1788037092.0,6.0,0,0,0,0.000000,0
636693,1788037098.0,6.0,0,0,0,0.000000,0
636694,1788037104.0,6.0,0,0,0,0.000000,0
636695,1788037110.0,6.0,1,1,6534,0.006534,1
636696,1788037116.0,6.0,0,0,0,0.000000,0
636697,1788037122.0,6.0,0,0,0,0.000000,0
636698,1788037128.001,6.000999927520752,0,0,0,0.000000,0
636699,1788037134.0,5.999000072479248,0,0,0,0.000000,0
636700,1788037140.0,6.0,0,0,0,0.000000,0
636701,1788037146.0,6.0,0,0,0,0.000000,0
636702,1788037152.0,6.0,0,0,0,0.000000,0
636703,1788037158.0,6.0,0,0,0,0.000000,0
636704,1788037164.0,6.0,0,0,0,0.000000,0
636705,1788037170.001,6.000999927520752,0,0,0,0.000000,0
636706,1788037176.0,5.999000072479248,0,0,0,0.000000,0
636707,1788037182.001,6.000999927520752,0,0,0,0.000000,0
636708,1788037188.0,5.999000072479248,0,0,0,0.000000,0
636709,1788037194.001,6.000999927520752,0,0,0,0.000000,0
636710,1788037200.0,5.999000072479248,0,0,0,0.000000,0
636711,1788037206.0,6.0,0,0,0,0.000000,0
636712,1788037212.0,6.0,0,0,0,0.000000,0
636713,1788037218.0,6.0,1,1,6608,0.006608,1
636714,1788037224.0,6.0,0,0,0,0.000000,0
636715,1788037230.0,6.0,0,0,0,0.000000,0
636716,1788037236.0,6.0,1,1,6568,0.006568,1
636717,1788037242.0,6.0,0,0,0,0.000000,0
636718,1788037248.0,6.0,0,0,0,0.000000,0
636719,1788037254.0,6.0,0,0,0,0.000000,0
636720,1788037260.0,6.0,0,0,0,0.000000,0
636721,1788037266.0,6.0,0,0,0,0.000000,0
636722,1788037272.0,6.0,0,0,0,0.000000,0
636723,1788037278.0,6.0,1,1,6607,0.006607,1
636724,1788037284.0,6.0,0,0,0,0.000000,0
636725,1788037290.0,6.0,0,0,0,0.000000,0
636726,1788037296.0,6.0,0,0,0,0.000000,0
636727,1788037302.0,6.0,0,0,0,0.000000,0
636728,1788037308.0,6.0,1,1,6566,0.006566,1
636729,1788037314.0,6.0,0,0,0,0.000000,0
636730,1788037320.001,6.000999927520752,0,0,0,0.000000,0
636731,1788037326.001,6.0,0,0,0,0.000000,0
636732,1788037332.0,5.999000072479248,0,0,0,0.000000,0
636733,1788037338.0,6.0,0,0,0,0.000000,0
636734,1788037344.0,6.0,0,0,0,0.000000,0
636735,1788037350.0,6.0,0,0,0,0.000000,0
636736,1788037356.0,6.0,0,0,0,0.000000,0
636737,1788037362.0,6.0,0,0,0,0.000000,0
636738,1788037368.0,6.0,0,0,0,0.000000,0
636739,1788037374.0,6.0,0,0,0,0.000000,0
636740,1788037380.0,6.0,0,0,0,0.000000,0
636741,1788037386.0,6.0,0,0,0,0.000000,0
636742,1788037392.001,6.000999927520752,0,0,0,0.000000,0
636743,1788037398.001,6.0,0,0,0,0.000000,0
636744,1788037404.0,5.999000072479248,0,0,0,0.000000,0
636745,1788037410.0,6.0,0,0,0,0.000000,0
636746,1788037416.0,6.0,0,0,0,0.000000,0
636747,1788037422.001,6.000999927520752,0,0,0,0.000000,0
636748,1788037428.0,5.999000072479248,0,0,0,0.000000,0
636749,1788037434.001,6.000999927520752,0,0,0,0.000000,0
636750,1788037440.0,5.999000072479248,0,0,0,0.000000,0
636751,1788037446.001,6.000999927520752,0,0,0,0.000000,0
636752,1788037452.0,5.999000072479248,0,0,0,0.000000,0
636753,1788037458.0,6.0,0,0,0,0.000000,0
636754,1788037464.0,6.0,0,0,0,0.000000,0
636755,1788037470.001,6.000999927520752,0,0,0,0.000000,0
636756,1788037476.0,5.999000072479248,0,0,0,0.000000,0
636757,1788037482.0,6.0,0,0,0,0.000000,0
636758,1788037488.0,6.0,0,0,0,0.000000,0
636759,1788037494.001,6.000999927520752,0,0,0,0.000000,0
636760,1788037500.0,5.999000072479248,0,0,0,0.000000,0
636761,1788037506.0,6.0,0,0,0,0.000000,0
636762,1788037512.0,6.0,0,0,0,0.000000,0
636763,1788037518.0,6.0,0,0,0,0.000000,0
636764,1788037524.0,6.0,0,0,0,0.000000,0
636765,1788037530.0,6.0,0,0,0,0.000000,0
636766,1788037536.0,6.0,0,0,0,0.000000,0
636767,1788037542.0,6.0,0,0,0,0.000000,0
636768,1788037548.0,6.0,0,0,0,0.000000,0
636769,1788037554.0,6.0,0,0,0,0.000000,0
636770,1788037560.0,6.0,0,0,0,0.000000,0
636771,1788037566.0,6.0,0,0,0,0.000000,0
636772,1788037572.0,6.0,0,0,0,0.000000,0
636773,1788037578.001,6.000999927520752,1,1,6608,0.006608,1
636774,1788037584.0,5.999000072479248,0,0,0,0.000000,0
636775,1788037590.0,6.0,0,0,0,0.000000,0
636776,1788037596.0,6.0,1,1,6571,0.006571,1
636777,1788037602.0,6.0,0,0,0,0.000000,0
636778,1788037608.0,6.0,0,0,0,0.000000,0
636779,1788037614.0,6.0,0,0,0,0.000000,0
636780,1788037620.001,6.000999927520752,0,0,0,0.000000,0
636781,1788037626.001,6.0,0,0,0,0.000000,0
636782,1788037632.0,5.999000072479248,0,0,0,0.000000,0
636783,1788037638.0,6.0,0,0,0,0.000000,0
636784,1788037644.0,6.0,0,0,0,0.000000,0
636785,1788037650.0,6.0,0,0,0,0.000000,0
636786,1788037656.001,6.000999927520752,0,0,0,0.000000,0
636787,1788037662.001,6.0,0,0,0,0.000000,0
636788,1788037668.0,5.999000072479248,0,0,0,0.000000,0
636789,1788037674.0,6.0,0,0,0,0.000000,0
636790,1788037680.001,6.000999927520752,0,0,0,0.000000,0
636791,1788037686.0,5.999000072479248,0,0,0,0.000000,0
636792,1788037692.0,6.0,0,0,0,0.000000,0
636793,1788037698.001,6.000999927520752,0,0,0,0.000000,0
636794,1788037704.001,6.0,0,0,0,0.000000,0
636795,1788037710.0,5.999000072479248,0,0,0,0.000000,0
636796,1788037716.0,6.0,0,0,0,0.000000,0
636797,1788037722.0,6.0,0,0,0,0.000000,0
636798,1788037728.0,6.0,0,0,0,0.000000,0
636799,1788037734.001,6.000999927520752,0,0,0,0.000000,0
636800,1788037740.0,5.999000072479248,0,0,0,0.000000,0
636801,1788037746.0,6.0,0,0,0,0.000000,0
636802,1788037752.0,6.0,0,0,0,0.000000,0
636803,1788037758.001,6.000999927520752,0,0,0,0.000000,0
636804,1788037764.0,5.999000072479248,0,0,0,0.000000,0
636805,1788037770.0,6.0,0,0,0,0.000000,0
636806,1788037776.0,6.0,0,0,0,0.000000,0
636807,1788037782.0,6.0,0,0,0,0.000000,0
636808,1788037788.0,6.0,0,0,0,0.000000,0
636809,1788037794.0,6.0,0,0,0,0.000000,0
636810,1788037800.0,6.0,0,0,0,0.000000,0
636811,1788037806.0,6.0,0,0,0,0.000000,0
636812,1788037812.0,6.0,0,0,0,0.000000,0
636813,1788037818.0,6.0,0,0,0,0.000000,0
636814,1788037824.001,6.000999927520752,0,0,0,0.000000,0
636815,1788037830.001,6.0,0,0,0,0.000000,0
636816,1788037836.0,5.999000072479248,0,0,0,0.000000,0
636817,1788037842.0,6.0,0,0,0,0.000000,0
636818,1788037848.0,6.0,0,0,0,0.000000,0
636819,1788037854.0,6.0,0,0,0,0.000000,0
636820,1788037860.0,6.0,0,0,0,0.000000,0
636821,1788037866.0,6.0,0,0,0,0.000000,0
636822,1788037872.001,6.000999927520752,0,0,0,0.000000,0
636823,1788037878.0,5.999000072479248,0,0,0,0.000000,0
636824,1788037884.0,6.0,0,0,0,0.000000,0
636825,1788037890.0,6.0,0,0,0,0.000000,0
636826,1788037896.0,6.0,0,0,0,0.000000,0
636827,1788037902.0,6.0,0,0,0,0.000000,0
636828,1788037908.0,6.0,0,0,0,0.000000,0
636829,1788037914.0,6.0,0,0,0,0.000000,0
636830,1788037920.0,6.0,0,0,0,0.000000,0
636831,1788037926.0,6.0,0,0,0,0.000000,0
636832,1788037932.001,6.000999927520752,0,0,0,0.000000,0
636833,1788037938.0,5.999000072479248,0,0,0,0.000000,0
636834,1788037944.0,6.0,0,0,0,0.000000,0
636835,1788037950.0,6.0,0,0,0,0.000000,0
636836,1788037956.0,6.0,0,0,0,0.000000,0
636837,1788037962.001,6.000999927520752,0,0,0,0.000000,0
636838,1788037968.0,5.999000072479248,1,1,3820,0.003820,1
636839,1788037974.0,6.0,0,0,0,0.000000,0
636840,1788037980.0,6.0,0,0,0,0.000000,0
636841,1788037986.0,6.0,0,0,0,0.000000,0
636842,1788037992.001,6.000999927520752,0,0,0,0.000000,0
636843,1788037998.0,5.999000072479248,0,0,0,0.000000,0
636844,1788038004.0,6.0,0,0,0,0.000000,0
636845,1788038010.0,6.0,1,1,3819,0.003819,1
636846,1788038016.0,6.0,0,0,0,0.000000,0
636847,1788038022.0,6.0,0,0,0,0.000000,0
636848,1788038028.0,6.0,0,0,0,0.000000,0
636849,1788038034.001,6.000999927520752,0,0,0,0.000000,0
636850,1788038040.0,5.999000072479248,0,0,0,0.000000,0
636851,1788038046.0,6.0,0,0,0,0.000000,0
636852,1788038052.0,6.0,0,0,0,0.000000,0
636853,1788038058.0,6.0,0,0,0,0.000000,0
636854,1788038064.0,6.0,0,0,0,0.000000,0
636855,1788038070.0,6.0,0,0,0,0.000000,0
636856,1788038076.0,6.0,0,0,0,0.000000,0
636857,1788038082.0,6.0,0,0,0,0.000000,0
636858,1788038088.001,6.000999927520752,0,0,0,0.000000,0
636859,1788038094.0,5.999000072479248,0,0,0,0.000000,0
636860,1788038100.0,6.0,0,0,0,0.000000,0
636861,1788038106.0,6.0,0,0,0,0.000000,0
636862,1788038112.0,6.0,0,0,0,0.000000,0
636863,1788038118.0,6.0,0,0,0,0.000000,0
636864,1788038124.001,6.000999927520752,0,0,0,0.000000,0
636865,1788038130.0,5.999000072479248,0,0,0,0.000000,0
636866,1788038136.0,6.0,0,0,0,0.000000,0
636867,1788038142.0,6.0,0,0,0,0.000000,0
636868,1788038148.0,6.0,0,0,0,0.000000,0
636869,1788038154.0,6.0,0,0,0,0.000000,0
636870,1788038160.001,6.000999927520752,0,0,0,0.000000,0
636871,1788038166.0,5.999000072479248,0,0,0,0.000000,0
636872,1788038172.0,6.0,0,0,0,0.000000,0
636873,1788038178.0,6.0,0,0,0,0.000000,0
636874,1788038184.001,6.000999927520752,0,0,0,0.000000,0
636875,1788038190.0,5.999000072479248,0,0,0,0.000000,0
636876,1788038196.0,6.0,0,0,0,0.000000,0
636877,1788038202.0,6.0,0,0,0,0.000000,0
636878,1788038208.0,6.0,0,0,0,0.000000,0
636879,1788038214.0,6.0,0,0,0,0.000000,0
636880,1788038220.001,6.000999927520752,0,0,0,0.000000,0
636881,1788038226.001,6.0,0,0,0,0.000000,0
636882,1788038232.0,5.999000072479248,0,0,0,0.000000,0
636883,1788038238.0,6.0,0,0,0,0.000000,0
636884,1788038244.0,6.0,0,0,0,0.000000,0
636885,1788038250.0,6.0,0,0,0,0.000000,0
636886,1788038256.001,6.000999927520752,0,0,0,0.000000,0
636887,1788038262.001,6.0,0,0,0,0.000000,0
636888,1788038268.0,5.999000072479248,0,0,0,0.000000,0
636889,1788038274.0,6.0,0,0,0,0.000000,0
636890,1788038280.0,6.0,0,0,0,0.000000,0
636891,1788038286.0,6.0,0,0,0,0.000000,0
636892,1788038292.0,6.0,0,0,0,0.000000,0
636893,1788038298.0,6.0,0,0,0,0.000000,0
636894,1788038304.0,6.0,0,0,0,0.000000,0
636895,1788038310.0,6.0,0,0,0,0.000000,0
636896,1788038316.0,6.0,0,0,0,0.000000,0
636897,1788038322.0,6.0,0,0,0,0.000000,0
636898,1788038328.0,6.0,0,0,0,0.000000,0
636899,1788038334.0,6.0,0,0,0,0.000000,0
636900,1788038340.0,6.0,0,0,0,0.000000,0
636901,1788038346.0,6.0,0,0,0,0.000000,0
636902,1788038352.0,6.0,0,0,0,0.000000,0
636903,1788038358.0,6.0,0,0,0,0.000000,0
636904,1788038364.001,6.000999927520752,0,0,0,0.000000,0
636905,1788038370.0,5.999000072479248,0,0,0,0.000000,0
636906,1788038376.0,6.0,0,0,0,0.000000,0
636907,1788038382.0,6.0,0,0,0,0.000000,0
636908,1788038388.0,6.0,0,0,0,0.000000,0
636909,1788038394.0,6.0,0,0,0,0.000000,0
636910,1788038400.0,6.0,0,0,0,0.000000,0
636911,1788038406.0,6.0,0,0,0,0.000000,0
636912,1788038412.0,6.0,0,0,0,0.000000,0
636913,1788038418.0,6.0,0,0,0,0.000000,0
636914,1788038424.0,6.0,0,0,0,0.000000,0
636915,1788038430.0,6.0,0,0,0,0.000000,0
636916,1788038436.0,6.0,0,0,0,0.000000,0
636917,1788038442.0,6.0,0,0,0,0.000000,0
636918,1788038448.001,6.000999927520752,0,0,0,0.000000,0
636919,1788038454.0,5.999000072479248,0,0,0,0.000000,0
636920,1788038460.0,6.0,0,0,0,0.000000,0
636921,1788038466.0,6.0,0,0,0,0.000000,0
636922,1788038472.0,6.0,0,0,0,0.000000,0
636923,1788038478.0,6.0,0,0,0,0.000000,0
636924,1788038484.001,6.000999927520752,0,0,0,0.000000,0
636925,1788038490.0,5.999000072479248,0,0,0,0.000000,0
636926,1788038496.0,6.0,0,0,0,0.000000,0
636927,1788038502.001,6.000999927520752,0,0,0,0.000000,0
636928,1788038508.0,5.999000072479248,0,0,0,0.000000,0
636929,1788038514.0,6.0,0,0,0,0.000000,0
636930,1788038520.0,6.0,0,0,0,0.000000,0
636931,1788038526.0,6.0,0,0,0,0.000000,0
636932,1788038532.001,6.000999927520752,0,0,0,0.000000,0
636933,1788038538.0,5.999000072479248,0,0,0,0.000000,0
636934,1788038544.001,6.000999927520752,0,0,0,0.000000,0
636935,1788038550.0,5.999000072479248,0,0,0,0.000000,0
636936,1788038556.0,6.0,0,0,0,0.000000,0
636937,1788038562.0,6.0,0,0,0,0.000000,0
636938,1788038568.0,6.0,0,0,0,0.000000,0
636939,1788038574.0,6.0,0,0,0,0.000000,0
636940,1788038580.001,6.000999927520752,0,0,0,0.000000,0
636941,1788038586.0,5.999000072479248,0,0,0,0.000000,0
636942,1788038592.0,6.0,0,0,0,0.000000,0
636943,1788038598.0,6.0,0,0,0,0.000000,0
636944,1788038604.0,6.0,0,0,0,0.000000,0
636945,1788038610.0,6.0,0,0,0,0.000000,0
636946,1788038616.0,6.0,0,0,0,0.000000,0
636947,1788038622.0,6.0,0,0,0,0.000000,0
636948,1788038628.0,6.0,0,0,0,0.000000,0
636949,1788038634.0,6.0,0,0,0,0.000000,0
636950,1788038640.0,6.0,0,0,0,0.000000,0
636951,1788038646.0,6.0,0,0,0,0.000000,0
636952,1788038652.0,6.0,0,0,0,0.000000,0
636953,1788038658.0,6.0,0,0,0,0.000000,0
636954,1788038664.0,6.0,0,0,0,0.000000,0
636955,1788038670.0,6.0,0,0,0,0.000000,0
636956,1788038676.0,6.0,1,1,3820,0.003820,1
636957,1788038682.0,6.0,0,0,0,0.000000,0
636958,1788038688.0,6.0,0,0,0,0.000000,0
636959,1788038694.0,6.0,0,0,0,0.000000,0
636960,1788038700.0,6.0,0,0,0,0.000000,0
636961,1788038706.0,6.0,0,0,0,0.000000,0
636962,1788038712.0,6.0,0,0,0,0.000000,0
636963,1788038718.0,6.0,0,0,0,0.000000,0
636964,1788038724.0,6.0,0,0,0,0.000000,0
636965,1788038730.0,6.0,0,0,0,0.000000,0
636966,1788038736.0,6.0,0,0,0,0.000000,0
636967,1788038742.0,6.0,0,0,0,0.000000,0
636968,1788038748.0,6.0,0,0,0,0.000000,0
636969,1788038754.001,6.000999927520752,0,0,0,0.000000,0
636970,1788038760.0,5.999000072479248,0,0,0,0.000000,0
636971,1788038766.001,6.000999927520752,0,0,0,0.000000,0
636972,1788038772.0,5.999000072479248,0,0,0,0.000000,0
636973,1788038778.0,6.0,0,0,0,0.000000,0
636974,1788038784.0,6.0,0,0,0,0.000000,0
636975,1788038790.0,6.0,0,0,0,0.000000,0
636976,1788038796.001,6.000999927520752,0,0,0,0.000000,0
636977,1788038802.001,6.0,0,0,0,0.000000,0
636978,1788038808.0,5.999000072479248,0,0,0,0.000000,0
636979,1788038814.0,6.0,0,0,0,0.000000,0
636980,1788038820.0,6.0,0,0,0,0.000000,0
636981,1788038826.0,6.0,0,0,0,0.000000,0
636982,1788038832.0,6.0,0,0,0,0.000000,0
636983,1788038838.0,6.0,0,0,0,0.000000,0
636984,1788038844.0,6.0,0,0,0,0.000000,0
636985,1788038850.0,6.0,0,0,0,0.000000,0
636986,1788038856.0,6.0,0,0,0,0.000000,0
636987,1788038862.0,6.0,0,0,0,0.000000,0
636988,1788038868.0,6.0,0,0,0,0.000000,0
636989,1788038874.0,6.0,0,0,0,0.000000,0
636990,1788038880.001,6.000999927520752,0,0,0,0.000000,0
636991,1788038886.0,5.999000072479248,0,0,0,0.000000,0
636992,1788038892.0,6.0,0,0,0,0.000000,0
636993,1788038898.0,6.0,0,0,0,0.000000,0
636994,1788038904.0,6.0,0,0,0,0.000000,0
636995,1788038910.0,6.0,0,0,0,0.000000,0
636996,1788038916.001,6.000999927520752,0,0,0,0.000000,0
636997,1788038922.0,5.999000072479248,0,0,0,0.000000,0
636998,1788038928.0,6.0,0,0,0,0.000000,0
636999,1788038934.0,6.0,0,0,0,0.000000,0
637000,1788038940.0,6.0,0,0,0,0.000000,0
637001,1788038946.0,6.0,0,0,0,0.000000,0
637002,1788038952.0,6.0,0,0,0,0.000000,0
637003,1788038958.0,6.0,0,0,0,0.000000,0
637004,1788038964.0,6.0,0,0,0,0.000000,0
637005,1788038970.0,6.0,0,0,0,0.000000,0
637006,1788038976.0,6.0,0,0,0,0.000000,0
637007,1788038982.0,6.0,0,0,0,0.000000,0
637008,1788038988.0,6.0,0,0,0,0.000000,0
637009,1788038994.0,6.0,0,0,0,0.000000,0
637010,1788039000.0,6.0,0,0,0,0.000000,0
637011,1788039006.001,6.000999927520752,0,0,0,0.000000,0
637012,1788039012.0,5.999000072479248,0,0,0,0.000000,0
637013,1788039018.0,6.0,0,0,0,0.000000,0
637014,1788039024.001,6.000999927520752,0,0,0,0.000000,0
637015,1788039030.0,5.999000072479248,0,0,0,0.000000,0
637016,1788039036.0,6.0,0,0,0,0.000000,0
637017,1788039042.0,6.0,0,0,0,0.000000,0
637018,1788039048.0,6.0,0,0,0,0.000000,0
637019,1788039054.0,6.0,0,0,0,0.000000,0
637020,1788039060.0,6.0,0,0,0,0.000000,0
637021,1788039066.0,6.0,0,0,0,0.000000,0
637022,1788039072.0,6.0,0,0,0,0.000000,0
637023,1788039078.0,6.0,0,0,0,0.000000,0
637024,1788039084.0,6.0,0,0,0,0.000000,0
637025,1788039090.0,6.0,1,1,4046,0.004046,1
637026,1788039096.001,6.000999927520752,0,0,0,0.000000,0
637027,1788039102.001,6.0,0,0,0,0.000000,0
637028,1788039108.0,5.999000072479248,1,1,709,0.000709,1
637029,1788039114.0,6.0,0,0,0,0.000000,0
637030,1788039120.0,6.0,0,0,0,0.000000,0
637031,1788039126.0,6.0,0,0,0,0.000000,0
637032,1788039132.0,6.0,0,0,0,0.000000,0
637033,1788039138.0,6.0,0,0,0,0.000000,0
637034,1788039144.001,6.000999927520752,0,0,0,0.000000,0
637035,1788039150.0,5.999000072479248,0,0,0,0.000000,0
637036,1788039156.0,6.0,0,0,0,0.000000,0
637037,1788039162.001,6.000999927520752,0,0,0,0.000000,0
637038,1788039168.0,5.999000072479248,0,0,0,0.000000,0
637039,1788039174.0,6.0,0,0,0,0.000000,0
637040,1788039180.0,6.0,0,0,0,0.000000,0
637041,1788039186.0,6.0,0,0,0,0.000000,0
637042,1788039192.0,6.0,0,0,0,0.000000,0
637043,1788039198.0,6.0,0,0,0,0.000000,0
637044,1788039204.0,6.0,0,0,0,0.000000,0
637045,1788039210.0,6.0,0,0,0,0.000000,0
637046,1788039216.0,6.0,0,0,0,0.000000,0
637047,1788039222.0,6.0,0,0,0,0.000000,0
637048,1788039228.0,6.0,0,0,0,0.000000,0
637049,1788039234.0,6.0,0,0,0,0.000000,0
637050,1788039240.0,6.0,0,0,0,0.000000,0
637051,1788039246.0,6.0,0,0,0,0.000000,0
637052,1788039252.0,6.0,0,0,0,0.000000,0
637053,1788039258.0,6.0,0,0,0,0.000000,0
637054,1788039264.0,6.0,0,0,0,0.000000,0
637055,1788039270.0,6.0,0,0,0,0.000000,0
637056,1788039276.0,6.0,0,0,0,0.000000,0
637057,1788039282.0,6.0,0,0,0,0.000000,0
637058,1788039288.0,6.0,0,0,0,0.000000,0
637059,1788039294.0,6.0,0,0,0,0.000000,0
637060,1788039300.001,6.000999927520752,0,0,0,0.000000,0
637061,1788039306.0,5.999000072479248,0,0,0,0.000000,0
637062,1788039312.0,6.0,0,0,0,0.000000,0
637063,1788039318.001,6.000999927520752,0,0,0,0.000000,0
637064,1788039324.0,5.999000072479248,0,0,0,0.000000,0
637065,1788039330.0,6.0,0,0,0,0.000000,0
637066,1788039336.001,6.000999927520752,0,0,0,0.000000,0
637067,1788039342.0,5.999000072479248,0,0,0,0.000000,0
637068,1788039348.0,6.0,0,0,0,0.000000,0
637069,1788039354.0,6.0,0,0,0,0.000000,0
637070,1788039360.0,6.0,0,0,0,0.000000,0
637071,1788039366.0,6.0,0,0,0,0.000000,0
637072,1788039372.0,6.0,0,0,0,0.000000,0
637073,1788039378.0,6.0,0,0,0,0.000000,0
637074,1788039384.0,6.0,0,0,0,0.000000,0
637075,1788039390.0,6.0,0,0,0,0.000000,0
637076,1788039396.0,6.0,0,0,0,0.000000,0
637077,1788039402.0,6.0,0,0,0,0.000000,0
637078,1788039408.0,6.0,0,0,0,0.000000,0
637079,1788039414.0,6.0,0,0,0,0.000000,0
637080,1788039420.0,6.0,1,1,708,0.000708,1
637081,1788039426.0,6.0,0,0,0,0.000000,0
637082,1788039432.001,6.000999927520752,0,0,0,0.000000,0
637083,1788039438.0,5.999000072479248,0,0,0,0.000000,0
637084,1788039444.0,6.0,0,0,0,0.000000,0
637085,1788039450.0,6.0,0,0,0,0.000000,0
637086,1788039456.0,6.0,0,0,0,0.000000,0
637087,1788039462.0,6.0,0,0,0,0.000000,0
637088,1788039468.0,6.0,0,0,0,0.000000,0
637089,1788039474.0,6.0,0,0,0,0.000000,0
637090,1788039480.001,6.000999927520752,0,0,0,0.000000,0
637091,1788039486.0,5.999000072479248,0,0,0,0.000000,0
637092,1788039492.001,6.000999927520752,0,0,0,0.000000,0
637093,1788039498.0,5.999000072479248,0,0,0,0.000000,0
637094,1788039504.001,6.000999927520752,0,0,0,0.000000,0
637095,1788039510.0,5.999000072479248,0,0,0,0.000000,0
637096,1788039516.001,6.000999927520752,0,0,0,0.000000,0
637097,1788039522.0,5.999000072479248,0,0,0,0.000000,0
637098,1788039528.001,6.000999927520752,0,0,0,0.000000,0
637099,1788039534.0,5.999000072479248,0,0,0,0.000000,0
637100,1788039540.0,6.0,0,0,0,0.000000,0
637101,1788039546.0,6.0,0,0,0,0.000000,0
637102,1788039552.001,6.000999927520752,0,0,0,0.000000,0
637103,1788039558.0,5.999000072479248,0,0,0,0.000000,0
637104,1788039564.0,6.0,0,0,0,0.000000,0
637105,1788039570.001,6.000999927520752,0,0,0,0.000000,0
637106,1788039576.0,5.999000072479248,0,0,0,0.000000,0
637107,1788039582.0,6.0,0,0,0,0.000000,0
637108,1788039588.0,6.0,0,0,0,0.000000,0
637109,1788039594.0,6.0,0,0,0,0.000000,0
637110,1788039600.0,6.0,0,0,0,0.000000,0
637111,1788039606.0,6.0,0,0,0,0.000000,0
637112,1788039612.001,6.000999927520752,0,0,0,0.000000,0
637113,1788039618.001,6.0,0,0,0,0.000000,0
637114,1788039624.0,5.999000072479248,0,0,0,0.000000,0
637115,1788039630.001,6.000999927520752,1,1,5924,0.005924,1
637116,1788039636.001,6.0,0,0,0,0.000000,0
637117,1788039642.0,5.999000072479248,0,0,0,0.000000,0
637118,1788039648.001,6.000999927520752,0,0,0,0.000000,0
637119,1788039654.001,6.0,0,0,0,0.000000,0
637120,1788039660.0,5.999000072479248,0,0,0,0.000000,0
637121,1788039666.0,6.0,0,0,0,0.000000,0
637122,1788039672.0,6.0,0,0,0,0.000000,0
637123,1788039678.0,6.0,0,0,0,0.000000,0
637124,1788039684.0,6.0,0,0,0,0.000000,0
637125,1788039690.0,6.0,0,0,0,0.000000,0
637126,1788039696.001,6.000999927520752,0,0,0,0.000000,0
637127,1788039702.0,5.999000072479248,0,0,0,0.000000,0
637128,1788039708.0,6.0,0,0,0,0.000000,0
637129,1788039714.0,6.0,0,0,0,0.000000,0
637130,1788039720.001,6.000999927520752,0,0,0,0.000000,0
637131,1788039726.0,5.999000072479248,0,0,0,0.000000,0
637132,1788039732.001,6.000999927520752,0,0,0,0.000000,0
637133,1788039738.0,5.999000072479248,0,0,0,0.000000,0
637134,1788039744.0,6.0,0,0,0,0.000000,0
637135,1788039750.0,6.0,0,0,0,0.000000,0
637136,1788039756.0,6.0,0,0,0,0.000000,0
637137,1788039762.0,6.0,0,0,0,0.000000,0
637138,1788039768.0,6.0,0,0,0,0.000000,0
637139,1788039774.0,6.0,0,0,0,0.000000,0
637140,1788039780.0,6.0,0,0,0,0.000000,0
637141,1788039786.0,6.0,0,0,0,0.000000,0
637142,1788039792.0,6.0,0,0,0,0.000000,0
637143,1788039798.0,6.0,0,0,0,0.000000,0
637144,1788039804.0,6.0,0,0,0,0.000000,0
637145,1788039810.0,6.0,0,0,0,0.000000,0
637146,1788039816.0,6.0,0,0,0,0.000000,0
637147,1788039822.0,6.0,0,0,0,0.000000,0
637148,1788039828.0,6.0,0,0,0,0.000000,0
637149,1788039834.0,6.0,0,0,0,0.000000,0
637150,1788039840.0,6.0,0,0,0,0.000000,0
637151,1788039846.0,6.0,0,0,0,0.000000,0
637152,1788039852.001,6.000999927520752,0,0,0,0.000000,0
637153,1788039858.0,5.999000072479248,0,0,0,0.000000,0
637154,1788039864.0,6.0,0,0,0,0.000000,0
637155,1788039870.0,6.0,0,0,0,0.000000,0
637156,1788039876.0,6.0,0,0,0,0.000000,0
637157,1788039882.0,6.0,0,0,0,0.000000,0
637158,1788039888.0,6.0,0,0,0,0.000000,0
637159,1788039894.0,6.0,0,0,0,0.000000,0
637160,1788039900.0,6.0,0,0,0,0.000000,0
637161,1788039906.001,6.000999927520752,0,0,0,0.000000,0
637162,1788039912.0,5.999000072479248,0,0,0,0.000000,0
637163,1788039918.001,6.000999927520752,0,0,0,0.000000,0
637164,1788039924.0,5.999000072479248,0,0,0,0.000000,0
637165,1788039930.0,6.0,0,0,0,0.000000,0
637166,1788039936.0,6.0,0,0,0,0.000000,0
637167,1788039942.0,6.0,0,0,0,0.000000,0
637168,1788039948.0,6.0,0,0,0,0.000000,0
637169,1788039954.001,6.000999927520752,0,0,0,0.000000,0
637170,1788039960.0,5.999000072479248,0,0,0,0.000000,0
637171,1788039966.0,6.0,0,0,0,0.000000,0
637172,1788039972.0,6.0,0,0,0,0.000000,0
637173,1788039978.0,6.0,0,0,0,0.000000,0
637174,1788039984.0,6.0,0,0,0,0.000000,0
637175,1788039990.0,6.0,0,0,0,0.000000,0
637176,1788039996.0,6.0,0,0,0,0.000000,0
637177,1788040002.0,6.0,0,0,0,0.000000,0
637178,1788040008.0,6.0,0,0,0,0.000000,0
637179,1788040014.0,6.0,0,0,0,0.000000,0
637180,1788040020.0,6.0,0,0,0,0.000000,0
637181,1788040026.0,6.0,0,0,0,0.000000,0
637182,1788040032.0,6.0,0,0,0,0.000000,0
637183,1788040038.0,6.0,0,0,0,0.000000,0
637184,1788040044.0,6.0,0,0,0,0.000000,0
637185,1788040050.0,6.0,0,0,0,0.000000,0
637186,1788040056.0,6.0,0,0,0,0.000000,0
637187,1788040062.0,6.0,0,0,0,0.000000,0
637188,1788040068.0,6.0,0,0,0,0.000000,0
637189,1788040074.0,6.0,0,0,0,0.000000,0
637190,1788040080.0,6.0,0,0,0,0.000000,0
637191,1788040086.0,6.0,0,0,0,0.000000,0
637192,1788040092.001,6.000999927520752,0,0,0,0.000000,0
637193,1788040098.0,5.999000072479248,0,0,0,0.000000,0
637194,1788040104.0,6.0,0,0,0,0.000000,0
637195,1788040110.0,6.0,0,0,0,0.000000,0
637196,1788040116.0,6.0,0,0,0,0.000000,0
637197,1788040122.001,6.000999927520752,0,0,0,0.000000,0
637198,1788040128.001,6.0,0,0,0,0.000000,0
637199,1788040134.0,5.999000072479248,0,0,0,0.000000,0
637200,1788040140.0,6.0,0,0,0,0.000000,0
637201,1788040146.0,6.0,0,0,0,0.000000,0
637202,1788040152.0,6.0,0,0,0,0.000000,0
637203,1788040158.0,6.0,0,0,0,0.000000,0
637204,1788040164.0,6.0,0,0,0,0.000000,0
637205,1788040170.0,6.0,0,0,0,0.000000,0
637206,1788040176.0,6.0,0,0,0,0.000000,0
637207,1788040182.0,6.0,0,0,0,0.000000,0
637208,1788040188.0,6.0,0,0,0,0.000000,0
637209,1788040194.0,6.0,0,0,0,0.000000,0
637210,1788040200.0,6.0,0,0,0,0.000000,0
637211,1788040206.0,6.0,0,0,0,0.000000,0
637212,1788040212.0,6.0,0,0,0,0.000000,0
637213,1788040218.0,6.0,0,0,0,0.000000,0
637214,1788040224.0,6.0,0,0,0,0.000000,0
637215,1788040230.0,6.0,0,0,0,0.000000,0
637216,1788040236.0,6.0,0,0,0,0.000000,0
637217,1788040242.0,6.0,0,0,0,0.000000,0
637218,1788040248.0,6.0,0,0,0,0.000000,0
637219,1788040254.0,6.0,0,0,0,0.000000,0
637220,1788040260.0,6.0,0,0,0,0.000000,0
637221,1788040266.0,6.0,0,0,0,0.000000,0
637222,1788040272.0,6.0,0,0,0,0.000000,0
637223,1788040278.0,6.0,0,0,0,0.000000,0
637224,1788040284.0,6.0,0,0,0,0.000000,0
637225,1788040290.0,6.0,0,0,0,0.000000,0
637226,1788040296.0,6.0,0,0,0,0.000000,0
637227,1788040302.001,6.000999927520752,0,0,0,0.000000,0
637228,1788040308.001,6.0,0,0,0,0.000000,0
637229,1788040314.0,5.999000072479248,0,0,0,0.000000,0
637230,1788040320.0,6.0,0,0,0,0.000000,0
637231,1788040326.001,6.000999927520752,0,0,0,0.000000,0
637232,1788040332.0,5.999000072479248,0,0,0,0.000000,0
637233,1788040338.0,6.0,0,0,0,0.000000,0
637234,1788040344.0,6.0,0,0,0,0.000000,0
637235,1788040350.0,6.0,0,0,0,0.000000,0
637236,1788040356.0,6.0,0,0,0,0.000000,0
637237,1788040362.001,6.000999927520752,0,0,0,0.000000,0
637238,1788040368.0,5.999000072479248,0,0,0,0.000000,0
637239,1788040374.0,6.0,0,0,0,0.000000,0
637240,1788040380.0,6.0,1,1,710,0.000710,1
637241,1788040386.0,6.0,0,0,0,0.000000,0
637242,1788040392.0,6.0,0,0,0,0.000000,0
637243,1788040398.0,6.0,0,0,0,0.000000,0
637244,1788040404.001,6.000999927520752,0,0,0,0.000000,0
637245,1788040410.0,5.999000072479248,0,0,0,0.000000,0
637246,1788040416.0,6.0,0,0,0,0.000000,0
637247,1788040422.0,6.0,0,0,0,0.000000,0
637248,1788040428.0,6.0,0,0,0,0.000000,0
637249,1788040434.001,6.000999927520752,0,0,0,0.000000,0
637250,1788040440.001,6.0,0,0,0,0.000000,0
637251,1788040446.0,5.999000072479248,0,0,0,0.000000,0
637252,1788040452.0,6.0,0,0,0,0.000000,0
637253,1788040458.0,6.0,0,0,0,0.000000,0
637254,1788040464.0,6.0,0,0,0,0.000000,0
637255,1788040470.0,6.0,0,0,0,0.000000,0
637256,1788040476.001,6.000999927520752,0,0,0,0.000000,0
637257,1788040482.0,5.999000072479248,0,0,0,0.000000,0
637258,1788040488.0,6.0,0,0,0,0.000000,0
637259,1788040494.0,6.0,0,0,0,0.000000,0
637260,1788040500.0,6.0,0,0,0,0.000000,0
637261,1788040506.0,6.0,0,0,0,0.000000,0
637262,1788040512.0,6.0,0,0,0,0.000000,0
637263,1788040518.0,6.0,0,0,0,0.000000,0
637264,1788040524.0,6.0,0,0,0,0.000000,0
637265,1788040530.001,6.000999927520752,0,0,0,0.000000,0
637266,1788040536.0,5.999000072479248,0,0,0,0.000000,0
637267,1788040542.0,6.0,0,0,0,0.000000,0
637268,1788040548.0,6.0,0,0,0,0.000000,0
637269,1788040554.0,6.0,0,0,0,0.000000,0
637270,1788040560.001,6.000999927520752,0,0,0,0.000000,0
637271,1788040566.0,5.999000072479248,0,0,0,0.000000,0
637272,1788040572.001,6.000999927520752,0,0,0,0.000000,0
637273,1788040578.0,5.999000072479248,0,0,0,0.000000,0
637274,1788040584.0,6.0,0,0,0,0.000000,0
637275,1788040590.001,6.000999927520752,0,0,0,0.000000,0
637276,1788040596.0,5.999000072479248,0,0,0,0.000000,0
637277,1788040602.0,6.0,0,0,0,0.000000,0
637278,1788040608.001,6.000999927520752,0,0,0,0.000000,0
637279,1788040614.0,5.999000072479248,0,0,0,0.000000,0
637280,1788040620.0,6.0,0,0,0,0.000000,0
637281,1788040626.0,6.0,0,0,0,0.000000,0
637282,1788040632.0,6.0,0,0,0,0.000000,0
637283,1788040638.001,6.000999927520752,0,0,0,0.000000,0
637284,1788040644.0,5.999000072479248,0,0,0,0.000000,0
637285,1788040650.0,6.0,0,0,0,0.000000,0
637286,1788040656.0,6.0,0,0,0,0.000000,0
637287,1788040662.0,6.0,0,0,0,0.000000,0
637288,1788040668.0,6.0,0,0,0,0.000000,0
637289,1788040674.0,6.0,0,0,0,0.000000,0
637290,1788040680.001,6.000999927520752,0,0,0,0.000000,0
637291,1788040686.0,5.999000072479248,0,0,0,0.000000,0
637292,1788040692.001,6.000999927520752,0,0,0,0.000000,0
637293,1788040698.001,6.0,0,0,0,0.000000,0
637294,1788040704.0,5.999000072479248,0,0,0,0.000000,0
637295,1788040710.001,6.000999927520752,0,0,0,0.000000,0
637296,1788040716.001,6.0,0,0,0,0.000000,0
637297,1788040722.0,5.999000072479248,0,0,0,0.000000,0
637298,1788040728.0,6.0,0,0,0,0.000000,0
637299,1788040734.0,6.0,0,0,0,0.000000,0
637300,1788040740.0,6.0,0,0,0,0.000000,0
637301,1788040746.0,6.0,0,0,0,0.000000,0
637302,1788040752.001,6.000999927520752,0,0,0,0.000000,0
637303,1788040758.0,5.999000072479248,0,0,0,0.000000,0
637304,1788040764.0,6.0,0,0,0,0.000000,0
637305,1788040770.0,6.0,0,0,0,0.000000,0
637306,1788040776.0,6.0,0,0,0,0.000000,0
637307,1788040782.0,6.0,0,0,0,0.000000,0
637308,1788040788.001,6.000999927520752,0,0,0,0.000000,0
637309,1788040794.0,5.999000072479248,0,0,0,0.000000,0
637310,1788040800.0,6.0,0,0,0,0.000000,0
637311,1788040806.0,6.0,0,0,0,0.000000,0
637312,1788040812.0,6.0,0,0,0,0.000000,0
637313,1788040818.0,6.0,0,0,0,0.000000,0
637314,1788040824.001,6.000999927520752,0,0,0,0.000000,0
637315,1788040830.0,5.999000072479248,0,0,0,0.000000,0
637316,1788040836.0,6.0,0,0,0,0.000000,0
637317,1788040842.0,6.0,0,0,0,0.000000,0
637318,1788040848.0,6.0,0,0,0,0.000000,0
637319,1788040854.0,6.0,0,0,0,0.000000,0
637320,1788040860.0,6.0,0,0,0,0.000000,0
637321,1788040866.0,6.0,0,0,0,0.000000,0
637322,1788040872.0,6.0,0,0,0,0.000000,0
637323,1788040878.0,6.0,0,0,0,0.000000,0
637324,1788040884.0,6.0,0,0,0,0.000000,0
637325,1788040890.001,6.000999927520752,0,0,0,0.000000,0
637326,1788040896.0,5.999000072479248,0,0,0,0.000000,0
637327,1788040902.0,6.0,0,0,0,0.000000,0
637328,1788040908.0,6.0,0,0,0,0.000000,0
637329,1788040914.0,6.0,0,0,0,0.000000,0
637330,1788040920.0,6.0,0,0,0,0.000000,0
637331,1788040926.001,6.000999927520752,0,0,0,0.000000,0
637332,1788040932.0,5.999000072479248,0,0,0,0.000000,0
637333,1788040938.001,6.000999927520752,0,0,0,0.000000,0
637334,1788040944.0,5.999000072479248,0,0,0,0.000000,0
637335,1788040950.0,6.0,0,0,0,0.000000,0
637336,1788040956.0,6.0,0,0,0,0.000000,0
637337,1788040962.0,6.0,0,0,0,0.000000,0
637338,1788040968.0,6.0,0,0,0,0.000000,0
637339,1788040974.0,6.0,0,0,0,0.000000,0
637340,1788040980.0,6.0,0,0,0,0.000000,0
637341,1788040986.0,6.0,0,0,0,0.000000,0
637342,1788040992.0,6.0,0,0,0,0.000000,0
637343,1788040998.0,6.0,0,0,0,0.000000,0
637344,1788041004.0,6.0,0,0,0,0.000000,0
637345,1788041010.0,6.0,0,0,0,0.000000,0
637346,1788041016.0,6.0,0,0,0,0.000000,0
637347,1788041022.0,6.0,0,0,0,0.000000,0
637348,1788041028.001,6.000999927520752,0,0,0,0.000000,0
637349,1788041034.0,5.999000072479248,0,0,0,0.000000,0
637350,1788041040.001,6.000999927520752,0,0,0,0.000000,0
637351,1788041046.0,5.999000072479248,0,0,0,0.000000,0
637352,1788041052.0,6.0,0,0,0,0.000000,0
637353,1788041058.0,6.0,0,0,0,0.000000,0
637354,1788041064.0,6.0,0,0,0,0.000000,0
637355,1788041070.0,6.0,0,0,0,0.000000,0
637356,1788041076.0,6.0,0,0,0,0.000000,0
637357,1788041082.0,6.0,0,0,0,0.000000,0
637358,1788041088.0,6.0,0,0,0,0.000000,0
637359,1788041094.0,6.0,0,0,0,0.000000,0
637360,1788041100.0,6.0,0,0,0,0.000000,0
637361,1788041106.001,6.000999927520752,0,0,0,0.000000,0
637362,1788041112.0,5.999000072479248,0,0,0,0.000000,0
637363,1788041118.0,6.0,0,0,0,0.000000,0
637364,1788041124.0,6.0,0,0,0,0.000000,0
637365,1788041130.0,6.0,0,0,0,0.000000,0
637366,1788041136.0,6.0,0,0,0,0.000000,0
637367,1788041142.0,6.0,0,0,0,0.000000,0
637368,1788041148.0,6.0,0,0,0,0.000000,0
637369,1788041154.0,6.0,0,0,0,0.000000,0
637370,1788041160.0,6.0,0,0,0,0.000000,0
637371,1788041166.0,6.0,0,0,0,0.000000,0
637372,1788041172.0,6.0,0,0,0,0.000000,0
637373,1788041178.0,6.0,0,0,0,0.000000,0
637374,1788041184.0,6.0,0,0,0,0.000000,0
637375,1788041190.001,6.000999927520752,0,0,0,0.000000,0
637376,1788041196.0,5.999000072479248,0,0,0,0.000000,0
637377,1788041202.0,6.0,0,0,0,0.000000,0
637378,1788041208.0,6.0,0,0,0,0.000000,0
637379,1788041214.0,6.0,0,0,0,0.000000,0
637380,1788041220.0,6.0,0,0,0,0.000000,0
637381,1788041226.0,6.0,0,0,0,0.000000,0
637382,1788041232.001,6.000999927520752,0,0,0,0.000000,0
637383,1788041238.0,5.999000072479248,0,0,0,0.000000,0
637384,1788041244.0,6.0,0,0,0,0.000000,0
637385,1788041250.001,6.000999927520752,0,0,0,0.000000,0
637386,1788041256.0,5.999000072479248,0,0,0,0.000000,0
637387,1788041262.0,6.0,0,0,0,0.000000,0
637388,1788041268.0,6.0,0,0,0,0.000000,0
637389,1788041274.0,6.0,0,0,0,0.000000,0
637390,1788041280.0,6.0,0,0,0,0.000000,0
637391,1788041286.0,6.0,0,0,0,0.000000,0
637392,1788041292.001,6.000999927520752,0,0,0,0.000000,0
637393,1788041298.0,5.999000072479248,0,0,0,0.000000,0
637394,1788041304.0,6.0,0,0,0,0.000000,0
637395,1788041310.001,6.000999927520752,0,0,0,0.000000,0
637396,1788041316.0,5.999000072479248,0,0,0,0.000000,0
637397,1788041322.0,6.0,0,0,0,0.000000,0
637398,1788041328.001,6.000999927520752,0,0,0,0.000000,0
637399,1788041334.0,5.999000072479248,0,0,0,0.000000,0
637400,1788041340.0,6.0,0,0,0,0.000000,0
637401,1788041346.0,6.0,0,0,0,0.000000,0
637402,1788041352.0,6.0,0,0,0,0.000000,0
637403,1788041358.0,6.0,0,0,0,0.000000,0
637404,1788041364.001,6.000999927520752,0,0,0,0.000000,0
637405,1788041370.0,5.999000072479248,0,0,0,0.000000,0
637406,1788041376.0,6.0,0,0,0,0.000000,0
637407,1788041382.001,6.000999927520752,0,0,0,0.000000,0
637408,1788041388.0,5.999000072479248,0,0,0,0.000000,0
637409,1788041394.0,6.0,0,0,0,0.000000,0
637410,1788041400.0,6.0,0,0,0,0.000000,0
637411,1788041406.0,6.0,1,1,4045,0.004045,1
637412,1788041412.0,6.0,0,0,0,0.000000,0
637413,1788041418.0,6.0,0,0,0,0.000000,0
637414,1788041424.0,6.0,0,0,0,0.000000,0
637415,1788041430.0,6.0,0,0,0,0.000000,0
637416,1788041436.0,6.0,0,0,0,0.000000,0
637417,1788041442.0,6.0,0,0,0,0.000000,0
637418,1788041448.0,6.0,0,0,0,0.000000,0
637419,1788041454.0,6.0,0,0,0,0.000000,0
637420,1788041460.0,6.0,0,0,0,0.000000,0
637421,1788041466.0,6.0,0,0,0,0.000000,0
637422,1788041472.0,6.0,0,0,0,0.000000,0
637423,1788041478.001,6.000999927520752,0,0,0,0.000000,0
637424,1788041484.0,5.999000072479248,0,0,0,0.000000,0
637425,1788041490.0,6.0,0,0,0,0.000000,0
637426,1788041496.0,6.0,0,0,0,0.000000,0
637427,1788041502.0,6.0,0,0,0,0.000000,0
637428,1788041508.0,6.0,0,0,0,0.000000,0
637429,1788041514.0,6.0,0,0,0,0.000000,0
637430,1788041520.0,6.0,0,0,0,0.000000,0
637431,1788041526.0,6.0,0,0,0,0.000000,0
637432,1788041532.0,6.0,0,0,0,0.000000,0
637433,1788041538.001,6.000999927520752,0,0,0,0.000000,0
637434,1788041544.0,5.999000072479248,0,0,0,0.000000,0
637435,1788041550.001,6.000999927520752,0,0,0,0.000000,0
637436,1788041556.0,5.999000072479248,0,0,0,0.000000,0
637437,1788041562.0,6.0,0,0,0,0.000000,0
637438,1788041568.0,6.0,0,0,0,0.000000,0
637439,1788041574.0,6.0,0,0,0,0.000000,0
637440,1788041580.0,6.0,0,0,0,0.000000,0
637441,1788041586.0,6.0,0,0,0,0.000000,0
637442,1788041592.0,6.0,0,0,0,0.000000,0
637443,1788041598.0,6.0,0,0,0,0.000000,0
637444,1788041604.001,6.000999927520752,0,0,0,0.000000,0
637445,1788041610.0,5.999000072479248,0,0,0,0.000000,0
637446,1788041616.0,6.0,0,0,0,0.000000,0
637447,1788041622.0,6.0,0,0,0,0.000000,0
637448,1788041628.0,6.0,0,0,0,0.000000,0
637449,1788041634.0,6.0,0,0,0,0.000000,0
637450,1788041640.0,6.0,0,0,0,0.000000,0
637451,1788041646.0,6.0,0,0,0,0.000000,0
637452,1788041652.0,6.0,0,0,0,0.000000,0
637453,1788041658.0,6.0,0,0,0,0.000000,0
637454,1788041664.0,6.0,0,0,0,0.000000,0
637455,1788041670.0,6.0,0,0,0,0.000000,0
637456,1788041676.0,6.0,0,0,0,0.000000,0
637457,1788041682.001,6.000999927520752,0,0,0,0.000000,0
637458,1788041688.0,5.999000072479248,0,0,0,0.000000,0
637459,1788041694.001,6.000999927520752,0,0,0,0.000000,0
637460,1788041700.0,5.999000072479248,0,0,0,0.000000,0
637461,1788041706.0,6.0,0,0,0,0.000000,0
637462,1788041712.0,6.0,0,0,0,0.000000,0
637463,1788041718.0,6.0,0,0,0,0.000000,0
637464,1788041724.0,6.0,0,0,0,0.000000,0
637465,1788041730.0,6.0,0,0,0,0.000000,0
637466,1788041736.0,6.0,0,0,0,0.000000,0
637467,1788041742.0,6.0,0,0,0,0.000000,0
637468,1788041748.0,6.0,0,0,0,0.000000,0
637469,1788041754.0,6.0,0,0,0,0.000000,0
637470,1788041760.0,6.0,0,0,0,0.000000,0
637471,1788041766.001,6.000999927520752,0,0,0,0.000000,0
637472,1788041772.0,5.999000072479248,0,0,0,0.000000,0
637473,1788041778.0,6.0,0,0,0,0.000000,0
637474,1788041784.001,6.000999927520752,0,0,0,0.000000,0
637475,1788041790.0,5.999000072479248,0,0,0,0.000000,0
637476,1788041796.0,6.0,0,0,0,0.000000,0
637477,1788041802.0,6.0,0,0,0,0.000000,0
637478,1788041808.001,6.000999927520752,0,0,0,0.000000,0
637479,1788041814.0,5.999000072479248,0,0,0,0.000000,0
637480,1788041820.0,6.0,0,0,0,0.000000,0
637481,1788041826.0,6.0,0,0,0,0.000000,0
637482,1788041832.0,6.0,0,0,0,0.000000,0
637483,1788041838.001,6.000999927520752,0,0,0,0.000000,0
637484,1788041844.0,5.999000072479248,0,0,0,0.000000,0
637485,1788041850.001,6.000999927520752,0,0,0,0.000000,0
637486,1788041856.0,5.999000072479248,0,0,0,0.000000,0
637487,1788041862.0,6.0,0,0,0,0.000000,0
637488,1788041868.001,6.000999927520752,0,0,0,0.000000,0
637489,1788041874.0,5.999000072479248,0,0,0,0.000000,0
637490,1788041880.0,6.0,0,0,0,0.000000,0
637491,1788041886.0,6.0,0,0,0,0.000000,0
637492,1788041892.0,6.0,0,0,0,0.000000,0
637493,1788041898.0,6.0,0,0,0,0.000000,0
637494,1788041904.001,6.000999927520752,0,0,0,0.000000,0
637495,1788041910.0,5.999000072479248,0,0,0,0.000000,0
637496,1788041916.0,6.0,0,0,0,0.000000,0
637497,1788041922.0,6.0,0,0,0,0.000000,0
637498,1788041928.0,6.0,0,0,0,0.000000,0
637499,1788041934.0,6.0,0,0,0,0.000000,0
637500,1788041940.0,6.0,0,0,0,0.000000,0
637501,1788041946.001,6.000999927520752,0,0,0,0.000000,0
637502,1788041952.0,5.999000072479248,0,0,0,0.000000,0
637503,1788041958.0,6.0,0,0,0,0.000000,0
637504,1788041964.001,6.000999927520752,0,0,0,0.000000,0
637505,1788041970.0,5.999000072479248,0,0,0,0.000000,0
637506,1788041976.0,6.0,0,0,0,0.000000,0
637507,1788041982.0,6.0,0,0,0,0.000000,0
637508,1788041988.0,6.0,0,0,0,0.000000,0
637509,1788041994.0,6.0,0,0,0,0.000000,0
637510,1788042000.0,6.0,0,0,0,0.000000,0
637511,1788042006.001,6.000999927520752,0,0,0,0.000000,0
637512,1788042012.0,5.999000072479248,0,0,0,0.000000,0
637513,1788042018.0,6.0,0,0,0,0.000000,0
637514,1788042024.0,6.0,0,0,0,0.000000,0
637515,1788042030.0,6.0,0,0,0,0.000000,0
637516,1788042036.001,6.000999927520752,0,0,0,0.000000,0
637517,1788042042.001,6.0,0,0,0,0.000000,0
637518,1788042048.0,5.999000072479248,0,0,0,0.000000,0
637519,1788042054.001,6.000999927520752,0,0,0,0.000000,0
637520,1788042060.0,5.999000072479248,0,0,0,0.000000,0
637521,1788042066.0,6.0,0,0,0,0.000000,0
637522,1788042072.0,6.0,0,0,0,0.000000,0
637523,1788042078.0,6.0,0,0,0,0.000000,0
637524,1788042084.0,6.0,0,0,0,0.000000,0
637525,1788042090.001,6.000999927520752,0,0,0,0.000000,0
637526,1788042096.0,5.999000072479248,0,0,0,0.000000,0
637527,1788042102.0,6.0,0,0,0,0.000000,0
637528,1788042108.0,6.0,0,0,0,0.000000,0
637529,1788042114.0,6.0,0,0,0,0.000000,0
637530,1788042120.0,6.0,0,0,0,0.000000,0
637531,1788042126.0,6.0,0,0,0,0.000000,0
637532,1788042132.0,6.0,0,0,0,0.000000,0
637533,1788042138.0,6.0,0,0,0,0.000000,0
637534,1788042144.0,6.0,0,0,0,0.000000,0
637535,1788042150.0,6.0,0,0,0,0.000000,0
637536,1788042156.0,6.0,0,0,0,0.000000,0
637537,1788042162.0,6.0,0,0,0,0.000000,0
637538,1788042168.0,6.0,0,0,0,0.000000,0
637539,1788042174.0,6.0,0,0,0,0.000000,0
637540,1788042180.0,6.0,0,0,0,0.000000,0
637541,1788042186.0,6.0,0,0,0,0.000000,0
637542,1788042192.0,6.0,0,0,0,0.000000,0
637543,1788042198.0,6.0,0,0,0,0.000000,0
637544,1788042204.001,6.000999927520752,0,0,0,0.000000,0
637545,1788042210.0,5.999000072479248,0,0,0,0.000000,0
637546,1788042216.0,6.0,0,0,0,0.000000,0
637547,1788042222.0,6.0,0,0,0,0.000000,0
637548,1788042228.0,6.0,1,1,3820,0.003820,1
637549,1788042234.0,6.0,0,0,0,0.000000,0
637550,1788042240.001,6.000999927520752,0,0,0,0.000000,0
637551,1788042246.0,5.999000072479248,0,0,0,0.000000,0
637552,1788042252.001,6.000999927520752,0,0,0,0.000000,0
637553,1788042258.0,5.999000072479248,0,0,0,0.000000,0
637554,1788042264.0,6.0,0,0,0,0.000000,0
637555,1788042270.0,6.0,0,0,0,0.000000,0
637556,1788042276.0,6.0,1,1,641,0.000641,1
637557,1788042282.0,6.0,0,0,0,0.000000,0
637558,1788042288.001,6.000999927520752,0,0,0,0.000000,0
637559,1788042294.0,5.999000072479248,0,0,0,0.000000,0
637560,1788042300.0,6.0,1,1,5924,0.005924,1
637561,1788042306.0,6.0,0,0,0,0.000000,0
637562,1788042312.0,6.0,0,0,0,0.000000,0
637563,1788042318.0,6.0,0,0,0,0.000000,0
637564,1788042324.0,6.0,0,0,0,0.000000,0
637565,1788042330.001,6.000999927520752,0,0,0,0.000000,0
637566,1788042336.0,5.999000072479248,0,0,0,0.000000,0
637567,1788042342.0,6.0,0,0,0,0.000000,0
637568,1788042348.0,6.0,0,0,0,0.000000,0
637569,1788042354.0,6.0,0,0,0,0.000000,0
637570,1788042360.0,6.0,0,0,0,0.000000,0
637571,1788042366.001,6.000999927520752,0,0,0,0.000000,0
637572,1788042372.0,5.999000072479248,0,0,0,0.000000,0
637573,1788042378.001,6.000999927520752,0,0,0,0.000000,0
637574,1788042384.001,6.0,0,0,0,0.000000,0
637575,1788042390.0,5.999000072479248,0,0,0,0.000000,0
637576,1788042396.0,6.0,0,0,0,0.000000,0
637577,1788042402.001,6.000999927520752,0,0,0,0.000000,0
637578,1788042408.0,5.999000072479248,0,0,0,0.000000,0
637579,1788042414.0,6.0,0,0,0,0.000000,0
637580,1788042420.0,6.0,0,0,0,0.000000,0
637581,1788042426.0,6.0,0,0,0,0.000000,0
637582,1788042432.0,6.0,0,0,0,0.000000,0
637583,1788042438.001,6.000999927520752,0,0,0,0.000000,0
637584,1788042444.0,5.999000072479248,0,0,0,0.000000,0
637585,1788042450.0,6.0,0,0,0,0.000000,0
637586,1788042456.0,6.0,0,0,0,0.000000,0
637587,1788042462.0,6.0,0,0,0,0.000000,0
637588,1788042468.0,6.0,0,0,0,0.000000,0
637589,1788042474.0,6.0,0,0,0,0.000000,0
637590,1788042480.0,6.0,0,0,0,0.000000,0
637591,1788042486.0,6.0,0,0,0,0.000000,0
637592,1788042492.0,6.0,0,0,0,0.000000,0
637593,1788042498.0,6.0,0,0,0,0.000000,0
637594,1788042504.0,6.0,0,0,0,0.000000,0
637595,1788042510.0,6.0,0,0,0,0.000000,0
637596,1788042516.0,6.0,0,0,0,0.000000,0
637597,1788042522.001,6.000999927520752,0,0,0,0.000000,0
637598,1788042528.0,5.999000072479248,0,0,0,0.000000,0
637599,1788042534.0,6.0,0,0,0,0.000000,0
637600,1788042540.0,6.0,0,0,0,0.000000,0
637601,1788042546.0,6.0,0,0,0,0.000000,0
637602,1788042552.0,6.0,0,0,0,0.000000,0
637603,1788042558.0,6.0,0,0,0,0.000000,0
637604,1788042564.001,6.000999927520752,0,0,0,0.000000,0
637605,1788042570.0,5.999000072479248,0,0,0,0.000000,0
637606,1788042576.001,6.000999927520752,0,0,0,0.000000,0
637607,1788042582.0,5.999000072479248,0,0,0,0.000000,0
637608,1788042588.0,6.0,0,0,0,0.000000,0
637609,1788042594.0,6.0,0,0,0,0.000000,0
637610,1788042600.0,6.0,0,0,0,0.000000,0
637611,1788042606.001,6.000999927520752,0,0,0,0.000000,0
637612,1788042612.001,6.0,0,0,0,0.000000,0
637613,1788042618.0,5.999000072479248,0,0,0,0.000000,0
637614,1788042624.0,6.0,0,0,0,0.000000,0
637615,1788042630.0,6.0,0,0,0,0.000000,0
637616,1788042636.0,6.0,0,0,0,0.000000,0
637617,1788042642.0,6.0,0,0,0,0.000000,0
637618,1788042648.0,6.0,0,0,0,0.000000,0
637619,1788042654.0,6.0,0,0,0,0.000000,0
637620,1788042660.0,6.0,0,0,0,0.000000,0
637621,1788042666.0,6.0,0,0,0,0.000000,0
637622,1788042672.0,6.0,0,0,0,0.000000,0
637623,1788042678.0,6.0,0,0,0,0.000000,0
637624,1788042684.001,6.000999927520752,0,0,0,0.000000,0
637625,1788042690.001,6.0,0,0,0,0.000000,0
637626,1788042696.0,5.999000072479248,0,0,0,0.000000,0
637627,1788042702.0,6.0,0,0,0,0.000000,0
637628,1788042708.0,6.0,0,0,0,0.000000,0
637629,1788042714.0,6.0,0,0,0,0.000000,0
637630,1788042720.0,6.0,0,0,0,0.000000,0
637631,1788042726.001,6.000999927520752,0,0,0,0.000000,0
637632,1788042732.0,5.999000072479248,0,0,0,0.000000,0
637633,1788042738.0,6.0,0,0,0,0.000000,0
637634,1788042744.0,6.0,0,0,0,0.000000,0
637635,1788042750.0,6.0,0,0,0,0.000000,0
637636,1788042756.0,6.0,0,0,0,0.000000,0
637637,1788042762.001,6.000999927520752,0,0,0,0.000000,0
637638,1788042768.0,5.999000072479248,0,0,0,0.000000,0
637639,1788042774.0,6.0,0,0,0,0.000000,0
637640,1788042780.0,6.0,0,0,0,0.000000,0
637641,1788042786.0,6.0,0,0,0,0.000000,0
637642,1788042792.0,6.0,0,0,0,0.000000,0
637643,1788042798.0,6.0,0,0,0,0.000000,0
637644,1788042804.0,6.0,0,0,0,0.000000,0
637645,1788042810.0,6.0,0,0,0,0.000000,0
637646,1788042816.0,6.0,0,0,0,0.000000,0
637647,1788042822.0,6.0,0,0,0,0.000000,0
637648,1788042828.001,6.000999927520752,0,0,0,0.000000,0
637649,1788042834.0,5.999000072479248,0,0,0,0.000000,0
637650,1788042840.0,6.0,0,0,0,0.000000,0
637651,1788042846.0,6.0,0,0,0,0.000000,0
637652,1788042852.0,6.0,0,0,0,0.000000,0
637653,1788042858.0,6.0,0,0,0,0.000000,0
637654,1788042864.0,6.0,0,0,0,0.000000,0
637655,1788042870.0,6.0,0,0,0,0.000000,0
637656,1788042876.0,6.0,0,0,0,0.000000,0
637657,1788042882.001,6.000999927520752,0,0,0,0.000000,0
637658,1788042888.0,5.999000072479248,0,0,0,0.000000,0
637659,1788042894.0,6.0,0,0,0,0.000000,0
637660,1788042900.0,6.0,0,0,0,0.000000,0
637661,1788042906.0,6.0,0,0,0,0.000000,0
637662,1788042912.0,6.0,0,0,0,0.000000,0
637663,1788042918.0,6.0,0,0,0,0.000000,0
637664,1788042924.0,6.0,0,0,0,0.000000,0
637665,1788042930.0,6.0,0,0,0,0.000000,0
637666,1788042936.0,6.0,0,0,0,0.000000,0
637667,1788042942.0,6.0,0,0,0,0.000000,0
637668,1788042948.0,6.0,0,0,0,0.000000,0
637669,1788042954.0,6.0,0,0,0,0.000000,0
637670,1788042960.0,6.0,0,0,0,0.000000,0
637671,1788042966.0,6.0,0,0,0,0.000000,0
637672,1788042972.001,6.000999927520752,0,0,0,0.000000,0
637673,1788042978.0,5.999000072479248,0,0,0,0.000000,0
637674,1788042984.0,6.0,0,0,0,0.000000,0
637675,1788042990.0,6.0,0,0,0,0.000000,0
637676,1788042996.0,6.0,0,0,0,0.000000,0
637677,1788043002.0,6.0,0,0,0,0.000000,0
637678,1788043008.001,6.000999927520752,0,0,0,0.000000,0
637679,1788043014.0,5.999000072479248,0,0,0,0.000000,0
637680,1788043020.001,6.000999927520752,0,0,0,0.000000,0
637681,1788043026.0,5.999000072479248,0,0,0,0.000000,0
637682,1788043032.0,6.0,0,0,0,0.000000,0
637683,1788043038.0,6.0,0,0,0,0.000000,0
637684,1788043044.0,6.0,0,0,0,0.000000,0
637685,1788043050.0,6.0,0,0,0,0.000000,0
637686,1788043056.001,6.000999927520752,0,0,0,0.000000,0
637687,1788043062.0,5.999000072479248,0,0,0,0.000000,0
637688,1788043068.0,6.0,0,0,0,0.000000,0
637689,1788043074.0,6.0,0,0,0,0.000000,0
637690,1788043080.0,6.0,0,0,0,0.000000,0
637691,1788043086.0,6.0,0,0,0,0.000000,0
637692,1788043092.0,6.0,0,0,0,0.000000,0
637693,1788043098.001,6.000999927520752,0,0,0,0.000000,0
637694,1788043104.0,5.999000072479248,0,0,0,0.000000,0
637695,1788043110.0,6.0,0,0,0,0.000000,0
637696,1788043116.0,6.0,0,0,0,0.000000,0
637697,1788043122.0,6.0,0,0,0,0.000000,0
637698,1788043128.0,6.0,0,0,0,0.000000,0
637699,1788043134.0,6.0,0,0,0,0.000000,0
637700,1788043140.0,6.0,0,0,0,0.000000,0
637701,1788043146.0,6.0,0,0,0,0.000000,0
637702,1788043152.0,6.0,0,0,0,0.000000,0
637703,1788043158.0,6.0,0,0,0,0.000000,0
637704,1788043164.0,6.0,0,0,0,0.000000,0
637705,1788043170.0,6.0,0,0,0,0.000000,0
637706,1788043176.0,6.0,0,0,0,0.000000,0
637707,1788043182.001,6.000999927520752,0,0,0,0.000000,0
637708,1788043188.0,5.999000072479248,0,0,0,0.000000,0
637709,1788043194.0,6.0,0,0,0,0.000000,0
637710,1788043200.0,6.0,0,0,0,0.000000,0
637711,1788043206.0,6.0,0,0,0,0.000000,0
637712,1788043212.0,6.0,0,0,0,0.000000,0
637713,1788043218.0,6.0,0,0,0,0.000000,0
637714,1788043224.0,6.0,0,0,0,0.000000,0
637715,1788043230.0,6.0,0,0,0,0.000000,0
637716,1788043236.0,6.0,0,0,0,0.000000,0
637717,1788043242.001,6.000999927520752,0,0,0,0.000000,0
637718,1788043248.0,5.999000072479248,0,0,0,0.000000,0
637719,1788043254.0,6.0,0,0,0,0.000000,0
637720,1788043260.0,6.0,0,0,0,0.000000,0
637721,1788043266.0,6.0,0,0,0,0.000000,0
637722,1788043272.0,6.0,0,0,0,0.000000,0
637723,1788043278.0,6.0,0,0,0,0.000000,0
637724,1788043284.0,6.0,0,0,0,0.000000,0
637725,1788043290.0,6.0,0,0,0,0.000000,0
637726,1788043296.0,6.0,0,0,0,0.000000,0
637727,1788043302.001,6.000999927520752,0,0,0,0.000000,0
637728,1788043308.0,5.999000072479248,0,0,0,0.000000,0
637729,1788043314.0,6.0,0,0,0,0.000000,0
637730,1788043320.0,6.0,0,0,0,0.000000,0
637731,1788043326.0,6.0,0,0,0,0.000000,0
637732,1788043332.0,6.0,0,0,0,0.000000,0
637733,1788043338.0,6.0,0,0,0,0.000000,0
637734,1788043344.0,6.0,0,0,0,0.000000,0
637735,1788043350.0,6.0,0,0,0,0.000000,0
637736,1788043356.0,6.0,0,0,0,0.000000,0
637737,1788043362.0,6.0,0,0,0,0.000000,0
637738,1788043368.0,6.0,0,0,0,0.000000,0
637739,1788043374.001,6.000999927520752,0,0,0,0.000000,0
637740,1788043380.001,6.0,0,0,0,0.000000,0
637741,1788043386.0,5.999000072479248,0,0,0,0.000000,0
637742,1788043392.0,6.0,0,0,0,0.000000,0
637743,1788043398.001,6.000999927520752,0,0,0,0.000000,0
637744,1788043404.0,5.999000072479248,0,0,0,0.000000,0
637745,1788043410.0,6.0,0,0,0,0.000000,0
637746,1788043416.0,6.0,0,0,0,0.000000,0
637747,1788043422.0,6.0,0,0,0,0.000000,0
637748,1788043428.001,6.000999927520752,0,0,0,0.000000,0
637749,1788043434.0,5.999000072479248,0,0,0,0.000000,0
637750,1788043440.001,6.000999927520752,0,0,0,0.000000,0
637751,1788043446.0,5.999000072479248,0,0,0,0.000000,0
637752,1788043452.0,6.0,0,0,0,0.000000,0
637753,1788043458.0,6.0,0,0,0,0.000000,0
637754,1788043464.0,6.0,0,0,0,0.000000,0
637755,1788043470.0,6.0,0,0,0,0.000000,0
637756,1788043476.0,6.0,0,0,0,0.000000,0
637757,1788043482.0,6.0,0,0,0,0.000000,0
637758,1788043488.0,6.0,0,0,0,0.000000,0
637759,1788043494.0,6.0,0,0,0,0.000000,0
637760,1788043500.0,6.0,0,0,0,0.000000,0
637761,1788043506.0,6.0,0,0,0,0.000000,0
637762,1788043512.0,6.0,0,0,0,0.000000,0
637763,1788043518.0,6.0,0,0,0,0.000000,0
637764,1788043524.0,6.0,0,0,0,0.000000,0
637765,1788043530.0,6.0,0,0,0,0.000000,0
637766,1788043536.0,6.0,0,0,0,0.000000,0
637767,1788043542.0,6.0,0,0,0,0.000000,0
637768,1788043548.0,6.0,0,0,0,0.000000,0
637769,1788043554.0,6.0,0,0,0,0.000000,0
637770,1788043560.0,6.0,0,0,0,0.000000,0
637771,1788043566.0,6.0,0,0,0,0.000000,0
637772,1788043572.0,6.0,0,0,0,0.000000,0
637773,1788043578.0,6.0,0,0,0,0.000000,0
637774,1788043584.001,6.000999927520752,0,0,0,0.000000,0
637775,1788043590.0,5.999000072479248,0,0,0,0.000000,0
637776,1788043596.0,6.0,0,0,0,0.000000,0
637777,1788043602.0,6.0,0,0,0,0.000000,0
637778,1788043608.001,6.000999927520752,0,0,0,0.000000,0
637779,1788043614.001,6.0,0,0,0,0.000000,0
637780,1788043620.0,5.999000072479248,0,0,0,0.000000,0
637781,1788043626.0,6.0,0,0,0,0.000000,0
637782,1788043632.0,6.0,0,0,0,0.000000,0
637783,1788043638.0,6.0,0,0,0,0.000000,0
637784,1788043644.0,6.0,0,0,0,0.000000,0
637785,1788043650.001,6.000999927520752,0,0,0,0.000000,0
637786,1788043656.0,5.999000072479248,0,0,0,0.000000,0
637787,1788043662.0,6.0,0,0,0,0.000000,0
637788,1788043668.0,6.0,0,0,0,0.000000,0
637789,1788043674.0,6.0,0,0,0,0.000000,0
637790,1788043680.0,6.0,0,0,0,0.000000,0
637791,1788043686.0,6.0,0,0,0,0.000000,0
637792,1788043692.0,6.0,0,0,0,0.000000,0
637793,1788043698.0,6.0,0,0,0,0.000000,0
637794,1788043704.0,6.0,0,0,0,0.000000,0
637795,1788043710.0,6.0,0,0,0,0.000000,0
637796,1788043716.0,6.0,0,0,0,0.000000,0
637797,1788043722.0,6.0,0,0,0,0.000000,0
637798,1788043728.001,6.000999927520752,0,0,0,0.000000,0
637799,1788043734.0,5.999000072479248,0,0,0,0.000000,0
637800,1788043740.001,6.000999927520752,0,0,0,0.000000,0
637801,1788043746.0,5.999000072479248,0,0,0,0.000000,0
637802,1788043752.0,6.0,0,0,0,0.000000,0
637803,1788043758.0,6.0,0,0,0,0.000000,0
637804,1788043764.0,6.0,0,0,0,0.000000,0
637805,1788043770.0,6.0,0,0,0,0.000000,0
637806,1788043776.0,6.0,0,0,0,0.000000,0
637807,1788043782.0,6.0,0,0,0,0.000000,0
637808,1788043788.0,6.0,0,0,0,0.000000,0
637809,1788043794.0,6.0,0,0,0,0.000000,0
637810,1788043800.0,6.0,0,0,0,0.000000,0
637811,1788043806.001,6.000999927520752,0,0,0,0.000000,0
637812,1788043812.0,5.999000072479248,0,0,0,0.000000,0
637813,1788043818.0,6.0,0,0,0,0.000000,0
637814,1788043824.0,6.0,0,0,0,0.000000,0
637815,1788043830.001,6.000999927520752,0,0,0,0.000000,0
