height,ts,gap_s,txs,counted_txs,bytes,fullness,fee_speck
594651,1787784702.0,,0,0,0,0.000000,0
594652,1787784708.0,6.0,0,0,0,0.000000,0
594653,1787784714.0,6.0,0,0,0,0.000000,0
594654,1787784720.0,6.0,0,0,0,0.000000,0
594655,1787784726.001,6.000999927520752,0,0,0,0.000000,0
594656,1787784732.0,5.999000072479248,0,0,0,0.000000,0
594657,1787784738.0,6.0,0,0,0,0.000000,0
594658,1787784744.0,6.0,0,0,0,0.000000,0
594659,1787784750.0,6.0,0,0,0,0.000000,0
594660,1787784756.0,6.0,0,0,0,0.000000,0
594661,1787784762.001,6.000999927520752,0,0,0,0.000000,0
594662,1787784768.001,6.0,0,0,0,0.000000,0
594663,1787784774.0,5.999000072479248,0,0,0,0.000000,0
594664,1787784780.0,6.0,0,0,0,0.000000,0
594665,1787784786.001,6.000999927520752,0,0,0,0.000000,0
594666,1787784792.0,5.999000072479248,0,0,0,0.000000,0
594667,1787784798.0,6.0,0,0,0,0.000000,0
594668,1787784804.0,6.0,0,0,0,0.000000,0
594669,1787784810.001,6.000999927520752,0,0,0,0.000000,0
594670,1787784816.0,5.999000072479248,0,0,0,0.000000,0
594671,1787784822.0,6.0,0,0,0,0.000000,0
594672,1787784828.0,6.0,0,0,0,0.000000,0
594673,1787784834.001,6.000999927520752,0,0,0,0.000000,0
594674,1787784840.0,5.999000072479248,0,0,0,0.000000,0
594675,1787784846.001,6.000999927520752,0,0,0,0.000000,0
594676,1787784852.0,5.999000072479248,0,0,0,0.000000,0
594677,1787784858.0,6.0,0,0,0,0.000000,0
594678,1787784864.001,6.000999927520752,0,0,0,0.000000,0
594679,1787784870.001,6.0,0,0,0,0.000000,0
594680,1787784876.0,5.999000072479248,0,0,0,0.000000,0
594681,1787784882.0,6.0,0,0,0,0.000000,0
594682,1787784888.001,6.000999927520752,0,0,0,0.000000,0
594683,1787784894.0,5.999000072479248,0,0,0,0.000000,0
594684,1787784900.001,6.000999927520752,0,0,0,0.000000,0
594685,1787784906.0,5.999000072479248,0,0,0,0.000000,0
594686,1787784912.0,6.0,0,0,0,0.000000,0
594687,1787784918.0,6.0,0,0,0,0.000000,0
594688,1787784924.0,6.0,0,0,0,0.000000,0
594689,1787784930.001,6.000999927520752,2,2,7446,0.037230,2
594690,1787784936.001,6.0,3,3,11169,0.055845,3
594691,1787784942.0,5.999000072479248,3,3,11169,0.055845,3
594692,1787784948.0,6.0,0,0,0,0.000000,0
594693,1787784954.0,6.0,3,3,11168,0.055840,3
594694,1787784960.0,6.0,3,3,15599,0.077995,3
594695,1787784966.0,6.0,3,3,11169,0.055845,3
594696,1787784972.0,6.0,2,2,7446,0.037230,2
594697,1787784978.0,6.0,2,2,7446,0.037230,2
594698,1787784984.0,6.0,1,1,3723,0.018615,1
594699,1787784990.001,6.000999927520752,1,1,8148,0.040740,1
594700,1787784996.001,6.0,0,0,0,0.000000,0
594701,1787785002.0,5.999000072479248,2,2,7445,0.037225,2
594702,1787785008.0,6.0,0,0,0,0.000000,0
594703,1787785014.0,6.0,0,0,0,0.000000,0
594704,1787785020.0,6.0,2,2,11871,0.059355,2
594705,1787785026.0,6.0,0,0,0,0.000000,0
594706,1787785032.0,6.0,0,0,0,0.000000,0
594707,1787785038.0,6.0,0,0,0,0.000000,0
594708,1787785044.0,6.0,1,1,3723,0.018615,1
594709,1787785050.0,6.0,1,1,8155,0.040775,1
594710,1787785056.0,6.0,0,0,0,0.000000,0
594711,1787785062.0,6.0,1,1,3723,0.018615,1
594712,1787785068.0,6.0,0,0,0,0.000000,0
594713,1787785074.0,6.0,0,0,0,0.000000,0
594714,1787785080.0,6.0,1,1,8149,0.040745,1
594715,1787785086.0,6.0,1,1,3722,0.018610,1
594716,1787785092.001,6.000999927520752,0,0,0,0.000000,0
594717,1787785098.0,5.999000072479248,0,0,0,0.000000,0
594718,1787785104.0,6.0,0,0,0,0.000000,0
594719,1787785110.001,6.000999927520752,2,2,11871,0.059355,2
594720,1787785116.0,5.999000072479248,0,0,0,0.000000,0
594721,1787785122.0,6.0,0,0,0,0.000000,0
594722,1787785128.0,6.0,0,0,0,0.000000,0
594723,1787785134.0,6.0,1,1,3723,0.018615,1
594724,1787785140.001,6.000999927520752,1,1,8148,0.040740,1
594725,1787785146.0,5.999000072479248,0,0,0,0.000000,0
594726,1787785152.0,6.0,1,1,3723,0.018615,1
594727,1787785158.001,6.000999927520752,0,0,0,0.000000,0
594728,1787785164.0,5.999000072479248,1,1,8149,0.040745,1
594729,1787785170.001,6.000999927520752,1,1,3722,0.018610,1
594730,1787785176.0,5.999000072479248,0,0,0,0.000000,0
594731,1787785182.0,6.0,0,0,0,0.000000,0
594732,1787785188.001,6.000999927520752,0,0,0,0.000000,0
594733,1787785194.001,6.0,2,2,11872,0.059360,2
594734,1787785200.0,5.999000072479248,0,0,0,0.000000,0
594735,1787785206.0,6.0,0,0,0,0.000000,0
594736,1787785224.0,18.0,0,0,0,0.000000,0
594737,1787785230.0,6.0,1,1,3723,0.018615,1
594738,1787785236.001,6.000999927520752,1,1,8149,0.040745,1
594739,1787785242.0,5.999000072479248,0,0,0,0.000000,0
594740,1787785248.0,6.0,1,1,3723,0.018615,1
594741,1787785254.0,6.0,0,0,0,0.000000,0
594742,1787785260.001,6.000999927520752,1,1,8149,0.040745,1
594743,1787785266.0,5.999000072479248,1,1,3723,0.018615,1
594744,1787785272.0,6.0,0,0,0,0.000000,0
594745,1787785278.0,6.0,0,0,0,0.000000,0
594746,1787785284.0,6.0,0,0,0,0.000000,0
594747,1787785290.0,6.0,2,2,11872,0.059360,2
594748,1787785296.0,6.0,0,0,0,0.000000,0
594749,1787785302.0,6.0,0,0,0,0.000000,0
594750,1787785308.0,6.0,0,0,0,0.000000,0
594751,1787785314.001,6.000999927520752,1,1,3721,0.018605,1
594752,1787785320.0,5.999000072479248,1,1,8149,0.040745,1
594753,1787785326.0,6.0,0,0,0,0.000000,0
594754,1787785332.0,6.0,1,1,3723,0.018615,1
594755,1787785338.0,6.0,0,0,0,0.000000,0
594756,1787785344.0,6.0,0,0,0,0.000000,0
594757,1787785350.0,6.0,2,2,11872,0.059360,2
594758,1787785356.0,6.0,0,0,0,0.000000,0
594759,1787785362.0,6.0,0,0,0,0.000000,0
594760,1787785368.0,6.0,0,0,0,0.000000,0
594761,1787785374.0,6.0,1,1,3723,0.018615,1
594762,1787785380.0,6.0,1,1,8149,0.040745,1
594763,1787785386.0,6.0,0,0,0,0.000000,0
594764,1787785392.001,6.000999927520752,1,1,3723,0.018615,1
594765,1787785398.0,5.999000072479248,0,0,0,0.000000,0
594766,1787785404.001,6.000999927520752,0,0,0,0.000000,0
594767,1787785410.0,5.999000072479248,2,2,11870,0.059350,2
594768,1787785416.0,6.0,0,0,0,0.000000,0
594769,1787785422.001,6.000999927520752,0,0,0,0.000000,0
594770,1787785428.0,5.999000072479248,0,0,0,0.000000,0
594771,1787785434.0,6.0,1,1,3723,0.018615,1
594772,1787785440.0,6.0,1,1,8149,0.040745,1
594773,1787785446.0,6.0,0,0,0,0.000000,0
594774,1787785452.0,6.0,0,0,0,0.000000,0
594775,1787785458.001,6.000999927520752,1,1,3723,0.018615,1
594776,1787785464.0,5.999000072479248,0,0,0,0.000000,0
594777,1787785470.0,6.0,1,1,8149,0.040745,1
594778,1787785476.0,6.0,1,1,3723,0.018615,1
594779,1787785482.0,6.0,0,0,0,0.000000,0
594780,1787785488.0,6.0,0,0,0,0.000000,0
594781,1787785494.001,6.000999927520752,0,0,0,0.000000,0
594782,1787785500.0,5.999000072479248,2,2,11871,0.059355,2
594783,1787785506.0,6.0,0,0,0,0.000000,0
594784,1787785512.0,6.0,0,0,0,0.000000,0
594785,1787785518.0,6.0,0,0,0,0.000000,0
594786,1787785524.0,6.0,1,1,3723,0.018615,1
594787,1787785530.0,6.0,1,1,8149,0.040745,1
594788,1787785536.0,6.0,0,0,0,0.000000,0
594789,1787785542.0,6.0,0,0,0,0.000000,0
594790,1787785548.0,6.0,1,1,3722,0.018610,1
594791,1787785554.0,6.0,1,1,4046,0.020230,1
594792,1787785560.0,6.0,1,1,8149,0.040745,1
594793,1787785566.0,6.0,1,1,3723,0.018615,1
594794,1787785572.0,6.0,0,0,0,0.000000,0
594795,1787785578.0,6.0,0,0,0,0.000000,0
594796,1787785584.0,6.0,0,0,0,0.000000,0
594797,1787785590.0,6.0,2,2,11872,0.059360,2
594798,1787785596.0,6.0,0,0,0,0.000000,0
594799,1787785602.0,6.0,0,0,0,0.000000,0
594800,1787785608.001,6.000999927520752,0,0,0,0.000000,0
594801,1787785614.0,5.999000072479248,1,1,3722,0.018610,1
594802,1787785620.0,6.0,1,1,8149,0.040745,1
594803,1787785626.0,6.0,0,0,0,0.000000,0
594804,1787785632.0,6.0,1,1,3723,0.018615,1
594805,1787785638.0,6.0,0,0,0,0.000000,0
594806,1787785644.0,6.0,0,0,0,0.000000,0
594807,1787785650.0,6.0,2,2,11872,0.059360,2
594808,1787785656.001,6.000999927520752,0,0,0,0.000000,0
594809,1787785662.0,5.999000072479248,0,0,0,0.000000,0
594810,1787785668.0,6.0,0,0,0,0.000000,0
594811,1787785674.0,6.0,1,1,3723,0.018615,1
594812,1787785680.0,6.0,1,1,8149,0.040745,1
594813,1787785686.0,6.0,0,0,0,0.000000,0
594814,1787785692.0,6.0,1,1,3723,0.018615,1
594815,1787785698.0,6.0,0,0,0,0.000000,0
594816,1787785704.0,6.0,0,0,0,0.000000,0
594817,1787785710.0,6.0,2,2,11871,0.059355,2
594818,1787785716.001,6.000999927520752,0,0,0,0.000000,0
594819,1787785722.001,6.0,0,0,0,0.000000,0
594820,1787785728.0,5.999000072479248,1,1,3723,0.018615,1
594821,1787785734.0,6.0,0,0,0,0.000000,0
594822,1787785740.0,6.0,1,1,8148,0.040740,1
594823,1787785746.0,6.0,1,1,3723,0.018615,1
594824,1787785752.0,6.0,0,0,0,0.000000,0
594825,1787785758.001,6.000999927520752,0,0,0,0.000000,0
594826,1787785764.0,5.999000072479248,0,0,0,0.000000,0
594827,1787785770.0,6.0,2,2,11872,0.059360,2
594828,1787785776.0,6.0,0,0,0,0.000000,0
594829,1787785782.0,6.0,0,0,0,0.000000,0
594830,1787785788.0,6.0,0,0,0,0.000000,0
594831,1787785794.0,6.0,1,1,3723,0.018615,1
594832,1787785800.0,6.0,1,1,8147,0.040735,1
594833,1787785806.0,6.0,1,1,709,0.003545,1
594834,1787785812.0,6.0,1,1,3723,0.018615,1
594835,1787785818.0,6.0,0,0,0,0.000000,0
594836,1787785824.0,6.0,1,1,8149,0.040745,1
594837,1787785830.0,6.0,0,0,0,0.000000,0
594838,1787785836.0,6.0,0,0,0,0.000000,0
594839,1787785842.0,6.0,0,0,0,0.000000,0
594840,1787785848.0,6.0,0,0,0,0.000000,0
594841,1787785854.001,6.000999927520752,1,1,8149,0.040745,1
594842,1787785860.0,5.999000072479248,0,0,0,0.000000,0
594843,1787785866.0,6.0,0,0,0,0.000000,0
594844,1787785872.001,6.000999927520752,1,1,8352,0.041760,1
594845,1787785878.0,5.999000072479248,0,0,0,0.000000,0
594846,1787785884.0,6.0,2,2,12195,0.060975,2
594847,1787785890.0,6.0,0,0,0,0.000000,0
594848,1787785896.0,6.0,0,0,0,0.000000,0
594849,1787785902.0,6.0,0,0,0,0.000000,0
594850,1787785908.001,6.000999927520752,0,0,0,0.000000,0
594851,1787785914.0,5.999000072479248,1,1,8149,0.040745,1
594852,1787785920.0,6.0,0,0,0,0.000000,0
594853,1787785926.0,6.0,0,0,0,0.000000,0
594854,1787785932.001,6.000999927520752,0,0,0,0.000000,0
594855,1787785938.0,5.999000072479248,0,0,0,0.000000,0
594856,1787785944.0,6.0,1,1,8148,0.040740,1
594857,1787785950.001,6.000999927520752,0,0,0,0.000000,0
594858,1787785956.0,5.999000072479248,0,0,0,0.000000,0
594859,1787785962.0,6.0,0,0,0,0.000000,0
594860,1787785968.0,6.0,0,0,0,0.000000,0
594861,1787785974.0,6.0,0,0,0,0.000000,0
594862,1787785980.0,6.0,0,0,0,0.000000,0
594863,1787785986.001,6.000999927520752,0,0,0,0.000000,0
594864,1787785992.001,6.0,0,0,0,0.000000,0
594865,1787785998.001,6.0,0,0,0,0.000000,0
594866,1787786004.0,5.999000072479248,0,0,0,0.000000,0
594867,1787786010.0,6.0,0,0,0,0.000000,0
594868,1787786016.0,6.0,0,0,0,0.000000,0
594869,1787786022.001,6.000999927520752,0,0,0,0.000000,0
594870,1787786028.0,5.999000072479248,0,0,0,0.000000,0
594871,1787786034.0,6.0,0,0,0,0.000000,0
594872,1787786040.0,6.0,0,0,0,0.000000,0
594873,1787786046.0,6.0,0,0,0,0.000000,0
594874,1787786052.0,6.0,0,0,0,0.000000,0
594875,1787786058.0,6.0,0,0,0,0.000000,0
594876,1787786064.0,6.0,0,0,0,0.000000,0
594877,1787786070.0,6.0,0,0,0,0.000000,0
594878,1787786076.0,6.0,0,0,0,0.000000,0
594879,1787786082.0,6.0,0,0,0,0.000000,0
594880,1787786088.0,6.0,0,0,0,0.000000,0
594881,1787786094.0,6.0,0,0,0,0.000000,0
594882,1787786100.0,6.0,0,0,0,0.000000,0
594883,1787786106.0,6.0,0,0,0,0.000000,0
594884,1787786112.0,6.0,0,0,0,0.000000,0
594885,1787786118.001,6.000999927520752,0,0,0,0.000000,0
594886,1787786124.0,5.999000072479248,0,0,0,0.000000,0
594887,1787786130.0,6.0,0,0,0,0.000000,0
594888,1787786136.0,6.0,0,0,0,0.000000,0
594889,1787786142.0,6.0,0,0,0,0.000000,0
594890,1787786148.0,6.0,0,0,0,0.000000,0
594891,1787786154.0,6.0,0,0,0,0.000000,0
594892,1787786160.001,6.000999927520752,0,0,0,0.000000,0
594893,1787786166.0,5.999000072479248,0,0,0,0.000000,0
594894,1787786172.0,6.0,0,0,0,0.000000,0
594895,1787786178.0,6.0,0,0,0,0.000000,0
594896,1787786184.0,6.0,0,0,0,0.000000,0
594897,1787786190.001,6.000999927520752,0,0,0,0.000000,0
594898,1787786196.001,6.0,0,0,0,0.000000,0
594899,1787786202.0,5.999000072479248,0,0,0,0.000000,0
594900,1787786208.0,6.0,0,0,0,0.000000,0
594901,1787786214.0,6.0,0,0,0,0.000000,0
594902,1787786220.0,6.0,0,0,0,0.000000,0
594903,1787786226.001,6.000999927520752,0,0,0,0.000000,0
594904,1787786232.001,6.0,0,0,0,0.000000,0
594905,1787786238.0,5.999000072479248,0,0,0,0.000000,0
594906,1787786244.001,6.000999927520752,0,0,0,0.000000,0
594907,1787786250.0,5.999000072479248,0,0,0,0.000000,0
594908,1787786256.0,6.0,0,0,0,0.000000,0
594909,1787786262.0,6.0,0,0,0,0.000000,0
594910,1787786268.0,6.0,0,0,0,0.000000,0
594911,1787786274.0,6.0,0,0,0,0.000000,0
594912,1787786280.0,6.0,0,0,0,0.000000,0
594913,1787786286.0,6.0,0,0,0,0.000000,0
594914,1787786292.001,6.000999927520752,0,0,0,0.000000,0
594915,1787786298.0,5.999000072479248,0,0,0,0.000000,0
594916,1787786304.0,6.0,0,0,0,0.000000,0
594917,1787786310.0,6.0,0,0,0,0.000000,0
594918,1787786316.0,6.0,0,0,0,0.000000,0
594919,1787786322.0,6.0,0,0,0,0.000000,0
594920,1787786328.001,6.000999927520752,0,0,0,0.000000,0
594921,1787786334.0,5.999000072479248,0,0,0,0.000000,0
594922,1787786340.0,6.0,0,0,0,0.000000,0
594923,1787786346.0,6.0,0,0,0,0.000000,0
594924,1787786352.0,6.0,0,0,0,0.000000,0
594925,1787786358.0,6.0,0,0,0,0.000000,0
594926,1787786364.0,6.0,0,0,0,0.000000,0
594927,1787786370.0,6.0,0,0,0,0.000000,0
594928,1787786376.001,6.000999927520752,0,0,0,0.000000,0
594929,1787786382.0,5.999000072479248,0,0,0,0.000000,0
594930,1787786388.0,6.0,0,0,0,0.000000,0
594931,1787786394.0,6.0,0,0,0,0.000000,0
594932,1787786400.001,6.000999927520752,0,0,0,0.000000,0
594933,1787786406.0,5.999000072479248,0,0,0,0.000000,0
594934,1787786412.001,6.000999927520752,0,0,0,0.000000,0
594935,1787786418.0,5.999000072479248,0,0,0,0.000000,0
594936,1787786424.001,6.000999927520752,0,0,0,0.000000,0
594937,1787786430.0,5.999000072479248,0,0,0,0.000000,0
594938,1787786436.001,6.000999927520752,0,0,0,0.000000,0
594939,1787786442.0,5.999000072479248,0,0,0,0.000000,0
594940,1787786448.0,6.0,0,0,0,0.000000,0
594941,1787786454.0,6.0,0,0,0,0.000000,0
594942,1787786460.001,6.000999927520752,0,0,0,0.000000,0
594943,1787786466.0,5.999000072479248,0,0,0,0.000000,0
594944,1787786472.0,6.0,0,0,0,0.000000,0
594945,1787786478.0,6.0,0,0,0,0.000000,0
594946,1787786484.0,6.0,0,0,0,0.000000,0
594947,1787786490.001,6.000999927520752,0,0,0,0.000000,0
594948,1787786496.0,5.999000072479248,0,0,0,0.000000,0
594949,1787786502.0,6.0,0,0,0,0.000000,0
594950,1787786508.0,6.0,0,0,0,0.000000,0
594951,1787786514.0,6.0,0,0,0,0.000000,0
594952,1787786520.0,6.0,0,0,0,0.000000,0
594953,1787786526.001,6.000999927520752,0,0,0,0.000000,0
594954,1787786532.0,5.999000072479248,0,0,0,0.000000,0
594955,1787786538.0,6.0,0,0,0,0.000000,0
594956,1787786544.0,6.0,0,0,0,0.000000,0
594957,1787786550.0,6.0,0,0,0,0.000000,0
594958,1787786556.0,6.0,0,0,0,0.000000,0
594959,1787786562.0,6.0,0,0,0,0.000000,0
594960,1787786568.0,6.0,0,0,0,0.000000,0
594961,1787786574.001,6.000999927520752,0,0,0,0.000000,0
594962,1787786580.0,5.999000072479248,0,0,0,0.000000,0
594963,1787786586.0,6.0,0,0,0,0.000000,0
594964,1787786592.001,6.000999927520752,0,0,0,0.000000,0
594965,1787786598.0,5.999000072479248,0,0,0,0.000000,0
594966,1787786604.0,6.0,0,0,0,0.000000,0
594967,1787786610.001,6.000999927520752,0,0,0,0.000000,0
594968,1787786616.0,5.999000072479248,0,0,0,0.000000,0
594969,1787786622.0,6.0,0,0,0,0.000000,0
594970,1787786628.001,6.000999927520752,0,0,0,0.000000,0
594971,1787786634.0,5.999000072479248,0,0,0,0.000000,0
594972,1787786640.0,6.0,0,0,0,0.000000,0
594973,1787786646.0,6.0,0,0,0,0.000000,0
594974,1787786652.0,6.0,0,0,0,0.000000,0
594975,1787786658.0,6.0,0,0,0,0.000000,0
594976,1787786664.0,6.0,0,0,0,0.000000,0
594977,1787786670.0,6.0,0,0,0,0.000000,0
594978,1787786676.0,6.0,0,0,0,0.000000,0
594979,1787786682.001,6.000999927520752,0,0,0,0.000000,0
594980,1787786688.001,6.0,0,0,0,0.000000,0
594981,1787786694.001,6.0,0,0,0,0.000000,0
594982,1787786700.0,5.999000072479248,0,0,0,0.000000,0
594983,1787786706.0,6.0,0,0,0,0.000000,0
594984,1787786712.0,6.0,0,0,0,0.000000,0
594985,1787786718.0,6.0,0,0,0,0.000000,0
594986,1787786724.0,6.0,0,0,0,0.000000,0
594987,1787786730.0,6.0,0,0,0,0.000000,0
594988,1787786736.001,6.000999927520752,0,0,0,0.000000,0
594989,1787786742.0,5.999000072479248,0,0,0,0.000000,0
594990,1787786748.0,6.0,0,0,0,0.000000,0
594991,1787786754.001,6.000999927520752,0,0,0,0.000000,0
594992,1787786760.0,5.999000072479248,0,0,0,0.000000,0
594993,1787786766.001,6.000999927520752,0,0,0,0.000000,0
594994,1787786772.001,6.0,0,0,0,0.000000,0
594995,1787786778.0,5.999000072479248,0,0,0,0.000000,0
594996,1787786784.0,6.0,0,0,0,0.000000,0
594997,1787786790.0,6.0,0,0,0,0.000000,0
594998,1787786796.0,6.0,0,0,0,0.000000,0
594999,1787786802.001,6.000999927520752,0,0,0,0.000000,0
595000,1787786808.0,5.999000072479248,0,0,0,0.000000,0
595001,1787786814.001,6.000999927520752,0,0,0,0.000000,0
595002,1787786820.0,5.999000072479248,0,0,0,0.000000,0
595003,1787786826.001,6.000999927520752,0,0,0,0.000000,0
595004,1787786832.0,5.999000072479248,0,0,0,0.000000,0
595005,1787786838.0,6.0,0,0,0,0.000000,0
595006,1787786844.0,6.0,0,0,0,0.000000,0
595007,1787786850.001,6.000999927520752,0,0,0,0.000000,0
595008,1787786856.0,5.999000072479248,0,0,0,0.000000,0
595009,1787786862.001,6.000999927520752,0,0,0,0.000000,0
595010,1787786868.0,5.999000072479248,0,0,0,0.000000,0
595011,1787786874.0,6.0,0,0,0,0.000000,0
595012,1787786880.0,6.0,0,0,0,0.000000,0
595013,1787786886.001,6.000999927520752,0,0,0,0.000000,0
595014,1787786892.0,5.999000072479248,0,0,0,0.000000,0
595015,1787786898.001,6.000999927520752,0,0,0,0.000000,0
595016,1787786904.0,5.999000072479248,0,0,0,0.000000,0
595017,1787786910.0,6.0,0,0,0,0.000000,0
595018,1787786916.0,6.0,0,0,0,0.000000,0
595019,1787786922.0,6.0,1,1,641,0.003205,1
595020,1787786928.001,6.000999927520752,0,0,0,0.000000,0
595021,1787786934.0,5.999000072479248,0,0,0,0.000000,0
595022,1787786940.0,6.0,0,0,0,0.000000,0
595023,1787786946.001,6.000999927520752,0,0,0,0.000000,0
595024,1787786952.0,5.999000072479248,0,0,0,0.000000,0
595025,1787786958.0,6.0,0,0,0,0.000000,0
595026,1787786964.0,6.0,0,0,0,0.000000,0
595027,1787786970.0,6.0,0,0,0,0.000000,0
595028,1787786976.001,6.000999927520752,0,0,0,0.000000,0
595029,1787786982.001,6.0,0,0,0,0.000000,0
595030,1787786988.001,6.0,0,0,0,0.000000,0
595031,1787786994.0,5.999000072479248,0,0,0,0.000000,0
595032,1787787000.0,6.0,0,0,0,0.000000,0
595033,1787787006.0,6.0,0,0,0,0.000000,0
595034,1787787012.0,6.0,0,0,0,0.000000,0
595035,1787787018.001,6.000999927520752,0,0,0,0.000000,0
595036,1787787024.0,5.999000072479248,0,0,0,0.000000,0
595037,1787787030.0,6.0,0,0,0,0.000000,0
595038,1787787036.0,6.0,0,0,0,0.000000,0
595039,1787787042.0,6.0,0,0,0,0.000000,0
595040,1787787048.001,6.000999927520752,0,0,0,0.000000,0
595041,1787787054.0,5.999000072479248,0,0,0,0.000000,0
595042,1787787060.0,6.0,0,0,0,0.000000,0
595043,1787787066.0,6.0,0,0,0,0.000000,0
595044,1787787072.0,6.0,0,0,0,0.000000,0
595045,1787787078.0,6.0,0,0,0,0.000000,0
595046,1787787084.0,6.0,0,0,0,0.000000,0
595047,1787787090.0,6.0,0,0,0,0.000000,0
595048,1787787096.001,6.000999927520752,0,0,0,0.000000,0
595049,1787787102.0,5.999000072479248,0,0,0,0.000000,0
595050,1787787108.0,6.0,0,0,0,0.000000,0
595051,1787787114.0,6.0,0,0,0,0.000000,0
595052,1787787120.001,6.000999927520752,0,0,0,0.000000,0
595053,1787787126.0,5.999000072479248,0,0,0,0.000000,0
595054,1787787132.0,6.0,0,0,0,0.000000,0
595055,1787787138.0,6.0,0,0,0,0.000000,0
595056,1787787144.0,6.0,0,0,0,0.000000,0
595057,1787787150.001,6.000999927520752,0,0,0,0.000000,0
595058,1787787156.0,5.999000072479248,0,0,0,0.000000,0
595059,1787787162.001,6.000999927520752,0,0,0,0.000000,0
595060,1787787168.0,5.999000072479248,0,0,0,0.000000,0
595061,1787787174.0,6.0,0,0,0,0.000000,0
595062,1787787180.0,6.0,0,0,0,0.000000,0
595063,1787787186.001,6.000999927520752,0,0,0,0.000000,0
595064,1787787192.0,5.999000072479248,0,0,0,0.000000,0
595065,1787787198.001,6.000999927520752,0,0,0,0.000000,0
595066,1787787204.0,5.999000072479248,0,0,0,0.000000,0
595067,1787787210.0,6.0,0,0,0,0.000000,0
595068,1787787216.0,6.0,0,0,0,0.000000,0
595069,1787787222.001,6.000999927520752,0,0,0,0.000000,0
595070,1787787228.0,5.999000072479248,0,0,0,0.000000,0
595071,1787787234.0,6.0,0,0,0,0.000000,0
595072,1787787240.0,6.0,0,0,0,0.000000,0
595073,1787787246.0,6.0,0,0,0,0.000000,0
595074,1787787252.0,6.0,0,0,0,0.000000,0
595075,1787787258.001,6.000999927520752,0,0,0,0.000000,0
595076,1787787264.0,5.999000072479248,0,0,0,0.000000,0
595077,1787787270.0,6.0,0,0,0,0.000000,0
595078,1787787276.0,6.0,0,0,0,0.000000,0
595079,1787787282.0,6.0,0,0,0,0.000000,0
595080,1787787288.0,6.0,0,0,0,0.000000,0
595081,1787787294.001,6.000999927520752,0,0,0,0.000000,0
595082,1787787300.0,5.999000072479248,0,0,0,0.000000,0
595083,1787787306.001,6.000999927520752,0,0,0,0.000000,0
595084,1787787312.0,5.999000072479248,0,0,0,0.000000,0
595085,1787787318.0,6.0,0,0,0,0.000000,0
595086,1787787324.0,6.0,0,0,0,0.000000,0
595087,1787787330.0,6.0,0,0,0,0.000000,0
595088,1787787336.0,6.0,0,0,0,0.000000,0
595089,1787787342.0,6.0,0,0,0,0.000000,0
595090,1787787348.0,6.0,0,0,0,0.000000,0
595091,1787787354.001,6.000999927520752,0,0,0,0.000000,0
595092,1787787360.001,6.0,0,0,0,0.000000,0
595093,1787787366.001,6.0,0,0,0,0.000000,0
595094,1787787372.001,6.0,0,0,0,0.000000,0
595095,1787787378.0,5.999000072479248,0,0,0,0.000000,0
595096,1787787384.0,6.0,0,0,0,0.000000,0
595097,1787787390.001,6.000999927520752,0,0,0,0.000000,0
595098,1787787396.0,5.999000072479248,0,0,0,0.000000,0
595099,1787787402.0,6.0,0,0,0,0.000000,0
595100,1787787408.0,6.0,0,0,0,0.000000,0
595101,1787787414.0,6.0,0,0,0,0.000000,0
595102,1787787420.001,6.000999927520752,0,0,0,0.000000,0
595103,1787787426.001,6.0,0,0,0,0.000000,0
595104,1787787432.0,5.999000072479248,0,0,0,0.000000,0
595105,1787787438.0,6.0,0,0,0,0.000000,0
595106,1787787444.0,6.0,0,0,0,0.000000,0
595107,1787787450.0,6.0,0,0,0,0.000000,0
595108,1787787456.0,6.0,0,0,0,0.000000,0
595109,1787787462.0,6.0,0,0,0,0.000000,0
595110,1787787468.0,6.0,0,0,0,0.000000,0
595111,1787787474.0,6.0,0,0,0,0.000000,0
595112,1787787480.0,6.0,0,0,0,0.000000,0
595113,1787787486.0,6.0,0,0,0,0.000000,0
595114,1787787492.0,6.0,0,0,0,0.000000,0
595115,1787787498.0,6.0,0,0,0,0.000000,0
595116,1787787504.0,6.0,0,0,0,0.000000,0
595117,1787787510.0,6.0,0,0,0,0.000000,0
595118,1787787516.001,6.000999927520752,0,0,0,0.000000,0
595119,1787787522.0,5.999000072479248,0,0,0,0.000000,0
595120,1787787528.0,6.0,0,0,0,0.000000,0
595121,1787787534.001,6.000999927520752,0,0,0,0.000000,0
595122,1787787540.0,5.999000072479248,0,0,0,0.000000,0
595123,1787787546.0,6.0,0,0,0,0.000000,0
595124,1787787552.0,6.0,0,0,0,0.000000,0
595125,1787787558.0,6.0,0,0,0,0.000000,0
595126,1787787564.0,6.0,0,0,0,0.000000,0
595127,1787787570.0,6.0,0,0,0,0.000000,0
595128,1787787576.0,6.0,0,0,0,0.000000,0
595129,1787787582.0,6.0,0,0,0,0.000000,0
595130,1787787588.0,6.0,0,0,0,0.000000,0
595131,1787787594.0,6.0,0,0,0,0.000000,0
595132,1787787600.0,6.0,0,0,0,0.000000,0
595133,1787787606.0,6.0,0,0,0,0.000000,0
595134,1787787612.0,6.0,0,0,0,0.000000,0
595135,1787787618.0,6.0,0,0,0,0.000000,0
595136,1787787624.0,6.0,0,0,0,0.000000,0
595137,1787787630.0,6.0,0,0,0,0.000000,0
595138,1787787636.0,6.0,0,0,0,0.000000,0
595139,1787787642.0,6.0,0,0,0,0.000000,0
595140,1787787648.001,6.000999927520752,0,0,0,0.000000,0
595141,1787787654.0,5.999000072479248,0,0,0,0.000000,0
595142,1787787660.0,6.0,0,0,0,0.000000,0
595143,1787787666.0,6.0,0,0,0,0.000000,0
595144,1787787672.0,6.0,0,0,0,0.000000,0
595145,1787787678.0,6.0,0,0,0,0.000000,0
595146,1787787684.0,6.0,0,0,0,0.000000,0
595147,1787787690.0,6.0,0,0,0,0.000000,0
595148,1787787696.0,6.0,0,0,0,0.000000,0
595149,1787787702.0,6.0,0,0,0,0.000000,0
595150,1787787708.0,6.0,0,0,0,0.000000,0
595151,1787787714.0,6.0,0,0,0,0.000000,0
595152,1787787720.0,6.0,0,0,0,0.000000,0
595153,1787787726.0,6.0,0,0,0,0.000000,0
595154,1787787732.001,6.000999927520752,0,0,0,0.000000,0
595155,1787787738.0,5.999000072479248,0,0,0,0.000000,0
595156,1787787744.0,6.0,0,0,0,0.000000,0
595157,1787787750.0,6.0,0,0,0,0.000000,0
595158,1787787756.0,6.0,0,0,0,0.000000,0
595159,1787787762.0,6.0,0,0,0,0.000000,0
595160,1787787768.0,6.0,0,0,0,0.000000,0
595161,1787787774.0,6.0,0,0,0,0.000000,0
595162,1787787780.0,6.0,0,0,0,0.000000,0
595163,1787787786.0,6.0,0,0,0,0.000000,0
595164,1787787792.0,6.0,0,0,0,0.000000,0
595165,1787787798.0,6.0,0,0,0,0.000000,0
595166,1787787804.0,6.0,0,0,0,0.000000,0
595167,1787787810.0,6.0,0,0,0,0.000000,0
595168,1787787816.0,6.0,0,0,0,0.000000,0
595169,1787787822.0,6.0,0,0,0,0.000000,0
595170,1787787828.0,6.0,0,0,0,0.000000,0
595171,1787787834.001,6.000999927520752,0,0,0,0.000000,0
595172,1787787840.0,5.999000072479248,0,0,0,0.000000,0
595173,1787787846.0,6.0,0,0,0,0.000000,0
595174,1787787852.0,6.0,0,0,0,0.000000,0
595175,1787787858.0,6.0,0,0,0,0.000000,0
595176,1787787864.001,6.000999927520752,0,0,0,0.000000,0
595177,1787787870.0,5.999000072479248,0,0,0,0.000000,0
595178,1787787876.0,6.0,0,0,0,0.000000,0
595179,1787787882.001,6.000999927520752,0,0,0,0.000000,0
595180,1787787888.001,6.0,0,0,0,0.000000,0
595181,1787787894.0,5.999000072479248,0,0,0,0.000000,0
595182,1787787900.001,6.000999927520752,0,0,0,0.000000,0
595183,1787787906.0,5.999000072479248,0,0,0,0.000000,0
595184,1787787912.0,6.0,0,0,0,0.000000,0
595185,1787787918.001,6.000999927520752,0,0,0,0.000000,0
595186,1787787924.0,5.999000072479248,0,0,0,0.000000,0
595187,1787787930.0,6.0,0,0,0,0.000000,0
595188,1787787936.0,6.0,0,0,0,0.000000,0
595189,1787787942.0,6.0,0,0,0,0.000000,0
595190,1787787948.0,6.0,0,0,0,0.000000,0
595191,1787787954.0,6.0,0,0,0,0.000000,0
595192,1787787960.0,6.0,0,0,0,0.000000,0
595193,1787787966.0,6.0,0,0,0,0.000000,0
595194,1787787972.0,6.0,0,0,0,0.000000,0
595195,1787787978.0,6.0,0,0,0,0.000000,0
595196,1787787984.0,6.0,0,0,0,0.000000,0
595197,1787787990.0,6.0,0,0,0,0.000000,0
595198,1787787996.001,6.000999927520752,0,0,0,0.000000,0
595199,1787788002.0,5.999000072479248,0,0,0,0.000000,0
595200,1787788008.001,6.000999927520752,0,0,0,0.000000,0
595201,1787788014.0,5.999000072479248,0,0,0,0.000000,0
595202,1787788020.0,6.0,0,0,0,0.000000,0
595203,1787788026.0,6.0,1,1,9452,0.047260,1
595204,1787788032.001,6.000999927520752,0,0,0,0.000000,0
595205,1787788038.0,5.999000072479248,0,0,0,0.000000,0
595206,1787788044.0,6.0,0,0,0,0.000000,0
595207,1787788050.0,6.0,0,0,0,0.000000,0
595208,1787788056.0,6.0,0,0,0,0.000000,0
595209,1787788062.0,6.0,0,0,0,0.000000,0
595210,1787788068.001,6.000999927520752,0,0,0,0.000000,0
595211,1787788074.0,5.999000072479248,0,0,0,0.000000,0
595212,1787788080.0,6.0,0,0,0,0.000000,0
595213,1787788086.0,6.0,0,0,0,0.000000,0
595214,1787788092.001,6.000999927520752,0,0,0,0.000000,0
595215,1787788098.0,5.999000072479248,0,0,0,0.000000,0
595216,1787788104.0,6.0,0,0,0,0.000000,0
595217,1787788110.0,6.0,0,0,0,0.000000,0
595218,1787788116.0,6.0,0,0,0,0.000000,0
595219,1787788122.0,6.0,0,0,0,0.000000,0
595220,1787788128.001,6.000999927520752,0,0,0,0.000000,0
595221,1787788134.0,5.999000072479248,0,0,0,0.000000,0
595222,1787788140.0,6.0,0,0,0,0.000000,0
595223,1787788146.0,6.0,0,0,0,0.000000,0
595224,1787788152.001,6.000999927520752,0,0,0,0.000000,0
595225,1787788158.001,6.0,0,0,0,0.000000,0
595226,1787788164.001,6.0,0,0,0,0.000000,0
595227,1787788170.0,5.999000072479248,0,0,0,0.000000,0
595228,1787788176.0,6.0,0,0,0,0.000000,0
595229,1787788182.0,6.0,0,0,0,0.000000,0
595230,1787788188.001,6.000999927520752,0,0,0,0.000000,0
595231,1787788194.0,5.999000072479248,0,0,0,0.000000,0
595232,1787788200.001,6.000999927520752,0,0,0,0.000000,0
595233,1787788206.0,5.999000072479248,0,0,0,0.000000,0
595234,1787788212.0,6.0,0,0,0,0.000000,0
595235,1787788218.0,6.0,0,0,0,0.000000,0
595236,1787788224.0,6.0,0,0,0,0.000000,0
595237,1787788230.0,6.0,0,0,0,0.000000,0
595238,1787788236.0,6.0,0,0,0,0.000000,0
595239,1787788242.0,6.0,0,0,0,0.000000,0
595240,1787788248.0,6.0,0,0,0,0.000000,0
595241,1787788254.0,6.0,0,0,0,0.000000,0
595242,1787788260.001,6.000999927520752,0,0,0,0.000000,0
595243,1787788266.0,5.999000072479248,0,0,0,0.000000,0
595244,1787788272.0,6.0,1,1,9450,0.047250,1
595245,1787788278.0,6.0,0,0,0,0.000000,0
595246,1787788284.0,6.0,0,0,0,0.000000,0
595247,1787788290.0,6.0,0,0,0,0.000000,0
595248,1787788296.001,6.000999927520752,0,0,0,0.000000,0
595249,1787788302.0,5.999000072479248,0,0,0,0.000000,0
595250,1787788308.0,6.0,0,0,0,0.000000,0
595251,1787788314.0,6.0,0,0,0,0.000000,0
595252,1787788320.001,6.000999927520752,0,0,0,0.000000,0
595253,1787788326.0,5.999000072479248,0,0,0,0.000000,0
595254,1787788332.0,6.0,0,0,0,0.000000,0
595255,1787788338.001,6.000999927520752,0,0,0,0.000000,0
595256,1787788344.0,5.999000072479248,0,0,0,0.000000,0
595257,1787788350.0,6.0,0,0,0,0.000000,0
595258,1787788356.0,6.0,0,0,0,0.000000,0
595259,1787788362.0,6.0,0,0,0,0.000000,0
595260,1787788368.0,6.0,0,0,0,0.000000,0
595261,1787788374.001,6.000999927520752,0,0,0,0.000000,0
595262,1787788380.0,5.999000072479248,0,0,0,0.000000,0
595263,1787788386.0,6.0,0,0,0,0.000000,0
595264,1787788392.0,6.0,0,0,0,0.000000,0
595265,1787788398.001,6.000999927520752,0,0,0,0.000000,0
595266,1787788404.0,5.999000072479248,0,0,0,0.000000,0
595267,1787788410.001,6.000999927520752,0,0,0,0.000000,0
595268,1787788416.001,6.0,0,0,0,0.000000,0
595269,1787788422.0,5.999000072479248,0,0,0,0.000000,0
595270,1787788428.0,6.0,0,0,0,0.000000,0
595271,1787788434.001,6.000999927520752,0,0,0,0.000000,0
595272,1787788440.0,5.999000072479248,0,0,0,0.000000,0
595273,1787788446.0,6.0,0,0,0,0.000000,0
595274,1787788452.0,6.0,0,0,0,0.000000,0
595275,1787788458.001,6.000999927520752,0,0,0,0.000000,0
595276,1787788464.0,5.999000072479248,0,0,0,0.000000,0
595277,1787788470.001,6.000999927520752,0,0,0,0.000000,0
595278,1787788476.0,5.999000072479248,0,0,0,0.000000,0
595279,1787788482.0,6.0,0,0,0,0.000000,0
595280,1787788488.001,6.000999927520752,0,0,0,0.000000,0
595281,1787788494.001,6.0,0,0,0,0.000000,0
595282,1787788500.001,6.0,0,0,0,0.000000,0
595283,1787788506.0,5.999000072479248,0,0,0,0.000000,0
595284,1787788512.0,6.0,0,0,0,0.000000,0
595285,1787788518.0,6.0,0,0,0,0.000000,0
595286,1787788524.0,6.0,0,0,0,0.000000,0
595287,1787788530.0,6.0,0,0,0,0.000000,0
595288,1787788536.001,6.000999927520752,0,0,0,0.000000,0
595289,1787788542.0,5.999000072479248,0,0,0,0.000000,0
595290,1787788548.001,6.000999927520752,0,0,0,0.000000,0
595291,1787788554.0,5.999000072479248,0,0,0,0.000000,0
595292,1787788560.0,6.0,0,0,0,0.000000,0
595293,1787788566.0,6.0,0,0,0,0.000000,0
595294,1787788572.0,6.0,0,0,0,0.000000,0
595295,1787788578.0,6.0,0,0,0,0.000000,0
595296,1787788584.0,6.0,0,0,0,0.000000,0
595297,1787788590.001,6.000999927520752,0,0,0,0.000000,0
595298,1787788596.0,5.999000072479248,0,0,0,0.000000,0
595299,1787788602.0,6.0,0,0,0,0.000000,0
595300,1787788608.0,6.0,0,0,0,0.000000,0
595301,1787788614.0,6.0,0,0,0,0.000000,0
595302,1787788620.0,6.0,0,0,0,0.000000,0
595303,1787788626.001,6.000999927520752,0,0,0,0.000000,0
595304,1787788632.0,5.999000072479248,0,0,0,0.000000,0
595305,1787788638.0,6.0,0,0,0,0.000000,0
595306,1787788644.0,6.0,0,0,0,0.000000,0
595307,1787788650.0,6.0,0,0,0,0.000000,0
595308,1787788656.0,6.0,0,0,0,0.000000,0
595309,1787788662.0,6.0,0,0,0,0.000000,0
595310,1787788668.0,6.0,0,0,0,0.000000,0
595311,1787788674.0,6.0,0,0,0,0.000000,0
595312,1787788680.0,6.0,0,0,0,0.000000,0
595313,1787788686.0,6.0,0,0,0,0.000000,0
595314,1787788692.0,6.0,0,0,0,0.000000,0
595315,1787788698.0,6.0,0,0,0,0.000000,0
595316,1787788704.0,6.0,0,0,0,0.000000,0
595317,1787788710.0,6.0,0,0,0,0.000000,0
595318,1787788716.0,6.0,0,0,0,0.000000,0
595319,1787788722.0,6.0,0,0,0,0.000000,0
595320,1787788728.0,6.0,0,0,0,0.000000,0
595321,1787788734.0,6.0,0,0,0,0.000000,0
595322,1787788740.0,6.0,0,0,0,0.000000,0
595323,1787788746.0,6.0,0,0,0,0.000000,0
595324,1787788752.0,6.0,0,0,0,0.000000,0
595325,1787788758.0,6.0,0,0,0,0.000000,0
595326,1787788764.0,6.0,0,0,0,0.000000,0
595327,1787788770.0,6.0,0,0,0,0.000000,0
595328,1787788776.0,6.0,0,0,0,0.000000,0
595329,1787788782.0,6.0,0,0,0,0.000000,0
595330,1787788788.0,6.0,0,0,0,0.000000,0
595331,1787788794.0,6.0,0,0,0,0.000000,0
595332,1787788800.0,6.0,0,0,0,0.000000,0
595333,1787788806.0,6.0,0,0,0,0.000000,0
595334,1787788812.0,6.0,0,0,0,0.000000,0
595335,1787788818.0,6.0,0,0,0,0.000000,0
595336,1787788824.0,6.0,0,0,0,0.000000,0
595337,1787788830.0,6.0,0,0,0,0.000000,0
595338,1787788836.0,6.0,0,0,0,0.000000,0
595339,1787788842.0,6.0,0,0,0,0.000000,0
595340,1787788848.0,6.0,0,0,0,0.000000,0
595341,1787788854.0,6.0,0,0,0,0.000000,0
595342,1787788860.001,6.000999927520752,0,0,0,0.000000,0
595343,1787788866.001,6.0,0,0,0,0.000000,0
595344,1787788872.0,5.999000072479248,0,0,0,0.000000,0
595345,1787788878.0,6.0,0,0,0,0.000000,0
595346,1787788884.0,6.0,0,0,0,0.000000,0
595347,1787788890.001,6.000999927520752,0,0,0,0.000000,0
595348,1787788896.0,5.999000072479248,0,0,0,0.000000,0
595349,1787788902.0,6.0,0,0,0,0.000000,0
595350,1787788908.0,6.0,0,0,0,0.000000,0
595351,1787788914.0,6.0,0,0,0,0.000000,0
595352,1787788920.001,6.000999927520752,0,0,0,0.000000,0
595353,1787788926.0,5.999000072479248,0,0,0,0.000000,0
595354,1787788932.0,6.0,0,0,0,0.000000,0
595355,1787788938.001,6.000999927520752,0,0,0,0.000000,0
595356,1787788944.001,6.0,0,0,0,0.000000,0
595357,1787788950.0,5.999000072479248,0,0,0,0.000000,0
595358,1787788956.0,6.0,0,0,0,0.000000,0
595359,1787788962.0,6.0,0,0,0,0.000000,0
595360,1787788968.001,6.000999927520752,0,0,0,0.000000,0
595361,1787788974.001,6.0,0,0,0,0.000000,0
595362,1787788980.001,6.0,0,0,0,0.000000,0
595363,1787788986.0,5.999000072479248,0,0,0,0.000000,0
595364,1787788992.0,6.0,0,0,0,0.000000,0
595365,1787788998.0,6.0,0,0,0,0.000000,0
595366,1787789004.0,6.0,0,0,0,0.000000,0
595367,1787789010.0,6.0,0,0,0,0.000000,0
595368,1787789016.0,6.0,0,0,0,0.000000,0
595369,1787789022.0,6.0,0,0,0,0.000000,0
595370,1787789028.0,6.0,0,0,0,0.000000,0
595371,1787789034.0,6.0,0,0,0,0.000000,0
595372,1787789040.0,6.0,0,0,0,0.000000,0
595373,1787789046.001,6.000999927520752,0,0,0,0.000000,0
595374,1787789052.0,5.999000072479248,0,0,0,0.000000,0
595375,1787789058.0,6.0,0,0,0,0.000000,0
595376,1787789064.0,6.0,0,0,0,0.000000,0
595377,1787789070.001,6.000999927520752,0,0,0,0.000000,0
595378,1787789076.0,5.999000072479248,0,0,0,0.000000,0
595379,1787789082.0,6.0,0,0,0,0.000000,0
595380,1787789088.001,6.000999927520752,0,0,0,0.000000,0
595381,1787789094.0,5.999000072479248,0,0,0,0.000000,0
595382,1787789100.0,6.0,0,0,0,0.000000,0
595383,1787789106.001,6.000999927520752,0,0,0,0.000000,0
595384,1787789112.0,5.999000072479248,0,0,0,0.000000,0
595385,1787789118.0,6.0,0,0,0,0.000000,0
595386,1787789124.0,6.0,0,0,0,0.000000,0
595387,1787789130.0,6.0,0,0,0,0.000000,0
595388,1787789136.0,6.0,0,0,0,0.000000,0
595389,1787789142.001,6.000999927520752,0,0,0,0.000000,0
595390,1787789148.0,5.999000072479248,0,0,0,0.000000,0
595391,1787789154.0,6.0,0,0,0,0.000000,0
595392,1787789160.0,6.0,0,0,0,0.000000,0
595393,1787789166.0,6.0,0,0,0,0.000000,0
595394,1787789172.0,6.0,0,0,0,0.000000,0
595395,1787789178.0,6.0,0,0,0,0.000000,0
595396,1787789184.0,6.0,0,0,0,0.000000,0
595397,1787789190.001,6.000999927520752,0,0,0,0.000000,0
595398,1787789196.0,5.999000072479248,0,0,0,0.000000,0
595399,1787789202.0,6.0,0,0,0,0.000000,0
595400,1787789208.0,6.0,0,0,0,0.000000,0
595401,1787789214.0,6.0,0,0,0,0.000000,0
595402,1787789220.0,6.0,0,0,0,0.000000,0
595403,1787789226.0,6.0,0,0,0,0.000000,0
595404,1787789232.0,6.0,0,0,0,0.000000,0
595405,1787789238.0,6.0,0,0,0,0.000000,0
595406,1787789244.0,6.0,0,0,0,0.000000,0
595407,1787789250.001,6.000999927520752,0,0,0,0.000000,0
595408,1787789256.0,5.999000072479248,0,0,0,0.000000,0
595409,1787789262.001,6.000999927520752,0,0,0,0.000000,0
595410,1787789268.0,5.999000072479248,0,0,0,0.000000,0
595411,1787789274.0,6.0,0,0,0,0.000000,0
595412,1787789280.0,6.0,0,0,0,0.000000,0
595413,1787789286.0,6.0,0,0,0,0.000000,0
595414,1787789292.0,6.0,0,0,0,0.000000,0
595415,1787789298.0,6.0,0,0,0,0.000000,0
595416,1787789304.0,6.0,0,0,0,0.000000,0
595417,1787789310.0,6.0,0,0,0,0.000000,0
595418,1787789316.0,6.0,0,0,0,0.000000,0
595419,1787789322.0,6.0,0,0,0,0.000000,0
595420,1787789328.0,6.0,0,0,0,0.000000,0
595421,1787789334.0,6.0,0,0,0,0.000000,0
595422,1787789340.0,6.0,0,0,0,0.000000,0
595423,1787789346.0,6.0,0,0,0,0.000000,0
595424,1787789352.0,6.0,0,0,0,0.000000,0
595425,1787789358.0,6.0,0,0,0,0.000000,0
595426,1787789364.0,6.0,0,0,0,0.000000,0
595427,1787789370.0,6.0,0,0,0,0.000000,0
595428,1787789376.0,6.0,1,1,8150,0.040750,1
595429,1787789382.0,6.0,0,0,0,0.000000,0
595430,1787789388.0,6.0,0,0,0,0.000000,0
595431,1787789394.0,6.0,0,0,0,0.000000,0
595432,1787789400.001,6.000999927520752,0,0,0,0.000000,0
595433,1787789406.0,5.999000072479248,0,0,0,0.000000,0
595434,1787789412.001,6.000999927520752,0,0,0,0.000000,0
595435,1787789418.0,5.999000072479248,0,0,0,0.000000,0
595436,1787789424.0,6.0,0,0,0,0.000000,0
595437,1787789430.0,6.0,0,0,0,0.000000,0
595438,1787789436.001,6.000999927520752,0,0,0,0.000000,0
595439,1787789442.0,5.999000072479248,0,0,0,0.000000,0
595440,1787789448.0,6.0,0,0,0,0.000000,0
595441,1787789454.0,6.0,0,0,0,0.000000,0
595442,1787789460.0,6.0,0,0,0,0.000000,0
595443,1787789466.0,6.0,0,0,0,0.000000,0
595444,1787789472.001,6.000999927520752,0,0,0,0.000000,0
595445,1787789478.001,6.0,0,0,0,0.000000,0
595446,1787789484.0,5.999000072479248,0,0,0,0.000000,0
595447,1787789490.0,6.0,0,0,0,0.000000,0
595448,1787789496.0,6.0,0,0,0,0.000000,0
595449,1787789502.001,6.000999927520752,0,0,0,0.000000,0
595450,1787789508.0,5.999000072479248,0,0,0,0.000000,0
595451,1787789514.001,6.000999927520752,1,1,14199,0.070995,1
595452,1787789520.0,5.999000072479248,0,0,0,0.000000,0
595453,1787789526.0,6.0,0,0,0,0.000000,0
595454,1787789532.0,6.0,0,0,0,0.000000,0
595455,1787789538.0,6.0,0,0,0,0.000000,0
595456,1787789544.001,6.000999927520752,1,1,13284,0.066420,1
595457,1787789550.0,5.999000072479248,0,0,0,0.000000,0
595458,1787789556.0,6.0,0,0,0,0.000000,0
595459,1787789562.0,6.0,0,0,0,0.000000,0
595460,1787789568.0,6.0,0,0,0,0.000000,0
595461,1787789574.0,6.0,0,0,0,0.000000,0
595462,1787789580.001,6.000999927520752,1,1,11973,0.059865,1
595463,1787789586.0,5.999000072479248,0,0,0,0.000000,0
595464,1787789592.001,6.000999927520752,0,0,0,0.000000,0
595465,1787789598.0,5.999000072479248,0,0,0,0.000000,0
595466,1787789604.0,6.0,0,0,0,0.000000,0
595467,1787789610.0,6.0,0,0,0,0.000000,0
595468,1787789616.0,6.0,0,0,0,0.000000,0
595469,1787789622.0,6.0,0,0,0,0.000000,0
595470,1787789634.0,12.0,1,1,12110,0.060550,1
595471,1787789640.0,6.0,0,0,0,0.000000,0
595472,1787789646.0,6.0,0,0,0,0.000000,0
595473,1787789652.0,6.0,0,0,0,0.000000,0
595474,1787789658.0,6.0,0,0,0,0.000000,0
595475,1787789664.0,6.0,0,0,0,0.000000,0
595476,1787789670.0,6.0,0,0,0,0.000000,0
595477,1787789676.0,6.0,0,0,0,0.000000,0
595478,1787789682.0,6.0,0,0,0,0.000000,0
595479,1787789688.0,6.0,0,0,0,0.000000,0
595480,1787789694.0,6.0,0,0,0,0.000000,0
595481,1787789700.0,6.0,0,0,0,0.000000,0
595482,1787789706.0,6.0,0,0,0,0.000000,0
595483,1787789712.0,6.0,0,0,0,0.000000,0
595484,1787789718.0,6.0,0,0,0,0.000000,0
595485,1787789724.0,6.0,0,0,0,0.000000,0
595486,1787789730.0,6.0,0,0,0,0.000000,0
595487,1787789736.0,6.0,0,0,0,0.000000,0
595488,1787789742.0,6.0,0,0,0,0.000000,0
595489,1787789748.0,6.0,0,0,0,0.000000,0
595490,1787789754.0,6.0,0,0,0,0.000000,0
595491,1787789760.0,6.0,0,0,0,0.000000,0
595492,1787789766.0,6.0,0,0,0,0.000000,0
595493,1787789772.001,6.000999927520752,0,0,0,0.000000,0
595494,1787789778.0,5.999000072479248,0,0,0,0.000000,0
595495,1787789784.0,6.0,0,0,0,0.000000,0
595496,1787789790.0,6.0,0,0,0,0.000000,0
595497,1787789796.0,6.0,0,0,0,0.000000,0
595498,1787789802.0,6.0,0,0,0,0.000000,0
595499,1787789808.0,6.0,0,0,0,0.000000,0
595500,1787789814.0,6.0,0,0,0,0.000000,0
595501,1787789820.0,6.0,0,0,0,0.000000,0
595502,1787789826.0,6.0,0,0,0,0.000000,0
595503,1787789832.0,6.0,0,0,0,0.000000,0
595504,1787789838.0,6.0,0,0,0,0.000000,0
595505,1787789844.0,6.0,0,0,0,0.000000,0
595506,1787789850.0,6.0,0,0,0,0.000000,0
595507,1787789856.0,6.0,0,0,0,0.000000,0
595508,1787789862.0,6.0,0,0,0,0.000000,0
595509,1787789868.001,6.000999927520752,1,1,9452,0.047260,1
595510,1787789874.0,5.999000072479248,0,0,0,0.000000,0
595511,1787789880.0,6.0,0,0,0,0.000000,0
595512,1787789886.0,6.0,0,0,0,0.000000,0
595513,1787789892.0,6.0,0,0,0,0.000000,0
595514,1787789898.0,6.0,0,0,0,0.000000,0
595515,1787789904.001,6.000999927520752,0,0,0,0.000000,0
595516,1787789910.0,5.999000072479248,0,0,0,0.000000,0
595517,1787789916.0,6.0,0,0,0,0.000000,0
595518,1787789922.0,6.0,0,0,0,0.000000,0
595519,1787789928.0,6.0,0,0,0,0.000000,0
595520,1787789934.0,6.0,0,0,0,0.000000,0
595521,1787789940.0,6.0,0,0,0,0.000000,0
595522,1787789946.0,6.0,0,0,0,0.000000,0
595523,1787789952.0,6.0,0,0,0,0.000000,0
595524,1787789958.0,6.0,0,0,0,0.000000,0
595525,1787789964.0,6.0,0,0,0,0.000000,0
595526,1787789970.0,6.0,0,0,0,0.000000,0
595527,1787789976.0,6.0,0,0,0,0.000000,0
595528,1787789982.0,6.0,0,0,0,0.000000,0
595529,1787789988.0,6.0,0,0,0,0.000000,0
595530,1787789994.0,6.0,0,0,0,0.000000,0
595531,1787790000.001,6.000999927520752,0,0,0,0.000000,0
595532,1787790006.001,6.0,0,0,0,0.000000,0
595533,1787790012.001,6.0,0,0,0,0.000000,0
595534,1787790018.001,6.0,0,0,0,0.000000,0
595535,1787790024.0,5.999000072479248,0,0,0,0.000000,0
595536,1787790030.0,6.0,0,0,0,0.000000,0
595537,1787790036.0,6.0,0,0,0,0.000000,0
595538,1787790042.001,6.000999927520752,0,0,0,0.000000,0
595539,1787790048.0,5.999000072479248,0,0,0,0.000000,0
595540,1787790054.0,6.0,0,0,0,0.000000,0
595541,1787790060.001,6.000999927520752,0,0,0,0.000000,0
595542,1787790066.0,5.999000072479248,0,0,0,0.000000,0
595543,1787790072.001,6.000999927520752,0,0,0,0.000000,0
595544,1787790078.0,5.999000072479248,0,0,0,0.000000,0
595545,1787790084.0,6.0,0,0,0,0.000000,0
595546,1787790090.0,6.0,0,0,0,0.000000,0
595547,1787790096.001,6.000999927520752,0,0,0,0.000000,0
595548,1787790102.0,5.999000072479248,0,0,0,0.000000,0
595549,1787790108.001,6.000999927520752,0,0,0,0.000000,0
595550,1787790114.0,5.999000072479248,0,0,0,0.000000,0
595551,1787790120.0,6.0,0,0,0,0.000000,0
595552,1787790126.001,6.000999927520752,1,1,21794,0.108970,1
595553,1787790132.0,5.999000072479248,0,0,0,0.000000,0
595554,1787790138.0,6.0,0,0,0,0.000000,0
595555,1787790144.0,6.0,0,0,0,0.000000,0
595556,1787790150.001,6.000999927520752,0,0,0,0.000000,0
595557,1787790156.001,6.0,0,0,0,0.000000,0
595558,1787790162.0,5.999000072479248,0,0,0,0.000000,0
595559,1787790168.0,6.0,0,0,0,0.000000,0
595560,1787790174.0,6.0,0,0,0,0.000000,0
595561,1787790180.001,6.000999927520752,0,0,0,0.000000,0
595562,1787790186.0,5.999000072479248,0,0,0,0.000000,0
595563,1787790192.0,6.0,0,0,0,0.000000,0
595564,1787790198.0,6.0,0,0,0,0.000000,0
595565,1787790204.0,6.0,0,0,0,0.000000,0
595566,1787790210.0,6.0,0,0,0,0.000000,0
595567,1787790216.001,6.000999927520752,0,0,0,0.000000,0
595568,1787790222.001,6.0,0,0,0,0.000000,0
595569,1787790228.0,5.999000072479248,0,0,0,0.000000,0
595570,1787790234.0,6.0,0,0,0,0.000000,0
595571,1787790240.0,6.0,0,0,0,0.000000,0
595572,1787790246.001,6.000999927520752,0,0,0,0.000000,0
595573,1787790252.001,6.0,0,0,0,0.000000,0
595574,1787790258.0,5.999000072479248,0,0,0,0.000000,0
595575,1787790264.0,6.0,0,0,0,0.000000,0
595576,1787790270.0,6.0,0,0,0,0.000000,0
595577,1787790276.0,6.0,0,0,0,0.000000,0
595578,1787790282.0,6.0,0,0,0,0.000000,0
595579,1787790288.001,6.000999927520752,0,0,0,0.000000,0
595580,1787790294.0,5.999000072479248,0,0,0,0.000000,0
595581,1787790300.0,6.0,0,0,0,0.000000,0
595582,1787790306.0,6.0,0,0,0,0.000000,0
595583,1787790312.001,6.000999927520752,0,0,0,0.000000,0
595584,1787790318.001,6.0,1,1,19691,0.098455,1
595585,1787790324.001,6.0,0,0,0,0.000000,0
595586,1787790330.0,5.999000072479248,0,0,0,0.000000,0
595587,1787790336.0,6.0,0,0,0,0.000000,0
595588,1787790342.001,6.000999927520752,0,0,0,0.000000,0
595589,1787790348.0,5.999000072479248,0,0,0,0.000000,0
595590,1787790354.0,6.0,0,0,0,0.000000,0
595591,1787790360.001,6.000999927520752,0,0,0,0.000000,0
595592,1787790366.001,6.0,0,0,0,0.000000,0
595593,1787790372.0,5.999000072479248,0,0,0,0.000000,0
595594,1787790378.0,6.0,0,0,0,0.000000,0
595595,1787790384.0,6.0,0,0,0,0.000000,0
595596,1787790390.0,6.0,0,0,0,0.000000,0
595597,1787790396.001,6.000999927520752,0,0,0,0.000000,0
595598,1787790402.001,6.0,0,0,0,0.000000,0
595599,1787790408.0,5.999000072479248,1,1,29496,0.147480,1
595600,1787790414.0,6.0,0,0,0,0.000000,0
595601,1787790420.001,6.000999927520752,0,0,0,0.000000,0
595602,1787790426.0,5.999000072479248,0,0,0,0.000000,0
595603,1787790432.0,6.0,0,0,0,0.000000,0
595604,1787790438.0,6.0,0,0,0,0.000000,0
595605,1787790444.0,6.0,1,1,9379,0.046895,1
595606,1787790450.001,6.000999927520752,0,0,0,0.000000,0
595607,1787790456.001,6.0,0,0,0,0.000000,0
595608,1787790462.0,5.999000072479248,0,0,0,0.000000,0
595609,1787790468.001,6.000999927520752,0,0,0,0.000000,0
595610,1787790474.0,5.999000072479248,0,0,0,0.000000,0
595611,1787790480.0,6.0,0,0,0,0.000000,0
595612,1787790486.0,6.0,0,0,0,0.000000,0
595613,1787790492.0,6.0,0,0,0,0.000000,0
595614,1787790498.0,6.0,0,0,0,0.000000,0
595615,1787790504.001,6.000999927520752,0,0,0,0.000000,0
595616,1787790510.0,5.999000072479248,0,0,0,0.000000,0
595617,1787790516.0,6.0,0,0,0,0.000000,0
595618,1787790522.001,6.000999927520752,0,0,0,0.000000,0
595619,1787790528.001,6.0,0,0,0,0.000000,0
595620,1787790534.0,5.999000072479248,0,0,0,0.000000,0
595621,1787790540.0,6.0,0,0,0,0.000000,0
595622,1787790546.001,6.000999927520752,0,0,0,0.000000,0
595623,1787790552.0,5.999000072479248,0,0,0,0.000000,0
595624,1787790558.0,6.0,0,0,0,0.000000,0
595625,1787790564.0,6.0,0,0,0,0.000000,0
595626,1787790570.001,6.000999927520752,0,0,0,0.000000,0
595627,1787790576.0,5.999000072479248,0,0,0,0.000000,0
595628,1787790582.001,6.000999927520752,0,0,0,0.000000,0
595629,1787790588.0,5.999000072479248,0,0,0,0.000000,0
595630,1787790594.0,6.0,0,0,0,0.000000,0
595631,1787790600.001,6.000999927520752,0,0,0,0.000000,0
595632,1787790606.0,5.999000072479248,0,0,0,0.000000,0
595633,1787790612.0,6.0,0,0,0,0.000000,0
595634,1787790618.0,6.0,0,0,0,0.000000,0
595635,1787790624.0,6.0,0,0,0,0.000000,0
595636,1787790630.0,6.0,0,0,0,0.000000,0
595637,1787790636.0,6.0,0,0,0,0.000000,0
595638,1787790642.001,6.000999927520752,0,0,0,0.000000,0
595639,1787790648.001,6.0,0,0,0,0.000000,0
595640,1787790654.001,6.0,0,0,0,0.000000,0
595641,1787790660.001,6.0,0,0,0,0.000000,0
595642,1787790666.0,5.999000072479248,0,0,0,0.000000,0
595643,1787790672.0,6.0,0,0,0,0.000000,0
595644,1787790678.001,6.000999927520752,0,0,0,0.000000,0
595645,1787790684.0,5.999000072479248,0,0,0,0.000000,0
595646,1787790690.0,6.0,0,0,0,0.000000,0
595647,1787790696.0,6.0,0,0,0,0.000000,0
595648,1787790702.001,6.000999927520752,0,0,0,0.000000,0
595649,1787790708.0,5.999000072479248,0,0,0,0.000000,0
595650,1787790714.0,6.0,0,0,0,0.000000,0
595651,1787790720.0,6.0,0,0,0,0.000000,0
595652,1787790726.0,6.0,0,0,0,0.000000,0
595653,1787790732.0,6.0,0,0,0,0.000000,0
595654,1787790738.0,6.0,0,0,0,0.000000,0
595655,1787790744.001,6.000999927520752,0,0,0,0.000000,0
595656,1787790750.0,5.999000072479248,0,0,0,0.000000,0
595657,1787790756.0,6.0,0,0,0,0.000000,0
595658,1787790762.0,6.0,0,0,0,0.000000,0
595659,1787790768.0,6.0,0,0,0,0.000000,0
595660,1787790774.0,6.0,0,0,0,0.000000,0
595661,1787790780.0,6.0,0,0,0,0.000000,0
595662,1787790786.0,6.0,0,0,0,0.000000,0
595663,1787790792.0,6.0,0,0,0,0.000000,0
595664,1787790798.0,6.0,0,0,0,0.000000,0
595665,1787790804.0,6.0,0,0,0,0.000000,0
595666,1787790810.0,6.0,0,0,0,0.000000,0
595667,1787790816.0,6.0,0,0,0,0.000000,0
595668,1787790822.0,6.0,0,0,0,0.000000,0
595669,1787790828.0,6.0,0,0,0,0.000000,0
595670,1787790834.001,6.000999927520752,0,0,0,0.000000,0
595671,1787790840.0,5.999000072479248,0,0,0,0.000000,0
595672,1787790846.0,6.0,0,0,0,0.000000,0
595673,1787790852.0,6.0,0,0,0,0.000000,0
595674,1787790858.001,6.000999927520752,0,0,0,0.000000,0
595675,1787790864.001,6.0,0,0,0,0.000000,0
595676,1787790870.0,5.999000072479248,0,0,0,0.000000,0
595677,1787790876.001,6.000999927520752,0,0,0,0.000000,0
595678,1787790882.0,5.999000072479248,0,0,0,0.000000,0
595679,1787790888.0,6.0,0,0,0,0.000000,0
595680,1787790894.001,6.000999927520752,0,0,0,0.000000,0
595681,1787790900.001,6.0,0,0,0,0.000000,0
595682,1787790906.0,5.999000072479248,0,0,0,0.000000,0
595683,1787790912.0,6.0,0,0,0,0.000000,0
595684,1787790918.0,6.0,0,0,0,0.000000,0
595685,1787790924.0,6.0,0,0,0,0.000000,0
595686,1787790930.0,6.0,0,0,0,0.000000,0
595687,1787790936.001,6.000999927520752,0,0,0,0.000000,0
595688,1787790942.0,5.999000072479248,0,0,0,0.000000,0
595689,1787790948.0,6.0,0,0,0,0.000000,0
595690,1787790954.0,6.0,0,0,0,0.000000,0
595691,1787790960.0,6.0,0,0,0,0.000000,0
595692,1787790966.001,6.000999927520752,0,0,0,0.000000,0
595693,1787790972.001,6.0,0,0,0,0.000000,0
595694,1787790978.0,5.999000072479248,0,0,0,0.000000,0
595695,1787790984.0,6.0,0,0,0,0.000000,0
595696,1787790990.0,6.0,0,0,0,0.000000,0
595697,1787790996.0,6.0,0,0,0,0.000000,0
595698,1787791002.001,6.000999927520752,0,0,0,0.000000,0
595699,1787791008.0,5.999000072479248,0,0,0,0.000000,0
595700,1787791014.0,6.0,0,0,0,0.000000,0
595701,1787791020.0,6.0,0,0,0,0.000000,0
595702,1787791026.0,6.0,0,0,0,0.000000,0
595703,1787791032.0,6.0,0,0,0,0.000000,0
595704,1787791038.0,6.0,0,0,0,0.000000,0
595705,1787791044.0,6.0,0,0,0,0.000000,0
595706,1787791050.0,6.0,0,0,0,0.000000,0
595707,1787791056.0,6.0,0,0,0,0.000000,0
595708,1787791062.0,6.0,0,0,0,0.000000,0
595709,1787791068.0,6.0,0,0,0,0.000000,0
595710,1787791074.0,6.0,0,0,0,0.000000,0
595711,1787791080.0,6.0,0,0,0,0.000000,0
595712,1787791086.0,6.0,0,0,0,0.000000,0
595713,1787791092.001,6.000999927520752,0,0,0,0.000000,0
595714,1787791098.0,5.999000072479248,0,0,0,0.000000,0
595715,1787791104.0,6.0,0,0,0,0.000000,0
595716,1787791110.0,6.0,0,0,0,0.000000,0
595717,1787791116.0,6.0,0,0,0,0.000000,0
595718,1787791122.0,6.0,0,0,0,0.000000,0
595719,1787791128.0,6.0,0,0,0,0.000000,0
595720,1787791134.0,6.0,0,0,0,0.000000,0
595721,1787791140.0,6.0,0,0,0,0.000000,0
595722,1787791146.0,6.0,0,0,0,0.000000,0
595723,1787791152.0,6.0,0,0,0,0.000000,0
595724,1787791158.0,6.0,0,0,0,0.000000,0
595725,1787791164.0,6.0,0,0,0,0.000000,0
595726,1787791170.0,6.0,0,0,0,0.000000,0
595727,1787791176.001,6.000999927520752,0,0,0,0.000000,0
595728,1787791182.0,5.999000072479248,0,0,0,0.000000,0
595729,1787791188.0,6.0,0,0,0,0.000000,0
595730,1787791194.0,6.0,0,0,0,0.000000,0
595731,1787791200.0,6.0,0,0,0,0.000000,0
595732,1787791206.0,6.0,0,0,0,0.000000,0
595733,1787791212.0,6.0,0,0,0,0.000000,0
595734,1787791218.0,6.0,0,0,0,0.000000,0
595735,1787791224.0,6.0,0,0,0,0.000000,0
595736,1787791230.0,6.0,0,0,0,0.000000,0
595737,1787791236.001,6.000999927520752,0,0,0,0.000000,0
595738,1787791242.0,5.999000072479248,0,0,0,0.000000,0
595739,1787791248.0,6.0,0,0,0,0.000000,0
595740,1787791254.0,6.0,0,0,0,0.000000,0
595741,1787791260.0,6.0,0,0,0,0.000000,0
595742,1787791266.0,6.0,0,0,0,0.000000,0
595743,1787791272.0,6.0,0,0,0,0.000000,0
595744,1787791278.0,6.0,0,0,0,0.000000,0
595745,1787791284.0,6.0,0,0,0,0.000000,0
595746,1787791290.0,6.0,0,0,0,0.000000,0
595747,1787791296.0,6.0,0,0,0,0.000000,0
595748,1787791302.0,6.0,0,0,0,0.000000,0
595749,1787791308.0,6.0,0,0,0,0.000000,0
595750,1787791314.0,6.0,0,0,0,0.000000,0
595751,1787791320.0,6.0,0,0,0,0.000000,0
595752,1787791326.0,6.0,0,0,0,0.000000,0
595753,1787791332.0,6.0,0,0,0,0.000000,0
595754,1787791338.0,6.0,0,0,0,0.000000,0
595755,1787791344.0,6.0,0,0,0,0.000000,0
595756,1787791350.001,6.000999927520752,0,0,0,0.000000,0
595757,1787791356.001,6.0,0,0,0,0.000000,0
595758,1787791362.0,5.999000072479248,0,0,0,0.000000,0
595759,1787791368.001,6.000999927520752,0,0,0,0.000000,0
595760,1787791374.001,6.0,0,0,0,0.000000,0
595761,1787791380.0,5.999000072479248,0,0,0,0.000000,0
595762,1787791386.0,6.0,0,0,0,0.000000,0
595763,1787791392.0,6.0,0,0,0,0.000000,0
595764,1787791398.0,6.0,0,0,0,0.000000,0
595765,1787791404.0,6.0,0,0,0,0.000000,0
595766,1787791410.0,6.0,0,0,0,0.000000,0
595767,1787791416.0,6.0,0,0,0,0.000000,0
595768,1787791422.0,6.0,0,0,0,0.000000,0
595769,1787791428.0,6.0,0,0,0,0.000000,0
595770,1787791434.0,6.0,0,0,0,0.000000,0
595771,1787791440.0,6.0,0,0,0,0.000000,0
595772,1787791446.001,6.000999927520752,0,0,0,0.000000,0
595773,1787791452.0,5.999000072479248,0,0,0,0.000000,0
595774,1787791458.0,6.0,0,0,0,0.000000,0
595775,1787791464.0,6.0,0,0,0,0.000000,0
595776,1787791470.0,6.0,0,0,0,0.000000,0
595777,1787791476.0,6.0,0,0,0,0.000000,0
595778,1787791482.001,6.000999927520752,0,0,0,0.000000,0
595779,1787791488.0,5.999000072479248,0,0,0,0.000000,0
595780,1787791494.0,6.0,0,0,0,0.000000,0
595781,1787791500.0,6.0,0,0,0,0.000000,0
595782,1787791506.001,6.000999927520752,0,0,0,0.000000,0
595783,1787791512.0,5.999000072479248,0,0,0,0.000000,0
595784,1787791518.0,6.0,0,0,0,0.000000,0
595785,1787791524.001,6.000999927520752,0,0,0,0.000000,0
595786,1787791530.0,5.999000072479248,0,0,0,0.000000,0
595787,1787791536.001,6.000999927520752,0,0,0,0.000000,0
595788,1787791542.0,5.999000072479248,0,0,0,0.000000,0
595789,1787791548.0,6.0,0,0,0,0.000000,0
595790,1787791554.0,6.0,0,0,0,0.000000,0
595791,1787791560.001,6.000999927520752,0,0,0,0.000000,0
595792,1787791566.0,5.999000072479248,0,0,0,0.000000,0
595793,1787791572.0,6.0,0,0,0,0.000000,0
595794,1787791578.0,6.0,0,0,0,0.000000,0
595795,1787791584.001,6.000999927520752,0,0,0,0.000000,0
595796,1787791590.0,5.999000072479248,0,0,0,0.000000,0
595797,1787791596.0,6.0,0,0,0,0.000000,0
595798,1787791602.0,6.0,0,0,0,0.000000,0
595799,1787791608.0,6.0,0,0,0,0.000000,0
595800,1787791614.001,6.000999927520752,0,0,0,0.000000,0
595801,1787791620.0,5.999000072479248,0,0,0,0.000000,0
595802,1787791626.0,6.0,0,0,0,0.000000,0
595803,1787791632.0,6.0,0,0,0,0.000000,0
595804,1787791638.0,6.0,0,0,0,0.000000,0
595805,1787791644.0,6.0,0,0,0,0.000000,0
595806,1787791650.0,6.0,0,0,0,0.000000,0
595807,1787791656.0,6.0,0,0,0,0.000000,0
595808,1787791662.0,6.0,0,0,0,0.000000,0
595809,1787791668.0,6.0,0,0,0,0.000000,0
595810,1787791674.0,6.0,0,0,0,0.000000,0
595811,1787791680.0,6.0,0,0,0,0.000000,0
595812,1787791686.0,6.0,0,0,0,0.000000,0
595813,1787791692.0,6.0,0,0,0,0.000000,0
595814,1787791698.0,6.0,0,0,0,0.000000,0
595815,1787791704.0,6.0,0,0,0,0.000000,0
595816,1787791710.0,6.0,0,0,0,0.000000,0
595817,1787791716.0,6.0,0,0,0,0.000000,0
595818,1787791722.0,6.0,0,0,0,0.000000,0
595819,1787791728.0,6.0,0,0,0,0.000000,0
595820,1787791734.0,6.0,0,0,0,0.000000,0
595821,1787791740.0,6.0,0,0,0,0.000000,0
595822,1787791746.0,6.0,0,0,0,0.000000,0
595823,1787791752.0,6.0,0,0,0,0.000000,0
595824,1787791758.0,6.0,0,0,0,0.000000,0
595825,1787791764.0,6.0,0,0,0,0.000000,0
595826,1787791770.0,6.0,0,0,0,0.000000,0
595827,1787791776.0,6.0,0,0,0,0.000000,0
595828,1787791782.0,6.0,0,0,0,0.000000,0
595829,1787791788.001,6.000999927520752,0,0,0,0.000000,0
595830,1787791794.0,5.999000072479248,0,0,0,0.000000,0
595831,1787791800.001,6.000999927520752,0,0,0,0.000000,0
595832,1787791806.0,5.999000072479248,0,0,0,0.000000,0
595833,1787791812.0,6.0,0,0,0,0.000000,0
595834,1787791818.0,6.0,0,0,0,0.000000,0
595835,1787791824.0,6.0,0,0,0,0.000000,0
595836,1787791830.001,6.000999927520752,0,0,0,0.000000,0
595837,1787791836.001,6.0,0,0,0,0.000000,0
595838,1787791842.0,5.999000072479248,0,0,0,0.000000,0
595839,1787791848.0,6.0,0,0,0,0.000000,0
595840,1787791854.001,6.000999927520752,0,0,0,0.000000,0
595841,1787791860.0,5.999000072479248,0,0,0,0.000000,0
595842,1787791866.0,6.0,0,0,0,0.000000,0
595843,1787791872.0,6.0,0,0,0,0.000000,0
595844,1787791878.001,6.000999927520752,0,0,0,0.000000,0
595845,1787791884.0,5.999000072479248,0,0,0,0.000000,0
595846,1787791890.0,6.0,0,0,0,0.000000,0
595847,1787791896.0,6.0,0,0,0,0.000000,0
595848,1787791902.0,6.0,0,0,0,0.000000,0
595849,1787791908.001,6.000999927520752,0,0,0,0.000000,0
595850,1787791914.001,6.0,0,0,0,0.000000,0
595851,1787791920.0,5.999000072479248,0,0,0,0.000000,0
595852,1787791926.0,6.0,0,0,0,0.000000,0
595853,1787791932.0,6.0,0,0,0,0.000000,0
595854,1787791938.001,6.000999927520752,0,0,0,0.000000,0
595855,1787791944.0,5.999000072479248,0,0,0,0.000000,0
595856,1787791950.001,6.000999927520752,0,0,0,0.000000,0
595857,1787791956.001,6.0,0,0,0,0.000000,0
595858,1787791962.0,5.999000072479248,0,0,0,0.000000,0
595859,1787791968.0,6.0,0,0,0,0.000000,0
595860,1787791974.0,6.0,0,0,0,0.000000,0
595861,1787791980.0,6.0,0,0,0,0.000000,0
595862,1787791986.001,6.000999927520752,0,0,0,0.000000,0
595863,1787791992.0,5.999000072479248,0,0,0,0.000000,0
595864,1787791998.0,6.0,0,0,0,0.000000,0
595865,1787792004.0,6.0,0,0,0,0.000000,0
595866,1787792010.0,6.0,0,0,0,0.000000,0
595867,1787792016.0,6.0,0,0,0,0.000000,0
595868,1787792022.0,6.0,0,0,0,0.000000,0
595869,1787792028.0,6.0,0,0,0,0.000000,0
595870,1787792034.0,6.0,0,0,0,0.000000,0
595871,1787792040.001,6.000999927520752,0,0,0,0.000000,0
595872,1787792046.0,5.999000072479248,0,0,0,0.000000,0
595873,1787792052.0,6.0,0,0,0,0.000000,0
595874,1787792058.001,6.000999927520752,0,0,0,0.000000,0
595875,1787792064.0,5.999000072479248,0,0,0,0.000000,0
595876,1787792070.001,6.000999927520752,0,0,0,0.000000,0
595877,1787792076.001,6.0,0,0,0,0.000000,0
595878,1787792082.0,5.999000072479248,0,0,0,0.000000,0
595879,1787792088.0,6.0,0,0,0,0.000000,0
595880,1787792094.0,6.0,0,0,0,0.000000,0
595881,1787792100.001,6.000999927520752,0,0,0,0.000000,0
595882,1787792106.0,5.999000072479248,0,0,0,0.000000,0
595883,1787792112.0,6.0,0,0,0,0.000000,0
595884,1787792118.0,6.0,0,0,0,0.000000,0
595885,1787792124.0,6.0,1,1,14230,0.071150,1
595886,1787792130.0,6.0,0,0,0,0.000000,0
595887,1787792136.0,6.0,1,1,4045,0.020225,1
595888,1787792142.0,6.0,0,0,0,0.000000,0
595889,1787792148.0,6.0,0,0,0,0.000000,0
595890,1787792154.0,6.0,0,0,0,0.000000,0
595891,1787792160.0,6.0,1,1,13284,0.066420,1
595892,1787792166.0,6.0,0,0,0,0.000000,0
595893,1787792172.001,6.000999927520752,0,0,0,0.000000,0
595894,1787792178.001,6.0,0,0,0,0.000000,0
595895,1787792184.0,5.999000072479248,0,0,0,0.000000,0
595896,1787792190.001,6.000999927520752,1,1,11974,0.059870,1
595897,1787792196.0,5.999000072479248,0,0,0,0.000000,0
595898,1787792202.0,6.0,0,0,0,0.000000,0
595899,1787792208.001,6.000999927520752,0,0,0,0.000000,0
595900,1787792214.0,5.999000072479248,0,0,0,0.000000,0
595901,1787792220.0,6.0,1,1,642,0.003210,1
595902,1787792226.001,6.000999927520752,0,0,0,0.000000,0
595903,1787792232.0,5.999000072479248,0,0,0,0.000000,0
595904,1787792238.0,6.0,0,0,0,0.000000,0
595905,1787792244.001,6.000999927520752,1,1,9113,0.045565,1
595906,1787792250.0,5.999000072479248,0,0,0,0.000000,0
595907,1787792256.0,6.0,0,0,0,0.000000,0
595908,1787792262.001,6.000999927520752,0,0,0,0.000000,0
595909,1787792268.001,6.0,0,0,0,0.000000,0
595910,1787792274.0,5.999000072479248,0,0,0,0.000000,0
595911,1787792280.0,6.0,0,0,0,0.000000,0
595912,1787792286.001,6.000999927520752,0,0,0,0.000000,0
595913,1787792292.001,6.0,0,0,0,0.000000,0
595914,1787792298.0,5.999000072479248,0,0,0,0.000000,0
595915,1787792304.0,6.0,0,0,0,0.000000,0
595916,1787792310.0,6.0,0,0,0,0.000000,0
595917,1787792316.0,6.0,0,0,0,0.000000,0
595918,1787792322.0,6.0,0,0,0,0.000000,0
595919,1787792328.0,6.0,0,0,0,0.000000,0
595920,1787792334.0,6.0,0,0,0,0.000000,0
595921,1787792340.001,6.000999927520752,0,0,0,0.000000,0
595922,1787792346.0,5.999000072479248,0,0,0,0.000000,0
595923,1787792352.0,6.0,0,0,0,0.000000,0
595924,1787792358.0,6.0,0,0,0,0.000000,0
595925,1787792364.001,6.000999927520752,0,0,0,0.000000,0
595926,1787792370.0,5.999000072479248,0,0,0,0.000000,0
595927,1787792376.0,6.0,0,0,0,0.000000,0
595928,1787792382.0,6.0,0,0,0,0.000000,0
595929,1787792388.0,6.0,0,0,0,0.000000,0
595930,1787792394.0,6.0,0,0,0,0.000000,0
595931,1787792400.0,6.0,0,0,0,0.000000,0
595932,1787792406.001,6.000999927520752,0,0,0,0.000000,0
595933,1787792412.0,5.999000072479248,0,0,0,0.000000,0
595934,1787792418.0,6.0,0,0,0,0.000000,0
595935,1787792424.001,6.000999927520752,0,0,0,0.000000,0
595936,1787792430.0,5.999000072479248,0,0,0,0.000000,0
595937,1787792436.0,6.0,0,0,0,0.000000,0
595938,1787792442.0,6.0,0,0,0,0.000000,0
595939,1787792448.0,6.0,0,0,0,0.000000,0
595940,1787792454.0,6.0,0,0,0,0.000000,0
595941,1787792460.001,6.000999927520752,0,0,0,0.000000,0
595942,1787792466.0,5.999000072479248,0,0,0,0.000000,0
595943,1787792472.0,6.0,0,0,0,0.000000,0
595944,1787792478.0,6.0,0,0,0,0.000000,0
595945,1787792484.0,6.0,0,0,0,0.000000,0
595946,1787792490.0,6.0,0,0,0,0.000000,0
595947,1787792496.0,6.0,0,0,0,0.000000,0
595948,1787792502.0,6.0,0,0,0,0.000000,0
595949,1787792508.0,6.0,0,0,0,0.000000,0
595950,1787792514.0,6.0,0,0,0,0.000000,0
595951,1787792520.0,6.0,0,0,0,0.000000,0
595952,1787792526.0,6.0,0,0,0,0.000000,0
595953,1787792532.0,6.0,0,0,0,0.000000,0
595954,1787792538.001,6.000999927520752,0,0,0,0.000000,0
595955,1787792544.0,5.999000072479248,0,0,0,0.000000,0
595956,1787792550.001,6.000999927520752,0,0,0,0.000000,0
595957,1787792556.0,5.999000072479248,0,0,0,0.000000,0
595958,1787792562.0,6.0,0,0,0,0.000000,0
595959,1787792568.0,6.0,0,0,0,0.000000,0
595960,1787792574.0,6.0,0,0,0,0.000000,0
595961,1787792580.001,6.000999927520752,0,0,0,0.000000,0
595962,1787792586.0,5.999000072479248,0,0,0,0.000000,0
595963,1787792592.0,6.0,0,0,0,0.000000,0
595964,1787792598.0,6.0,0,0,0,0.000000,0
595965,1787792604.0,6.0,0,0,0,0.000000,0
595966,1787792610.0,6.0,0,0,0,0.000000,0
595967,1787792616.001,6.000999927520752,0,0,0,0.000000,0
595968,1787792622.0,5.999000072479248,0,0,0,0.000000,0
595969,1787792628.001,6.000999927520752,0,0,0,0.000000,0
595970,1787792634.0,5.999000072479248,0,0,0,0.000000,0
595971,1787792640.0,6.0,0,0,0,0.000000,0
595972,1787792646.0,6.0,0,0,0,0.000000,0
595973,1787792652.001,6.000999927520752,0,0,0,0.000000,0
595974,1787792658.001,6.0,0,0,0,0.000000,0
595975,1787792664.0,5.999000072479248,0,0,0,0.000000,0
595976,1787792670.0,6.0,0,0,0,0.000000,0
595977,1787792676.001,6.000999927520752,0,0,0,0.000000,0
595978,1787792682.0,5.999000072479248,0,0,0,0.000000,0
595979,1787792688.0,6.0,0,0,0,0.000000,0
595980,1787792694.0,6.0,0,0,0,0.000000,0
595981,1787792700.0,6.0,0,0,0,0.000000,0
595982,1787792706.001,6.000999927520752,0,0,0,0.000000,0
595983,1787792712.0,5.999000072479248,0,0,0,0.000000,0
595984,1787792718.0,6.0,0,0,0,0.000000,0
595985,1787792724.001,6.000999927520752,1,1,21794,0.108970,1
595986,1787792730.0,5.999000072479248,0,0,0,0.000000,0
595987,1787792736.0,6.0,0,0,0,0.000000,0
595988,1787792742.001,6.000999927520752,0,0,0,0.000000,0
595989,1787792748.0,5.999000072479248,0,0,0,0.000000,0
595990,1787792754.0,6.0,0,0,0,0.000000,0
595991,1787792760.001,6.000999927520752,0,0,0,0.000000,0
595992,1787792766.0,5.999000072479248,0,0,0,0.000000,0
595993,1787792772.0,6.0,0,0,0,0.000000,0
595994,1787792778.0,6.0,0,0,0,0.000000,0
595995,1787792784.0,6.0,0,0,0,0.000000,0
595996,1787792790.0,6.0,0,0,0,0.000000,0
595997,1787792796.0,6.0,0,0,0,0.000000,0
595998,1787792802.0,6.0,0,0,0,0.000000,0
595999,1787792808.0,6.0,0,0,0,0.000000,0
596000,1787792814.0,6.0,0,0,0,0.000000,0
596001,1787792820.0,6.0,0,0,0,0.000000,0
596002,1787792826.0,6.0,0,0,0,0.000000,0
596003,1787792832.001,6.000999927520752,0,0,0,0.000000,0
596004,1787792838.0,5.999000072479248,0,0,0,0.000000,0
596005,1787792844.0,6.0,0,0,0,0.000000,0
596006,1787792850.0,6.0,0,0,0,0.000000,0
596007,1787792856.0,6.0,0,0,0,0.000000,0
596008,1787792862.001,6.000999927520752,0,0,0,0.000000,0
596009,1787792868.001,6.0,0,0,0,0.000000,0
596010,1787792874.0,5.999000072479248,0,0,0,0.000000,0
596011,1787792880.0,6.0,0,0,0,0.000000,0
596012,1787792886.001,6.000999927520752,0,0,0,0.000000,0
596013,1787792892.0,5.999000072479248,0,0,0,0.000000,0
596014,1787792898.0,6.0,0,0,0,0.000000,0
596015,1787792904.001,6.000999927520752,0,0,0,0.000000,0
596016,1787792910.0,5.999000072479248,0,0,0,0.000000,0
596017,1787792916.001,6.000999927520752,0,0,0,0.000000,0
596018,1787792922.001,6.0,0,0,0,0.000000,0
596019,1787792928.0,5.999000072479248,0,0,0,0.000000,0
596020,1787792934.0,6.0,0,0,0,0.000000,0
596021,1787792940.001,6.000999927520752,0,0,0,0.000000,0
596022,1787792946.001,6.0,1,1,14199,0.070995,1
596023,1787792952.001,6.0,0,0,0,0.000000,0
596024,1787792958.001,6.0,0,0,0,0.000000,0
596025,1787792964.0,5.999000072479248,0,0,0,0.000000,0
596026,1787792970.0,6.0,0,0,0,0.000000,0
596027,1787792976.001,6.000999927520752,0,0,0,0.000000,0
596028,1787792982.0,5.999000072479248,0,0,0,0.000000,0
596029,1787792988.0,6.0,0,0,0,0.000000,0
596030,1787792994.0,6.0,0,0,0,0.000000,0
596031,1787793000.0,6.0,0,0,0,0.000000,0
596032,1787793006.001,6.000999927520752,0,0,0,0.000000,0
596033,1787793012.0,5.999000072479248,0,0,0,0.000000,0
596034,1787793018.0,6.0,0,0,0,0.000000,0
596035,1787793024.0,6.0,0,0,0,0.000000,0
596036,1787793030.001,6.000999927520752,0,0,0,0.000000,0
596037,1787793036.0,5.999000072479248,0,0,0,0.000000,0
596038,1787793042.0,6.0,0,0,0,0.000000,0
596039,1787793048.0,6.0,0,0,0,0.000000,0
596040,1787793054.0,6.0,0,0,0,0.000000,0
596041,1787793060.0,6.0,0,0,0,0.000000,0
596042,1787793066.001,6.000999927520752,0,0,0,0.000000,0
596043,1787793072.0,5.999000072479248,0,0,0,0.000000,0
596044,1787793078.0,6.0,0,0,0,0.000000,0
596045,1787793084.0,6.0,0,0,0,0.000000,0
596046,1787793090.0,6.0,0,0,0,0.000000,0
596047,1787793096.0,6.0,0,0,0,0.000000,0
596048,1787793102.0,6.0,1,1,13283,0.066415,1
596049,1787793108.001,6.000999927520752,0,0,0,0.000000,0
596050,1787793114.0,5.999000072479248,0,0,0,0.000000,0
596051,1787793120.0,6.0,0,0,0,0.000000,0
596052,1787793126.0,6.0,0,0,0,0.000000,0
596053,1787793132.0,6.0,1,1,11974,0.059870,1
596054,1787793138.0,6.0,0,0,0,0.000000,0
596055,1787793144.0,6.0,0,0,0,0.000000,0
596056,1787793150.0,6.0,0,0,0,0.000000,0
596057,1787793156.0,6.0,0,0,0,0.000000,0
596058,1787793162.0,6.0,0,0,0,0.000000,0
596059,1787793168.0,6.0,0,0,0,0.000000,0
596060,1787793174.0,6.0,0,0,0,0.000000,0
596061,1787793180.0,6.0,0,0,0,0.000000,0
596062,1787793186.001,6.000999927520752,0,0,0,0.000000,0
596063,1787793192.0,5.999000072479248,0,0,0,0.000000,0
596064,1787793198.0,6.0,1,1,9106,0.045530,1
596065,1787793204.0,6.0,0,0,0,0.000000,0
596066,1787793210.0,6.0,0,0,0,0.000000,0
596067,1787793216.0,6.0,0,0,0,0.000000,0
596068,1787793222.0,6.0,0,0,0,0.000000,0
596069,1787793228.0,6.0,0,0,0,0.000000,0
596070,1787793234.0,6.0,0,0,0,0.000000,0
596071,1787793240.0,6.0,0,0,0,0.000000,0
596072,1787793246.0,6.0,0,0,0,0.000000,0
596073,1787793252.0,6.0,0,0,0,0.000000,0
596074,1787793258.0,6.0,0,0,0,0.000000,0
596075,1787793264.0,6.0,0,0,0,0.000000,0
596076,1787793270.0,6.0,0,0,0,0.000000,0
596077,1787793276.0,6.0,0,0,0,0.000000,0
596078,1787793282.0,6.0,0,0,0,0.000000,0
596079,1787793288.0,6.0,0,0,0,0.000000,0
596080,1787793294.0,6.0,0,0,0,0.000000,0
596081,1787793300.0,6.0,0,0,0,0.000000,0
596082,1787793306.0,6.0,0,0,0,0.000000,0
596083,1787793312.0,6.0,0,0,0,0.000000,0
596084,1787793318.0,6.0,0,0,0,0.000000,0
596085,1787793324.0,6.0,0,0,0,0.000000,0
596086,1787793330.001,6.000999927520752,0,0,0,0.000000,0
596087,1787793336.0,5.999000072479248,0,0,0,0.000000,0
596088,1787793342.0,6.0,0,0,0,0.000000,0
596089,1787793348.0,6.0,1,1,21794,0.108970,1
596090,1787793354.0,6.0,0,0,0,0.000000,0
596091,1787793360.0,6.0,0,0,0,0.000000,0
596092,1787793366.0,6.0,0,0,0,0.000000,0
596093,1787793372.001,6.000999927520752,0,0,0,0.000000,0
596094,1787793378.0,5.999000072479248,0,0,0,0.000000,0
596095,1787793384.0,6.0,0,0,0,0.000000,0
596096,1787793390.0,6.0,0,0,0,0.000000,0
596097,1787793396.0,6.0,0,0,0,0.000000,0
596098,1787793402.0,6.0,0,0,0,0.000000,0
596099,1787793408.0,6.0,0,0,0,0.000000,0
596100,1787793414.0,6.0,0,0,0,0.000000,0
596101,1787793420.0,6.0,0,0,0,0.000000,0
596102,1787793426.0,6.0,0,0,0,0.000000,0
596103,1787793432.0,6.0,0,0,0,0.000000,0
596104,1787793438.001,6.000999927520752,0,0,0,0.000000,0
596105,1787793444.001,6.0,0,0,0,0.000000,0
596106,1787793450.0,5.999000072479248,0,0,0,0.000000,0
596107,1787793456.001,6.000999927520752,0,0,0,0.000000,0
596108,1787793462.001,6.0,0,0,0,0.000000,0
596109,1787793468.0,5.999000072479248,0,0,0,0.000000,0
596110,1787793474.001,6.000999927520752,0,0,0,0.000000,0
596111,1787793480.0,5.999000072479248,0,0,0,0.000000,0
596112,1787793486.0,6.0,0,0,0,0.000000,0
596113,1787793492.001,6.000999927520752,0,0,0,0.000000,0
596114,1787793498.001,6.0,0,0,0,0.000000,0
596115,1787793504.0,5.999000072479248,0,0,0,0.000000,0
596116,1787793510.0,6.0,0,0,0,0.000000,0
596117,1787793516.001,6.000999927520752,0,0,0,0.000000,0
596118,1787793522.001,6.0,0,0,0,0.000000,0
596119,1787793528.0,5.999000072479248,0,0,0,0.000000,0
596120,1787793534.001,6.000999927520752,0,0,0,0.000000,0
596121,1787793540.0,5.999000072479248,0,0,0,0.000000,0
596122,1787793546.0,6.0,0,0,0,0.000000,0
596123,1787793552.0,6.0,0,0,0,0.000000,0
596124,1787793558.0,6.0,0,0,0,0.000000,0
596125,1787793564.001,6.000999927520752,0,0,0,0.000000,0
596126,1787793570.0,5.999000072479248,0,0,0,0.000000,0
596127,1787793576.0,6.0,0,0,0,0.000000,0
596128,1787793582.0,6.0,0,0,0,0.000000,0
596129,1787793588.0,6.0,0,0,0,0.000000,0
596130,1787793594.0,6.0,0,0,0,0.000000,0
596131,1787793600.001,6.000999927520752,0,0,0,0.000000,0
596132,1787793606.001,6.0,1,1,29451,0.147255,1
596133,1787793612.0,5.999000072479248,0,0,0,0.000000,0
596134,1787793618.0,6.0,0,0,0,0.000000,0
596135,1787793624.001,6.000999927520752,0,0,0,0.000000,0
596136,1787793630.0,5.999000072479248,0,0,0,0.000000,0
596137,1787793636.001,6.000999927520752,0,0,0,0.000000,0
596138,1787793642.0,5.999000072479248,0,0,0,0.000000,0
596139,1787793648.0,6.0,0,0,0,0.000000,0
596140,1787793654.001,6.000999927520752,0,0,0,0.000000,0
596141,1787793660.0,5.999000072479248,0,0,0,0.000000,0
596142,1787793666.0,6.0,0,0,0,0.000000,0
596143,1787793672.0,6.0,0,0,0,0.000000,0
596144,1787793678.0,6.0,0,0,0,0.000000,0
596145,1787793684.0,6.0,0,0,0,0.000000,0
596146,1787793690.001,6.000999927520752,0,0,0,0.000000,0
596147,1787793696.001,6.0,0,0,0,0.000000,0
596148,1787793702.0,5.999000072479248,0,0,0,0.000000,0
596149,1787793708.0,6.0,0,0,0,0.000000,0
596150,1787793714.0,6.0,0,0,0,0.000000,0
596151,1787793720.001,6.000999927520752,0,0,0,0.000000,0
596152,1787793726.0,5.999000072479248,0,0,0,0.000000,0
596153,1787793732.0,6.0,0,0,0,0.000000,0
596154,1787793738.0,6.0,0,0,0,0.000000,0
596155,1787793744.0,6.0,0,0,0,0.000000,0
596156,1787793750.001,6.000999927520752,0,0,0,0.000000,0
596157,1787793756.001,6.0,0,0,0,0.000000,0
596158,1787793762.001,6.0,0,0,0,0.000000,0
596159,1787793768.0,5.999000072479248,0,0,0,0.000000,0
596160,1787793774.001,6.000999927520752,0,0,0,0.000000,0
596161,1787793780.0,5.999000072479248,0,0,0,0.000000,0
596162,1787793786.001,6.000999927520752,0,0,0,0.000000,0
596163,1787793792.0,5.999000072479248,0,0,0,0.000000,0
596164,1787793798.001,6.000999927520752,0,0,0,0.000000,0
596165,1787793804.0,5.999000072479248,0,0,0,0.000000,0
596166,1787793810.0,6.0,0,0,0,0.000000,0
596167,1787793816.0,6.0,0,0,0,0.000000,0
596168,1787793822.0,6.0,0,0,0,0.000000,0
596169,1787793828.0,6.0,0,0,0,0.000000,0
596170,1787793834.0,6.0,0,0,0,0.000000,0
596171,1787793840.001,6.000999927520752,0,0,0,0.000000,0
596172,1787793846.0,5.999000072479248,0,0,0,0.000000,0
596173,1787793852.0,6.0,0,0,0,0.000000,0
596174,1787793858.0,6.0,1,1,4046,0.020230,1
596175,1787793864.0,6.0,0,0,0,0.000000,0
596176,1787793870.0,6.0,0,0,0,0.000000,0
596177,1787793876.001,6.000999927520752,0,0,0,0.000000,0
596178,1787793882.0,5.999000072479248,0,0,0,0.000000,0
596179,1787793888.0,6.0,0,0,0,0.000000,0
596180,1787793894.0,6.0,0,0,0,0.000000,0
596181,1787793900.0,6.0,0,0,0,0.000000,0
596182,1787793906.0,6.0,0,0,0,0.000000,0
596183,1787793912.001,6.000999927520752,0,0,0,0.000000,0
596184,1787793918.0,5.999000072479248,0,0,0,0.000000,0
596185,1787793924.0,6.0,0,0,0,0.000000,0
596186,1787793930.0,6.0,0,0,0,0.000000,0
596187,1787793936.001,6.000999927520752,0,0,0,0.000000,0
596188,1787793942.0,5.999000072479248,0,0,0,0.000000,0
596189,1787793948.0,6.0,0,0,0,0.000000,0
596190,1787793954.0,6.0,0,0,0,0.000000,0
596191,1787793960.0,6.0,0,0,0,0.000000,0
596192,1787793966.001,6.000999927520752,0,0,0,0.000000,0
596193,1787793972.001,6.0,0,0,0,0.000000,0
596194,1787793978.0,5.999000072479248,0,0,0,0.000000,0
596195,1787793984.0,6.0,0,0,0,0.000000,0
596196,1787793990.0,6.0,0,0,0,0.000000,0
596197,1787793996.0,6.0,0,0,0,0.000000,0
596198,1787794002.001,6.000999927520752,0,0,0,0.000000,0
596199,1787794008.001,6.0,0,0,0,0.000000,0
596200,1787794014.0,5.999000072479248,0,0,0,0.000000,0
596201,1787794020.001,6.000999927520752,0,0,0,0.000000,0
596202,1787794026.0,5.999000072479248,0,0,0,0.000000,0
596203,1787794032.0,6.0,0,0,0,0.000000,0
596204,1787794038.001,6.000999927520752,0,0,0,0.000000,0
596205,1787794044.0,5.999000072479248,0,0,0,0.000000,0
596206,1787794050.0,6.0,0,0,0,0.000000,0
596207,1787794056.001,6.000999927520752,0,0,0,0.000000,0
596208,1787794062.0,5.999000072479248,0,0,0,0.000000,0
596209,1787794068.001,6.000999927520752,0,0,0,0.000000,0
596210,1787794074.0,5.999000072479248,0,0,0,0.000000,0
596211,1787794080.0,6.0,0,0,0,0.000000,0
596212,1787794086.0,6.0,0,0,0,0.000000,0
596213,1787794092.0,6.0,0,0,0,0.000000,0
596214,1787794098.0,6.0,0,0,0,0.000000,0
596215,1787794104.001,6.000999927520752,0,0,0,0.000000,0
596216,1787794110.0,5.999000072479248,0,0,0,0.000000,0
596217,1787794116.0,6.0,0,0,0,0.000000,0
596218,1787794122.0,6.0,0,0,0,0.000000,0
596219,1787794128.0,6.0,0,0,0,0.000000,0
596220,1787794134.001,6.000999927520752,0,0,0,0.000000,0
596221,1787794140.0,5.999000072479248,0,0,0,0.000000,0
596222,1787794146.001,6.000999927520752,0,0,0,0.000000,0
596223,1787794152.0,5.999000072479248,0,0,0,0.000000,0
596224,1787794158.001,6.000999927520752,0,0,0,0.000000,0
596225,1787794164.0,5.999000072479248,0,0,0,0.000000,0
596226,1787794170.001,6.000999927520752,0,0,0,0.000000,0
596227,1787794176.0,5.999000072479248,0,0,0,0.000000,0
596228,1787794182.0,6.0,0,0,0,0.000000,0
596229,1787794188.0,6.0,0,0,0,0.000000,0
596230,1787794194.001,6.000999927520752,0,0,0,0.000000,0
596231,1787794200.0,5.999000072479248,0,0,0,0.000000,0
596232,1787794206.0,6.0,0,0,0,0.000000,0
596233,1787794212.0,6.0,0,0,0,0.000000,0
596234,1787794218.0,6.0,0,0,0,0.000000,0
596235,1787794224.0,6.0,0,0,0,0.000000,0
596236,1787794230.0,6.0,0,0,0,0.000000,0
596237,1787794236.0,6.0,0,0,0,0.000000,0
596238,1787794242.0,6.0,0,0,0,0.000000,0
596239,1787794248.0,6.0,0,0,0,0.000000,0
596240,1787794254.0,6.0,0,0,0,0.000000,0
596241,1787794260.0,6.0,0,0,0,0.000000,0
596242,1787794266.0,6.0,0,0,0,0.000000,0
596243,1787794272.0,6.0,0,0,0,0.000000,0
596244,1787794278.0,6.0,0,0,0,0.000000,0
596245,1787794284.0,6.0,0,0,0,0.000000,0
596246,1787794290.0,6.0,0,0,0,0.000000,0
596247,1787794296.001,6.000999927520752,0,0,0,0.000000,0
596248,1787794302.0,5.999000072479248,0,0,0,0.000000,0
596249,1787794308.0,6.0,0,0,0,0.000000,0
596250,1787794314.001,6.000999927520752,0,0,0,0.000000,0
596251,1787794320.0,5.999000072479248,0,0,0,0.000000,0
596252,1787794326.001,6.000999927520752,0,0,0,0.000000,0
596253,1787794332.001,6.0,0,0,0,0.000000,0
596254,1787794338.0,5.999000072479248,0,0,0,0.000000,0
596255,1787794344.0,6.0,0,0,0,0.000000,0
596256,1787794350.0,6.0,0,0,0,0.000000,0
596257,1787794356.0,6.0,0,0,0,0.000000,0
596258,1787794362.0,6.0,0,0,0,0.000000,0
596259,1787794368.0,6.0,0,0,0,0.000000,0
596260,1787794374.0,6.0,0,0,0,0.000000,0
596261,1787794380.001,6.000999927520752,0,0,0,0.000000,0
596262,1787794386.0,5.999000072479248,0,0,0,0.000000,0
596263,1787794392.0,6.0,0,0,0,0.000000,0
596264,1787794398.0,6.0,0,0,0,0.000000,0
596265,1787794404.0,6.0,0,0,0,0.000000,0
596266,1787794410.0,6.0,0,0,0,0.000000,0
596267,1787794416.0,6.0,0,0,0,0.000000,0
596268,1787794422.001,6.000999927520752,0,0,0,0.000000,0
596269,1787794428.0,5.999000072479248,0,0,0,0.000000,0
596270,1787794434.001,6.000999927520752,0,0,0,0.000000,0
596271,1787794440.001,6.0,0,0,0,0.000000,0
596272,1787794446.0,5.999000072479248,0,0,0,0.000000,0
596273,1787794452.0,6.0,0,0,0,0.000000,0
596274,1787794458.001,6.000999927520752,0,0,0,0.000000,0
596275,1787794464.0,5.999000072479248,0,0,0,0.000000,0
596276,1787794470.001,6.000999927520752,0,0,0,0.000000,0
596277,1787794476.001,6.0,0,0,0,0.000000,0
596278,1787794482.001,6.0,0,0,0,0.000000,0
596279,1787794488.0,5.999000072479248,0,0,0,0.000000,0
596280,1787794494.001,6.000999927520752,0,0,0,0.000000,0
596281,1787794500.0,5.999000072479248,0,0,0,0.000000,0
596282,1787794506.001,6.000999927520752,0,0,0,0.000000,0
596283,1787794512.0,5.999000072479248,0,0,0,0.000000,0
596284,1787794518.001,6.000999927520752,0,0,0,0.000000,0
596285,1787794524.0,5.999000072479248,0,0,0,0.000000,0
596286,1787794530.001,6.000999927520752,0,0,0,0.000000,0
596287,1787794536.0,5.999000072479248,0,0,0,0.000000,0
596288,1787794542.0,6.0,0,0,0,0.000000,0
596289,1787794548.0,6.0,0,0,0,0.000000,0
596290,1787794554.001,6.000999927520752,0,0,0,0.000000,0
596291,1787794560.0,5.999000072479248,0,0,0,0.000000,0
596292,1787794566.001,6.000999927520752,0,0,0,0.000000,0
596293,1787794572.0,5.999000072479248,0,0,0,0.000000,0
596294,1787794578.001,6.000999927520752,0,0,0,0.000000,0
596295,1787794584.0,5.999000072479248,0,0,0,0.000000,0
596296,1787794590.0,6.0,0,0,0,0.000000,0
596297,1787794596.0,6.0,0,0,0,0.000000,0
596298,1787794602.0,6.0,0,0,0,0.000000,0
596299,1787794608.0,6.0,0,0,0,0.000000,0
596300,1787794614.0,6.0,0,0,0,0.000000,0
596301,1787794620.0,6.0,0,0,0,0.000000,0
596302,1787794626.001,6.000999927520752,0,0,0,0.000000,0
596303,1787794632.0,5.999000072479248,0,0,0,0.000000,0
596304,1787794638.0,6.0,0,0,0,0.000000,0
596305,1787794644.001,6.000999927520752,0,0,0,0.000000,0
596306,1787794650.0,5.999000072479248,0,0,0,0.000000,0
596307,1787794656.0,6.0,0,0,0,0.000000,0
596308,1787794662.001,6.000999927520752,0,0,0,0.000000,0
596309,1787794668.0,5.999000072479248,0,0,0,0.000000,0
596310,1787794674.0,6.0,0,0,0,0.000000,0
596311,1787794680.0,6.0,0,0,0,0.000000,0
596312,1787794686.001,6.000999927520752,0,0,0,0.000000,0
596313,1787794692.0,5.999000072479248,0,0,0,0.000000,0
596314,1787794698.001,6.000999927520752,0,0,0,0.000000,0
596315,1787794704.0,5.999000072479248,0,0,0,0.000000,0
596316,1787794710.0,6.0,0,0,0,0.000000,0
596317,1787794716.0,6.0,0,0,0,0.000000,0
596318,1787794722.0,6.0,0,0,0,0.000000,0
596319,1787794728.0,6.0,0,0,0,0.000000,0
596320,1787794734.001,6.000999927520752,0,0,0,0.000000,0
596321,1787794740.0,5.999000072479248,0,0,0,0.000000,0
596322,1787794746.0,6.0,0,0,0,0.000000,0
596323,1787794752.0,6.0,0,0,0,0.000000,0
596324,1787794758.0,6.0,0,0,0,0.000000,0
596325,1787794764.001,6.000999927520752,0,0,0,0.000000,0
596326,1787794770.0,5.999000072479248,0,0,0,0.000000,0
596327,1787794776.0,6.0,0,0,0,0.000000,0
596328,1787794782.001,6.000999927520752,0,0,0,0.000000,0
596329,1787794788.001,6.0,0,0,0,0.000000,0
596330,1787794794.0,5.999000072479248,0,0,0,0.000000,0
596331,1787794800.0,6.0,0,0,0,0.000000,0
596332,1787794806.001,6.000999927520752,0,0,0,0.000000,0
596333,1787794812.0,5.999000072479248,0,0,0,0.000000,0
596334,1787794818.0,6.0,0,0,0,0.000000,0
596335,1787794824.001,6.000999927520752,0,0,0,0.000000,0
596336,1787794830.0,5.999000072479248,0,0,0,0.000000,0
596337,1787794836.001,6.000999927520752,0,0,0,0.000000,0
596338,1787794842.001,6.0,0,0,0,0.000000,0
596339,1787794848.0,5.999000072479248,0,0,0,0.000000,0
596340,1787794854.001,6.000999927520752,0,0,0,0.000000,0
596341,1787794860.001,6.0,0,0,0,0.000000,0
596342,1787794866.001,6.0,0,0,0,0.000000,0
596343,1787794872.0,5.999000072479248,0,0,0,0.000000,0
596344,1787794878.0,6.0,0,0,0,0.000000,0
596345,1787794884.0,6.0,0,0,0,0.000000,0
596346,1787794890.0,6.0,0,0,0,0.000000,0
596347,1787794896.001,6.000999927520752,0,0,0,0.000000,0
596348,1787794902.001,6.0,0,0,0,0.000000,0
596349,1787794908.0,5.999000072479248,0,0,0,0.000000,0
596350,1787794914.001,6.000999927520752,0,0,0,0.000000,0
596351,1787794920.001,6.0,0,0,0,0.000000,0
596352,1787794926.0,5.999000072479248,0,0,0,0.000000,0
596353,1787794932.001,6.000999927520752,0,0,0,0.000000,0
596354,1787794938.0,5.999000072479248,0,0,0,0.000000,0
596355,1787794944.0,6.0,0,0,0,0.000000,0
596356,1787794950.001,6.000999927520752,0,0,0,0.000000,0
596357,1787794956.0,5.999000072479248,0,0,0,0.000000,0
596358,1787794962.0,6.0,0,0,0,0.000000,0
596359,1787794968.0,6.0,0,0,0,0.000000,0
596360,1787794974.0,6.0,0,0,0,0.000000,0
596361,1787794980.001,6.000999927520752,0,0,0,0.000000,0
596362,1787794986.0,5.999000072479248,0,0,0,0.000000,0
596363,1787794992.0,6.0,0,0,0,0.000000,0
596364,1787794998.001,6.000999927520752,0,0,0,0.000000,0
596365,1787795004.0,5.999000072479248,0,0,0,0.000000,0
596366,1787795010.0,6.0,0,0,0,0.000000,0
596367,1787795016.001,6.000999927520752,0,0,0,0.000000,0
596368,1787795022.001,6.0,0,0,0,0.000000,0
596369,1787795028.0,5.999000072479248,0,0,0,0.000000,0
596370,1787795034.0,6.0,0,0,0,0.000000,0
596371,1787795040.0,6.0,0,0,0,0.000000,0
596372,1787795046.0,6.0,0,0,0,0.000000,0
596373,1787795052.001,6.000999927520752,0,0,0,0.000000,0
596374,1787795058.0,5.999000072479248,0,0,0,0.000000,0
596375,1787795064.0,6.0,0,0,0,0.000000,0
596376,1787795070.0,6.0,0,0,0,0.000000,0
596377,1787795076.0,6.0,0,0,0,0.000000,0
596378,1787795082.0,6.0,0,0,0,0.000000,0
596379,1787795088.0,6.0,0,0,0,0.000000,0
596380,1787795094.0,6.0,0,0,0,0.000000,0
596381,1787795100.001,6.000999927520752,0,0,0,0.000000,0
596382,1787795106.001,6.0,0,0,0,0.000000,0
596383,1787795112.0,5.999000072479248,0,0,0,0.000000,0
596384,1787795118.001,6.000999927520752,0,0,0,0.000000,0
596385,1787795124.0,5.999000072479248,0,0,0,0.000000,0
596386,1787795130.001,6.000999927520752,0,0,0,0.000000,0
596387,1787795136.001,6.0,0,0,0,0.000000,0
596388,1787795142.001,6.0,0,0,0,0.000000,0
596389,1787795148.0,5.999000072479248,0,0,0,0.000000,0
596390,1787795154.001,6.000999927520752,0,0,0,0.000000,0
596391,1787795160.001,6.0,0,0,0,0.000000,0
596392,1787795166.001,6.0,0,0,0,0.000000,0
596393,1787795172.0,5.999000072479248,0,0,0,0.000000,0
596394,1787795178.0,6.0,0,0,0,0.000000,0
596395,1787795184.0,6.0,0,0,0,0.000000,0
596396,1787795190.0,6.0,0,0,0,0.000000,0
596397,1787795196.001,6.000999927520752,0,0,0,0.000000,0
596398,1787795202.0,5.999000072479248,0,0,0,0.000000,0
596399,1787795208.0,6.0,0,0,0,0.000000,0
596400,1787795214.001,6.000999927520752,0,0,0,0.000000,0
596401,1787795220.0,5.999000072479248,0,0,0,0.000000,0
596402,1787795226.0,6.0,0,0,0,0.000000,0
596403,1787795232.001,6.000999927520752,0,0,0,0.000000,0
596404,1787795238.0,5.999000072479248,0,0,0,0.000000,0
596405,1787795244.0,6.0,0,0,0,0.000000,0
596406,1787795250.0,6.0,0,0,0,0.000000,0
596407,1787795256.0,6.0,0,0,0,0.000000,0
596408,1787795262.0,6.0,0,0,0,0.000000,0
596409,1787795268.0,6.0,0,0,0,0.000000,0
596410,1787795274.0,6.0,0,0,0,0.000000,0
596411,1787795280.0,6.0,0,0,0,0.000000,0
596412,1787795286.0,6.0,0,0,0,0.000000,0
596413,1787795292.0,6.0,0,0,0,0.000000,0
596414,1787795298.0,6.0,0,0,0,0.000000,0
596415,1787795304.001,6.000999927520752,0,0,0,0.000000,0
596416,1787795310.001,6.0,0,0,0,0.000000,0
596417,1787795316.0,5.999000072479248,0,0,0,0.000000,0
596418,1787795322.0,6.0,0,0,0,0.000000,0
596419,1787795328.0,6.0,0,0,0,0.000000,0
596420,1787795334.0,6.0,0,0,0,0.000000,0
596421,1787795340.001,6.000999927520752,0,0,0,0.000000,0
596422,1787795346.001,6.0,0,0,0,0.000000,0
596423,1787795352.001,6.0,0,0,0,0.000000,0
596424,1787795358.0,5.999000072479248,0,0,0,0.000000,0
596425,1787795364.001,6.000999927520752,0,0,0,0.000000,0
596426,1787795370.0,5.999000072479248,0,0,0,0.000000,0
596427,1787795376.0,6.0,0,0,0,0.000000,0
596428,1787795382.0,6.0,0,0,0,0.000000,0
596429,1787795388.0,6.0,0,0,0,0.000000,0
596430,1787795394.0,6.0,0,0,0,0.000000,0
596431,1787795400.001,6.000999927520752,0,0,0,0.000000,0
596432,1787795406.001,6.0,0,0,0,0.000000,0
596433,1787795412.0,5.999000072479248,0,0,0,0.000000,0
596434,1787795418.001,6.000999927520752,0,0,0,0.000000,0
596435,1787795424.0,5.999000072479248,0,0,0,0.000000,0
596436,1787795430.0,6.0,0,0,0,0.000000,0
596437,1787795436.001,6.000999927520752,0,0,0,0.000000,0
596438,1787795442.0,5.999000072479248,0,0,0,0.000000,0
596439,1787795448.0,6.0,0,0,0,0.000000,0
596440,1787795454.0,6.0,1,1,14230,0.071150,1
596441,1787795460.0,6.0,0,0,0,0.000000,0
596442,1787795466.0,6.0,0,0,0,0.000000,0
596443,1787795472.001,6.000999927520752,0,0,0,0.000000,0
596444,1787795478.0,5.999000072479248,1,1,13284,0.066420,1
596445,1787795484.0,6.0,0,0,0,0.000000,0
596446,1787795490.001,6.000999927520752,0,0,0,0.000000,0
596447,1787795496.0,5.999000072479248,0,0,0,0.000000,0
596448,1787795502.0,6.0,0,0,0,0.000000,0
596449,1787795508.001,6.000999927520752,0,0,0,0.000000,0
596450,1787795514.0,5.999000072479248,1,1,11974,0.059870,1
596451,1787795520.0,6.0,0,0,0,0.000000,0
596452,1787795526.001,6.000999927520752,0,0,0,0.000000,0
596453,1787795532.0,5.999000072479248,0,0,0,0.000000,0
596454,1787795538.001,6.000999927520752,0,0,0,0.000000,0
596455,1787795544.0,5.999000072479248,0,0,0,0.000000,0
596456,1787795550.001,6.000999927520752,0,0,0,0.000000,0
596457,1787795556.0,5.999000072479248,0,0,0,0.000000,0
596458,1787795562.001,6.000999927520752,0,0,0,0.000000,0
596459,1787795568.0,5.999000072479248,0,0,0,0.000000,0
596460,1787795574.0,6.0,0,0,0,0.000000,0
596461,1787795580.0,6.0,1,1,9113,0.045565,1
596462,1787795586.0,6.0,0,0,0,0.000000,0
596463,1787795592.0,6.0,0,0,0,0.000000,0
596464,1787795598.0,6.0,0,0,0,0.000000,0
596465,1787795604.0,6.0,0,0,0,0.000000,0
596466,1787795610.001,6.000999927520752,0,0,0,0.000000,0
596467,1787795616.0,5.999000072479248,1,1,4046,0.020230,1
596468,1787795622.0,6.0,0,0,0,0.000000,0
596469,1787795628.0,6.0,1,1,9451,0.047255,1
596470,1787795634.001,6.000999927520752,0,0,0,0.000000,0
596471,1787795640.0,5.999000072479248,0,0,0,0.000000,0
596472,1787795646.0,6.0,0,0,0,0.000000,0
596473,1787795652.0,6.0,0,0,0,0.000000,0
596474,1787795658.0,6.0,0,0,0,0.000000,0
596475,1787795664.0,6.0,0,0,0,0.000000,0
596476,1787795670.001,6.000999927520752,0,0,0,0.000000,0
596477,1787795676.0,5.999000072479248,0,0,0,0.000000,0
596478,1787795682.0,6.0,0,0,0,0.000000,0
596479,1787795688.0,6.0,0,0,0,0.000000,0
596480,1787795694.0,6.0,0,0,0,0.000000,0
596481,1787795700.0,6.0,0,0,0,0.000000,0
596482,1787795706.001,6.000999927520752,0,0,0,0.000000,0
596483,1787795712.001,6.0,0,0,0,0.000000,0
596484,1787795718.0,5.999000072479248,0,0,0,0.000000,0
596485,1787795724.0,6.0,0,0,0,0.000000,0
596486,1787795730.001,6.000999927520752,0,0,0,0.000000,0
596487,1787795736.0,5.999000072479248,0,0,0,0.000000,0
596488,1787795742.0,6.0,0,0,0,0.000000,0
596489,1787795748.0,6.0,0,0,0,0.000000,0
596490,1787795754.0,6.0,0,0,0,0.000000,0
596491,1787795760.0,6.0,0,0,0,0.000000,0
596492,1787795766.0,6.0,0,0,0,0.000000,0
596493,1787795772.0,6.0,1,1,21792,0.108960,1
596494,1787795778.0,6.0,0,0,0,0.000000,0
596495,1787795784.0,6.0,0,0,0,0.000000,0
596496,1787795790.0,6.0,0,0,0,0.000000,0
596497,1787795796.0,6.0,0,0,0,0.000000,0
596498,1787795802.0,6.0,0,0,0,0.000000,0
596499,1787795808.001,6.000999927520752,0,0,0,0.000000,0
596500,1787795814.0,5.999000072479248,1,1,3817,0.019085,1
596501,1787795820.0,6.0,0,0,0,0.000000,0
596502,1787795826.001,6.000999927520752,0,0,0,0.000000,0
596503,1787795832.0,5.999000072479248,0,0,0,0.000000,0
596504,1787795838.0,6.0,0,0,0,0.000000,0
596505,1787795844.001,6.000999927520752,0,0,0,0.000000,0
596506,1787795850.0,5.999000072479248,0,0,0,0.000000,0
596507,1787795856.0,6.0,1,1,8150,0.040750,1
596508,1787795862.0,6.0,0,0,0,0.000000,0
596509,1787795868.0,6.0,1,1,833,0.004165,1
596510,1787795874.0,6.0,0,0,0,0.000000,0
596511,1787795880.0,6.0,0,0,0,0.000000,0
596512,1787795886.0,6.0,0,0,0,0.000000,0
596513,1787795892.0,6.0,0,0,0,0.000000,0
596514,1787795898.0,6.0,1,1,29453,0.147265,1
596515,1787795904.001,6.000999927520752,0,0,0,0.000000,0
596516,1787795910.0,5.999000072479248,0,0,0,0.000000,0
596517,1787795916.001,6.000999927520752,0,0,0,0.000000,0
596518,1787795922.0,5.999000072479248,0,0,0,0.000000,0
596519,1787795928.0,6.0,0,0,0,0.000000,0
596520,1787795934.0,6.0,0,0,0,0.000000,0
596521,1787795940.001,6.000999927520752,0,0,0,0.000000,0
596522,1787795946.001,6.0,0,0,0,0.000000,0
596523,1787795952.0,5.999000072479248,0,0,0,0.000000,0
596524,1787795958.0,6.0,0,0,0,0.000000,0
596525,1787795964.0,6.0,0,0,0,0.000000,0
596526,1787795970.0,6.0,0,0,0,0.000000,0
596527,1787795976.0,6.0,0,0,0,0.000000,0
596528,1787795982.0,6.0,0,0,0,0.000000,0
596529,1787795988.0,6.0,0,0,0,0.000000,0
596530,1787795994.001,6.000999927520752,0,0,0,0.000000,0
596531,1787796000.001,6.0,0,0,0,0.000000,0
596532,1787796006.001,6.0,0,0,0,0.000000,0
596533,1787796012.0,5.999000072479248,0,0,0,0.000000,0
596534,1787796018.0,6.0,0,0,0,0.000000,0
596535,1787796024.0,6.0,0,0,0,0.000000,0
596536,1787796030.0,6.0,0,0,0,0.000000,0
596537,1787796036.001,6.000999927520752,0,0,0,0.000000,0
596538,1787796042.0,5.999000072479248,0,0,0,0.000000,0
596539,1787796048.0,6.0,0,0,0,0.000000,0
596540,1787796054.0,6.0,0,0,0,0.000000,0
596541,1787796060.0,6.0,0,0,0,0.000000,0
596542,1787796066.0,6.0,0,0,0,0.000000,0
596543,1787796072.001,6.000999927520752,0,0,0,0.000000,0
596544,1787796078.0,5.999000072479248,0,0,0,0.000000,0
596545,1787796084.0,6.0,0,0,0,0.000000,0
596546,1787796090.0,6.0,0,0,0,0.000000,0
596547,1787796096.0,6.0,0,0,0,0.000000,0
596548,1787796102.0,6.0,0,0,0,0.000000,0
596549,1787796108.001,6.000999927520752,0,0,0,0.000000,0
596550,1787796114.0,5.999000072479248,0,0,0,0.000000,0
596551,1787796120.0,6.0,0,0,0,0.000000,0
596552,1787796126.0,6.0,0,0,0,0.000000,0
596553,1787796132.0,6.0,0,0,0,0.000000,0
596554,1787796138.0,6.0,0,0,0,0.000000,0
596555,1787796144.001,6.000999927520752,0,0,0,0.000000,0
596556,1787796150.0,5.999000072479248,0,0,0,0.000000,0
596557,1787796156.0,6.0,0,0,0,0.000000,0
596558,1787796162.0,6.0,0,0,0,0.000000,0
596559,1787796168.0,6.0,0,0,0,0.000000,0
596560,1787796174.0,6.0,0,0,0,0.000000,0
596561,1787796180.001,6.000999927520752,0,0,0,0.000000,0
596562,1787796186.001,6.0,0,0,0,0.000000,0
596563,1787796192.0,5.999000072479248,0,0,0,0.000000,0
596564,1787796198.0,6.0,0,0,0,0.000000,0
596565,1787796204.0,6.0,0,0,0,0.000000,0
596566,1787796210.001,6.000999927520752,0,0,0,0.000000,0
596567,1787796216.0,5.999000072479248,0,0,0,0.000000,0
596568,1787796222.0,6.0,0,0,0,0.000000,0
596569,1787796228.0,6.0,0,0,0,0.000000,0
596570,1787796234.0,6.0,0,0,0,0.000000,0
596571,1787796240.0,6.0,0,0,0,0.000000,0
596572,1787796246.0,6.0,0,0,0,0.000000,0
596573,1787796252.0,6.0,0,0,0,0.000000,0
596574,1787796258.0,6.0,0,0,0,0.000000,0
596575,1787796264.0,6.0,0,0,0,0.000000,0
596576,1787796270.0,6.0,0,0,0,0.000000,0
596577,1787796276.0,6.0,0,0,0,0.000000,0
596578,1787796282.0,6.0,0,0,0,0.000000,0
596579,1787796288.0,6.0,0,0,0,0.000000,0
596580,1787796294.0,6.0,0,0,0,0.000000,0
596581,1787796300.0,6.0,0,0,0,0.000000,0
596582,1787796306.0,6.0,0,0,0,0.000000,0
596583,1787796312.0,6.0,0,0,0,0.000000,0
596584,1787796318.0,6.0,0,0,0,0.000000,0
596585,1787796324.0,6.0,0,0,0,0.000000,0
596586,1787796330.0,6.0,0,0,0,0.000000,0
596587,1787796336.0,6.0,0,0,0,0.000000,0
596588,1787796342.0,6.0,0,0,0,0.000000,0
596589,1787796348.001,6.000999927520752,0,0,0,0.000000,0
596590,1787796354.0,5.999000072479248,0,0,0,0.000000,0
596591,1787796360.0,6.0,0,0,0,0.000000,0
596592,1787796366.0,6.0,0,0,0,0.000000,0
596593,1787796372.0,6.0,0,0,0,0.000000,0
596594,1787796378.0,6.0,0,0,0,0.000000,0
596595,1787796384.0,6.0,0,0,0,0.000000,0
596596,1787796390.0,6.0,0,0,0,0.000000,0
596597,1787796396.001,6.000999927520752,0,0,0,0.000000,0
596598,1787796402.0,5.999000072479248,0,0,0,0.000000,0
596599,1787796408.0,6.0,0,0,0,0.000000,0
596600,1787796414.0,6.0,0,0,0,0.000000,0
596601,1787796420.0,6.0,0,0,0,0.000000,0
596602,1787796426.0,6.0,0,0,0,0.000000,0
596603,1787796432.001,6.000999927520752,0,0,0,0.000000,0
596604,1787796438.0,5.999000072479248,0,0,0,0.000000,0
596605,1787796444.0,6.0,0,0,0,0.000000,0
596606,1787796450.0,6.0,0,0,0,0.000000,0
596607,1787796456.001,6.000999927520752,0,0,0,0.000000,0
596608,1787796462.001,6.0,0,0,0,0.000000,0
596609,1787796468.0,5.999000072479248,0,0,0,0.000000,0
596610,1787796474.0,6.0,0,0,0,0.000000,0
596611,1787796480.001,6.000999927520752,0,0,0,0.000000,0
596612,1787796486.0,5.999000072479248,0,0,0,0.000000,0
596613,1787796492.0,6.0,0,0,0,0.000000,0
596614,1787796498.0,6.0,0,0,0,0.000000,0
596615,1787796504.0,6.0,0,0,0,0.000000,0
596616,1787796510.001,6.000999927520752,0,0,0,0.000000,0
596617,1787796516.001,6.0,1,1,8352,0.041760,1
596618,1787796522.0,5.999000072479248,0,0,0,0.000000,0
596619,1787796528.0,6.0,0,0,0,0.000000,0
596620,1787796534.0,6.0,0,0,0,0.000000,0
596621,1787796540.001,6.000999927520752,0,0,0,0.000000,0
596622,1787796546.001,6.0,0,0,0,0.000000,0
596623,1787796552.001,6.0,0,0,0,0.000000,0
596624,1787796558.0,5.999000072479248,0,0,0,0.000000,0
596625,1787796564.0,6.0,0,0,0,0.000000,0
596626,1787796570.0,6.0,0,0,0,0.000000,0
596627,1787796576.001,6.000999927520752,0,0,0,0.000000,0
596628,1787796582.0,5.999000072479248,0,0,0,0.000000,0
596629,1787796588.0,6.0,0,0,0,0.000000,0
596630,1787796594.0,6.0,0,0,0,0.000000,0
596631,1787796600.0,6.0,0,0,0,0.000000,0
596632,1787796606.0,6.0,0,0,0,0.000000,0
596633,1787796612.001,6.000999927520752,0,0,0,0.000000,0
596634,1787796618.0,5.999000072479248,0,0,0,0.000000,0
596635,1787796624.001,6.000999927520752,1,1,8528,0.042640,1
596636,1787796630.0,5.999000072479248,0,0,0,0.000000,0
596637,1787796636.001,6.000999927520752,0,0,0,0.000000,0
596638,1787796642.0,5.999000072479248,0,0,0,0.000000,0
596639,1787796648.0,6.0,0,0,0,0.000000,0
596640,1787796654.0,6.0,0,0,0,0.000000,0
596641,1787796660.0,6.0,0,0,0,0.000000,0
596642,1787796666.0,6.0,0,0,0,0.000000,0
596643,1787796672.0,6.0,0,0,0,0.000000,0
596644,1787796678.0,6.0,0,0,0,0.000000,0
596645,1787796684.0,6.0,0,0,0,0.000000,0
596646,1787796690.0,6.0,0,0,0,0.000000,0
596647,1787796696.0,6.0,0,0,0,0.000000,0
596648,1787796702.001,6.000999927520752,0,0,0,0.000000,0
596649,1787796708.0,5.999000072479248,0,0,0,0.000000,0
596650,1787796714.0,6.0,0,0,0,0.000000,0
596651,1787796720.0,6.0,0,0,0,0.000000,0
596652,1787796726.0,6.0,0,0,0,0.000000,0
596653,1787796732.0,6.0,0,0,0,0.000000,0
596654,1787796738.0,6.0,0,0,0,0.000000,0
596655,1787796744.0,6.0,0,0,0,0.000000,0
596656,1787796750.0,6.0,0,0,0,0.000000,0
596657,1787796756.0,6.0,0,0,0,0.000000,0
596658,1787796762.0,6.0,0,0,0,0.000000,0
596659,1787796768.0,6.0,0,0,0,0.000000,0
596660,1787796774.0,6.0,0,0,0,0.000000,0
596661,1787796780.0,6.0,0,0,0,0.000000,0
596662,1787796786.0,6.0,0,0,0,0.000000,0
596663,1787796792.0,6.0,0,0,0,0.000000,0
596664,1787796798.0,6.0,0,0,0,0.000000,0
596665,1787796804.0,6.0,0,0,0,0.000000,0
596666,1787796810.001,6.000999927520752,0,0,0,0.000000,0
596667,1787796816.0,5.999000072479248,0,0,0,0.000000,0
596668,1787796822.0,6.0,0,0,0,0.000000,0
596669,1787796828.0,6.0,0,0,0,0.000000,0
596670,1787796834.0,6.0,0,0,0,0.000000,0
596671,1787796840.0,6.0,0,0,0,0.000000,0
596672,1787796846.001,6.000999927520752,0,0,0,0.000000,0
596673,1787796852.0,5.999000072479248,0,0,0,0.000000,0
596674,1787796858.0,6.0,0,0,0,0.000000,0
596675,1787796864.0,6.0,0,0,0,0.000000,0
596676,1787796870.0,6.0,0,0,0,0.000000,0
596677,1787796876.001,6.000999927520752,0,0,0,0.000000,0
596678,1787796882.001,6.0,0,0,0,0.000000,0
596679,1787796888.0,5.999000072479248,0,0,0,0.000000,0
596680,1787796894.001,6.000999927520752,0,0,0,0.000000,0
596681,1787796900.0,5.999000072479248,0,0,0,0.000000,0
596682,1787796906.0,6.0,0,0,0,0.000000,0
596683,1787796912.001,6.000999927520752,0,0,0,0.000000,0
596684,1787796918.0,5.999000072479248,0,0,0,0.000000,0
596685,1787796924.0,6.0,0,0,0,0.000000,0
596686,1787796930.0,6.0,0,0,0,0.000000,0
596687,1787796936.0,6.0,0,0,0,0.000000,0
596688,1787796942.0,6.0,0,0,0,0.000000,0
596689,1787796948.001,6.000999927520752,0,0,0,0.000000,0
596690,1787796954.0,5.999000072479248,0,0,0,0.000000,0
596691,1787796960.0,6.0,0,0,0,0.000000,0
596692,1787796966.001,6.000999927520752,0,0,0,0.000000,0
596693,1787796972.0,5.999000072479248,0,0,0,0.000000,0
596694,1787796978.0,6.0,0,0,0,0.000000,0
596695,1787796984.0,6.0,0,0,0,0.000000,0
596696,1787796990.0,6.0,0,0,0,0.000000,0
596697,1787796996.0,6.0,0,0,0,0.000000,0
596698,1787797002.001,6.000999927520752,0,0,0,0.000000,0
596699,1787797008.0,5.999000072479248,0,0,0,0.000000,0
596700,1787797014.0,6.0,0,0,0,0.000000,0
596701,1787797020.0,6.0,0,0,0,0.000000,0
596702,1787797026.0,6.0,0,0,0,0.000000,0
596703,1787797032.001,6.000999927520752,0,0,0,0.000000,0
596704,1787797038.0,5.999000072479248,0,0,0,0.000000,0
596705,1787797044.0,6.0,0,0,0,0.000000,0
596706,1787797050.0,6.0,0,0,0,0.000000,0
596707,1787797056.0,6.0,0,0,0,0.000000,0
596708,1787797062.0,6.0,0,0,0,0.000000,0
596709,1787797068.0,6.0,0,0,0,0.000000,0
596710,1787797074.0,6.0,0,0,0,0.000000,0
596711,1787797080.0,6.0,0,0,0,0.000000,0
596712,1787797086.001,6.000999927520752,0,0,0,0.000000,0
596713,1787797092.0,5.999000072479248,0,0,0,0.000000,0
596714,1787797098.0,6.0,0,0,0,0.000000,0
596715,1787797104.001,6.000999927520752,0,0,0,0.000000,0
596716,1787797110.0,5.999000072479248,0,0,0,0.000000,0
596717,1787797116.0,6.0,0,0,0,0.000000,0
596718,1787797122.0,6.0,0,0,0,0.000000,0
596719,1787797128.0,6.0,0,0,0,0.000000,0
596720,1787797134.0,6.0,0,0,0,0.000000,0
596721,1787797140.001,6.000999927520752,0,0,0,0.000000,0
596722,1787797146.0,5.999000072479248,0,0,0,0.000000,0
596723,1787797152.0,6.0,0,0,0,0.000000,0
596724,1787797158.0,6.0,0,0,0,0.000000,0
596725,1787797164.0,6.0,0,0,0,0.000000,0
596726,1787797170.001,6.000999927520752,0,0,0,0.000000,0
596727,1787797176.0,5.999000072479248,0,0,0,0.000000,0
596728,1787797182.0,6.0,0,0,0,0.000000,0
596729,1787797188.0,6.0,0,0,0,0.000000,0
596730,1787797194.0,6.0,0,0,0,0.000000,0
596731,1787797200.001,6.000999927520752,0,0,0,0.000000,0
596732,1787797206.0,5.999000072479248,0,0,0,0.000000,0
596733,1787797212.0,6.0,0,0,0,0.000000,0
596734,1787797218.0,6.0,0,0,0,0.000000,0
596735,1787797224.001,6.000999927520752,0,0,0,0.000000,0
596736,1787797230.001,6.0,0,0,0,0.000000,0
596737,1787797236.001,6.0,0,0,0,0.000000,0
596738,1787797242.0,5.999000072479248,0,0,0,0.000000,0
596739,1787797248.0,6.0,0,0,0,0.000000,0
596740,1787797254.001,6.000999927520752,0,0,0,0.000000,0
596741,1787797260.001,6.0,0,0,0,0.000000,0
596742,1787797266.0,5.999000072479248,0,0,0,0.000000,0
596743,1787797272.001,6.000999927520752,0,0,0,0.000000,0
596744,1787797278.0,5.999000072479248,0,0,0,0.000000,0
596745,1787797284.0,6.0,0,0,0,0.000000,0
596746,1787797290.0,6.0,0,0,0,0.000000,0
596747,1787797296.001,6.000999927520752,0,0,0,0.000000,0
596748,1787797302.0,5.999000072479248,0,0,0,0.000000,0
596749,1787797308.001,6.000999927520752,0,0,0,0.000000,0
596750,1787797314.0,5.999000072479248,0,0,0,0.000000,0
596751,1787797320.001,6.000999927520752,0,0,0,0.000000,0
596752,1787797326.0,5.999000072479248,0,0,0,0.000000,0
596753,1787797332.0,6.0,0,0,0,0.000000,0
596754,1787797338.001,6.000999927520752,0,0,0,0.000000,0
596755,1787797344.0,5.999000072479248,0,0,0,0.000000,0
596756,1787797350.0,6.0,0,0,0,0.000000,0
596757,1787797356.0,6.0,0,0,0,0.000000,0
596758,1787797362.001,6.000999927520752,0,0,0,0.000000,0
596759,1787797368.001,6.0,0,0,0,0.000000,0
596760,1787797374.0,5.999000072479248,0,0,0,0.000000,0
596761,1787797380.0,6.0,0,0,0,0.000000,0
596762,1787797386.0,6.0,0,0,0,0.000000,0
596763,1787797392.001,6.000999927520752,0,0,0,0.000000,0
596764,1787797398.0,5.999000072479248,0,0,0,0.000000,0
596765,1787797404.001,6.000999927520752,0,0,0,0.000000,0
596766,1787797410.0,5.999000072479248,0,0,0,0.000000,0
596767,1787797416.0,6.0,0,0,0,0.000000,0
596768,1787797422.0,6.0,0,0,0,0.000000,0
596769,1787797428.0,6.0,0,0,0,0.000000,0
596770,1787797434.0,6.0,0,0,0,0.000000,0
596771,1787797440.0,6.0,0,0,0,0.000000,0
596772,1787797446.0,6.0,0,0,0,0.000000,0
596773,1787797452.0,6.0,0,0,0,0.000000,0
596774,1787797458.001,6.000999927520752,0,0,0,0.000000,0
596775,1787797464.0,5.999000072479248,0,0,0,0.000000,0
596776,1787797470.0,6.0,0,0,0,0.000000,0
596777,1787797476.0,6.0,0,0,0,0.000000,0
596778,1787797482.001,6.000999927520752,0,0,0,0.000000,0
596779,1787797488.0,5.999000072479248,0,0,0,0.000000,0
596780,1787797494.0,6.0,0,0,0,0.000000,0
596781,1787797500.001,6.000999927520752,0,0,0,0.000000,0
596782,1787797506.0,5.999000072479248,0,0,0,0.000000,0
596783,1787797512.0,6.0,0,0,0,0.000000,0
596784,1787797518.001,6.000999927520752,0,0,0,0.000000,0
596785,1787797524.0,5.999000072479248,0,0,0,0.000000,0
596786,1787797530.0,6.0,0,0,0,0.000000,0
596787,1787797536.0,6.0,0,0,0,0.000000,0
596788,1787797542.0,6.0,0,0,0,0.000000,0
596789,1787797548.0,6.0,0,0,0,0.000000,0
596790,1787797554.0,6.0,0,0,0,0.000000,0
596791,1787797560.0,6.0,0,0,0,0.000000,0
596792,1787797566.0,6.0,0,0,0,0.000000,0
596793,1787797572.0,6.0,0,0,0,0.000000,0
596794,1787797578.0,6.0,0,0,0,0.000000,0
596795,1787797584.001,6.000999927520752,0,0,0,0.000000,0
596796,1787797590.0,5.999000072479248,0,0,0,0.000000,0
596797,1787797596.001,6.000999927520752,0,0,0,0.000000,0
596798,1787797602.0,5.999000072479248,0,0,0,0.000000,0
596799,1787797608.0,6.0,0,0,0,0.000000,0
596800,1787797614.0,6.0,0,0,0,0.000000,0
596801,1787797620.001,6.000999927520752,0,0,0,0.000000,0
596802,1787797626.0,5.999000072479248,0,0,0,0.000000,0
596803,1787797632.0,6.0,0,0,0,0.000000,0
596804,1787797638.0,6.0,0,0,0,0.000000,0
596805,1787797644.0,6.0,0,0,0,0.000000,0
596806,1787797650.0,6.0,0,0,0,0.000000,0
596807,1787797656.001,6.000999927520752,0,0,0,0.000000,0
596808,1787797662.0,5.999000072479248,0,0,0,0.000000,0
596809,1787797668.0,6.0,0,0,0,0.000000,0
596810,1787797674.0,6.0,0,0,0,0.000000,0
596811,1787797680.0,6.0,0,0,0,0.000000,0
596812,1787797686.001,6.000999927520752,0,0,0,0.000000,0
596813,1787797692.0,5.999000072479248,0,0,0,0.000000,0
596814,1787797698.0,6.0,0,0,0,0.000000,0
596815,1787797704.0,6.0,0,0,0,0.000000,0
596816,1787797710.001,6.000999927520752,0,0,0,0.000000,0
596817,1787797716.0,5.999000072479248,0,0,0,0.000000,0
596818,1787797722.001,6.000999927520752,0,0,0,0.000000,0
596819,1787797728.0,5.999000072479248,0,0,0,0.000000,0
596820,1787797734.0,6.0,0,0,0,0.000000,0
596821,1787797740.0,6.0,0,0,0,0.000000,0
596822,1787797746.001,6.000999927520752,0,0,0,0.000000,0
596823,1787797752.001,6.0,0,0,0,0.000000,0
596824,1787797758.001,6.0,0,0,0,0.000000,0
596825,1787797764.0,5.999000072479248,0,0,0,0.000000,0
596826,1787797770.0,6.0,0,0,0,0.000000,0
596827,1787797776.0,6.0,0,0,0,0.000000,0
596828,1787797782.001,6.000999927520752,0,0,0,0.000000,0
596829,1787797788.0,5.999000072479248,0,0,0,0.000000,0
596830,1787797794.0,6.0,0,0,0,0.000000,0
596831,1787797800.0,6.0,0,0,0,0.000000,0
596832,1787797806.0,6.0,0,0,0,0.000000,0
596833,1787797812.0,6.0,0,0,0,0.000000,0
596834,1787797818.0,6.0,0,0,0,0.000000,0
596835,1787797824.0,6.0,0,0,0,0.000000,0
596836,1787797830.0,6.0,0,0,0,0.000000,0
596837,1787797836.0,6.0,0,0,0,0.000000,0
596838,1787797842.001,6.000999927520752,0,0,0,0.000000,0
596839,1787797848.0,5.999000072479248,0,0,0,0.000000,0
596840,1787797854.001,6.000999927520752,0,0,0,0.000000,0
596841,1787797860.0,5.999000072479248,0,0,0,0.000000,0
596842,1787797866.0,6.0,0,0,0,0.000000,0
596843,1787797872.0,6.0,0,0,0,0.000000,0
596844,1787797878.0,6.0,0,0,0,0.000000,0
596845,1787797884.0,6.0,0,0,0,0.000000,0
596846,1787797890.001,6.000999927520752,0,0,0,0.000000,0
596847,1787797896.001,6.0,0,0,0,0.000000,0
596848,1787797902.0,5.999000072479248,0,0,0,0.000000,0
596849,1787797908.0,6.0,0,0,0,0.000000,0
596850,1787797914.0,6.0,0,0,0,0.000000,0
596851,1787797920.0,6.0,0,0,0,0.000000,0
596852,1787797926.001,6.000999927520752,0,0,0,0.000000,0
596853,1787797932.0,5.999000072479248,0,0,0,0.000000,0
596854,1787797938.0,6.0,0,0,0,0.000000,0
596855,1787797944.0,6.0,0,0,0,0.000000,0
596856,1787797950.0,6.0,0,0,0,0.000000,0
596857,1787797956.0,6.0,0,0,0,0.000000,0
596858,1787797962.001,6.000999927520752,0,0,0,0.000000,0
596859,1787797968.0,5.999000072479248,0,0,0,0.000000,0
596860,1787797974.0,6.0,0,0,0,0.000000,0
596861,1787797980.001,6.000999927520752,0,0,0,0.000000,0
596862,1787797986.0,5.999000072479248,0,0,0,0.000000,0
596863,1787797992.0,6.0,0,0,0,0.000000,0
596864,1787797998.0,6.0,0,0,0,0.000000,0
596865,1787798004.0,6.0,0,0,0,0.000000,0
596866,1787798010.0,6.0,0,0,0,0.000000,0
596867,1787798016.001,6.000999927520752,0,0,0,0.000000,0
596868,1787798022.0,5.999000072479248,0,0,0,0.000000,0
596869,1787798028.0,6.0,0,0,0,0.000000,0
596870,1787798034.0,6.0,0,0,0,0.000000,0
596871,1787798040.0,6.0,0,0,0,0.000000,0
596872,1787798046.001,6.000999927520752,0,0,0,0.000000,0
596873,1787798052.001,6.0,0,0,0,0.000000,0
596874,1787798058.0,5.999000072479248,0,0,0,0.000000,0
596875,1787798064.0,6.0,0,0,0,0.000000,0
596876,1787798070.0,6.0,0,0,0,0.000000,0
596877,1787798076.0,6.0,0,0,0,0.000000,0
596878,1787798082.001,6.000999927520752,0,0,0,0.000000,0
596879,1787798088.0,5.999000072479248,0,0,0,0.000000,0
596880,1787798094.001,6.000999927520752,0,0,0,0.000000,0
596881,1787798100.0,5.999000072479248,0,0,0,0.000000,0
596882,1787798106.0,6.0,0,0,0,0.000000,0
596883,1787798112.0,6.0,0,0,0,0.000000,0
596884,1787798118.0,6.0,0,0,0,0.000000,0
596885,1787798124.0,6.0,0,0,0,0.000000,0
596886,1787798130.0,6.0,0,0,0,0.000000,0
596887,1787798136.0,6.0,0,0,0,0.000000,0
596888,1787798142.0,6.0,0,0,0,0.000000,0
596889,1787798148.0,6.0,0,0,0,0.000000,0
596890,1787798154.0,6.0,0,0,0,0.000000,0
596891,1787798160.0,6.0,0,0,0,0.000000,0
596892,1787798166.0,6.0,0,0,0,0.000000,0
596893,1787798172.0,6.0,0,0,0,0.000000,0
596894,1787798178.0,6.0,0,0,0,0.000000,0
596895,1787798184.0,6.0,0,0,0,0.000000,0
596896,1787798190.0,6.0,0,0,0,0.000000,0
596897,1787798196.0,6.0,0,0,0,0.000000,0
596898,1787798202.0,6.0,0,0,0,0.000000,0
596899,1787798208.0,6.0,0,0,0,0.000000,0
596900,1787798214.0,6.0,0,0,0,0.000000,0
596901,1787798220.0,6.0,0,0,0,0.000000,0
596902,1787798226.0,6.0,0,0,0,0.000000,0
596903,1787798232.0,6.0,0,0,0,0.000000,0
596904,1787798238.0,6.0,1,1,4046,0.020230,1
596905,1787798244.0,6.0,0,0,0,0.000000,0
596906,1787798250.0,6.0,0,0,0,0.000000,0
596907,1787798256.0,6.0,0,0,0,0.000000,0
596908,1787798262.0,6.0,0,0,0,0.000000,0
596909,1787798268.0,6.0,0,0,0,0.000000,0
596910,1787798274.0,6.0,0,0,0,0.000000,0
596911,1787798280.0,6.0,0,0,0,0.000000,0
596912,1787798286.0,6.0,0,0,0,0.000000,0
596913,1787798292.0,6.0,0,0,0,0.000000,0
596914,1787798298.0,6.0,0,0,0,0.000000,0
596915,1787798304.0,6.0,0,0,0,0.000000,0
596916,1787798310.0,6.0,0,0,0,0.000000,0
596917,1787798316.001,6.000999927520752,0,0,0,0.000000,0
596918,1787798322.0,5.999000072479248,0,0,0,0.000000,0
596919,1787798328.0,6.0,0,0,0,0.000000,0
596920,1787798334.0,6.0,0,0,0,0.000000,0
596921,1787798340.0,6.0,0,0,0,0.000000,0
596922,1787798346.0,6.0,0,0,0,0.000000,0
596923,1787798352.001,6.000999927520752,0,0,0,0.000000,0
596924,1787798358.0,5.999000072479248,0,0,0,0.000000,0
596925,1787798364.0,6.0,0,0,0,0.000000,0
596926,1787798370.0,6.0,0,0,0,0.000000,0
596927,1787798376.0,6.0,0,0,0,0.000000,0
596928,1787798382.0,6.0,0,0,0,0.000000,0
596929,1787798388.0,6.0,0,0,0,0.000000,0
596930,1787798394.0,6.0,0,0,0,0.000000,0
596931,1787798400.0,6.0,0,0,0,0.000000,0
596932,1787798406.0,6.0,0,0,0,0.000000,0
596933,1787798412.0,6.0,0,0,0,0.000000,0
596934,1787798418.0,6.0,0,0,0,0.000000,0
596935,1787798424.0,6.0,0,0,0,0.000000,0
596936,1787798430.0,6.0,0,0,0,0.000000,0
596937,1787798436.0,6.0,0,0,0,0.000000,0
596938,1787798442.0,6.0,0,0,0,0.000000,0
596939,1787798448.0,6.0,0,0,0,0.000000,0
596940,1787798454.0,6.0,0,0,0,0.000000,0
596941,1787798460.0,6.0,0,0,0,0.000000,0
596942,1787798466.0,6.0,0,0,0,0.000000,0
596943,1787798472.0,6.0,0,0,0,0.000000,0
596944,1787798478.001,6.000999927520752,1,1,709,0.003545,1
596945,1787798484.001,6.0,0,0,0,0.000000,0
596946,1787798490.001,6.0,0,0,0,0.000000,0
596947,1787798496.001,6.0,0,0,0,0.000000,0
596948,1787798502.0,5.999000072479248,0,0,0,0.000000,0
596949,1787798508.001,6.000999927520752,0,0,0,0.000000,0
596950,1787798514.001,6.0,1,1,12474,0.062370,1
596951,1787798520.001,6.0,0,0,0,0.000000,0
596952,1787798526.001,6.0,0,0,0,0.000000,0
596953,1787798532.0,5.999000072479248,0,0,0,0.000000,0
596954,1787798538.0,6.0,0,0,0,0.000000,0
596955,1787798544.0,6.0,0,0,0,0.000000,0
596956,1787798550.001,6.000999927520752,0,0,0,0.000000,0
596957,1787798556.0,5.999000072479248,0,0,0,0.000000,0
596958,1787798562.0,6.0,0,0,0,0.000000,0
596959,1787798568.0,6.0,0,0,0,0.000000,0
596960,1787798574.001,6.000999927520752,0,0,0,0.000000,0
596961,1787798580.0,5.999000072479248,0,0,0,0.000000,0
596962,1787798586.0,6.0,0,0,0,0.000000,0
596963,1787798592.0,6.0,0,0,0,0.000000,0
596964,1787798598.0,6.0,0,0,0,0.000000,0
596965,1787798604.0,6.0,0,0,0,0.000000,0
596966,1787798610.001,6.000999927520752,0,0,0,0.000000,0
596967,1787798616.001,6.0,0,0,0,0.000000,0
596968,1787798622.0,5.999000072479248,0,0,0,0.000000,0
596969,1787798628.0,6.0,0,0,0,0.000000,0
596970,1787798634.001,6.000999927520752,0,0,0,0.000000,0
596971,1787798640.0,5.999000072479248,0,0,0,0.000000,0
596972,1787798646.001,6.000999927520752,0,0,0,0.000000,0
596973,1787798652.001,6.0,0,0,0,0.000000,0
596974,1787798658.0,5.999000072479248,0,0,0,0.000000,0
596975,1787798664.0,6.0,0,0,0,0.000000,0
596976,1787798670.001,6.000999927520752,0,0,0,0.000000,0
596977,1787798676.0,5.999000072479248,0,0,0,0.000000,0
596978,1787798682.0,6.0,0,0,0,0.000000,0
596979,1787798688.0,6.0,0,0,0,0.000000,0
596980,1787798694.0,6.0,0,0,0,0.000000,0
596981,1787798700.001,6.000999927520752,0,0,0,0.000000,0
596982,1787798706.0,5.999000072479248,0,0,0,0.000000,0
596983,1787798712.001,6.000999927520752,0,0,0,0.000000,0
596984,1787798718.0,5.999000072479248,0,0,0,0.000000,0
596985,1787798724.0,6.0,0,0,0,0.000000,0
596986,1787798730.0,6.0,0,0,0,0.000000,0
596987,1787798736.0,6.0,0,0,0,0.000000,0
596988,1787798742.0,6.0,0,0,0,0.000000,0
596989,1787798748.001,6.000999927520752,0,0,0,0.000000,0
596990,1787798754.0,5.999000072479248,0,0,0,0.000000,0
596991,1787798760.0,6.0,0,0,0,0.000000,0
596992,1787798766.0,6.0,0,0,0,0.000000,0
596993,1787798772.0,6.0,0,0,0,0.000000,0
596994,1787798778.0,6.0,0,0,0,0.000000,0
596995,1787798784.001,6.000999927520752,0,0,0,0.000000,0
596996,1787798790.0,5.999000072479248,0,0,0,0.000000,0
596997,1787798796.001,6.000999927520752,0,0,0,0.000000,0
596998,1787798802.0,5.999000072479248,0,0,0,0.000000,0
596999,1787798808.001,6.000999927520752,0,0,0,0.000000,0
597000,1787798814.001,6.0,0,0,0,0.000000,0
597001,1787798820.0,5.999000072479248,0,0,0,0.000000,0
597002,1787798826.0,6.0,0,0,0,0.000000,0
597003,1787798832.0,6.0,0,0,0,0.000000,0
597004,1787798838.0,6.0,0,0,0,0.000000,0
597005,1787798844.001,6.000999927520752,0,0,0,0.000000,0
597006,1787798850.001,6.0,0,0,0,0.000000,0
597007,1787798856.001,6.0,0,0,0,0.000000,0
597008,1787798862.001,6.0,0,0,0,0.000000,0
597009,1787798868.001,6.0,0,0,0,0.000000,0
597010,1787798874.0,5.999000072479248,0,0,0,0.000000,0
597011,1787798880.0,6.0,0,0,0,0.000000,0
597012,1787798886.0,6.0,0,0,0,0.000000,0
597013,1787798892.001,6.000999927520752,0,0,0,0.000000,0
597014,1787798898.001,6.0,0,0,0,0.000000,0
597015,1787798904.001,6.0,0,0,0,0.000000,0
597016,1787798910.0,5.999000072479248,0,0,0,0.000000,0
597017,1787798916.0,6.0,0,0,0,0.000000,0
597018,1787798922.0,6.0,0,0,0,0.000000,0
597019,1787798928.0,6.0,0,0,0,0.000000,0
597020,1787798934.0,6.0,0,0,0,0.000000,0
597021,1787798940.0,6.0,0,0,0,0.000000,0
597022,1787798946.0,6.0,0,0,0,0.000000,0
597023,1787798952.0,6.0,0,0,0,0.000000,0
597024,1787798958.0,6.0,0,0,0,0.000000,0
597025,1787798964.0,6.0,0,0,0,0.000000,0
597026,1787798970.001,6.000999927520752,0,0,0,0.000000,0
597027,1787798976.0,5.999000072479248,0,0,0,0.000000,0
597028,1787798982.0,6.0,0,0,0,0.000000,0
597029,1787798988.0,6.0,0,0,0,0.000000,0
597030,1787798994.001,6.000999927520752,0,0,0,0.000000,0
597031,1787799000.001,6.0,0,0,0,0.000000,0
597032,1787799006.0,5.999000072479248,0,0,0,0.000000,0
597033,1787799012.0,6.0,0,0,0,0.000000,0
597034,1787799018.0,6.0,0,0,0,0.000000,0
597035,1787799024.001,6.000999927520752,0,0,0,0.000000,0
597036,1787799030.001,6.0,0,0,0,0.000000,0
597037,1787799036.0,5.999000072479248,0,0,0,0.000000,0
597038,1787799042.0,6.0,0,0,0,0.000000,0
597039,1787799048.0,6.0,0,0,0,0.000000,0
597040,1787799054.0,6.0,0,0,0,0.000000,0
597041,1787799060.0,6.0,0,0,0,0.000000,0
597042,1787799066.0,6.0,0,0,0,0.000000,0
597043,1787799072.0,6.0,0,0,0,0.000000,0
597044,1787799078.0,6.0,0,0,0,0.000000,0
597045,1787799084.0,6.0,0,0,0,0.000000,0
597046,1787799090.0,6.0,0,0,0,0.000000,0
597047,1787799096.001,6.000999927520752,0,0,0,0.000000,0
597048,1787799102.0,5.999000072479248,0,0,0,0.000000,0
597049,1787799108.0,6.0,0,0,0,0.000000,0
597050,1787799114.001,6.000999927520752,0,0,0,0.000000,0
597051,1787799120.0,5.999000072479248,0,0,0,0.000000,0
597052,1787799126.0,6.0,0,0,0,0.000000,0
597053,1787799132.0,6.0,0,0,0,0.000000,0
597054,1787799138.0,6.0,0,0,0,0.000000,0
597055,1787799144.0,6.0,0,0,0,0.000000,0
597056,1787799150.001,6.000999927520752,0,0,0,0.000000,0
597057,1787799156.001,6.0,0,0,0,0.000000,0
597058,1787799162.0,5.999000072479248,0,0,0,0.000000,0
597059,1787799168.0,6.0,0,0,0,0.000000,0
597060,1787799174.0,6.0,0,0,0,0.000000,0
597061,1787799180.0,6.0,0,0,0,0.000000,0
597062,1787799186.0,6.0,0,0,0,0.000000,0
597063,1787799192.0,6.0,0,0,0,0.000000,0
597064,1787799198.001,6.000999927520752,0,0,0,0.000000,0
597065,1787799204.0,5.999000072479248,0,0,0,0.000000,0
597066,1787799210.001,6.000999927520752,0,0,0,0.000000,0
597067,1787799216.0,5.999000072479248,0,0,0,0.000000,0
597068,1787799222.0,6.0,0,0,0,0.000000,0
597069,1787799228.0,6.0,0,0,0,0.000000,0
597070,1787799234.0,6.0,0,0,0,0.000000,0
597071,1787799240.001,6.000999927520752,0,0,0,0.000000,0
597072,1787799246.001,6.0,0,0,0,0.000000,0
597073,1787799252.0,5.999000072479248,0,0,0,0.000000,0
597074,1787799258.0,6.0,0,0,0,0.000000,0
597075,1787799264.0,6.0,0,0,0,0.000000,0
597076,1787799270.0,6.0,0,0,0,0.000000,0
597077,1787799276.001,6.000999927520752,0,0,0,0.000000,0
597078,1787799282.0,5.999000072479248,0,0,0,0.000000,0
597079,1787799288.0,6.0,1,1,14230,0.071150,1
597080,1787799294.0,6.0,0,0,0,0.000000,0
597081,1787799300.0,6.0,0,0,0,0.000000,0
597082,1787799306.0,6.0,0,0,0,0.000000,0
597083,1787799312.0,6.0,1,1,13284,0.066420,1
597084,1787799318.0,6.0,0,0,0,0.000000,0
597085,1787799324.0,6.0,0,0,0,0.000000,0
597086,1787799330.0,6.0,0,0,0,0.000000,0
597087,1787799336.0,6.0,0,0,0,0.000000,0
597088,1787799342.0,6.0,0,0,0,0.000000,0
597089,1787799348.0,6.0,1,1,11974,0.059870,1
597090,1787799354.0,6.0,0,0,0,0.000000,0
597091,1787799360.0,6.0,0,0,0,0.000000,0
597092,1787799366.0,6.0,0,0,0,0.000000,0
597093,1787799372.0,6.0,0,0,0,0.000000,0
597094,1787799378.0,6.0,0,0,0,0.000000,0
597095,1787799384.0,6.0,0,0,0,0.000000,0
597096,1787799390.0,6.0,0,0,0,0.000000,0
597097,1787799396.0,6.0,0,0,0,0.000000,0
597098,1787799402.0,6.0,1,1,9106,0.045530,1
597099,1787799408.001,6.000999927520752,0,0,0,0.000000,0
597100,1787799414.0,5.999000072479248,0,0,0,0.000000,0
597101,1787799420.0,6.0,0,0,0,0.000000,0
597102,1787799426.0,6.0,0,0,0,0.000000,0
597103,1787799432.0,6.0,0,0,0,0.000000,0
597104,1787799438.0,6.0,0,0,0,0.000000,0
597105,1787799444.0,6.0,0,0,0,0.000000,0
597106,1787799450.0,6.0,0,0,0,0.000000,0
597107,1787799456.001,6.000999927520752,0,0,0,0.000000,0
597108,1787799462.0,5.999000072479248,0,0,0,0.000000,0
597109,1787799468.0,6.0,0,0,0,0.000000,0
597110,1787799474.001,6.000999927520752,0,0,0,0.000000,0
597111,1787799480.0,5.999000072479248,0,0,0,0.000000,0
597112,1787799486.0,6.0,0,0,0,0.000000,0
597113,1787799492.0,6.0,0,0,0,0.000000,0
597114,1787799498.001,6.000999927520752,0,0,0,0.000000,0
597115,1787799504.0,5.999000072479248,0,0,0,0.000000,0
597116,1787799510.001,6.000999927520752,0,0,0,0.000000,0
597117,1787799516.0,5.999000072479248,0,0,0,0.000000,0
597118,1787799522.0,6.0,0,0,0,0.000000,0
597119,1787799528.0,6.0,0,0,0,0.000000,0
597120,1787799534.0,6.0,0,0,0,0.000000,0
597121,1787799540.0,6.0,0,0,0,0.000000,0
597122,1787799546.0,6.0,1,1,8357,0.041785,1
597123,1787799552.001,6.000999927520752,0,0,0,0.000000,0
597124,1787799558.0,5.999000072479248,0,0,0,0.000000,0
597125,1787799564.0,6.0,0,0,0,0.000000,0
597126,1787799570.0,6.0,0,0,0,0.000000,0
597127,1787799576.0,6.0,0,0,0,0.000000,0
597128,1787799582.0,6.0,0,0,0,0.000000,0
597129,1787799588.001,6.000999927520752,0,0,0,0.000000,0
597130,1787799594.0,5.999000072479248,0,0,0,0.000000,0
597131,1787799600.001,6.000999927520752,0,0,0,0.000000,0
597132,1787799606.0,5.999000072479248,0,0,0,0.000000,0
597133,1787799612.0,6.0,0,0,0,0.000000,0
597134,1787799618.0,6.0,0,0,0,0.000000,0
597135,1787799624.0,6.0,0,0,0,0.000000,0
597136,1787799630.0,6.0,0,0,0,0.000000,0
597137,1787799636.0,6.0,0,0,0,0.000000,0
597138,1787799642.0,6.0,0,0,0,0.000000,0
597139,1787799648.0,6.0,0,0,0,0.000000,0
597140,1787799654.0,6.0,0,0,0,0.000000,0
597141,1787799660.001,6.000999927520752,0,0,0,0.000000,0
597142,1787799666.0,5.999000072479248,0,0,0,0.000000,0
597143,1787799672.0,6.0,0,0,0,0.000000,0
597144,1787799678.0,6.0,0,0,0,0.000000,0
597145,1787799684.0,6.0,0,0,0,0.000000,0
597146,1787799690.0,6.0,0,0,0,0.000000,0
597147,1787799696.0,6.0,0,0,0,0.000000,0
597148,1787799702.0,6.0,0,0,0,0.000000,0
597149,1787799708.0,6.0,0,0,0,0.000000,0
597150,1787799714.0,6.0,0,0,0,0.000000,0
597151,1787799720.0,6.0,0,0,0,0.000000,0
597152,1787799726.0,6.0,0,0,0,0.000000,0
597153,1787799732.001,6.000999927520752,0,0,0,0.000000,0
597154,1787799738.001,6.0,0,0,0,0.000000,0
597155,1787799744.001,6.0,0,0,0,0.000000,0
597156,1787799750.0,5.999000072479248,0,0,0,0.000000,0
597157,1787799756.0,6.0,0,0,0,0.000000,0
597158,1787799762.001,6.000999927520752,0,0,0,0.000000,0
597159,1787799768.0,5.999000072479248,0,0,0,0.000000,0
597160,1787799774.0,6.0,0,0,0,0.000000,0
597161,1787799780.0,6.0,0,0,0,0.000000,0
597162,1787799786.0,6.0,0,0,0,0.000000,0
597163,1787799792.0,6.0,0,0,0,0.000000,0
597164,1787799798.0,6.0,0,0,0,0.000000,0
597165,1787799804.0,6.0,0,0,0,0.000000,0
597166,1787799810.0,6.0,0,0,0,0.000000,0
597167,1787799816.0,6.0,0,0,0,0.000000,0
597168,1787799822.0,6.0,0,0,0,0.000000,0
597169,1787799828.0,6.0,0,0,0,0.000000,0
597170,1787799834.0,6.0,0,0,0,0.000000,0
597171,1787799840.001,6.000999927520752,0,0,0,0.000000,0
597172,1787799846.0,5.999000072479248,0,0,0,0.000000,0
597173,1787799852.0,6.0,0,0,0,0.000000,0
597174,1787799858.0,6.0,0,0,0,0.000000,0
597175,1787799864.0,6.0,0,0,0,0.000000,0
597176,1787799870.0,6.0,0,0,0,0.000000,0
597177,1787799876.0,6.0,0,0,0,0.000000,0
597178,1787799882.0,6.0,0,0,0,0.000000,0
597179,1787799888.0,6.0,0,0,0,0.000000,0
597180,1787799894.0,6.0,0,0,0,0.000000,0
597181,1787799900.0,6.0,0,0,0,0.000000,0
597182,1787799906.0,6.0,0,0,0,0.000000,0
597183,1787799912.0,6.0,0,0,0,0.000000,0
597184,1787799918.0,6.0,0,0,0,0.000000,0
597185,1787799924.0,6.0,0,0,0,0.000000,0
597186,1787799930.001,6.000999927520752,0,0,0,0.000000,0
597187,1787799936.0,5.999000072479248,0,0,0,0.000000,0
597188,1787799942.001,6.000999927520752,0,0,0,0.000000,0
597189,1787799948.0,5.999000072479248,0,0,0,0.000000,0
597190,1787799954.0,6.0,0,0,0,0.000000,0
597191,1787799960.0,6.0,0,0,0,0.000000,0
597192,1787799966.0,6.0,0,0,0,0.000000,0
597193,1787799972.0,6.0,0,0,0,0.000000,0
597194,1787799978.001,6.000999927520752,0,0,0,0.000000,0
597195,1787799984.0,5.999000072479248,0,0,0,0.000000,0
597196,1787799990.0,6.0,0,0,0,0.000000,0
597197,1787799996.0,6.0,0,0,0,0.000000,0
597198,1787800002.0,6.0,0,0,0,0.000000,0
597199,1787800008.0,6.0,0,0,0,0.000000,0
597200,1787800014.0,6.0,0,0,0,0.000000,0
597201,1787800020.0,6.0,0,0,0,0.000000,0
597202,1787800026.001,6.000999927520752,0,0,0,0.000000,0
597203,1787800032.0,5.999000072479248,0,0,0,0.000000,0
597204,1787800038.0,6.0,0,0,0,0.000000,0
597205,1787800044.0,6.0,0,0,0,0.000000,0
597206,1787800050.0,6.0,0,0,0,0.000000,0
597207,1787800056.0,6.0,0,0,0,0.000000,0
597208,1787800062.001,6.000999927520752,0,0,0,0.000000,0
597209,1787800068.0,5.999000072479248,0,0,0,0.000000,0
597210,1787800074.0,6.0,0,0,0,0.000000,0
597211,1787800080.0,6.0,0,0,0,0.000000,0
597212,1787800086.0,6.0,0,0,0,0.000000,0
597213,1787800092.001,6.000999927520752,0,0,0,0.000000,0
597214,1787800098.0,5.999000072479248,0,0,0,0.000000,0
597215,1787800104.0,6.0,0,0,0,0.000000,0
597216,1787800110.0,6.0,0,0,0,0.000000,0
597217,1787800116.0,6.0,0,0,0,0.000000,0
597218,1787800122.0,6.0,0,0,0,0.000000,0
597219,1787800128.0,6.0,0,0,0,0.000000,0
597220,1787800134.0,6.0,0,0,0,0.000000,0
597221,1787800140.001,6.000999927520752,0,0,0,0.000000,0
597222,1787800146.001,6.0,0,0,0,0.000000,0
597223,1787800152.0,5.999000072479248,0,0,0,0.000000,0
597224,1787800158.0,6.0,0,0,0,0.000000,0
597225,1787800164.001,6.000999927520752,0,0,0,0.000000,0
597226,1787800170.0,5.999000072479248,0,0,0,0.000000,0
597227,1787800176.001,6.000999927520752,0,0,0,0.000000,0
597228,1787800182.001,6.0,0,0,0,0.000000,0
597229,1787800188.0,5.999000072479248,0,0,0,0.000000,0
597230,1787800194.0,6.0,0,0,0,0.000000,0
597231,1787800200.0,6.0,0,0,0,0.000000,0
597232,1787800206.0,6.0,0,0,0,0.000000,0
597233,1787800212.0,6.0,0,0,0,0.000000,0
597234,1787800218.0,6.0,0,0,0,0.000000,0
597235,1787800224.0,6.0,0,0,0,0.000000,0
597236,1787800230.001,6.000999927520752,0,0,0,0.000000,0
597237,1787800236.001,6.0,0,0,0,0.000000,0
597238,1787800242.0,5.999000072479248,0,0,0,0.000000,0
597239,1787800248.0,6.0,0,0,0,0.000000,0
597240,1787800254.0,6.0,0,0,0,0.000000,0
597241,1787800260.001,6.000999927520752,0,0,0,0.000000,0
597242,1787800266.0,5.999000072479248,0,0,0,0.000000,0
597243,1787800272.0,6.0,0,0,0,0.000000,0
597244,1787800278.0,6.0,0,0,0,0.000000,0
597245,1787800284.0,6.0,0,0,0,0.000000,0
597246,1787800290.0,6.0,0,0,0,0.000000,0
597247,1787800296.001,6.000999927520752,0,0,0,0.000000,0
597248,1787800302.0,5.999000072479248,0,0,0,0.000000,0
597249,1787800308.0,6.0,0,0,0,0.000000,0
597250,1787800314.0,6.0,0,0,0,0.000000,0
597251,1787800320.0,6.0,0,0,0,0.000000,0
597252,1787800326.0,6.0,0,0,0,0.000000,0
597253,1787800332.0,6.0,0,0,0,0.000000,0
597254,1787800338.0,6.0,0,0,0,0.000000,0
597255,1787800344.001,6.000999927520752,0,0,0,0.000000,0
597256,1787800350.001,6.0,0,0,0,0.000000,0
597257,1787800356.0,5.999000072479248,0,0,0,0.000000,0
597258,1787800362.0,6.0,0,0,0,0.000000,0
597259,1787800368.0,6.0,0,0,0,0.000000,0
597260,1787800374.0,6.0,0,0,0,0.000000,0
597261,1787800380.001,6.000999927520752,0,0,0,0.000000,0
597262,1787800386.001,6.0,0,0,0,0.000000,0
597263,1787800392.0,5.999000072479248,0,0,0,0.000000,0
597264,1787800398.001,6.000999927520752,0,0,0,0.000000,0
597265,1787800404.0,5.999000072479248,0,0,0,0.000000,0
597266,1787800410.001,6.000999927520752,0,0,0,0.000000,0
597267,1787800416.0,5.999000072479248,0,0,0,0.000000,0
597268,1787800422.0,6.0,0,0,0,0.000000,0
597269,1787800428.0,6.0,0,0,0,0.000000,0
597270,1787800434.001,6.000999927520752,0,0,0,0.000000,0
597271,1787800440.0,5.999000072479248,0,0,0,0.000000,0
597272,1787800446.001,6.000999927520752,0,0,0,0.000000,0
597273,1787800452.0,5.999000072479248,0,0,0,0.000000,0
597274,1787800458.0,6.0,0,0,0,0.000000,0
597275,1787800464.0,6.0,0,0,0,0.000000,0
597276,1787800470.0,6.0,0,0,0,0.000000,0
597277,1787800476.0,6.0,0,0,0,0.000000,0
597278,1787800482.001,6.000999927520752,0,0,0,0.000000,0
597279,1787800488.0,5.999000072479248,0,0,0,0.000000,0
597280,1787800494.0,6.0,0,0,0,0.000000,0
597281,1787800500.0,6.0,0,0,0,0.000000,0
597282,1787800506.0,6.0,0,0,0,0.000000,0
597283,1787800512.0,6.0,0,0,0,0.000000,0
597284,1787800518.0,6.0,0,0,0,0.000000,0
597285,1787800524.0,6.0,0,0,0,0.000000,0
597286,1787800530.0,6.0,0,0,0,0.000000,0
597287,1787800536.0,6.0,0,0,0,0.000000,0
597288,1787800542.0,6.0,0,0,0,0.000000,0
597289,1787800548.0,6.0,0,0,0,0.000000,0
597290,1787800554.0,6.0,0,0,0,0.000000,0
597291,1787800560.0,6.0,0,0,0,0.000000,0
597292,1787800566.0,6.0,0,0,0,0.000000,0
597293,1787800572.0,6.0,0,0,0,0.000000,0
597294,1787800578.0,6.0,0,0,0,0.000000,0
597295,1787800584.0,6.0,0,0,0,0.000000,0
597296,1787800590.001,6.000999927520752,0,0,0,0.000000,0
597297,1787800596.0,5.999000072479248,0,0,0,0.000000,0
597298,1787800602.0,6.0,0,0,0,0.000000,0
597299,1787800608.001,6.000999927520752,0,0,0,0.000000,0
597300,1787800614.0,5.999000072479248,0,0,0,0.000000,0
597301,1787800620.0,6.0,0,0,0,0.000000,0
597302,1787800626.0,6.0,0,0,0,0.000000,0
597303,1787800632.001,6.000999927520752,0,0,0,0.000000,0
597304,1787800638.0,5.999000072479248,0,0,0,0.000000,0
597305,1787800644.0,6.0,0,0,0,0.000000,0
597306,1787800650.0,6.0,0,0,0,0.000000,0
597307,1787800656.0,6.0,0,0,0,0.000000,0
597308,1787800662.0,6.0,0,0,0,0.000000,0
597309,1787800668.001,6.000999927520752,0,0,0,0.000000,0
597310,1787800674.0,5.999000072479248,0,0,0,0.000000,0
597311,1787800680.0,6.0,0,0,0,0.000000,0
597312,1787800686.0,6.0,0,0,0,0.000000,0
597313,1787800692.0,6.0,0,0,0,0.000000,0
597314,1787800698.0,6.0,0,0,0,0.000000,0
597315,1787800704.0,6.0,0,0,0,0.000000,0
597316,1787800710.0,6.0,0,0,0,0.000000,0
597317,1787800716.0,6.0,1,1,14230,0.071150,1
597318,1787800722.001,6.000999927520752,0,0,0,0.000000,0
597319,1787800728.0,5.999000072479248,0,0,0,0.000000,0
597320,1787800734.0,6.0,0,0,0,0.000000,0
597321,1787800740.0,6.0,1,1,13284,0.066420,1
597322,1787800746.0,6.0,0,0,0,0.000000,0
597323,1787800752.0,6.0,0,0,0,0.000000,0
597324,1787800758.0,6.0,0,0,0,0.000000,0
597325,1787800764.0,6.0,0,0,0,0.000000,0
597326,1787800770.0,6.0,1,1,11974,0.059870,1
597327,1787800776.0,6.0,0,0,0,0.000000,0
597328,1787800782.001,6.000999927520752,0,0,0,0.000000,0
597329,1787800788.0,5.999000072479248,0,0,0,0.000000,0
597330,1787800794.001,6.000999927520752,0,0,0,0.000000,0
597331,1787800800.0,5.999000072479248,0,0,0,0.000000,0
597332,1787800806.0,6.0,0,0,0,0.000000,0
597333,1787800812.001,6.000999927520752,0,0,0,0.000000,0
597334,1787800818.0,5.999000072479248,0,0,0,0.000000,0
597335,1787800824.0,6.0,0,0,0,0.000000,0
597336,1787800830.001,6.000999927520752,1,1,9106,0.045530,1
597337,1787800836.0,5.999000072479248,0,0,0,0.000000,0
597338,1787800842.0,6.0,0,0,0,0.000000,0
597339,1787800848.001,6.000999927520752,0,0,0,0.000000,0
597340,1787800854.0,5.999000072479248,0,0,0,0.000000,0
597341,1787800860.0,6.0,0,0,0,0.000000,0
597342,1787800866.0,6.0,0,0,0,0.000000,0
597343,1787800872.0,6.0,0,0,0,0.000000,0
597344,1787800878.001,6.000999927520752,0,0,0,0.000000,0
597345,1787800884.001,6.0,0,0,0,0.000000,0
597346,1787800890.0,5.999000072479248,0,0,0,0.000000,0
597347,1787800896.0,6.0,0,0,0,0.000000,0
597348,1787800902.0,6.0,0,0,0,0.000000,0
597349,1787800908.0,6.0,0,0,0,0.000000,0
597350,1787800914.0,6.0,0,0,0,0.000000,0
597351,1787800920.0,6.0,0,0,0,0.000000,0
597352,1787800926.0,6.0,0,0,0,0.000000,0
597353,1787800932.0,6.0,0,0,0,0.000000,0
597354,1787800938.0,6.0,0,0,0,0.000000,0
597355,1787800944.0,6.0,0,0,0,0.000000,0
597356,1787800950.0,6.0,0,0,0,0.000000,0
597357,1787800956.0,6.0,0,0,0,0.000000,0
597358,1787800962.0,6.0,0,0,0,0.000000,0
597359,1787800968.0,6.0,0,0,0,0.000000,0
597360,1787800974.0,6.0,0,0,0,0.000000,0
597361,1787800980.0,6.0,0,0,0,0.000000,0
597362,1787800986.0,6.0,0,0,0,0.000000,0
597363,1787800992.0,6.0,0,0,0,0.000000,0
597364,1787800998.001,6.000999927520752,0,0,0,0.000000,0
597365,1787801004.0,5.999000072479248,0,0,0,0.000000,0
597366,1787801010.0,6.0,0,0,0,0.000000,0
597367,1787801016.0,6.0,0,0,0,0.000000,0
597368,1787801022.001,6.000999927520752,0,0,0,0.000000,0
597369,1787801028.0,5.999000072479248,0,0,0,0.000000,0
597370,1787801034.001,6.000999927520752,0,0,0,0.000000,0
597371,1787801040.0,5.999000072479248,0,0,0,0.000000,0
597372,1787801046.0,6.0,0,0,0,0.000000,0
597373,1787801052.0,6.0,0,0,0,0.000000,0
597374,1787801058.001,6.000999927520752,0,0,0,0.000000,0
597375,1787801064.0,5.999000072479248,0,0,0,0.000000,0
597376,1787801070.001,6.000999927520752,0,0,0,0.000000,0
597377,1787801076.0,5.999000072479248,0,0,0,0.000000,0
597378,1787801082.0,6.0,0,0,0,0.000000,0
597379,1787801088.0,6.0,0,0,0,0.000000,0
597380,1787801094.0,6.0,0,0,0,0.000000,0
597381,1787801100.0,6.0,0,0,0,0.000000,0
597382,1787801106.0,6.0,0,0,0,0.000000,0
597383,1787801112.0,6.0,0,0,0,0.000000,0
597384,1787801118.0,6.0,0,0,0,0.000000,0
597385,1787801124.0,6.0,0,0,0,0.000000,0
597386,1787801130.0,6.0,0,0,0,0.000000,0
597387,1787801136.0,6.0,0,0,0,0.000000,0
597388,1787801142.0,6.0,0,0,0,0.000000,0
597389,1787801148.0,6.0,0,0,0,0.000000,0
597390,1787801154.0,6.0,0,0,0,0.000000,0
597391,1787801160.0,6.0,0,0,0,0.000000,0
597392,1787801166.0,6.0,0,0,0,0.000000,0
597393,1787801172.0,6.0,0,0,0,0.000000,0
597394,1787801178.0,6.0,0,0,0,0.000000,0
597395,1787801184.0,6.0,0,0,0,0.000000,0
597396,1787801190.001,6.000999927520752,0,0,0,0.000000,0
597397,1787801196.0,5.999000072479248,0,0,0,0.000000,0
597398,1787801202.001,6.000999927520752,0,0,0,0.000000,0
597399,1787801208.0,5.999000072479248,0,0,0,0.000000,0
597400,1787801214.0,6.0,0,0,0,0.000000,0
597401,1787801220.0,6.0,0,0,0,0.000000,0
597402,1787801226.001,6.000999927520752,0,0,0,0.000000,0
597403,1787801232.0,5.999000072479248,0,0,0,0.000000,0
597404,1787801238.001,6.000999927520752,0,0,0,0.000000,0
597405,1787801244.0,5.999000072479248,0,0,0,0.000000,0
597406,1787801250.0,6.0,0,0,0,0.000000,0
597407,1787801256.0,6.0,0,0,0,0.000000,0
597408,1787801262.0,6.0,0,0,0,0.000000,0
597409,1787801268.0,6.0,0,0,0,0.000000,0
597410,1787801274.0,6.0,0,0,0,0.000000,0
597411,1787801280.0,6.0,0,0,0,0.000000,0
597412,1787801286.0,6.0,0,0,0,0.000000,0
597413,1787801292.0,6.0,0,0,0,0.000000,0
597414,1787801298.0,6.0,0,0,0,0.000000,0
597415,1787801304.0,6.0,0,0,0,0.000000,0
597416,1787801310.0,6.0,0,0,0,0.000000,0
597417,1787801316.0,6.0,0,0,0,0.000000,0
597418,1787801322.0,6.0,0,0,0,0.000000,0
597419,1787801328.0,6.0,0,0,0,0.000000,0
597420,1787801334.0,6.0,0,0,0,0.000000,0
597421,1787801340.0,6.0,0,0,0,0.000000,0
597422,1787801346.0,6.0,0,0,0,0.000000,0
597423,1787801352.0,6.0,0,0,0,0.000000,0
597424,1787801358.0,6.0,0,0,0,0.000000,0
597425,1787801364.0,6.0,0,0,0,0.000000,0
597426,1787801370.0,6.0,0,0,0,0.000000,0
597427,1787801376.0,6.0,0,0,0,0.000000,0
597428,1787801382.0,6.0,0,0,0,0.000000,0
597429,1787801388.001,6.000999927520752,0,0,0,0.000000,0
597430,1787801394.0,5.999000072479248,0,0,0,0.000000,0
597431,1787801400.0,6.0,0,0,0,0.000000,0
597432,1787801406.0,6.0,0,0,0,0.000000,0
597433,1787801412.001,6.000999927520752,0,0,0,0.000000,0
597434,1787801418.0,5.999000072479248,0,0,0,0.000000,0
597435,1787801424.0,6.0,0,0,0,0.000000,0
597436,1787801430.001,6.000999927520752,0,0,0,0.000000,0
597437,1787801436.0,5.999000072479248,0,0,0,0.000000,0
597438,1787801442.0,6.0,0,0,0,0.000000,0
597439,1787801448.001,6.000999927520752,0,0,0,0.000000,0
597440,1787801454.0,5.999000072479248,0,0,0,0.000000,0
597441,1787801460.0,6.0,0,0,0,0.000000,0
597442,1787801466.0,6.0,0,0,0,0.000000,0
597443,1787801472.0,6.0,0,0,0,0.000000,0
597444,1787801478.0,6.0,0,0,0,0.000000,0
597445,1787801484.0,6.0,0,0,0,0.000000,0
597446,1787801490.0,6.0,0,0,0,0.000000,0
597447,1787801496.0,6.0,0,0,0,0.000000,0
597448,1787801502.0,6.0,0,0,0,0.000000,0
597449,1787801508.0,6.0,0,0,0,0.000000,0
597450,1787801514.0,6.0,0,0,0,0.000000,0
597451,1787801520.0,6.0,0,0,0,0.000000,0
597452,1787801526.001,6.000999927520752,1,1,8347,0.041735,1
597453,1787801532.0,5.999000072479248,0,0,0,0.000000,0
597454,1787801538.0,6.0,0,0,0,0.000000,0
597455,1787801544.0,6.0,0,0,0,0.000000,0
597456,1787801550.0,6.0,0,0,0,0.000000,0
597457,1787801556.0,6.0,0,0,0,0.000000,0
597458,1787801562.0,6.0,0,0,0,0.000000,0
597459,1787801568.0,6.0,0,0,0,0.000000,0
597460,1787801574.0,6.0,0,0,0,0.000000,0
597461,1787801580.001,6.000999927520752,0,0,0,0.000000,0
597462,1787801586.001,6.0,0,0,0,0.000000,0
597463,1787801592.0,5.999000072479248,0,0,0,0.000000,0
597464,1787801598.0,6.0,0,0,0,0.000000,0
597465,1787801604.0,6.0,0,0,0,0.000000,0
597466,1787801610.0,6.0,0,0,0,0.000000,0
597467,1787801616.0,6.0,0,0,0,0.000000,0
597468,1787801622.001,6.000999927520752,0,0,0,0.000000,0
597469,1787801628.0,5.999000072479248,0,0,0,0.000000,0
597470,1787801634.001,6.000999927520752,0,0,0,0.000000,0
597471,1787801640.0,5.999000072479248,0,0,0,0.000000,0
597472,1787801646.0,6.0,0,0,0,0.000000,0
597473,1787801652.0,6.0,0,0,0,0.000000,0
597474,1787801658.001,6.000999927520752,0,0,0,0.000000,0
597475,1787801664.0,5.999000072479248,0,0,0,0.000000,0
597476,1787801670.0,6.0,0,0,0,0.000000,0
597477,1787801676.001,6.000999927520752,0,0,0,0.000000,0
597478,1787801682.0,5.999000072479248,0,0,0,0.000000,0
597479,1787801688.0,6.0,0,0,0,0.000000,0
597480,1787801694.0,6.0,0,0,0,0.000000,0
597481,1787801700.0,6.0,0,0,0,0.000000,0
597482,1787801706.0,6.0,0,0,0,0.000000,0
597483,1787801712.0,6.0,0,0,0,0.000000,0
597484,1787801718.0,6.0,0,0,0,0.000000,0
597485,1787801724.0,6.0,0,0,0,0.000000,0
597486,1787801730.0,6.0,0,0,0,0.000000,0
597487,1787801736.0,6.0,0,0,0,0.000000,0
597488,1787801742.0,6.0,0,0,0,0.000000,0
597489,1787801748.001,6.000999927520752,0,0,0,0.000000,0
597490,1787801754.0,5.999000072479248,0,0,0,0.000000,0
597491,1787801760.0,6.0,0,0,0,0.000000,0
597492,1787801766.001,6.000999927520752,0,0,0,0.000000,0
597493,1787801772.001,6.0,0,0,0,0.000000,0
597494,1787801778.001,6.0,0,0,0,0.000000,0
597495,1787801784.0,5.999000072479248,0,0,0,0.000000,0
597496,1787801790.0,6.0,0,0,0,0.000000,0
597497,1787801796.0,6.0,0,0,0,0.000000,0
597498,1787801802.001,6.000999927520752,0,0,0,0.000000,0
597499,1787801808.0,5.999000072479248,0,0,0,0.000000,0
597500,1787801814.0,6.0,0,0,0,0.000000,0
597501,1787801820.0,6.0,0,0,0,0.000000,0
597502,1787801826.001,6.000999927520752,0,0,0,0.000000,0
597503,1787801832.0,5.999000072479248,0,0,0,0.000000,0
597504,1787801838.0,6.0,0,0,0,0.000000,0
597505,1787801844.0,6.0,0,0,0,0.000000,0
597506,1787801850.0,6.0,0,0,0,0.000000,0
597507,1787801856.0,6.0,0,0,0,0.000000,0
597508,1787801862.0,6.0,0,0,0,0.000000,0
597509,1787801868.0,6.0,0,0,0,0.000000,0
597510,1787801874.001,6.000999927520752,0,0,0,0.000000,0
597511,1787801880.0,5.999000072479248,0,0,0,0.000000,0
597512,1787801886.0,6.0,0,0,0,0.000000,0
597513,1787801892.001,6.000999927520752,0,0,0,0.000000,0
597514,1787801898.0,5.999000072479248,0,0,0,0.000000,0
597515,1787801904.0,6.0,0,0,0,0.000000,0
597516,1787801910.0,6.0,0,0,0,0.000000,0
597517,1787801916.0,6.0,0,0,0,0.000000,0
597518,1787801922.001,6.000999927520752,0,0,0,0.000000,0
597519,1787801928.001,6.0,0,0,0,0.000000,0
597520,1787801934.001,6.0,0,0,0,0.000000,0
597521,1787801940.0,5.999000072479248,0,0,0,0.000000,0
597522,1787801946.0,6.0,0,0,0,0.000000,0
597523,1787801952.0,6.0,0,0,0,0.000000,0
597524,1787801958.001,6.000999927520752,0,0,0,0.000000,0
597525,1787801964.0,5.999000072479248,0,0,0,0.000000,0
597526,1787801970.0,6.0,0,0,0,0.000000,0
597527,1787801976.0,6.0,0,0,0,0.000000,0
597528,1787801982.0,6.0,0,0,0,0.000000,0
597529,1787801988.0,6.0,0,0,0,0.000000,0
597530,1787801994.001,6.000999927520752,0,0,0,0.000000,0
597531,1787802000.0,5.999000072479248,0,0,0,0.000000,0
597532,1787802006.001,6.000999927520752,0,0,0,0.000000,0
597533,1787802012.0,5.999000072479248,0,0,0,0.000000,0
597534,1787802018.0,6.0,0,0,0,0.000000,0
597535,1787802024.0,6.0,0,0,0,0.000000,0
597536,1787802030.0,6.0,0,0,0,0.000000,0
597537,1787802036.0,6.0,0,0,0,0.000000,0
597538,1787802042.001,6.000999927520752,0,0,0,0.000000,0
597539,1787802048.0,5.999000072479248,0,0,0,0.000000,0
597540,1787802054.0,6.0,0,0,0,0.000000,0
597541,1787802060.0,6.0,1,1,8344,0.041720,1
597542,1787802066.0,6.0,0,0,0,0.000000,0
597543,1787802072.0,6.0,0,0,0,0.000000,0
597544,1787802078.0,6.0,0,0,0,0.000000,0
597545,1787802084.0,6.0,0,0,0,0.000000,0
597546,1787802090.0,6.0,0,0,0,0.000000,0
597547,1787802096.0,6.0,1,1,8343,0.041715,1
597548,1787802102.0,6.0,0,0,0,0.000000,0
597549,1787802108.0,6.0,0,0,0,0.000000,0
597550,1787802114.0,6.0,0,0,0,0.000000,0
597551,1787802120.0,6.0,0,0,0,0.000000,0
597552,1787802126.0,6.0,0,0,0,0.000000,0
597553,1787802132.0,6.0,0,0,0,0.000000,0
597554,1787802138.0,6.0,0,0,0,0.000000,0
597555,1787802144.0,6.0,0,0,0,0.000000,0
597556,1787802150.001,6.000999927520752,0,0,0,0.000000,0
597557,1787802156.0,5.999000072479248,0,0,0,0.000000,0
597558,1787802162.0,6.0,0,0,0,0.000000,0
597559,1787802168.0,6.0,0,0,0,0.000000,0
597560,1787802174.001,6.000999927520752,0,0,0,0.000000,0
597561,1787802180.0,5.999000072479248,0,0,0,0.000000,0
597562,1787802186.0,6.0,0,0,0,0.000000,0
597563,1787802192.0,6.0,0,0,0,0.000000,0
597564,1787802198.0,6.0,0,0,0,0.000000,0
597565,1787802204.0,6.0,0,0,0,0.000000,0
597566,1787802210.0,6.0,0,0,0,0.000000,0
597567,1787802216.0,6.0,0,0,0,0.000000,0
597568,1787802222.0,6.0,0,0,0,0.000000,0
597569,1787802228.0,6.0,0,0,0,0.000000,0
597570,1787802234.001,6.000999927520752,0,0,0,0.000000,0
597571,1787802240.0,5.999000072479248,0,0,0,0.000000,0
597572,1787802246.0,6.0,0,0,0,0.000000,0
597573,1787802252.0,6.0,0,0,0,0.000000,0
597574,1787802258.001,6.000999927520752,0,0,0,0.000000,0
597575,1787802264.0,5.999000072479248,0,0,0,0.000000,0
597576,1787802270.001,6.000999927520752,0,0,0,0.000000,0
597577,1787802276.0,5.999000072479248,0,0,0,0.000000,0
597578,1787802282.0,6.0,0,0,0,0.000000,0
597579,1787802288.0,6.0,0,0,0,0.000000,0
597580,1787802294.0,6.0,0,0,0,0.000000,0
597581,1787802300.0,6.0,0,0,0,0.000000,0
597582,1787802306.0,6.0,0,0,0,0.000000,0
597583,1787802312.0,6.0,0,0,0,0.000000,0
597584,1787802318.001,6.000999927520752,0,0,0,0.000000,0
597585,1787802324.0,5.999000072479248,0,0,0,0.000000,0
597586,1787802330.0,6.0,0,0,0,0.000000,0
597587,1787802336.0,6.0,0,0,0,0.000000,0
597588,1787802342.001,6.000999927520752,0,0,0,0.000000,0
597589,1787802348.001,6.0,0,0,0,0.000000,0
597590,1787802354.0,5.999000072479248,0,0,0,0.000000,0
597591,1787802360.0,6.0,0,0,0,0.000000,0
597592,1787802366.0,6.0,0,0,0,0.000000,0
597593,1787802372.0,6.0,0,0,0,0.000000,0
597594,1787802378.001,6.000999927520752,0,0,0,0.000000,0
597595,1787802384.0,5.999000072479248,0,0,0,0.000000,0
597596,1787802390.0,6.0,0,0,0,0.000000,0
597597,1787802396.0,6.0,0,0,0,0.000000,0
597598,1787802402.001,6.000999927520752,0,0,0,0.000000,0
597599,1787802408.0,5.999000072479248,0,0,0,0.000000,0
597600,1787802414.0,6.0,0,0,0,0.000000,0
597601,1787802420.0,6.0,0,0,0,0.000000,0
597602,1787802426.0,6.0,0,0,0,0.000000,0
597603,1787802432.0,6.0,0,0,0,0.000000,0
597604,1787802438.001,6.000999927520752,0,0,0,0.000000,0
597605,1787802444.0,5.999000072479248,0,0,0,0.000000,0
597606,1787802450.001,6.000999927520752,0,0,0,0.000000,0
597607,1787802456.0,5.999000072479248,0,0,0,0.000000,0
597608,1787802462.0,6.0,0,0,0,0.000000,0
597609,1787802468.001,6.000999927520752,0,0,0,0.000000,0
597610,1787802474.0,5.999000072479248,0,0,0,0.000000,0
597611,1787802480.0,6.0,0,0,0,0.000000,0
597612,1787802486.0,6.0,0,0,0,0.000000,0
597613,1787802492.0,6.0,0,0,0,0.000000,0
597614,1787802498.0,6.0,0,0,0,0.000000,0
597615,1787802504.0,6.0,0,0,0,0.000000,0
597616,1787802510.0,6.0,0,0,0,0.000000,0
597617,1787802516.0,6.0,0,0,0,0.000000,0
597618,1787802522.001,6.000999927520752,0,0,0,0.000000,0
597619,1787802528.0,5.999000072479248,0,0,0,0.000000,0
597620,1787802534.0,6.0,0,0,0,0.000000,0
597621,1787802540.0,6.0,0,0,0,0.000000,0
597622,1787802546.001,6.000999927520752,0,0,0,0.000000,0
597623,1787802552.0,5.999000072479248,0,0,0,0.000000,0
597624,1787802558.0,6.0,0,0,0,0.000000,0
597625,1787802564.0,6.0,0,0,0,0.000000,0
597626,1787802570.001,6.000999927520752,0,0,0,0.000000,0
597627,1787802576.0,5.999000072479248,0,0,0,0.000000,0
597628,1787802582.001,6.000999927520752,0,0,0,0.000000,0
597629,1787802588.0,5.999000072479248,0,0,0,0.000000,0
597630,1787802594.001,6.000999927520752,0,0,0,0.000000,0
597631,1787802600.0,5.999000072479248,1,1,8343,0.041715,1
597632,1787802606.0,6.0,0,0,0,0.000000,0
597633,1787802612.0,6.0,0,0,0,0.000000,0
597634,1787802618.0,6.0,0,0,0,0.000000,0
597635,1787802624.0,6.0,0,0,0,0.000000,0
597636,1787802630.0,6.0,1,1,8343,0.041715,1
597637,1787802636.001,6.000999927520752,0,0,0,0.000000,0
597638,1787802642.0,5.999000072479248,0,0,0,0.000000,0
597639,1787802648.0,6.0,0,0,0,0.000000,0
597640,1787802654.0,6.0,0,0,0,0.000000,0
597641,1787802660.0,6.0,0,0,0,0.000000,0
597642,1787802666.0,6.0,0,0,0,0.000000,0
597643,1787802672.001,6.000999927520752,0,0,0,0.000000,0
597644,1787802678.0,5.999000072479248,0,0,0,0.000000,0
597645,1787802684.0,6.0,0,0,0,0.000000,0
597646,1787802690.001,6.000999927520752,1,1,8353,0.041765,1
597647,1787802696.0,5.999000072479248,0,0,0,0.000000,0
597648,1787802702.001,6.000999927520752,0,0,0,0.000000,0
597649,1787802708.001,6.0,0,0,0,0.000000,0
597650,1787802714.0,5.999000072479248,0,0,0,0.000000,0
597651,1787802720.0,6.0,0,0,0,0.000000,0
597652,1787802726.001,6.000999927520752,1,1,8343,0.041715,0
597653,1787802732.0,5.999000072479248,0,0,0,0.000000,0
597654,1787802738.0,6.0,0,0,0,0.000000,0
597655,1787802744.0,6.0,0,0,0,0.000000,0
597656,1787802750.0,6.0,0,0,0,0.000000,0
597657,1787802756.0,6.0,0,0,0,0.000000,0
597658,1787802762.0,6.0,0,0,0,0.000000,0
597659,1787802768.0,6.0,0,0,0,0.000000,0
597660,1787802774.0,6.0,0,0,0,0.000000,0
597661,1787802780.0,6.0,0,0,0,0.000000,0
597662,1787802786.0,6.0,0,0,0,0.000000,0
597663,1787802792.0,6.0,0,0,0,0.000000,0
597664,1787802798.0,6.0,0,0,0,0.000000,0
597665,1787802804.0,6.0,0,0,0,0.000000,0
597666,1787802810.0,6.0,0,0,0,0.000000,0
597667,1787802816.0,6.0,0,0,0,0.000000,0
597668,1787802822.0,6.0,0,0,0,0.000000,0
597669,1787802828.0,6.0,0,0,0,0.000000,0
597670,1787802834.0,6.0,0,0,0,0.000000,0
597671,1787802840.0,6.0,0,0,0,0.000000,0
597672,1787802846.0,6.0,0,0,0,0.000000,0
597673,1787802852.0,6.0,0,0,0,0.000000,0
597674,1787802858.0,6.0,0,0,0,0.000000,0
597675,1787802864.0,6.0,0,0,0,0.000000,0
597676,1787802870.0,6.0,0,0,0,0.000000,0
597677,1787802876.0,6.0,0,0,0,0.000000,0
597678,1787802882.001,6.000999927520752,0,0,0,0.000000,0
597679,1787802888.0,5.999000072479248,0,0,0,0.000000,0
597680,1787802894.0,6.0,0,0,0,0.000000,0
597681,1787802900.0,6.0,0,0,0,0.000000,0
597682,1787802906.0,6.0,0,0,0,0.000000,0
597683,1787802912.0,6.0,0,0,0,0.000000,0
597684,1787802918.0,6.0,0,0,0,0.000000,0
597685,1787802924.0,6.0,0,0,0,0.000000,0
597686,1787802930.0,6.0,0,0,0,0.000000,0
597687,1787802936.0,6.0,0,0,0,0.000000,0
597688,1787802942.0,6.0,0,0,0,0.000000,0
597689,1787802948.0,6.0,0,0,0,0.000000,0
597690,1787802954.0,6.0,0,0,0,0.000000,0
597691,1787802960.0,6.0,0,0,0,0.000000,0
597692,1787802966.001,6.000999927520752,0,0,0,0.000000,0
597693,1787802972.0,5.999000072479248,0,0,0,0.000000,0
597694,1787802978.0,6.0,0,0,0,0.000000,0
597695,1787802984.0,6.0,0,0,0,0.000000,0
597696,1787802990.0,6.0,0,0,0,0.000000,0
597697,1787802996.0,6.0,0,0,0,0.000000,0
597698,1787803002.0,6.0,0,0,0,0.000000,0
597699,1787803008.0,6.0,0,0,0,0.000000,0
597700,1787803014.0,6.0,0,0,0,0.000000,0
597701,1787803020.0,6.0,0,0,0,0.000000,0
597702,1787803026.0,6.0,0,0,0,0.000000,0
597703,1787803032.0,6.0,0,0,0,0.000000,0
597704,1787803038.0,6.0,0,0,0,0.000000,0
597705,1787803044.0,6.0,0,0,0,0.000000,0
597706,1787803050.001,6.000999927520752,0,0,0,0.000000,0
597707,1787803056.0,5.999000072479248,0,0,0,0.000000,0
597708,1787803062.0,6.0,0,0,0,0.000000,0
597709,1787803068.0,6.0,0,0,0,0.000000,0
597710,1787803074.0,6.0,0,0,0,0.000000,0
597711,1787803080.0,6.0,0,0,0,0.000000,0
597712,1787803086.0,6.0,0,0,0,0.000000,0
597713,1787803092.0,6.0,0,0,0,0.000000,0
597714,1787803098.0,6.0,0,0,0,0.000000,0
597715,1787803104.0,6.0,0,0,0,0.000000,0
597716,1787803110.0,6.0,0,0,0,0.000000,0
597717,1787803116.0,6.0,0,0,0,0.000000,0
597718,1787803122.0,6.0,0,0,0,0.000000,0
597719,1787803128.0,6.0,0,0,0,0.000000,0
597720,1787803134.0,6.0,0,0,0,0.000000,0
597721,1787803140.0,6.0,0,0,0,0.000000,0
597722,1787803146.0,6.0,0,0,0,0.000000,0
597723,1787803152.0,6.0,0,0,0,0.000000,0
597724,1787803158.0,6.0,0,0,0,0.000000,0
597725,1787803164.0,6.0,0,0,0,0.000000,0
597726,1787803170.0,6.0,0,0,0,0.000000,0
597727,1787803176.0,6.0,0,0,0,0.000000,0
597728,1787803182.0,6.0,0,0,0,0.000000,0
597729,1787803188.001,6.000999927520752,0,0,0,0.000000,0
597730,1787803194.0,5.999000072479248,0,0,0,0.000000,0
597731,1787803200.0,6.0,0,0,0,0.000000,0
597732,1787803206.0,6.0,0,0,0,0.000000,0
597733,1787803212.001,6.000999927520752,0,0,0,0.000000,0
597734,1787803218.0,5.999000072479248,0,0,0,0.000000,0
597735,1787803224.001,6.000999927520752,0,0,0,0.000000,0
597736,1787803230.0,5.999000072479248,0,0,0,0.000000,0
597737,1787803236.0,6.0,0,0,0,0.000000,0
597738,1787803242.0,6.0,0,0,0,0.000000,0
597739,1787803248.0,6.0,0,0,0,0.000000,0
597740,1787803254.0,6.0,0,0,0,0.000000,0
597741,1787803260.001,6.000999927520752,0,0,0,0.000000,0
597742,1787803266.001,6.0,0,0,0,0.000000,0
597743,1787803272.001,6.0,0,0,0,0.000000,0
597744,1787803278.0,5.999000072479248,0,0,0,0.000000,0
597745,1787803284.0,6.0,0,0,0,0.000000,0
597746,1787803290.001,6.000999927520752,0,0,0,0.000000,0
597747,1787803296.0,5.999000072479248,0,0,0,0.000000,0
597748,1787803302.001,6.000999927520752,0,0,0,0.000000,0
597749,1787803308.0,5.999000072479248,0,0,0,0.000000,0
597750,1787803314.0,6.0,0,0,0,0.000000,0
597751,1787803320.001,6.000999927520752,0,0,0,0.000000,0
597752,1787803326.0,5.999000072479248,0,0,0,0.000000,0
597753,1787803332.0,6.0,0,0,0,0.000000,0
597754,1787803338.0,6.0,0,0,0,0.000000,0
597755,1787803344.0,6.0,0,0,0,0.000000,0
597756,1787803350.0,6.0,0,0,0,0.000000,0
597757,1787803356.001,6.000999927520752,0,0,0,0.000000,0
597758,1787803362.0,5.999000072479248,0,0,0,0.000000,0
597759,1787803368.0,6.0,0,0,0,0.000000,0
597760,1787803374.0,6.0,0,0,0,0.000000,0
597761,1787803380.0,6.0,0,0,0,0.000000,0
597762,1787803386.0,6.0,0,0,0,0.000000,0
597763,1787803392.001,6.000999927520752,0,0,0,0.000000,0
597764,1787803398.001,6.0,0,0,0,0.000000,0
597765,1787803404.0,5.999000072479248,0,0,0,0.000000,0
597766,1787803410.0,6.0,0,0,0,0.000000,0
597767,1787803416.0,6.0,0,0,0,0.000000,0
597768,1787803422.0,6.0,0,0,0,0.000000,0
597769,1787803428.001,6.000999927520752,0,0,0,0.000000,0
597770,1787803434.0,5.999000072479248,0,0,0,0.000000,0
597771,1787803440.001,6.000999927520752,0,0,0,0.000000,0
597772,1787803446.0,5.999000072479248,0,0,0,0.000000,0
597773,1787803452.0,6.0,0,0,0,0.000000,0
597774,1787803458.0,6.0,0,0,0,0.000000,0
597775,1787803464.001,6.000999927520752,0,0,0,0.000000,0
597776,1787803470.0,5.999000072479248,0,0,0,0.000000,0
597777,1787803476.0,6.0,0,0,0,0.000000,0
597778,1787803482.0,6.0,0,0,0,0.000000,0
597779,1787803488.0,6.0,0,0,0,0.000000,0
597780,1787803494.001,6.000999927520752,0,0,0,0.000000,0
597781,1787803500.001,6.0,0,0,0,0.000000,0
597782,1787803506.0,5.999000072479248,0,0,0,0.000000,0
597783,1787803512.001,6.000999927520752,0,0,0,0.000000,0
597784,1787803518.0,5.999000072479248,0,0,0,0.000000,0
597785,1787803524.0,6.0,0,0,0,0.000000,0
597786,1787803530.001,6.000999927520752,0,0,0,0.000000,0
597787,1787803536.001,6.0,0,0,0,0.000000,0
597788,1787803542.001,6.0,0,0,0,0.000000,0
597789,1787803548.0,5.999000072479248,0,0,0,0.000000,0
597790,1787803554.0,6.0,0,0,0,0.000000,0
597791,1787803560.001,6.000999927520752,0,0,0,0.000000,0
597792,1787803566.0,5.999000072479248,0,0,0,0.000000,0
597793,1787803572.001,6.000999927520752,0,0,0,0.000000,0
597794,1787803578.0,5.999000072479248,0,0,0,0.000000,0
597795,1787803584.0,6.0,0,0,0,0.000000,0
597796,1787803590.0,6.0,0,0,0,0.000000,0
597797,1787803596.001,6.000999927520752,0,0,0,0.000000,0
597798,1787803602.0,5.999000072479248,0,0,0,0.000000,0
597799,1787803608.0,6.0,0,0,0,0.000000,0
597800,1787803614.0,6.0,0,0,0,0.000000,0
597801,1787803620.0,6.0,0,0,0,0.000000,0
597802,1787803626.001,6.000999927520752,0,0,0,0.000000,0
597803,1787803632.0,5.999000072479248,0,0,0,0.000000,0
597804,1787803638.0,6.0,0,0,0,0.000000,0
597805,1787803644.0,6.0,0,0,0,0.000000,0
597806,1787803650.0,6.0,0,0,0,0.000000,0
597807,1787803656.0,6.0,0,0,0,0.000000,0
597808,1787803662.0,6.0,0,0,0,0.000000,0
597809,1787803668.0,6.0,0,0,0,0.000000,0
597810,1787803674.0,6.0,0,0,0,0.000000,0
597811,1787803680.0,6.0,0,0,0,0.000000,0
597812,1787803686.0,6.0,0,0,0,0.000000,0
597813,1787803692.0,6.0,0,0,0,0.000000,0
597814,1787803698.0,6.0,0,0,0,0.000000,0
597815,1787803704.0,6.0,0,0,0,0.000000,0
597816,1787803710.001,6.000999927520752,0,0,0,0.000000,0
597817,1787803716.0,5.999000072479248,0,0,0,0.000000,0
597818,1787803722.0,6.0,0,0,0,0.000000,0
597819,1787803728.0,6.0,0,0,0,0.000000,0
597820,1787803734.001,6.000999927520752,0,0,0,0.000000,0
597821,1787803740.0,5.999000072479248,0,0,0,0.000000,0
597822,1787803746.0,6.0,0,0,0,0.000000,0
597823,1787803752.0,6.0,0,0,0,0.000000,0
597824,1787803758.0,6.0,0,0,0,0.000000,0
597825,1787803764.0,6.0,0,0,0,0.000000,0
597826,1787803770.001,6.000999927520752,0,0,0,0.000000,0
597827,1787803776.0,5.999000072479248,0,0,0,0.000000,0
597828,1787803782.0,6.0,0,0,0,0.000000,0
597829,1787803788.0,6.0,0,0,0,0.000000,0
597830,1787803794.001,6.000999927520752,0,0,0,0.000000,0
597831,1787803800.0,5.999000072479248,0,0,0,0.000000,0
597832,1787803806.0,6.0,0,0,0,0.000000,0
597833,1787803812.0,6.0,0,0,0,0.000000,0
597834,1787803818.0,6.0,0,0,0,0.000000,0
597835,1787803824.0,6.0,0,0,0,0.000000,0
597836,1787803830.0,6.0,1,1,8276,0.041380,1
597837,1787803836.0,6.0,0,0,0,0.000000,0
597838,1787803842.001,6.000999927520752,0,0,0,0.000000,0
597839,1787803848.0,5.999000072479248,0,0,0,0.000000,0
597840,1787803854.0,6.0,0,0,0,0.000000,0
597841,1787803860.0,6.0,1,1,8277,0.041385,1
597842,1787803866.0,6.0,0,0,0,0.000000,0
597843,1787803872.0,6.0,0,0,0,0.000000,0
597844,1787803878.0,6.0,0,0,0,0.000000,0
597845,1787803884.0,6.0,0,0,0,0.000000,0
597846,1787803890.001,6.000999927520752,1,1,8276,0.041380,1
597847,1787803896.0,5.999000072479248,0,0,0,0.000000,0
597848,1787803902.0,6.0,0,0,0,0.000000,0
597849,1787803908.0,6.0,0,0,0,0.000000,0
597850,1787803914.001,6.000999927520752,0,0,0,0.000000,0
597851,1787803920.0,5.999000072479248,1,1,8277,0.041385,1
597852,1787803926.0,6.0,0,0,0,0.000000,0
597853,1787803932.0,6.0,0,0,0,0.000000,0
597854,1787803938.0,6.0,0,0,0,0.000000,0
597855,1787803944.0,6.0,0,0,0,0.000000,0
597856,1787803950.001,6.000999927520752,1,1,8276,0.041380,1
597857,1787803956.0,5.999000072479248,0,0,0,0.000000,0
597858,1787803962.0,6.0,0,0,0,0.000000,0
597859,1787803968.0,6.0,0,0,0,0.000000,0
597860,1787803974.0,6.0,0,0,0,0.000000,0
597861,1787803980.0,6.0,1,1,8277,0.041385,1
597862,1787803986.0,6.0,0,0,0,0.000000,0
597863,1787803992.0,6.0,0,0,0,0.000000,0
597864,1787803998.0,6.0,0,0,0,0.000000,0
597865,1787804004.0,6.0,0,0,0,0.000000,0
597866,1787804010.0,6.0,1,1,8277,0.041385,1
597867,1787804016.0,6.0,0,0,0,0.000000,0
597868,1787804022.001,6.000999927520752,0,0,0,0.000000,0
597869,1787804028.0,5.999000072479248,0,0,0,0.000000,0
597870,1787804034.0,6.0,0,0,0,0.000000,0
597871,1787804040.0,6.0,1,1,8277,0.041385,0
597872,1787804046.0,6.0,0,0,0,0.000000,0
597873,1787804052.0,6.0,0,0,0,0.000000,0
597874,1787804058.0,6.0,0,0,0,0.000000,0
597875,1787804064.001,6.000999927520752,0,0,0,0.000000,0
597876,1787804070.0,5.999000072479248,1,1,8283,0.041415,1
597877,1787804076.0,6.0,0,0,0,0.000000,0
597878,1787804082.0,6.0,0,0,0,0.000000,0
597879,1787804088.0,6.0,0,0,0,0.000000,0
597880,1787804094.0,6.0,0,0,0,0.000000,0
597881,1787804100.001,6.000999927520752,1,1,11282,0.056410,1
597882,1787804106.0,5.999000072479248,0,0,0,0.000000,0
597883,1787804112.0,6.0,0,0,0,0.000000,0
597884,1787804118.0,6.0,0,0,0,0.000000,0
597885,1787804124.0,6.0,0,0,0,0.000000,0
597886,1787804130.001,6.000999927520752,1,1,11281,0.056405,1
597887,1787804136.001,6.0,0,0,0,0.000000,0
597888,1787804142.0,5.999000072479248,0,0,0,0.000000,0
597889,1787804148.0,6.0,0,0,0,0.000000,0
597890,1787804154.0,6.0,0,0,0,0.000000,0
597891,1787804160.0,6.0,1,1,11282,0.056410,1
597892,1787804166.0,6.0,0,0,0,0.000000,0
597893,1787804172.0,6.0,0,0,0,0.000000,0
597894,1787804178.0,6.0,0,0,0,0.000000,0
597895,1787804184.0,6.0,0,0,0,0.000000,0
597896,1787804190.0,6.0,1,1,11282,0.056410,1
597897,1787804196.001,6.000999927520752,0,0,0,0.000000,0
597898,1787804202.0,5.999000072479248,0,0,0,0.000000,0
597899,1787804208.0,6.0,0,0,0,0.000000,0
597900,1787804214.0,6.0,0,0,0,0.000000,0
597901,1787804220.0,6.0,1,1,11281,0.056405,1
597902,1787804226.0,6.0,0,0,0,0.000000,0
597903,1787804232.001,6.000999927520752,0,0,0,0.000000,0
597904,1787804238.0,5.999000072479248,0,0,0,0.000000,0
597905,1787804244.0,6.0,0,0,0,0.000000,0
597906,1787804250.0,6.0,1,1,11282,0.056410,1
597907,1787804256.0,6.0,0,0,0,0.000000,0
597908,1787804262.001,6.000999927520752,0,0,0,0.000000,0
597909,1787804268.0,5.999000072479248,0,0,0,0.000000,0
597910,1787804274.0,6.0,0,0,0,0.000000,0
597911,1787804280.0,6.0,1,1,11282,0.056410,1
597912,1787804286.0,6.0,0,0,0,0.000000,0
597913,1787804292.0,6.0,0,0,0,0.000000,0
597914,1787804298.001,6.000999927520752,0,0,0,0.000000,0
597915,1787804304.0,5.999000072479248,0,0,0,0.000000,0
597916,1787804310.0,6.0,0,0,0,0.000000,0
597917,1787804316.0,6.0,0,0,0,0.000000,0
597918,1787804322.0,6.0,0,0,0,0.000000,0
597919,1787804328.0,6.0,0,0,0,0.000000,0
597920,1787804334.001,6.000999927520752,0,0,0,0.000000,0
597921,1787804340.0,5.999000072479248,0,0,0,0.000000,0
597922,1787804346.0,6.0,0,0,0,0.000000,0
597923,1787804352.001,6.000999927520752,0,0,0,0.000000,0
597924,1787804358.0,5.999000072479248,0,0,0,0.000000,0
597925,1787804364.0,6.0,0,0,0,0.000000,0
597926,1787804370.0,6.0,0,0,0,0.000000,0
597927,1787804376.0,6.0,0,0,0,0.000000,0
597928,1787804382.0,6.0,0,0,0,0.000000,0
597929,1787804388.001,6.000999927520752,0,0,0,0.000000,0
597930,1787804394.001,6.0,0,0,0,0.000000,0
597931,1787804400.0,5.999000072479248,0,0,0,0.000000,0
597932,1787804406.001,6.000999927520752,0,0,0,0.000000,0
597933,1787804412.0,5.999000072479248,0,0,0,0.000000,0
597934,1787804418.0,6.0,0,0,0,0.000000,0
597935,1787804424.0,6.0,0,0,0,0.000000,0
597936,1787804430.0,6.0,0,0,0,0.000000,0
597937,1787804436.0,6.0,0,0,0,0.000000,0
597938,1787804442.0,6.0,0,0,0,0.000000,0
597939,1787804448.0,6.0,0,0,0,0.000000,0
597940,1787804454.0,6.0,0,0,0,0.000000,0
597941,1787804460.001,6.000999927520752,0,0,0,0.000000,0
597942,1787804466.0,5.999000072479248,0,0,0,0.000000,0
597943,1787804472.001,6.000999927520752,0,0,0,0.000000,0
597944,1787804478.0,5.999000072479248,0,0,0,0.000000,0
597945,1787804484.001,6.000999927520752,0,0,0,0.000000,0
597946,1787804490.0,5.999000072479248,0,0,0,0.000000,0
597947,1787804496.0,6.0,0,0,0,0.000000,0
597948,1787804502.001,6.000999927520752,0,0,0,0.000000,0
597949,1787804508.001,6.0,0,0,0,0.000000,0
597950,1787804514.0,5.999000072479248,0,0,0,0.000000,0
597951,1787804520.0,6.0,0,0,0,0.000000,0
597952,1787804526.001,6.000999927520752,0,0,0,0.000000,0
597953,1787804532.0,5.999000072479248,0,0,0,0.000000,0
597954,1787804538.001,6.000999927520752,0,0,0,0.000000,0
597955,1787804544.0,5.999000072479248,0,0,0,0.000000,0
597956,1787804550.0,6.0,0,0,0,0.000000,0
597957,1787804556.0,6.0,0,0,0,0.000000,0
597958,1787804562.0,6.0,0,0,0,0.000000,0
597959,1787804568.001,6.000999927520752,0,0,0,0.000000,0
597960,1787804574.0,5.999000072479248,0,0,0,0.000000,0
597961,1787804580.0,6.0,0,0,0,0.000000,0
597962,1787804586.0,6.0,0,0,0,0.000000,0
597963,1787804592.0,6.0,0,0,0,0.000000,0
597964,1787804598.0,6.0,0,0,0,0.000000,0
597965,1787804604.0,6.0,0,0,0,0.000000,0
597966,1787804610.0,6.0,0,0,0,0.000000,0
597967,1787804616.0,6.0,0,0,0,0.000000,0
597968,1787804622.0,6.0,0,0,0,0.000000,0
597969,1787804628.0,6.0,0,0,0,0.000000,0
597970,1787804634.0,6.0,0,0,0,0.000000,0
597971,1787804640.0,6.0,0,0,0,0.000000,0
597972,1787804646.0,6.0,0,0,0,0.000000,0
597973,1787804652.0,6.0,0,0,0,0.000000,0
597974,1787804658.0,6.0,0,0,0,0.000000,0
597975,1787804664.001,6.000999927520752,0,0,0,0.000000,0
597976,1787804670.0,5.999000072479248,0,0,0,0.000000,0
597977,1787804676.0,6.0,0,0,0,0.000000,0
597978,1787804682.001,6.000999927520752,0,0,0,0.000000,0
597979,1787804688.0,5.999000072479248,0,0,0,0.000000,0
597980,1787804694.0,6.0,0,0,0,0.000000,0
597981,1787804700.001,6.000999927520752,0,0,0,0.000000,0
597982,1787804706.0,5.999000072479248,0,0,0,0.000000,0
597983,1787804712.0,6.0,0,0,0,0.000000,0
597984,1787804718.0,6.0,0,0,0,0.000000,0
597985,1787804724.0,6.0,0,0,0,0.000000,0
597986,1787804730.0,6.0,0,0,0,0.000000,0
597987,1787804736.0,6.0,0,0,0,0.000000,0
597988,1787804742.0,6.0,0,0,0,0.000000,0
597989,1787804748.0,6.0,0,0,0,0.000000,0
597990,1787804754.0,6.0,0,0,0,0.000000,0
597991,1787804760.0,6.0,0,0,0,0.000000,0
597992,1787804766.001,6.000999927520752,0,0,0,0.000000,0
597993,1787804772.0,5.999000072479248,0,0,0,0.000000,0
597994,1787804778.0,6.0,0,0,0,0.000000,0
597995,1787804784.0,6.0,0,0,0,0.000000,0
597996,1787804790.0,6.0,0,0,0,0.000000,0
597997,1787804796.0,6.0,0,0,0,0.000000,0
597998,1787804802.0,6.0,0,0,0,0.000000,0
597999,1787804808.0,6.0,1,1,14080,0.070400,1
598000,1787804814.0,6.0,0,0,0,0.000000,0
598001,1787804820.0,6.0,0,0,0,0.000000,0
598002,1787804826.001,6.000999927520752,0,0,0,0.000000,0
598003,1787804832.0,5.999000072479248,0,0,0,0.000000,0
598004,1787804838.0,6.0,0,0,0,0.000000,0
598005,1787804844.0,6.0,0,0,0,0.000000,0
598006,1787804850.0,6.0,0,0,0,0.000000,0
598007,1787804856.0,6.0,0,0,0,0.000000,0
598008,1787804862.0,6.0,0,0,0,0.000000,0
598009,1787804868.0,6.0,0,0,0,0.000000,0
598010,1787804874.0,6.0,0,0,0,0.000000,0
598011,1787804880.0,6.0,0,0,0,0.000000,0
598012,1787804886.0,6.0,0,0,0,0.000000,0
598013,1787804892.0,6.0,0,0,0,0.000000,0
598014,1787804898.001,6.000999927520752,0,0,0,0.000000,0
598015,1787804904.0,5.999000072479248,0,0,0,0.000000,0
598016,1787804910.0,6.0,0,0,0,0.000000,0
598017,1787804916.0,6.0,0,0,0,0.000000,0
598018,1787804922.0,6.0,0,0,0,0.000000,0
598019,1787804928.001,6.000999927520752,0,0,0,0.000000,0
598020,1787804934.0,5.999000072479248,0,0,0,0.000000,0
598021,1787804940.0,6.0,0,0,0,0.000000,0
598022,1787804946.0,6.0,0,0,0,0.000000,0
598023,1787804952.0,6.0,0,0,0,0.000000,0
598024,1787804958.0,6.0,0,0,0,0.000000,0
598025,1787804964.001,6.000999927520752,0,0,0,0.000000,0
598026,1787804970.0,5.999000072479248,0,0,0,0.000000,0
598027,1787804976.0,6.0,0,0,0,0.000000,0
598028,1787804982.0,6.0,0,0,0,0.000000,0
598029,1787804988.0,6.0,0,0,0,0.000000,0
598030,1787804994.0,6.0,0,0,0,0.000000,0
598031,1787805000.0,6.0,0,0,0,0.000000,0
598032,1787805006.0,6.0,0,0,0,0.000000,0
598033,1787805012.0,6.0,0,0,0,0.000000,0
598034,1787805018.0,6.0,0,0,0,0.000000,0
598035,1787805024.0,6.0,0,0,0,0.000000,0
598036,1787805030.0,6.0,0,0,0,0.000000,0
598037,1787805036.0,6.0,0,0,0,0.000000,0
598038,1787805042.0,6.0,0,0,0,0.000000,0
598039,1787805048.0,6.0,0,0,0,0.000000,0
598040,1787805054.0,6.0,0,0,0,0.000000,0
598041,1787805060.001,6.000999927520752,0,0,0,0.000000,0
598042,1787805066.001,6.0,0,0,0,0.000000,0
598043,1787805072.0,5.999000072479248,0,0,0,0.000000,0
598044,1787805078.0,6.0,0,0,0,0.000000,0
598045,1787805084.001,6.000999927520752,1,1,4046,0.020230,1
598046,1787805090.001,6.0,0,0,0,0.000000,0
598047,1787805096.0,5.999000072479248,0,0,0,0.000000,0
598048,1787805102.0,6.0,0,0,0,0.000000,0
598049,1787805108.0,6.0,0,0,0,0.000000,0
598050,1787805114.0,6.0,0,0,0,0.000000,0
598051,1787805120.001,6.000999927520752,0,0,0,0.000000,0
598052,1787805126.0,5.999000072479248,0,0,0,0.000000,0
598053,1787805132.0,6.0,0,0,0,0.000000,0
598054,1787805138.0,6.0,0,0,0,0.000000,0
598055,1787805144.0,6.0,0,0,0,0.000000,0
598056,1787805150.0,6.0,0,0,0,0.000000,0
598057,1787805156.0,6.0,0,0,0,0.000000,0
598058,1787805162.001,6.000999927520752,0,0,0,0.000000,0
598059,1787805168.0,5.999000072479248,0,0,0,0.000000,0
598060,1787805174.0,6.0,0,0,0,0.000000,0
598061,1787805180.0,6.0,0,0,0,0.000000,0
598062,1787805186.0,6.0,0,0,0,0.000000,0
598063,1787805192.0,6.0,0,0,0,0.000000,0
598064,1787805198.001,6.000999927520752,0,0,0,0.000000,0
598065,1787805204.0,5.999000072479248,0,0,0,0.000000,0
598066,1787805210.0,6.0,0,0,0,0.000000,0
598067,1787805216.0,6.0,0,0,0,0.000000,0
598068,1787805222.0,6.0,0,0,0,0.000000,0
598069,1787805228.0,6.0,0,0,0,0.000000,0
598070,1787805234.0,6.0,0,0,0,0.000000,0
598071,1787805240.0,6.0,0,0,0,0.000000,0
598072,1787805246.001,6.000999927520752,0,0,0,0.000000,0
598073,1787805252.001,6.0,0,0,0,0.000000,0
598074,1787805258.0,5.999000072479248,0,0,0,0.000000,0
598075,1787805264.0,6.0,0,0,0,0.000000,0
598076,1787805270.0,6.0,0,0,0,0.000000,0
598077,1787805276.0,6.0,0,0,0,0.000000,0
598078,1787805282.0,6.0,0,0,0,0.000000,0
598079,1787805288.001,6.000999927520752,0,0,0,0.000000,0
598080,1787805294.0,5.999000072479248,0,0,0,0.000000,0
598081,1787805300.0,6.0,0,0,0,0.000000,0
598082,1787805306.0,6.0,0,0,0,0.000000,0
598083,1787805312.0,6.0,0,0,0,0.000000,0
598084,1787805318.0,6.0,0,0,0,0.000000,0
598085,1787805324.001,6.000999927520752,0,0,0,0.000000,0
598086,1787805330.0,5.999000072479248,0,0,0,0.000000,0
598087,1787805336.0,6.0,0,0,0,0.000000,0
598088,1787805342.001,6.000999927520752,0,0,0,0.000000,0
598089,1787805348.001,6.0,0,0,0,0.000000,0
598090,1787805354.0,5.999000072479248,0,0,0,0.000000,0
598091,1787805360.001,6.000999927520752,0,0,0,0.000000,0
598092,1787805366.001,6.0,0,0,0,0.000000,0
598093,1787805372.0,5.999000072479248,0,0,0,0.000000,0
598094,1787805378.0,6.0,0,0,0,0.000000,0
598095,1787805384.001,6.000999927520752,0,0,0,0.000000,0
598096,1787805390.0,5.999000072479248,0,0,0,0.000000,0
598097,1787805396.001,6.000999927520752,0,0,0,0.000000,0
598098,1787805402.0,5.999000072479248,0,0,0,0.000000,0
598099,1787805408.0,6.0,0,0,0,0.000000,0
598100,1787805414.001,6.000999927520752,0,0,0,0.000000,0
598101,1787805420.0,5.999000072479248,0,0,0,0.000000,0
598102,1787805426.0,6.0,0,0,0,0.000000,0
598103,1787805432.0,6.0,0,0,0,0.000000,0
598104,1787805438.0,6.0,0,0,0,0.000000,0
598105,1787805444.001,6.000999927520752,0,0,0,0.000000,0
598106,1787805450.0,5.999000072479248,0,0,0,0.000000,0
598107,1787805456.001,6.000999927520752,0,0,0,0.000000,0
598108,1787805462.0,5.999000072479248,0,0,0,0.000000,0
598109,1787805468.0,6.0,0,0,0,0.000000,0
598110,1787805474.0,6.0,0,0,0,0.000000,0
598111,1787805480.001,6.000999927520752,0,0,0,0.000000,0
598112,1787805486.0,5.999000072479248,0,0,0,0.000000,0
598113,1787805492.0,6.0,0,0,0,0.000000,0
598114,1787805498.0,6.0,0,0,0,0.000000,0
598115,1787805504.0,6.0,0,0,0,0.000000,0
598116,1787805510.0,6.0,0,0,0,0.000000,0
598117,1787805516.0,6.0,0,0,0,0.000000,0
598118,1787805522.0,6.0,0,0,0,0.000000,0
598119,1787805528.0,6.0,0,0,0,0.000000,0
598120,1787805534.0,6.0,0,0,0,0.000000,0
598121,1787805540.0,6.0,0,0,0,0.000000,0
598122,1787805546.0,6.0,0,0,0,0.000000,0
598123,1787805552.0,6.0,0,0,0,0.000000,0
598124,1787805558.0,6.0,0,0,0,0.000000,0
598125,1787805564.0,6.0,0,0,0,0.000000,0
598126,1787805570.0,6.0,0,0,0,0.000000,0
598127,1787805576.0,6.0,0,0,0,0.000000,0
598128,1787805582.0,6.0,0,0,0,0.000000,0
598129,1787805588.0,6.0,0,0,0,0.000000,0
598130,1787805594.0,6.0,0,0,0,0.000000,0
598131,1787805600.0,6.0,0,0,0,0.000000,0
598132,1787805606.0,6.0,0,0,0,0.000000,0
598133,1787805612.0,6.0,0,0,0,0.000000,0
598134,1787805618.0,6.0,0,0,0,0.000000,0
598135,1787805624.0,6.0,0,0,0,0.000000,0
598136,1787805630.0,6.0,0,0,0,0.000000,0
598137,1787805636.0,6.0,0,0,0,0.000000,0
598138,1787805642.001,6.000999927520752,0,0,0,0.000000,0
598139,1787805648.0,5.999000072479248,0,0,0,0.000000,0
598140,1787805654.0,6.0,0,0,0,0.000000,0
598141,1787805660.0,6.0,0,0,0,0.000000,0
598142,1787805666.0,6.0,0,0,0,0.000000,0
598143,1787805672.0,6.0,0,0,0,0.000000,0
598144,1787805678.0,6.0,0,0,0,0.000000,0
598145,1787805684.001,6.000999927520752,0,0,0,0.000000,0
598146,1787805690.0,5.999000072479248,0,0,0,0.000000,0
598147,1787805696.0,6.0,0,0,0,0.000000,0
598148,1787805702.0,6.0,0,0,0,0.000000,0
598149,1787805708.0,6.0,0,0,0,0.000000,0
598150,1787805714.0,6.0,0,0,0,0.000000,0
598151,1787805720.001,6.000999927520752,0,0,0,0.000000,0
598152,1787805726.0,5.999000072479248,0,0,0,0.000000,0
598153,1787805732.0,6.0,0,0,0,0.000000,0
598154,1787805738.0,6.0,0,0,0,0.000000,0
598155,1787805744.0,6.0,0,0,0,0.000000,0
598156,1787805750.0,6.0,0,0,0,0.000000,0
598157,1787805756.0,6.0,0,0,0,0.000000,0
598158,1787805762.0,6.0,0,0,0,0.000000,0
598159,1787805768.001,6.000999927520752,0,0,0,0.000000,0
598160,1787805774.0,5.999000072479248,0,0,0,0.000000,0
598161,1787805780.0,6.0,0,0,0,0.000000,0
598162,1787805786.0,6.0,0,0,0,0.000000,0
598163,1787805792.001,6.000999927520752,0,0,0,0.000000,0
598164,1787805798.0,5.999000072479248,0,0,0,0.000000,0
598165,1787805804.0,6.0,0,0,0,0.000000,0
598166,1787805810.0,6.0,0,0,0,0.000000,0
598167,1787805816.001,6.000999927520752,0,0,0,0.000000,0
598168,1787805822.0,5.999000072479248,0,0,0,0.000000,0
598169,1787805828.001,6.000999927520752,0,0,0,0.000000,0
598170,1787805834.0,5.999000072479248,0,0,0,0.000000,0
598171,1787805840.0,6.0,0,0,0,0.000000,0
598172,1787805846.0,6.0,0,0,0,0.000000,0
598173,1787805852.001,6.000999927520752,0,0,0,0.000000,0
598174,1787805858.0,5.999000072479248,0,0,0,0.000000,0
598175,1787805864.0,6.0,0,0,0,0.000000,0
598176,1787805870.0,6.0,0,0,0,0.000000,0
598177,1787805876.0,6.0,0,0,0,0.000000,0
598178,1787805882.0,6.0,0,0,0,0.000000,0
598179,1787805888.001,6.000999927520752,0,0,0,0.000000,0
598180,1787805894.0,5.999000072479248,0,0,0,0.000000,0
598181,1787805900.0,6.0,0,0,0,0.000000,0
598182,1787805906.0,6.0,0,0,0,0.000000,0
598183,1787805912.0,6.0,0,0,0,0.000000,0
598184,1787805918.001,6.000999927520752,0,0,0,0.000000,0
598185,1787805924.001,6.0,0,0,0,0.000000,0
598186,1787805930.0,5.999000072479248,0,0,0,0.000000,0
598187,1787805936.001,6.000999927520752,0,0,0,0.000000,0
598188,1787805942.0,5.999000072479248,0,0,0,0.000000,0
598189,1787805948.001,6.000999927520752,0,0,0,0.000000,0
598190,1787805954.0,5.999000072479248,0,0,0,0.000000,0
598191,1787805960.0,6.0,0,0,0,0.000000,0
598192,1787805966.0,6.0,0,0,0,0.000000,0
598193,1787805972.0,6.0,0,0,0,0.000000,0
598194,1787805978.0,6.0,0,0,0,0.000000,0
598195,1787805984.0,6.0,0,0,0,0.000000,0
598196,1787805990.0,6.0,0,0,0,0.000000,0
598197,1787805996.0,6.0,0,0,0,0.000000,0
598198,1787806002.0,6.0,0,0,0,0.000000,0
598199,1787806008.001,6.000999927520752,0,0,0,0.000000,0
598200,1787806014.0,5.999000072479248,0,0,0,0.000000,0
598201,1787806020.0,6.0,0,0,0,0.000000,0
598202,1787806026.001,6.000999927520752,0,0,0,0.000000,0
598203,1787806032.0,5.999000072479248,0,0,0,0.000000,0
598204,1787806038.0,6.0,0,0,0,0.000000,0
598205,1787806044.001,6.000999927520752,0,0,0,0.000000,0
598206,1787806050.0,5.999000072479248,0,0,0,0.000000,0
598207,1787806056.001,6.000999927520752,0,0,0,0.000000,0
598208,1787806062.001,6.0,0,0,0,0.000000,0
598209,1787806068.001,6.0,0,0,0,0.000000,0
598210,1787806074.0,5.999000072479248,0,0,0,0.000000,0
598211,1787806080.001,6.000999927520752,0,0,0,0.000000,0
598212,1787806086.0,5.999000072479248,0,0,0,0.000000,0
598213,1787806092.001,6.000999927520752,0,0,0,0.000000,0
598214,1787806098.001,6.0,0,0,0,0.000000,0
598215,1787806104.0,5.999000072479248,0,0,0,0.000000,0
598216,1787806110.0,6.0,0,0,0,0.000000,0
598217,1787806116.001,6.000999927520752,0,0,0,0.000000,0
598218,1787806122.0,5.999000072479248,0,0,0,0.000000,0
598219,1787806128.0,6.0,0,0,0,0.000000,0
598220,1787806134.0,6.0,0,0,0,0.000000,0
598221,1787806140.0,6.0,0,0,0,0.000000,0
598222,1787806146.001,6.000999927520752,0,0,0,0.000000,0
598223,1787806152.0,5.999000072479248,0,0,0,0.000000,0
598224,1787806158.0,6.0,0,0,0,0.000000,0
598225,1787806164.0,6.0,0,0,0,0.000000,0
598226,1787806170.0,6.0,0,0,0,0.000000,0
598227,1787806176.0,6.0,0,0,0,0.000000,0
598228,1787806182.001,6.000999927520752,0,0,0,0.000000,0
598229,1787806188.0,5.999000072479248,0,0,0,0.000000,0
598230,1787806194.0,6.0,0,0,0,0.000000,0
598231,1787806200.0,6.0,0,0,0,0.000000,0
598232,1787806206.001,6.000999927520752,0,0,0,0.000000,0
598233,1787806212.0,5.999000072479248,0,0,0,0.000000,0
598234,1787806218.0,6.0,0,0,0,0.000000,0
598235,1787806224.0,6.0,0,0,0,0.000000,0
598236,1787806230.0,6.0,0,0,0,0.000000,0
598237,1787806236.0,6.0,0,0,0,0.000000,0
598238,1787806242.0,6.0,0,0,0,0.000000,0
598239,1787806248.0,6.0,0,0,0,0.000000,0
598240,1787806254.0,6.0,0,0,0,0.000000,0
598241,1787806260.0,6.0,0,0,0,0.000000,0
598242,1787806266.0,6.0,0,0,0,0.000000,0
598243,1787806272.0,6.0,0,0,0,0.000000,0
598244,1787806278.0,6.0,0,0,0,0.000000,0
598245,1787806284.0,6.0,0,0,0,0.000000,0
598246,1787806290.0,6.0,0,0,0,0.000000,0
598247,1787806296.0,6.0,0,0,0,0.000000,0
598248,1787806302.0,6.0,0,0,0,0.000000,0
598249,1787806308.001,6.000999927520752,0,0,0,0.000000,0
598250,1787806314.0,5.999000072479248,0,0,0,0.000000,0
598251,1787806320.001,6.000999927520752,0,0,0,0.000000,0
598252,1787806326.0,5.999000072479248,0,0,0,0.000000,0
598253,1787806332.0,6.0,0,0,0,0.000000,0
598254,1787806338.0,6.0,0,0,0,0.000000,0
598255,1787806344.001,6.000999927520752,0,0,0,0.000000,0
598256,1787806350.0,5.999000072479248,0,0,0,0.000000,0
598257,1787806356.0,6.0,0,0,0,0.000000,0
598258,1787806362.001,6.000999927520752,0,0,0,0.000000,0
598259,1787806368.0,5.999000072479248,0,0,0,0.000000,0
598260,1787806374.0,6.0,0,0,0,0.000000,0
598261,1787806380.0,6.0,1,1,10354,0.051770,1
598262,1787806386.0,6.0,0,0,0,0.000000,0
598263,1787806392.0,6.0,0,0,0,0.000000,0
598264,1787806398.0,6.0,0,0,0,0.000000,0
598265,1787806404.0,6.0,0,0,0,0.000000,0
598266,1787806410.0,6.0,0,0,0,0.000000,0
598267,1787806416.0,6.0,0,0,0,0.000000,0
598268,1787806422.0,6.0,0,0,0,0.000000,0
598269,1787806428.001,6.000999927520752,0,0,0,0.000000,0
598270,1787806434.0,5.999000072479248,0,0,0,0.000000,0
598271,1787806440.0,6.0,0,0,0,0.000000,0
598272,1787806446.0,6.0,0,0,0,0.000000,0
598273,1787806452.0,6.0,0,0,0,0.000000,0
598274,1787806458.0,6.0,0,0,0,0.000000,0
598275,1787806464.0,6.0,0,0,0,0.000000,0
598276,1787806470.0,6.0,0,0,0,0.000000,0
598277,1787806476.0,6.0,0,0,0,0.000000,0
598278,1787806482.0,6.0,0,0,0,0.000000,0
598279,1787806488.0,6.0,0,0,0,0.000000,0
598280,1787806494.0,6.0,0,0,0,0.000000,0
598281,1787806500.0,6.0,0,0,0,0.000000,0
598282,1787806506.001,6.000999927520752,0,0,0,0.000000,0
598283,1787806512.0,5.999000072479248,0,0,0,0.000000,0
598284,1787806518.0,6.0,0,0,0,0.000000,0
598285,1787806524.0,6.0,0,0,0,0.000000,0
598286,1787806530.0,6.0,0,0,0,0.000000,0
598287,1787806536.001,6.000999927520752,0,0,0,0.000000,0
598288,1787806542.0,5.999000072479248,0,0,0,0.000000,0
598289,1787806548.0,6.0,0,0,0,0.000000,0
598290,1787806554.0,6.0,0,0,0,0.000000,0
598291,1787806560.0,6.0,0,0,0,0.000000,0
598292,1787806566.0,6.0,0,0,0,0.000000,0
598293,1787806572.0,6.0,0,0,0,0.000000,0
598294,1787806578.0,6.0,0,0,0,0.000000,0
598295,1787806584.0,6.0,0,0,0,0.000000,0
598296,1787806590.0,6.0,0,0,0,0.000000,0
598297,1787806596.001,6.000999927520752,0,0,0,0.000000,0
598298,1787806602.001,6.0,0,0,0,0.000000,0
598299,1787806608.0,5.999000072479248,0,0,0,0.000000,0
598300,1787806614.0,6.0,0,0,0,0.000000,0
598301,1787806620.0,6.0,0,0,0,0.000000,0
598302,1787806626.0,6.0,0,0,0,0.000000,0
598303,1787806632.001,6.000999927520752,0,0,0,0.000000,0
598304,1787806638.001,6.0,0,0,0,0.000000,0
598305,1787806644.0,5.999000072479248,0,0,0,0.000000,0
598306,1787806650.0,6.0,0,0,0,0.000000,0
598307,1787806656.0,6.0,0,0,0,0.000000,0
598308,1787806662.0,6.0,0,0,0,0.000000,0
598309,1787806668.0,6.0,0,0,0,0.000000,0
598310,1787806674.001,6.000999927520752,0,0,0,0.000000,0
598311,1787806680.001,6.0,0,0,0,0.000000,0
598312,1787806686.0,5.999000072479248,0,0,0,0.000000,0
598313,1787806692.0,6.0,0,0,0,0.000000,0
598314,1787806698.0,6.0,1,1,9724,0.048620,1
598315,1787806704.0,6.0,0,0,0,0.000000,0
598316,1787806710.0,6.0,0,0,0,0.000000,0
598317,1787806716.001,6.000999927520752,0,0,0,0.000000,0
598318,1787806722.0,5.999000072479248,0,0,0,0.000000,0
598319,1787806728.0,6.0,0,0,0,0.000000,0
598320,1787806734.0,6.0,0,0,0,0.000000,0
598321,1787806740.0,6.0,0,0,0,0.000000,0
598322,1787806746.0,6.0,0,0,0,0.000000,0
598323,1787806752.001,6.000999927520752,0,0,0,0.000000,0
598324,1787806758.0,5.999000072479248,0,0,0,0.000000,0
598325,1787806764.0,6.0,1,1,11851,0.059255,1
598326,1787806770.0,6.0,0,0,0,0.000000,0
598327,1787806776.0,6.0,0,0,0,0.000000,0
598328,1787806782.0,6.0,0,0,0,0.000000,0
598329,1787806788.0,6.0,0,0,0,0.000000,0
598330,1787806794.0,6.0,0,0,0,0.000000,0
598331,1787806800.0,6.0,0,0,0,0.000000,0
598332,1787806806.0,6.0,0,0,0,0.000000,0
598333,1787806812.001,6.000999927520752,0,0,0,0.000000,0
598334,1787806818.0,5.999000072479248,0,0,0,0.000000,0
598335,1787806824.0,6.0,0,0,0,0.000000,0
598336,1787806830.001,6.000999927520752,0,0,0,0.000000,0
598337,1787806836.001,6.0,2,2,40484,0.202420,2
598338,1787806842.0,5.999000072479248,0,0,0,0.000000,0
598339,1787806848.001,6.000999927520752,0,0,0,0.000000,0
598340,1787806854.0,5.999000072479248,0,0,0,0.000000,0
598341,1787806860.0,6.0,0,0,0,0.000000,0
598342,1787806866.0,6.0,0,0,0,0.000000,0
598343,1787806872.001,6.000999927520752,1,1,20927,0.104635,1
598344,1787806878.0,5.999000072479248,0,0,0,0.000000,0
598345,1787806884.0,6.0,0,0,0,0.000000,0
598346,1787806890.0,6.0,0,0,0,0.000000,0
598347,1787806896.0,6.0,1,1,11855,0.059275,1
598348,1787806902.0,6.0,0,0,0,0.000000,0
598349,1787806908.0,6.0,1,1,20800,0.104000,1
598350,1787806914.0,6.0,0,0,0,0.000000,0
598351,1787806920.0,6.0,0,0,0,0.000000,0
598352,1787806926.0,6.0,1,1,9726,0.048630,1
598353,1787806932.0,6.0,0,0,0,0.000000,0
598354,1787806938.0,6.0,0,0,0,0.000000,0
598355,1787806944.0,6.0,0,0,0,0.000000,0
598356,1787806950.001,6.000999927520752,0,0,0,0.000000,0
598357,1787806956.0,5.999000072479248,0,0,0,0.000000,0
598358,1787806962.0,6.0,0,0,0,0.000000,0
598359,1787806968.0,6.0,0,0,0,0.000000,0
598360,1787806974.0,6.0,0,0,0,0.000000,0
598361,1787806980.0,6.0,1,1,11865,0.059325,0
598362,1787806986.0,6.0,0,0,0,0.000000,0
598363,1787806992.0,6.0,0,0,0,0.000000,0
598364,1787806998.0,6.0,0,0,0,0.000000,0
598365,1787807004.0,6.0,0,0,0,0.000000,0
598366,1787807010.001,6.000999927520752,0,0,0,0.000000,0
598367,1787807016.0,5.999000072479248,0,0,0,0.000000,0
598368,1787807022.001,6.000999927520752,0,0,0,0.000000,0
598369,1787807028.0,5.999000072479248,0,0,0,0.000000,0
598370,1787807034.0,6.0,1,1,30754,0.153770,1
598371,1787807040.0,6.0,0,0,0,0.000000,0
598372,1787807046.001,6.000999927520752,0,0,0,0.000000,0
598373,1787807052.001,6.0,0,0,0,0.000000,0
598374,1787807058.0,5.999000072479248,0,0,0,0.000000,0
598375,1787807064.0,6.0,1,1,20924,0.104620,1
598376,1787807070.0,6.0,0,0,0,0.000000,0
598377,1787807076.0,6.0,0,0,0,0.000000,0
598378,1787807082.0,6.0,0,0,0,0.000000,0
598379,1787807088.0,6.0,0,0,0,0.000000,0
598380,1787807094.0,6.0,0,0,0,0.000000,0
598381,1787807100.0,6.0,0,0,0,0.000000,0
598382,1787807106.0,6.0,1,1,30754,0.153770,1
598383,1787807112.0,6.0,0,0,0,0.000000,0
598384,1787807118.0,6.0,0,0,0,0.000000,0
598385,1787807124.0,6.0,0,0,0,0.000000,0
598386,1787807130.0,6.0,0,0,0,0.000000,0
598387,1787807136.001,6.000999927520752,0,0,0,0.000000,0
598388,1787807142.0,5.999000072479248,0,0,0,0.000000,0
598389,1787807148.0,6.0,0,0,0,0.000000,0
598390,1787807154.0,6.0,0,0,0,0.000000,0
598391,1787807160.0,6.0,0,0,0,0.000000,0
598392,1787807166.0,6.0,0,0,0,0.000000,0
598393,1787807172.0,6.0,0,0,0,0.000000,0
598394,1787807178.0,6.0,1,1,36120,0.180600,1
598395,1787807184.0,6.0,0,0,0,0.000000,0
598396,1787807190.0,6.0,0,0,0,0.000000,0
598397,1787807196.0,6.0,0,0,0,0.000000,0
598398,1787807202.001,6.000999927520752,0,0,0,0.000000,0
598399,1787807208.0,5.999000072479248,1,1,30755,0.153775,1
598400,1787807214.0,6.0,0,0,0,0.000000,0
598401,1787807220.0,6.0,0,0,0,0.000000,0
598402,1787807226.0,6.0,0,0,0,0.000000,0
598403,1787807232.0,6.0,0,0,0,0.000000,0
598404,1787807238.0,6.0,0,0,0,0.000000,0
598405,1787807244.0,6.0,1,1,20925,0.104625,1
598406,1787807250.0,6.0,0,0,0,0.000000,0
598407,1787807256.0,6.0,0,0,0,0.000000,0
598408,1787807262.0,6.0,0,0,0,0.000000,0
598409,1787807268.0,6.0,0,0,0,0.000000,0
598410,1787807274.0,6.0,0,0,0,0.000000,0
598411,1787807280.001,6.000999927520752,1,1,20800,0.104000,1
598412,1787807286.0,5.999000072479248,0,0,0,0.000000,0
598413,1787807292.0,6.0,0,0,0,0.000000,0
598414,1787807298.0,6.0,0,0,0,0.000000,0
598415,1787807304.0,6.0,0,0,0,0.000000,0
598416,1787807310.0,6.0,0,0,0,0.000000,0
598417,1787807316.001,6.000999927520752,0,0,0,0.000000,0
598418,1787807322.0,5.999000072479248,0,0,0,0.000000,0
598419,1787807328.0,6.0,0,0,0,0.000000,0
598420,1787807334.0,6.0,0,0,0,0.000000,0
598421,1787807340.0,6.0,0,0,0,0.000000,0
598422,1787807346.0,6.0,0,0,0,0.000000,0
598423,1787807352.0,6.0,1,1,21947,0.109735,1
598424,1787807358.0,6.0,0,0,0,0.000000,0
598425,1787807364.0,6.0,0,0,0,0.000000,0
598426,1787807370.001,6.000999927520752,0,0,0,0.000000,0
598427,1787807376.0,5.999000072479248,0,0,0,0.000000,0
598428,1787807382.0,6.0,1,1,21738,0.108690,1
598429,1787807388.0,6.0,0,0,0,0.000000,0
598430,1787807394.0,6.0,0,0,0,0.000000,0
598431,1787807400.0,6.0,0,0,0,0.000000,0
598432,1787807406.0,6.0,0,0,0,0.000000,0
598433,1787807412.0,6.0,0,0,0,0.000000,0
598434,1787807418.001,6.000999927520752,1,1,20257,0.101285,1
598435,1787807424.0,5.999000072479248,0,0,0,0.000000,0
598436,1787807430.0,6.0,0,0,0,0.000000,0
598437,1787807436.0,6.0,0,0,0,0.000000,0
598438,1787807442.0,6.0,0,0,0,0.000000,0
598439,1787807448.0,6.0,1,1,21737,0.108685,1
598440,1787807454.0,6.0,0,0,0,0.000000,0
598441,1787807460.0,6.0,0,0,0,0.000000,0
598442,1787807466.0,6.0,0,0,0,0.000000,0
598443,1787807472.0,6.0,0,0,0,0.000000,0
598444,1787807478.0,6.0,1,1,21946,0.109730,1
598445,1787807484.0,6.0,0,0,0,0.000000,0
598446,1787807490.0,6.0,0,0,0,0.000000,0
598447,1787807496.0,6.0,0,0,0,0.000000,0
598448,1787807502.0,6.0,0,0,0,0.000000,0
598449,1787807508.0,6.0,1,1,18631,0.093155,1
598450,1787807514.0,6.0,0,0,0,0.000000,0
598451,1787807520.0,6.0,0,0,0,0.000000,0
598452,1787807526.0,6.0,0,0,0,0.000000,0
598453,1787807532.001,6.000999927520752,0,0,0,0.000000,0
598454,1787807538.0,5.999000072479248,0,0,0,0.000000,0
598455,1787807544.0,6.0,0,0,0,0.000000,0
598456,1787807550.0,6.0,0,0,0,0.000000,0
598457,1787807556.0,6.0,0,0,0,0.000000,0
598458,1787807562.0,6.0,0,0,0,0.000000,0
598459,1787807568.001,6.000999927520752,0,0,0,0.000000,0
598460,1787807574.0,5.999000072479248,0,0,0,0.000000,0
598461,1787807580.0,6.0,1,1,17102,0.085510,1
598462,1787807586.0,6.0,0,0,0,0.000000,0
598463,1787807592.0,6.0,0,0,0,0.000000,0
598464,1787807598.0,6.0,0,0,0,0.000000,0
598465,1787807604.001,6.000999927520752,0,0,0,0.000000,0
598466,1787807610.0,5.999000072479248,1,1,18654,0.093270,1
598467,1787807616.0,6.0,0,0,0,0.000000,0
598468,1787807622.0,6.0,0,0,0,0.000000,0
598469,1787807628.0,6.0,0,0,0,0.000000,0
598470,1787807634.0,6.0,0,0,0,0.000000,0
598471,1787807640.001,6.000999927520752,0,0,0,0.000000,0
598472,1787807646.0,5.999000072479248,0,0,0,0.000000,0
598473,1787807652.0,6.0,0,0,0,0.000000,0
598474,1787807658.0,6.0,0,0,0,0.000000,0
598475,1787807664.0,6.0,0,0,0,0.000000,0
598476,1787807670.0,6.0,0,0,0,0.000000,0
598477,1787807676.001,6.000999927520752,0,0,0,0.000000,0
598478,1787807682.0,5.999000072479248,1,1,20092,0.100460,1
598479,1787807688.0,6.0,0,0,0,0.000000,0
598480,1787807694.0,6.0,0,0,0,0.000000,0
598481,1787807700.001,6.000999927520752,0,0,0,0.000000,0
598482,1787807706.0,5.999000072479248,0,0,0,0.000000,0
598483,1787807712.0,6.0,1,1,20093,0.100465,1
598484,1787807718.0,6.0,0,0,0,0.000000,0
598485,1787807724.0,6.0,0,0,0,0.000000,0
598486,1787807730.0,6.0,0,0,0,0.000000,0
598487,1787807736.001,6.000999927520752,0,0,0,0.000000,0
598488,1787807742.0,5.999000072479248,0,0,0,0.000000,0
598489,1787807748.0,6.0,1,1,20300,0.101500,1
598490,1787807754.001,6.000999927520752,0,0,0,0.000000,0
598491,1787807760.0,5.999000072479248,0,0,0,0.000000,0
598492,1787807766.0,6.0,0,0,0,0.000000,0
598493,1787807772.0,6.0,0,0,0,0.000000,0
598494,1787807778.0,6.0,1,1,20091,0.100455,1
598495,1787807784.0,6.0,0,0,0,0.000000,0
598496,1787807790.0,6.0,0,0,0,0.000000,0
598497,1787807796.0,6.0,0,0,0,0.000000,0
598498,1787807802.0,6.0,0,0,0,0.000000,0
598499,1787807808.0,6.0,0,0,0,0.000000,0
598500,1787807814.0,6.0,1,1,20303,0.101515,1
598501,1787807820.0,6.0,0,0,0,0.000000,0
598502,1787807826.0,6.0,0,0,0,0.000000,0
598503,1787807832.0,6.0,0,0,0,0.000000,0
598504,1787807838.0,6.0,0,0,0,0.000000,0
598505,1787807844.0,6.0,0,0,0,0.000000,0
598506,1787807850.0,6.0,1,1,20411,0.102055,1
598507,1787807856.001,6.000999927520752,0,0,0,0.000000,0
598508,1787807862.0,5.999000072479248,0,0,0,0.000000,0
598509,1787807868.0,6.0,0,0,0,0.000000,0
598510,1787807874.0,6.0,0,0,0,0.000000,0
598511,1787807880.0,6.0,1,1,20092,0.100460,1
598512,1787807886.0,6.0,0,0,0,0.000000,0
598513,1787807892.0,6.0,0,0,0,0.000000,0
598514,1787807898.0,6.0,0,0,0,0.000000,0
598515,1787807904.0,6.0,0,0,0,0.000000,0
598516,1787807910.0,6.0,1,1,20298,0.101490,1
598517,1787807916.0,6.0,0,0,0,0.000000,0
598518,1787807922.0,6.0,0,0,0,0.000000,0
598519,1787807928.0,6.0,0,0,0,0.000000,0
598520,1787807934.0,6.0,0,0,0,0.000000,0
598521,1787807940.0,6.0,0,0,0,0.000000,0
598522,1787807946.0,6.0,0,0,0,0.000000,0
598523,1787807952.0,6.0,0,0,0,0.000000,0
598524,1787807958.0,6.0,0,0,0,0.000000,0
598525,1787807964.0,6.0,0,0,0,0.000000,0
598526,1787807970.0,6.0,0,0,0,0.000000,0
598527,1787807976.0,6.0,1,1,16979,0.084895,1
598528,1787807982.001,6.000999927520752,0,0,0,0.000000,0
598529,1787807988.0,5.999000072479248,0,0,0,0.000000,0
598530,1787807994.0,6.0,0,0,0,0.000000,0
598531,1787808000.0,6.0,0,0,0,0.000000,0
598532,1787808006.0,6.0,1,1,16979,0.084895,1
598533,1787808012.0,6.0,0,0,0,0.000000,0
598534,1787808018.0,6.0,0,0,0,0.000000,0
598535,1787808024.0,6.0,0,0,0,0.000000,0
598536,1787808030.0,6.0,0,0,0,0.000000,0
598537,1787808036.0,6.0,1,1,18566,0.092830,1
598538,1787808042.001,6.000999927520752,0,0,0,0.000000,0
598539,1787808048.0,5.999000072479248,0,0,0,0.000000,0
598540,1787808054.0,6.0,0,0,0,0.000000,0
598541,1787808060.0,6.0,0,0,0,0.000000,0
598542,1787808066.001,6.000999927520752,0,0,0,0.000000,0
598543,1787808072.0,5.999000072479248,0,0,0,0.000000,0
598544,1787808078.0,6.0,0,0,0,0.000000,0
598545,1787808084.001,6.000999927520752,0,0,0,0.000000,0
598546,1787808090.0,5.999000072479248,0,0,0,0.000000,0
598547,1787808096.0,6.0,0,0,0,0.000000,0
598548,1787808102.0,6.0,0,0,0,0.000000,0
598549,1787808108.0,6.0,0,0,0,0.000000,0
598550,1787808114.001,6.000999927520752,1,1,18383,0.091915,1
598551,1787808120.0,5.999000072479248,0,0,0,0.000000,0
598552,1787808126.0,6.0,0,0,0,0.000000,0
598553,1787808132.001,6.000999927520752,0,0,0,0.000000,0
598554,1787808138.0,5.999000072479248,0,0,0,0.000000,0
598555,1787808144.0,6.0,1,1,18383,0.091915,1
598556,1787808150.0,6.0,0,0,0,0.000000,0
598557,1787808156.001,6.000999927520752,0,0,0,0.000000,0
598558,1787808162.0,5.999000072479248,0,0,0,0.000000,0
598559,1787808168.001,6.000999927520752,0,0,0,0.000000,0
598560,1787808174.0,5.999000072479248,1,1,18552,0.092760,1
598561,1787808180.0,6.0,0,0,0,0.000000,0
598562,1787808186.0,6.0,0,0,0,0.000000,0
598563,1787808192.001,6.000999927520752,0,0,0,0.000000,0
598564,1787808198.0,5.999000072479248,0,0,0,0.000000,0
598565,1787808204.001,6.000999927520752,1,1,18383,0.091915,1
598566,1787808210.0,5.999000072479248,0,0,0,0.000000,0
598567,1787808216.0,6.0,0,0,0,0.000000,0
598568,1787808222.0,6.0,0,0,0,0.000000,0
598569,1787808228.001,6.000999927520752,0,0,0,0.000000,0
598570,1787808234.0,5.999000072479248,1,1,18552,0.092760,1
598571,1787808240.001,6.000999927520752,0,0,0,0.000000,0
598572,1787808246.0,5.999000072479248,0,0,0,0.000000,0
598573,1787808252.0,6.0,0,0,0,0.000000,0
598574,1787808258.0,6.0,0,0,0,0.000000,0
598575,1787808264.001,6.000999927520752,0,0,0,0.000000,0
598576,1787808270.001,6.0,0,0,0,0.000000,0
598577,1787808276.0,5.999000072479248,0,0,0,0.000000,0
598578,1787808282.0,6.0,1,1,9719,0.048595,1
598579,1787808288.0,6.0,0,0,0,0.000000,0
598580,1787808294.0,6.0,0,0,0,0.000000,0
598581,1787808300.0,6.0,0,0,0,0.000000,0
598582,1787808306.001,6.000999927520752,1,1,18383,0.091915,1
598583,1787808312.0,5.999000072479248,0,0,0,0.000000,0
598584,1787808318.001,6.000999927520752,0,0,0,0.000000,0
598585,1787808324.0,5.999000072479248,0,0,0,0.000000,0
598586,1787808330.0,6.0,1,1,11831,0.059155,1
598587,1787808336.001,6.000999927520752,1,1,15614,0.078070,1
598588,1787808342.0,5.999000072479248,0,0,0,0.000000,0
598589,1787808348.0,6.0,0,0,0,0.000000,0
598590,1787808354.001,6.000999927520752,0,0,0,0.000000,0
598591,1787808360.0,5.999000072479248,1,1,9719,0.048595,1
598592,1787808366.0,6.0,0,0,0,0.000000,0
598593,1787808372.001,6.000999927520752,0,0,0,0.000000,0
598594,1787808378.0,5.999000072479248,0,0,0,0.000000,0
598595,1787808384.0,6.0,0,0,0,0.000000,0
598596,1787808390.001,6.000999927520752,0,0,0,0.000000,0
598597,1787808396.0,5.999000072479248,0,0,0,0.000000,0
598598,1787808402.0,6.0,2,2,28105,0.140525,2
598599,1787808408.0,6.0,0,0,0,0.000000,0
598600,1787808414.0,6.0,0,0,0,0.000000,0
598601,1787808420.0,6.0,0,0,0,0.000000,0
598602,1787808426.0,6.0,0,0,0,0.000000,0
598603,1787808432.0,6.0,2,2,28283,0.141415,2
598604,1787808438.0,6.0,0,0,0,0.000000,0
598605,1787808444.001,6.000999927520752,0,0,0,0.000000,0
598606,1787808450.001,6.0,0,0,0,0.000000,0
598607,1787808456.0,5.999000072479248,0,0,0,0.000000,0
598608,1787808462.0,6.0,0,0,0,0.000000,0
598609,1787808468.0,6.0,0,0,0,0.000000,0
598610,1787808474.0,6.0,0,0,0,0.000000,0
598611,1787808480.001,6.000999927520752,1,1,11867,0.059335,1
598612,1787808486.0,5.999000072479248,0,0,0,0.000000,0
598613,1787808492.0,6.0,0,0,0,0.000000,0
598614,1787808498.0,6.0,0,0,0,0.000000,0
598615,1787808504.0,6.0,1,1,9685,0.048425,1
598616,1787808510.0,6.0,0,0,0,0.000000,0
598617,1787808516.0,6.0,0,0,0,0.000000,0
598618,1787808522.0,6.0,0,0,0,0.000000,0
598619,1787808528.001,6.000999927520752,0,0,0,0.000000,0
598620,1787808534.0,5.999000072479248,1,1,9683,0.048415,1
598621,1787808540.001,6.000999927520752,0,0,0,0.000000,0
598622,1787808546.0,5.999000072479248,0,0,0,0.000000,0
598623,1787808552.0,6.0,0,0,0,0.000000,0
598624,1787808558.0,6.0,0,0,0,0.000000,0
598625,1787808564.0,6.0,0,0,0,0.000000,0
598626,1787808570.0,6.0,0,0,0,0.000000,0
598627,1787808576.001,6.000999927520752,0,0,0,0.000000,0
598628,1787808582.0,5.999000072479248,1,1,11762,0.058810,1
598629,1787808588.0,6.0,0,0,0,0.000000,0
598630,1787808594.0,6.0,0,0,0,0.000000,0
598631,1787808600.001,6.000999927520752,0,0,0,0.000000,0
598632,1787808606.0,5.999000072479248,0,0,0,0.000000,0
598633,1787808612.0,6.0,0,0,0,0.000000,0
598634,1787808618.0,6.0,0,0,0,0.000000,0
598635,1787808624.001,6.000999927520752,0,0,0,0.000000,0
598636,1787808630.0,5.999000072479248,0,0,0,0.000000,0
598637,1787808636.0,6.0,0,0,0,0.000000,0
598638,1787808642.001,6.000999927520752,0,0,0,0.000000,0
598639,1787808648.0,5.999000072479248,0,0,0,0.000000,0
598640,1787808654.0,6.0,0,0,0,0.000000,0
598641,1787808660.001,6.000999927520752,0,0,0,0.000000,0
598642,1787808666.0,5.999000072479248,0,0,0,0.000000,0
598643,1787808672.0,6.0,0,0,0,0.000000,0
598644,1787808678.0,6.0,0,0,0,0.000000,0
598645,1787808684.0,6.0,0,0,0,0.000000,0
598646,1787808690.0,6.0,0,0,0,0.000000,0
598647,1787808696.001,6.000999927520752,0,0,0,0.000000,0
598648,1787808702.0,5.999000072479248,0,0,0,0.000000,0
598649,1787808708.0,6.0,0,0,0,0.000000,0
598650,1787808714.0,6.0,0,0,0,0.000000,0
598651,1787808720.0,6.0,0,0,0,0.000000,0
598652,1787808726.0,6.0,0,0,0,0.000000,0
598653,1787808732.0,6.0,0,0,0,0.000000,0
598654,1787808738.0,6.0,0,0,0,0.000000,0
598655,1787808744.001,6.000999927520752,0,0,0,0.000000,0
598656,1787808750.001,6.0,0,0,0,0.000000,0
598657,1787808756.0,5.999000072479248,0,0,0,0.000000,0
598658,1787808762.0,6.0,1,1,24550,0.122750,1
598659,1787808768.0,6.0,0,0,0,0.000000,0
598660,1787808774.0,6.0,0,0,0,0.000000,0
598661,1787808780.001,6.000999927520752,0,0,0,0.000000,0
598662,1787808786.001,6.0,0,0,0,0.000000,0
598663,1787808792.001,6.0,0,0,0,0.000000,0
598664,1787808798.0,5.999000072479248,0,0,0,0.000000,0
598665,1787808804.0,6.0,0,0,0,0.000000,0
598666,1787808810.0,6.0,1,1,24468,0.122340,1
598667,1787808816.001,6.000999927520752,0,0,0,0.000000,0
598668,1787808822.001,6.0,0,0,0,0.000000,0
598669,1787808828.0,5.999000072479248,0,0,0,0.000000,0
598670,1787808834.001,6.000999927520752,0,0,0,0.000000,0
598671,1787808840.0,5.999000072479248,0,0,0,0.000000,0
598672,1787808846.0,6.0,0,0,0,0.000000,0
598673,1787808852.0,6.0,0,0,0,0.000000,0
598674,1787808858.001,6.000999927520752,0,0,0,0.000000,0
598675,1787808864.0,5.999000072479248,0,0,0,0.000000,0
598676,1787808870.001,6.000999927520752,0,0,0,0.000000,0
598677,1787808876.0,5.999000072479248,1,1,30265,0.151325,1
598678,1787808882.0,6.0,0,0,0,0.000000,0
598679,1787808888.0,6.0,0,0,0,0.000000,0
598680,1787808894.001,6.000999927520752,0,0,0,0.000000,0
598681,1787808900.0,5.999000072479248,0,0,0,0.000000,0
598682,1787808906.001,6.000999927520752,0,0,0,0.000000,0
598683,1787808912.0,5.999000072479248,0,0,0,0.000000,0
598684,1787808918.0,6.0,0,0,0,0.000000,0
598685,1787808924.0,6.0,0,0,0,0.000000,0
598686,1787808930.001,6.000999927520752,0,0,0,0.000000,0
598687,1787808936.0,5.999000072479248,0,0,0,0.000000,0
598688,1787808942.001,6.000999927520752,0,0,0,0.000000,0
598689,1787808948.0,5.999000072479248,0,0,0,0.000000,0
598690,1787808954.0,6.0,0,0,0,0.000000,0
598691,1787808960.0,6.0,0,0,0,0.000000,0
598692,1787808966.0,6.0,0,0,0,0.000000,0
598693,1787808972.0,6.0,0,0,0,0.000000,0
598694,1787808978.0,6.0,0,0,0,0.000000,0
598695,1787808984.0,6.0,1,1,29713,0.148565,1
598696,1787808990.0,6.0,0,0,0,0.000000,0
598697,1787808996.0,6.0,0,0,0,0.000000,0
598698,1787809002.0,6.0,0,0,0,0.000000,0
598699,1787809008.0,6.0,0,0,0,0.000000,0
598700,1787809014.0,6.0,0,0,0,0.000000,0
598701,1787809020.0,6.0,0,0,0,0.000000,0
598702,1787809026.0,6.0,0,0,0,0.000000,0
598703,1787809032.0,6.0,0,0,0,0.000000,0
598704,1787809038.0,6.0,0,0,0,0.000000,0
598705,1787809044.0,6.0,0,0,0,0.000000,0
598706,1787809050.0,6.0,0,0,0,0.000000,0
598707,1787809056.001,6.000999927520752,0,0,0,0.000000,0
598708,1787809062.0,5.999000072479248,0,0,0,0.000000,0
598709,1787809068.0,6.0,0,0,0,0.000000,0
598710,1787809074.0,6.0,0,0,0,0.000000,0
598711,1787809080.0,6.0,0,0,0,0.000000,0
598712,1787809086.0,6.0,0,0,0,0.000000,0
598713,1787809092.0,6.0,0,0,0,0.000000,0
598714,1787809098.001,6.000999927520752,0,0,0,0.000000,0
598715,1787809104.001,6.0,0,0,0,0.000000,0
598716,1787809110.0,5.999000072479248,0,0,0,0.000000,0
598717,1787809116.0,6.0,0,0,0,0.000000,0
598718,1787809122.0,6.0,0,0,0,0.000000,0
598719,1787809128.0,6.0,0,0,0,0.000000,0
598720,1787809134.001,6.000999927520752,0,0,0,0.000000,0
598721,1787809140.0,5.999000072479248,0,0,0,0.000000,0
598722,1787809146.0,6.0,0,0,0,0.000000,0
598723,1787809152.0,6.0,0,0,0,0.000000,0
598724,1787809158.0,6.0,0,0,0,0.000000,0
598725,1787809164.0,6.0,0,0,0,0.000000,0
598726,1787809170.001,6.000999927520752,0,0,0,0.000000,0
598727,1787809176.0,5.999000072479248,0,0,0,0.000000,0
598728,1787809182.0,6.0,0,0,0,0.000000,0
598729,1787809188.0,6.0,0,0,0,0.000000,0
598730,1787809194.0,6.0,0,0,0,0.000000,0
598731,1787809200.0,6.0,0,0,0,0.000000,0
598732,1787809206.0,6.0,0,0,0,0.000000,0
598733,1787809212.001,6.000999927520752,0,0,0,0.000000,0
598734,1787809218.0,5.999000072479248,0,0,0,0.000000,0
598735,1787809224.0,6.0,0,0,0,0.000000,0
598736,1787809230.0,6.0,0,0,0,0.000000,0
598737,1787809236.0,6.0,0,0,0,0.000000,0
598738,1787809242.0,6.0,0,0,0,0.000000,0
598739,1787809248.0,6.0,0,0,0,0.000000,0
598740,1787809254.0,6.0,0,0,0,0.000000,0
598741,1787809260.001,6.000999927520752,0,0,0,0.000000,0
598742,1787809266.0,5.999000072479248,0,0,0,0.000000,0
598743,1787809272.0,6.0,0,0,0,0.000000,0
598744,1787809278.0,6.0,0,0,0,0.000000,0
598745,1787809284.0,6.0,0,0,0,0.000000,0
598746,1787809290.001,6.000999927520752,0,0,0,0.000000,0
598747,1787809296.001,6.0,0,0,0,0.000000,0
598748,1787809302.0,5.999000072479248,0,0,0,0.000000,0
598749,1787809308.0,6.0,0,0,0,0.000000,0
598750,1787809314.0,6.0,0,0,0,0.000000,0
598751,1787809320.0,6.0,0,0,0,0.000000,0
598752,1787809326.001,6.000999927520752,0,0,0,0.000000,0
598753,1787809332.0,5.999000072479248,0,0,0,0.000000,0
598754,1787809338.001,6.000999927520752,0,0,0,0.000000,0
598755,1787809344.0,5.999000072479248,0,0,0,0.000000,0
598756,1787809350.0,6.0,0,0,0,0.000000,0
598757,1787809356.0,6.0,0,0,0,0.000000,0
598758,1787809362.0,6.0,0,0,0,0.000000,0
598759,1787809368.0,6.0,0,0,0,0.000000,0
598760,1787809374.001,6.000999927520752,0,0,0,0.000000,0
598761,1787809380.0,5.999000072479248,0,0,0,0.000000,0
598762,1787809386.0,6.0,0,0,0,0.000000,0
598763,1787809392.001,6.000999927520752,0,0,0,0.000000,0
598764,1787809398.001,6.0,0,0,0,0.000000,0
598765,1787809404.0,5.999000072479248,0,0,0,0.000000,0
598766,1787809410.001,6.000999927520752,0,0,0,0.000000,0
598767,1787809416.0,5.999000072479248,0,0,0,0.000000,0
598768,1787809422.0,6.0,0,0,0,0.000000,0
598769,1787809428.0,6.0,0,0,0,0.000000,0
598770,1787809434.001,6.000999927520752,0,0,0,0.000000,0
598771,1787809440.0,5.999000072479248,0,0,0,0.000000,0
598772,1787809446.001,6.000999927520752,0,0,0,0.000000,0
598773,1787809452.0,5.999000072479248,0,0,0,0.000000,0
598774,1787809458.001,6.000999927520752,0,0,0,0.000000,0
598775,1787809464.0,5.999000072479248,0,0,0,0.000000,0
598776,1787809470.0,6.0,0,0,0,0.000000,0
598777,1787809476.001,6.000999927520752,0,0,0,0.000000,0
598778,1787809482.0,5.999000072479248,0,0,0,0.000000,0
598779,1787809488.0,6.0,0,0,0,0.000000,0
598780,1787809494.0,6.0,0,0,0,0.000000,0
598781,1787809500.001,6.000999927520752,0,0,0,0.000000,0
598782,1787809506.0,5.999000072479248,0,0,0,0.000000,0
598783,1787809512.0,6.0,0,0,0,0.000000,0
598784,1787809518.0,6.0,0,0,0,0.000000,0
598785,1787809524.0,6.0,0,0,0,0.000000,0
598786,1787809530.0,6.0,0,0,0,0.000000,0
598787,1787809536.0,6.0,0,0,0,0.000000,0
598788,1787809542.0,6.0,0,0,0,0.000000,0
598789,1787809548.0,6.0,0,0,0,0.000000,0
598790,1787809554.0,6.0,0,0,0,0.000000,0
598791,1787809560.0,6.0,0,0,0,0.000000,0
598792,1787809566.0,6.0,0,0,0,0.000000,0
598793,1787809572.001,6.000999927520752,0,0,0,0.000000,0
598794,1787809578.0,5.999000072479248,0,0,0,0.000000,0
598795,1787809584.0,6.0,0,0,0,0.000000,0
598796,1787809590.0,6.0,0,0,0,0.000000,0
598797,1787809596.0,6.0,0,0,0,0.000000,0
598798,1787809602.0,6.0,0,0,0,0.000000,0
598799,1787809608.001,6.000999927520752,0,0,0,0.000000,0
598800,1787809614.0,5.999000072479248,0,0,0,0.000000,0
598801,1787809620.0,6.0,0,0,0,0.000000,0
598802,1787809626.0,6.0,0,0,0,0.000000,0
598803,1787809632.001,6.000999927520752,0,0,0,0.000000,0
598804,1787809638.0,5.999000072479248,0,0,0,0.000000,0
598805,1787809644.0,6.0,0,0,0,0.000000,0
598806,1787809650.0,6.0,0,0,0,0.000000,0
598807,1787809656.0,6.0,0,0,0,0.000000,0
598808,1787809662.0,6.0,0,0,0,0.000000,0
598809,1787809668.0,6.0,0,0,0,0.000000,0
598810,1787809674.0,6.0,0,0,0,0.000000,0
598811,1787809680.0,6.0,0,0,0,0.000000,0
598812,1787809686.0,6.0,0,0,0,0.000000,0
598813,1787809692.001,6.000999927520752,0,0,0,0.000000,0
598814,1787809698.0,5.999000072479248,0,0,0,0.000000,0
598815,1787809704.0,6.0,0,0,0,0.000000,0
598816,1787809710.0,6.0,0,0,0,0.000000,0
598817,1787809716.0,6.0,0,0,0,0.000000,0
598818,1787809722.0,6.0,0,0,0,0.000000,0
598819,1787809728.001,6.000999927520752,0,0,0,0.000000,0
598820,1787809734.0,5.999000072479248,0,0,0,0.000000,0
598821,1787809740.0,6.0,0,0,0,0.000000,0
598822,1787809746.0,6.0,0,0,0,0.000000,0
598823,1787809752.0,6.0,0,0,0,0.000000,0
598824,1787809758.0,6.0,0,0,0,0.000000,0
598825,1787809764.0,6.0,0,0,0,0.000000,0
598826,1787809770.0,6.0,0,0,0,0.000000,0
598827,1787809776.001,6.000999927520752,0,0,0,0.000000,0
598828,1787809782.0,5.999000072479248,0,0,0,0.000000,0
598829,1787809788.001,6.000999927520752,0,0,0,0.000000,0
598830,1787809794.0,5.999000072479248,0,0,0,0.000000,0
598831,1787809800.0,6.0,0,0,0,0.000000,0
598832,1787809806.0,6.0,0,0,0,0.000000,0
598833,1787809812.0,6.0,0,0,0,0.000000,0
598834,1787809818.0,6.0,0,0,0,0.000000,0
598835,1787809824.0,6.0,0,0,0,0.000000,0
598836,1787809830.001,6.000999927520752,0,0,0,0.000000,0
598837,1787809836.0,5.999000072479248,0,0,0,0.000000,0
598838,1787809842.001,6.000999927520752,0,0,0,0.000000,0
598839,1787809848.0,5.999000072479248,0,0,0,0.000000,0
598840,1787809854.0,6.0,0,0,0,0.000000,0
598841,1787809860.001,6.000999927520752,0,0,0,0.000000,0
598842,1787809866.001,6.0,0,0,0,0.000000,0
598843,1787809872.0,5.999000072479248,0,0,0,0.000000,0
598844,1787809878.0,6.0,0,0,0,0.000000,0
598845,1787809884.0,6.0,0,0,0,0.000000,0
598846,1787809890.0,6.0,0,0,0,0.000000,0
598847,1787809896.0,6.0,0,0,0,0.000000,0
598848,1787809902.001,6.000999927520752,0,0,0,0.000000,0
598849,1787809908.0,5.999000072479248,0,0,0,0.000000,0
598850,1787809914.001,6.000999927520752,0,0,0,0.000000,0
598851,1787809920.0,5.999000072479248,0,0,0,0.000000,0
598852,1787809926.0,6.0,0,0,0,0.000000,0
598853,1787809932.0,6.0,0,0,0,0.000000,0
598854,1787809938.001,6.000999927520752,0,0,0,0.000000,0
598855,1787809944.0,5.999000072479248,0,0,0,0.000000,0
598856,1787809950.0,6.0,0,0,0,0.000000,0
598857,1787809956.001,6.000999927520752,0,0,0,0.000000,0
598858,1787809962.0,5.999000072479248,0,0,0,0.000000,0
598859,1787809968.0,6.0,0,0,0,0.000000,0
598860,1787809974.0,6.0,0,0,0,0.000000,0
598861,1787809980.0,6.0,0,0,0,0.000000,0
598862,1787809986.0,6.0,0,0,0,0.000000,0
598863,1787809992.001,6.000999927520752,0,0,0,0.000000,0
598864,1787809998.0,5.999000072479248,0,0,0,0.000000,0
598865,1787810004.0,6.0,0,0,0,0.000000,0
598866,1787810010.001,6.000999927520752,0,0,0,0.000000,0
598867,1787810016.0,5.999000072479248,0,0,0,0.000000,0
598868,1787810022.0,6.0,0,0,0,0.000000,0
598869,1787810028.0,6.0,0,0,0,0.000000,0
598870,1787810034.0,6.0,0,0,0,0.000000,0
598871,1787810040.0,6.0,0,0,0,0.000000,0
598872,1787810046.0,6.0,0,0,0,0.000000,0
598873,1787810052.0,6.0,0,0,0,0.000000,0
598874,1787810058.0,6.0,0,0,0,0.000000,0
598875,1787810064.0,6.0,0,0,0,0.000000,0
598876,1787810070.0,6.0,0,0,0,0.000000,0
598877,1787810076.0,6.0,0,0,0,0.000000,0
598878,1787810082.0,6.0,0,0,0,0.000000,0
598879,1787810088.001,6.000999927520752,0,0,0,0.000000,0
598880,1787810094.0,5.999000072479248,0,0,0,0.000000,0
598881,1787810100.0,6.0,0,0,0,0.000000,0
598882,1787810106.0,6.0,0,0,0,0.000000,0
598883,1787810112.001,6.000999927520752,0,0,0,0.000000,0
598884,1787810118.0,5.999000072479248,0,0,0,0.000000,0
598885,1787810124.0,6.0,0,0,0,0.000000,0
598886,1787810130.0,6.0,0,0,0,0.000000,0
598887,1787810136.0,6.0,0,0,0,0.000000,0
598888,1787810142.0,6.0,0,0,0,0.000000,0
598889,1787810148.0,6.0,0,0,0,0.000000,0
598890,1787810154.0,6.0,0,0,0,0.000000,0
598891,1787810160.0,6.0,0,0,0,0.000000,0
598892,1787810166.0,6.0,0,0,0,0.000000,0
598893,1787810172.001,6.000999927520752,0,0,0,0.000000,0
598894,1787810178.0,5.999000072479248,0,0,0,0.000000,0
598895,1787810184.0,6.0,0,0,0,0.000000,0
598896,1787810190.001,6.000999927520752,0,0,0,0.000000,0
598897,1787810196.0,5.999000072479248,0,0,0,0.000000,0
598898,1787810202.001,6.000999927520752,0,0,0,0.000000,0
598899,1787810208.0,5.999000072479248,0,0,0,0.000000,0
598900,1787810214.0,6.0,0,0,0,0.000000,0
598901,1787810220.0,6.0,0,0,0,0.000000,0
598902,1787810226.0,6.0,0,0,0,0.000000,0
598903,1787810232.0,6.0,0,0,0,0.000000,0
598904,1787810238.001,6.000999927520752,0,0,0,0.000000,0
598905,1787810244.0,5.999000072479248,0,0,0,0.000000,0
598906,1787810250.0,6.0,0,0,0,0.000000,0
598907,1787810256.0,6.0,0,0,0,0.000000,0
598908,1787810262.001,6.000999927520752,0,0,0,0.000000,0
598909,1787810268.0,5.999000072479248,0,0,0,0.000000,0
598910,1787810274.001,6.000999927520752,0,0,0,0.000000,0
598911,1787810280.0,5.999000072479248,0,0,0,0.000000,0
598912,1787810286.0,6.0,0,0,0,0.000000,0
598913,1787810292.001,6.000999927520752,0,0,0,0.000000,0
598914,1787810298.0,5.999000072479248,0,0,0,0.000000,0
598915,1787810304.0,6.0,0,0,0,0.000000,0
598916,1787810310.0,6.0,0,0,0,0.000000,0
598917,1787810316.0,6.0,0,0,0,0.000000,0
598918,1787810322.0,6.0,0,0,0,0.000000,0
598919,1787810328.001,6.000999927520752,0,0,0,0.000000,0
598920,1787810334.001,6.0,0,0,0,0.000000,0
598921,1787810340.0,5.999000072479248,0,0,0,0.000000,0
598922,1787810346.0,6.0,0,0,0,0.000000,0
598923,1787810352.0,6.0,0,0,0,0.000000,0
598924,1787810358.0,6.0,0,0,0,0.000000,0
598925,1787810364.0,6.0,0,0,0,0.000000,0
598926,1787810370.0,6.0,0,0,0,0.000000,0
598927,1787810376.0,6.0,0,0,0,0.000000,0
598928,1787810382.0,6.0,0,0,0,0.000000,0
598929,1787810388.0,6.0,0,0,0,0.000000,0
598930,1787810394.0,6.0,0,0,0,0.000000,0
598931,1787810400.0,6.0,0,0,0,0.000000,0
598932,1787810406.0,6.0,0,0,0,0.000000,0
598933,1787810412.0,6.0,0,0,0,0.000000,0
598934,1787810418.0,6.0,0,0,0,0.000000,0
598935,1787810424.0,6.0,0,0,0,0.000000,0
598936,1787810430.0,6.0,0,0,0,0.000000,0
598937,1787810436.0,6.0,0,0,0,0.000000,0
598938,1787810442.0,6.0,0,0,0,0.000000,0
598939,1787810448.0,6.0,0,0,0,0.000000,0
598940,1787810454.0,6.0,0,0,0,0.000000,0
598941,1787810460.0,6.0,0,0,0,0.000000,0
598942,1787810466.0,6.0,0,0,0,0.000000,0
598943,1787810472.0,6.0,0,0,0,0.000000,0
598944,1787810478.0,6.0,0,0,0,0.000000,0
598945,1787810484.0,6.0,0,0,0,0.000000,0
598946,1787810490.0,6.0,0,0,0,0.000000,0
598947,1787810496.001,6.000999927520752,0,0,0,0.000000,0
598948,1787810502.0,5.999000072479248,0,0,0,0.000000,0
598949,1787810508.0,6.0,0,0,0,0.000000,0
598950,1787810514.001,6.000999927520752,0,0,0,0.000000,0
598951,1787810520.0,5.999000072479248,0,0,0,0.000000,0
598952,1787810526.001,6.000999927520752,0,0,0,0.000000,0
598953,1787810532.0,5.999000072479248,0,0,0,0.000000,0
598954,1787810538.0,6.0,0,0,0,0.000000,0
598955,1787810544.0,6.0,0,0,0,0.000000,0
598956,1787810550.0,6.0,0,0,0,0.000000,0
598957,1787810556.001,6.000999927520752,0,0,0,0.000000,0
598958,1787810562.001,6.0,0,0,0,0.000000,0
598959,1787810568.0,5.999000072479248,0,0,0,0.000000,0
598960,1787810574.001,6.000999927520752,0,0,0,0.000000,0
598961,1787810580.001,6.0,0,0,0,0.000000,0
598962,1787810586.0,5.999000072479248,0,0,0,0.000000,0
598963,1787810592.0,6.0,0,0,0,0.000000,0
598964,1787810598.0,6.0,0,0,0,0.000000,0
598965,1787810604.0,6.0,0,0,0,0.000000,0
598966,1787810610.0,6.0,0,0,0,0.000000,0
598967,1787810616.001,6.000999927520752,0,0,0,0.000000,0
598968,1787810622.0,5.999000072479248,0,0,0,0.000000,0
598969,1787810628.001,6.000999927520752,0,0,0,0.000000,0
598970,1787810634.0,5.999000072479248,0,0,0,0.000000,0
598971,1787810640.0,6.0,0,0,0,0.000000,0
598972,1787810646.0,6.0,0,0,0,0.000000,0
598973,1787810652.001,6.000999927520752,0,0,0,0.000000,0
598974,1787810658.0,5.999000072479248,0,0,0,0.000000,0
598975,1787810664.0,6.0,0,0,0,0.000000,0
598976,1787810670.0,6.0,0,0,0,0.000000,0
598977,1787810676.0,6.0,0,0,0,0.000000,0
598978,1787810682.0,6.0,0,0,0,0.000000,0
598979,1787810688.0,6.0,0,0,0,0.000000,0
598980,1787810694.001,6.000999927520752,0,0,0,0.000000,0
598981,1787810700.0,5.999000072479248,0,0,0,0.000000,0
598982,1787810706.0,6.0,0,0,0,0.000000,0
598983,1787810712.0,6.0,0,0,0,0.000000,0
598984,1787810718.0,6.0,0,0,0,0.000000,0
598985,1787810724.0,6.0,0,0,0,0.000000,0
598986,1787810730.0,6.0,0,0,0,0.000000,0
598987,1787810736.0,6.0,0,0,0,0.000000,0
598988,1787810742.0,6.0,0,0,0,0.000000,0
598989,1787810748.0,6.0,0,0,0,0.000000,0
598990,1787810754.0,6.0,0,0,0,0.000000,0
598991,1787810760.0,6.0,0,0,0,0.000000,0
598992,1787810766.0,6.0,0,0,0,0.000000,0
598993,1787810772.0,6.0,0,0,0,0.000000,0
598994,1787810778.0,6.0,0,0,0,0.000000,0
598995,1787810784.0,6.0,0,0,0,0.000000,0
598996,1787810790.0,6.0,0,0,0,0.000000,0
598997,1787810796.0,6.0,0,0,0,0.000000,0
598998,1787810802.0,6.0,0,0,0,0.000000,0
598999,1787810808.0,6.0,0,0,0,0.000000,0
599000,1787810814.001,6.000999927520752,0,0,0,0.000000,0
599001,1787810820.0,5.999000072479248,0,0,0,0.000000,0
599002,1787810826.0,6.0,0,0,0,0.000000,0
599003,1787810832.001,6.000999927520752,0,0,0,0.000000,0
599004,1787810838.0,5.999000072479248,0,0,0,0.000000,0
599005,1787810844.0,6.0,0,0,0,0.000000,0
599006,1787810850.001,6.000999927520752,0,0,0,0.000000,0
599007,1787810856.0,5.999000072479248,0,0,0,0.000000,0
599008,1787810862.0,6.0,0,0,0,0.000000,0
599009,1787810868.001,6.000999927520752,0,0,0,0.000000,0
599010,1787810874.0,5.999000072479248,0,0,0,0.000000,0
599011,1787810880.0,6.0,0,0,0,0.000000,0
599012,1787810886.0,6.0,0,0,0,0.000000,0
599013,1787810892.0,6.0,0,0,0,0.000000,0
599014,1787810898.0,6.0,0,0,0,0.000000,0
599015,1787810904.0,6.0,0,0,0,0.000000,0
599016,1787810910.0,6.0,0,0,0,0.000000,0
599017,1787810916.0,6.0,0,0,0,0.000000,0
599018,1787810922.0,6.0,0,0,0,0.000000,0
599019,1787810928.0,6.0,0,0,0,0.000000,0
599020,1787810934.0,6.0,0,0,0,0.000000,0
599021,1787810940.0,6.0,0,0,0,0.000000,0
599022,1787810946.0,6.0,0,0,0,0.000000,0
599023,1787810952.001,6.000999927520752,0,0,0,0.000000,0
599024,1787810958.0,5.999000072479248,0,0,0,0.000000,0
599025,1787810964.0,6.0,0,0,0,0.000000,0
599026,1787810970.0,6.0,0,0,0,0.000000,0
599027,1787810976.0,6.0,0,0,0,0.000000,0
599028,1787810982.0,6.0,0,0,0,0.000000,0
599029,1787810988.001,6.000999927520752,0,0,0,0.000000,0
599030,1787810994.0,5.999000072479248,0,0,0,0.000000,0
599031,1787811000.001,6.000999927520752,0,0,0,0.000000,0
599032,1787811006.0,5.999000072479248,0,0,0,0.000000,0
599033,1787811012.0,6.0,0,0,0,0.000000,0
599034,1787811018.001,6.000999927520752,0,0,0,0.000000,0
599035,1787811024.001,6.0,0,0,0,0.000000,0
599036,1787811030.0,5.999000072479248,0,0,0,0.000000,0
599037,1787811036.001,6.000999927520752,0,0,0,0.000000,0
599038,1787811042.0,5.999000072479248,0,0,0,0.000000,0
599039,1787811048.001,6.000999927520752,0,0,0,0.000000,0
599040,1787811054.001,6.0,0,0,0,0.000000,0
599041,1787811060.001,6.0,0,0,0,0.000000,0
599042,1787811066.0,5.999000072479248,0,0,0,0.000000,0
599043,1787811072.0,6.0,0,0,0,0.000000,0
599044,1787811078.0,6.0,0,0,0,0.000000,0
599045,1787811084.0,6.0,0,0,0,0.000000,0
599046,1787811090.0,6.0,0,0,0,0.000000,0
599047,1787811096.0,6.0,0,0,0,0.000000,0
599048,1787811102.001,6.000999927520752,0,0,0,0.000000,0
599049,1787811108.0,5.999000072479248,0,0,0,0.000000,0
599050,1787811114.0,6.0,0,0,0,0.000000,0
599051,1787811120.0,6.0,0,0,0,0.000000,0
599052,1787811126.0,6.0,0,0,0,0.000000,0
599053,1787811132.001,6.000999927520752,0,0,0,0.000000,0
599054,1787811138.0,5.999000072479248,0,0,0,0.000000,0
599055,1787811144.0,6.0,0,0,0,0.000000,0
599056,1787811150.0,6.0,0,0,0,0.000000,0
599057,1787811156.0,6.0,0,0,0,0.000000,0
599058,1787811162.0,6.0,0,0,0,0.000000,0
599059,1787811168.001,6.000999927520752,0,0,0,0.000000,0
599060,1787811174.0,5.999000072479248,0,0,0,0.000000,0
599061,1787811180.0,6.0,0,0,0,0.000000,0
599062,1787811186.0,6.0,0,0,0,0.000000,0
599063,1787811192.001,6.000999927520752,0,0,0,0.000000,0
599064,1787811198.0,5.999000072479248,0,0,0,0.000000,0
599065,1787811204.0,6.0,0,0,0,0.000000,0
599066,1787811210.0,6.0,0,0,0,0.000000,0
599067,1787811216.0,6.0,0,0,0,0.000000,0
599068,1787811222.0,6.0,0,0,0,0.000000,0
599069,1787811228.0,6.0,0,0,0,0.000000,0
599070,1787811234.0,6.0,0,0,0,0.000000,0
599071,1787811240.0,6.0,0,0,0,0.000000,0
599072,1787811246.0,6.0,0,0,0,0.000000,0
599073,1787811252.0,6.0,0,0,0,0.000000,0
599074,1787811258.0,6.0,0,0,0,0.000000,0
599075,1787811264.0,6.0,0,0,0,0.000000,0
599076,1787811270.0,6.0,0,0,0,0.000000,0
599077,1787811276.0,6.0,0,0,0,0.000000,0
599078,1787811282.0,6.0,0,0,0,0.000000,0
599079,1787811288.0,6.0,0,0,0,0.000000,0
599080,1787811294.0,6.0,0,0,0,0.000000,0
599081,1787811300.0,6.0,0,0,0,0.000000,0
599082,1787811306.001,6.000999927520752,0,0,0,0.000000,0
599083,1787811312.0,5.999000072479248,0,0,0,0.000000,0
599084,1787811318.0,6.0,0,0,0,0.000000,0
599085,1787811324.0,6.0,0,0,0,0.000000,0
599086,1787811330.0,6.0,0,0,0,0.000000,0
599087,1787811336.0,6.0,0,0,0,0.000000,0
599088,1787811342.0,6.0,0,0,0,0.000000,0
599089,1787811348.0,6.0,0,0,0,0.000000,0
599090,1787811354.0,6.0,0,0,0,0.000000,0
599091,1787811360.0,6.0,0,0,0,0.000000,0
599092,1787811366.0,6.0,0,0,0,0.000000,0
599093,1787811372.001,6.000999927520752,0,0,0,0.000000,0
599094,1787811378.0,5.999000072479248,0,0,0,0.000000,0
599095,1787811384.0,6.0,0,0,0,0.000000,0
599096,1787811390.001,6.000999927520752,0,0,0,0.000000,0
599097,1787811396.0,5.999000072479248,0,0,0,0.000000,0
599098,1787811402.0,6.0,0,0,0,0.000000,0
599099,1787811408.0,6.0,0,0,0,0.000000,0
599100,1787811414.0,6.0,0,0,0,0.000000,0
599101,1787811420.0,6.0,0,0,0,0.000000,0
599102,1787811426.001,6.000999927520752,0,0,0,0.000000,0
599103,1787811432.0,5.999000072479248,0,0,0,0.000000,0
599104,1787811438.0,6.0,0,0,0,0.000000,0
599105,1787811444.001,6.000999927520752,0,0,0,0.000000,0
599106,1787811450.0,5.999000072479248,0,0,0,0.000000,0
599107,1787811456.0,6.0,0,0,0,0.000000,0
599108,1787811462.001,6.000999927520752,0,0,0,0.000000,0
599109,1787811468.0,5.999000072479248,0,0,0,0.000000,0
599110,1787811474.0,6.0,0,0,0,0.000000,0
599111,1787811480.001,6.000999927520752,0,0,0,0.000000,0
599112,1787811486.0,5.999000072479248,0,0,0,0.000000,0
599113,1787811492.0,6.0,0,0,0,0.000000,0
599114,1787811498.0,6.0,0,0,0,0.000000,0
599115,1787811504.0,6.0,0,0,0,0.000000,0
599116,1787811510.0,6.0,0,0,0,0.000000,0
599117,1787811516.0,6.0,0,0,0,0.000000,0
599118,1787811522.0,6.0,0,0,0,0.000000,0
599119,1787811528.001,6.000999927520752,0,0,0,0.000000,0
599120,1787811534.0,5.999000072479248,0,0,0,0.000000,0
599121,1787811540.0,6.0,0,0,0,0.000000,0
599122,1787811546.0,6.0,0,0,0,0.000000,0
599123,1787811552.0,6.0,0,0,0,0.000000,0
599124,1787811558.001,6.000999927520752,0,0,0,0.000000,0
599125,1787811564.0,5.999000072479248,0,0,0,0.000000,0
599126,1787811570.0,6.0,0,0,0,0.000000,0
599127,1787811576.0,6.0,0,0,0,0.000000,0
599128,1787811582.0,6.0,0,0,0,0.000000,0
599129,1787811588.001,6.000999927520752,0,0,0,0.000000,0
599130,1787811594.0,5.999000072479248,0,0,0,0.000000,0
599131,1787811600.0,6.0,0,0,0,0.000000,0
599132,1787811606.0,6.0,0,0,0,0.000000,0
599133,1787811612.0,6.0,0,0,0,0.000000,0
599134,1787811618.0,6.0,0,0,0,0.000000,0
599135,1787811624.0,6.0,0,0,0,0.000000,0
599136,1787811630.0,6.0,0,0,0,0.000000,0
599137,1787811636.0,6.0,0,0,0,0.000000,0
599138,1787811642.0,6.0,0,0,0,0.000000,0
599139,1787811648.001,6.000999927520752,0,0,0,0.000000,0
599140,1787811654.0,5.999000072479248,0,0,0,0.000000,0
599141,1787811660.001,6.000999927520752,0,0,0,0.000000,0
599142,1787811666.0,5.999000072479248,0,0,0,0.000000,0
599143,1787811672.0,6.0,0,0,0,0.000000,0
599144,1787811678.0,6.0,0,0,0,0.000000,0
599145,1787811684.001,6.000999927520752,0,0,0,0.000000,0
599146,1787811690.0,5.999000072479248,0,0,0,0.000000,0
599147,1787811696.0,6.0,0,0,0,0.000000,0
599148,1787811702.001,6.000999927520752,0,0,0,0.000000,0
599149,1787811708.0,5.999000072479248,0,0,0,0.000000,0
599150,1787811714.0,6.0,0,0,0,0.000000,0
599151,1787811720.0,6.0,0,0,0,0.000000,0
599152,1787811726.001,6.000999927520752,0,0,0,0.000000,0
599153,1787811732.001,6.0,0,0,0,0.000000,0
599154,1787811738.0,5.999000072479248,0,0,0,0.000000,0
599155,1787811744.001,6.000999927520752,0,0,0,0.000000,0
599156,1787811750.001,6.0,0,0,0,0.000000,0
599157,1787811756.0,5.999000072479248,0,0,0,0.000000,0
599158,1787811762.0,6.0,0,0,0,0.000000,0
599159,1787811768.0,6.0,0,0,0,0.000000,0
599160,1787811774.0,6.0,0,0,0,0.000000,0
599161,1787811780.0,6.0,0,0,0,0.000000,0
599162,1787811786.0,6.0,0,0,0,0.000000,0
599163,1787811792.0,6.0,0,0,0,0.000000,0
599164,1787811798.0,6.0,0,0,0,0.000000,0
599165,1787811804.0,6.0,0,0,0,0.000000,0
599166,1787811810.001,6.000999927520752,0,0,0,0.000000,0
599167,1787811816.001,6.0,0,0,0,0.000000,0
599168,1787811822.0,5.999000072479248,0,0,0,0.000000,0
599169,1787811828.0,6.0,0,0,0,0.000000,0
599170,1787811834.0,6.0,0,0,0,0.000000,0
599171,1787811840.0,6.0,0,0,0,0.000000,0
599172,1787811846.0,6.0,0,0,0,0.000000,0
599173,1787811852.0,6.0,0,0,0,0.000000,0
599174,1787811858.0,6.0,0,0,0,0.000000,0
599175,1787811864.0,6.0,0,0,0,0.000000,0
599176,1787811870.0,6.0,0,0,0,0.000000,0
599177,1787811876.0,6.0,0,0,0,0.000000,0
599178,1787811882.001,6.000999927520752,0,0,0,0.000000,0
599179,1787811888.001,6.0,0,0,0,0.000000,0
599180,1787811894.0,5.999000072479248,0,0,0,0.000000,0
599181,1787811900.0,6.0,0,0,0,0.000000,0
599182,1787811906.0,6.0,0,0,0,0.000000,0
599183,1787811912.0,6.0,0,0,0,0.000000,0
599184,1787811918.0,6.0,0,0,0,0.000000,0
599185,1787811924.0,6.0,0,0,0,0.000000,0
599186,1787811930.0,6.0,0,0,0,0.000000,0
599187,1787811936.0,6.0,0,0,0,0.000000,0
599188,1787811942.0,6.0,0,0,0,0.000000,0
599189,1787811948.001,6.000999927520752,0,0,0,0.000000,0
599190,1787811954.0,5.999000072479248,0,0,0,0.000000,0
599191,1787811960.0,6.0,0,0,0,0.000000,0
599192,1787811966.0,6.0,0,0,0,0.000000,0
599193,1787811972.001,6.000999927520752,0,0,0,0.000000,0
599194,1787811978.0,5.999000072479248,0,0,0,0.000000,0
599195,1787811984.0,6.0,0,0,0,0.000000,0
599196,1787811990.0,6.0,0,0,0,0.000000,0
599197,1787811996.0,6.0,0,0,0,0.000000,0
599198,1787812002.0,6.0,0,0,0,0.000000,0
599199,1787812008.0,6.0,0,0,0,0.000000,0
599200,1787812014.0,6.0,0,0,0,0.000000,0
599201,1787812020.001,6.000999927520752,0,0,0,0.000000,0
599202,1787812026.0,5.999000072479248,0,0,0,0.000000,0
599203,1787812032.001,6.000999927520752,0,0,0,0.000000,0
599204,1787812038.0,5.999000072479248,0,0,0,0.000000,0
599205,1787812044.0,6.0,0,0,0,0.000000,0
599206,1787812050.0,6.0,0,0,0,0.000000,0
599207,1787812056.0,6.0,0,0,0,0.000000,0
599208,1787812062.0,6.0,0,0,0,0.000000,0
599209,1787812068.001,6.000999927520752,0,0,0,0.000000,0
599210,1787812074.0,5.999000072479248,0,0,0,0.000000,0
599211,1787812080.0,6.0,0,0,0,0.000000,0
599212,1787812086.0,6.0,0,0,0,0.000000,0
599213,1787812092.0,6.0,0,0,0,0.000000,0
599214,1787812098.0,6.0,0,0,0,0.000000,0
599215,1787812104.0,6.0,0,0,0,0.000000,0
599216,1787812110.0,6.0,0,0,0,0.000000,0
599217,1787812116.0,6.0,0,0,0,0.000000,0
599218,1787812122.0,6.0,0,0,0,0.000000,0
599219,1787812128.001,6.000999927520752,0,0,0,0.000000,0
599220,1787812134.0,5.999000072479248,0,0,0,0.000000,0
599221,1787812140.001,6.000999927520752,0,0,0,0.000000,0
599222,1787812146.001,6.0,0,0,0,0.000000,0
599223,1787812152.0,5.999000072479248,0,0,0,0.000000,0
599224,1787812158.0,6.0,0,0,0,0.000000,0
599225,1787812164.0,6.0,0,0,0,0.000000,0
599226,1787812170.0,6.0,0,0,0,0.000000,0
599227,1787812176.001,6.000999927520752,0,0,0,0.000000,0
599228,1787812182.001,6.0,0,0,0,0.000000,0
599229,1787812188.0,5.999000072479248,0,0,0,0.000000,0
599230,1787812194.0,6.0,1,1,4046,0.020230,1
599231,1787812200.0,6.0,0,0,0,0.000000,0
599232,1787812206.0,6.0,0,0,0,0.000000,0
599233,1787812212.001,6.000999927520752,0,0,0,0.000000,0
599234,1787812218.0,5.999000072479248,0,0,0,0.000000,0
599235,1787812224.0,6.0,0,0,0,0.000000,0
599236,1787812230.0,6.0,0,0,0,0.000000,0
599237,1787812236.0,6.0,0,0,0,0.000000,0
599238,1787812242.0,6.0,0,0,0,0.000000,0
599239,1787812248.001,6.000999927520752,0,0,0,0.000000,0
599240,1787812254.0,5.999000072479248,0,0,0,0.000000,0
599241,1787812260.0,6.0,0,0,0,0.000000,0
599242,1787812266.0,6.0,0,0,0,0.000000,0
599243,1787812272.001,6.000999927520752,0,0,0,0.000000,0
599244,1787812278.0,5.999000072479248,0,0,0,0.000000,0
599245,1787812284.001,6.000999927520752,0,0,0,0.000000,0
599246,1787812290.001,6.0,0,0,0,0.000000,0
599247,1787812296.0,5.999000072479248,0,0,0,0.000000,0
599248,1787812302.001,6.000999927520752,0,0,0,0.000000,0
599249,1787812308.0,5.999000072479248,0,0,0,0.000000,0
599250,1787812314.001,6.000999927520752,0,0,0,0.000000,0
599251,1787812320.001,6.0,0,0,0,0.000000,0
599252,1787812326.0,5.999000072479248,0,0,0,0.000000,0
599253,1787812332.0,6.0,0,0,0,0.000000,0
599254,1787812338.001,6.000999927520752,0,0,0,0.000000,0
599255,1787812344.0,5.999000072479248,0,0,0,0.000000,0
599256,1787812350.0,6.0,0,0,0,0.000000,0
599257,1787812356.0,6.0,0,0,0,0.000000,0
599258,1787812362.0,6.0,0,0,0,0.000000,0
599259,1787812368.0,6.0,0,0,0,0.000000,0
599260,1787812374.0,6.0,0,0,0,0.000000,0
599261,1787812380.0,6.0,0,0,0,0.000000,0
599262,1787812386.0,6.0,0,0,0,0.000000,0
599263,1787812392.001,6.000999927520752,0,0,0,0.000000,0
599264,1787812398.0,5.999000072479248,0,0,0,0.000000,0
599265,1787812404.001,6.000999927520752,0,0,0,0.000000,0
599266,1787812410.0,5.999000072479248,0,0,0,0.000000,0
599267,1787812416.0,6.0,0,0,0,0.000000,0
599268,1787812422.0,6.0,0,0,0,0.000000,0
599269,1787812428.001,6.000999927520752,0,0,0,0.000000,0
599270,1787812434.001,6.0,0,0,0,0.000000,0
599271,1787812440.001,6.0,0,0,0,0.000000,0
599272,1787812446.0,5.999000072479248,0,0,0,0.000000,0
599273,1787812452.0,6.0,0,0,0,0.000000,0
599274,1787812458.0,6.0,0,0,0,0.000000,0
599275,1787812464.001,6.000999927520752,0,0,0,0.000000,0
599276,1787812470.001,6.0,0,0,0,0.000000,0
599277,1787812476.0,5.999000072479248,0,0,0,0.000000,0
599278,1787812482.0,6.0,0,0,0,0.000000,0
599279,1787812488.0,6.0,0,0,0,0.000000,0
599280,1787812494.001,6.000999927520752,0,0,0,0.000000,0
599281,1787812500.0,5.999000072479248,0,0,0,0.000000,0
599282,1787812506.0,6.0,0,0,0,0.000000,0
599283,1787812512.0,6.0,0,0,0,0.000000,0
599284,1787812518.0,6.0,0,0,0,0.000000,0
599285,1787812524.001,6.000999927520752,0,0,0,0.000000,0
599286,1787812530.0,5.999000072479248,0,0,0,0.000000,0
599287,1787812536.0,6.0,0,0,0,0.000000,0
599288,1787812542.0,6.0,0,0,0,0.000000,0
599289,1787812548.001,6.000999927520752,0,0,0,0.000000,0
599290,1787812554.0,5.999000072479248,0,0,0,0.000000,0
599291,1787812560.001,6.000999927520752,0,0,0,0.000000,0
599292,1787812566.0,5.999000072479248,0,0,0,0.000000,0
599293,1787812572.001,6.000999927520752,0,0,0,0.000000,0
599294,1787812578.0,5.999000072479248,0,0,0,0.000000,0
599295,1787812584.0,6.0,0,0,0,0.000000,0
599296,1787812590.0,6.0,0,0,0,0.000000,0
599297,1787812596.001,6.000999927520752,0,0,0,0.000000,0
599298,1787812602.0,5.999000072479248,0,0,0,0.000000,0
599299,1787812608.001,6.000999927520752,0,0,0,0.000000,0
599300,1787812614.0,5.999000072479248,0,0,0,0.000000,0
599301,1787812620.001,6.000999927520752,0,0,0,0.000000,0
599302,1787812626.0,5.999000072479248,0,0,0,0.000000,0
599303,1787812632.0,6.0,0,0,0,0.000000,0
599304,1787812638.0,6.0,0,0,0,0.000000,0
599305,1787812644.0,6.0,0,0,0,0.000000,0
599306,1787812650.0,6.0,0,0,0,0.000000,0
599307,1787812656.0,6.0,0,0,0,0.000000,0
599308,1787812662.0,6.0,0,0,0,0.000000,0
599309,1787812668.0,6.0,0,0,0,0.000000,0
599310,1787812674.0,6.0,0,0,0,0.000000,0
599311,1787812680.001,6.000999927520752,0,0,0,0.000000,0
599312,1787812686.0,5.999000072479248,0,0,0,0.000000,0
599313,1787812692.0,6.0,0,0,0,0.000000,0
599314,1787812698.0,6.0,0,0,0,0.000000,0
599315,1787812704.0,6.0,0,0,0,0.000000,0
599316,1787812710.0,6.0,0,0,0,0.000000,0
599317,1787812716.0,6.0,0,0,0,0.000000,0
599318,1787812722.0,6.0,0,0,0,0.000000,0
599319,1787812728.001,6.000999927520752,0,0,0,0.000000,0
599320,1787812734.0,5.999000072479248,0,0,0,0.000000,0
599321,1787812740.0,6.0,0,0,0,0.000000,0
599322,1787812746.0,6.0,0,0,0,0.000000,0
599323,1787812752.0,6.0,0,0,0,0.000000,0
599324,1787812758.001,6.000999927520752,0,0,0,0.000000,0
599325,1787812764.0,5.999000072479248,0,0,0,0.000000,0
599326,1787812770.0,6.0,0,0,0,0.000000,0
599327,1787812776.0,6.0,0,0,0,0.000000,0
599328,1787812782.0,6.0,0,0,0,0.000000,0
599329,1787812788.0,6.0,0,0,0,0.000000,0
599330,1787812794.001,6.000999927520752,0,0,0,0.000000,0
599331,1787812800.0,5.999000072479248,0,0,0,0.000000,0
599332,1787812806.0,6.0,0,0,0,0.000000,0
599333,1787812812.001,6.000999927520752,0,0,0,0.000000,0
599334,1787812818.0,5.999000072479248,0,0,0,0.000000,0
599335,1787812824.0,6.0,0,0,0,0.000000,0
599336,1787812830.0,6.0,0,0,0,0.000000,0
599337,1787812836.0,6.0,0,0,0,0.000000,0
599338,1787812842.0,6.0,0,0,0,0.000000,0
599339,1787812848.0,6.0,0,0,0,0.000000,0
599340,1787812854.0,6.0,0,0,0,0.000000,0
599341,1787812860.0,6.0,0,0,0,0.000000,0
599342,1787812866.001,6.000999927520752,0,0,0,0.000000,0
599343,1787812872.0,5.999000072479248,0,0,0,0.000000,0
599344,1787812878.0,6.0,0,0,0,0.000000,0
599345,1787812884.0,6.0,0,0,0,0.000000,0
599346,1787812890.0,6.0,0,0,0,0.000000,0
599347,1787812896.0,6.0,0,0,0,0.000000,0
599348,1787812902.001,6.000999927520752,0,0,0,0.000000,0
599349,1787812908.0,5.999000072479248,0,0,0,0.000000,0
599350,1787812914.0,6.0,0,0,0,0.000000,0
599351,1787812920.0,6.0,0,0,0,0.000000,0
599352,1787812926.0,6.0,0,0,0,0.000000,0
599353,1787812932.0,6.0,0,0,0,0.000000,0
599354,1787812938.0,6.0,0,0,0,0.000000,0
599355,1787812944.0,6.0,0,0,0,0.000000,0
599356,1787812950.001,6.000999927520752,0,0,0,0.000000,0
599357,1787812956.0,5.999000072479248,0,0,0,0.000000,0
599358,1787812962.001,6.000999927520752,0,0,0,0.000000,0
599359,1787812968.0,5.999000072479248,0,0,0,0.000000,0
599360,1787812974.0,6.0,0,0,0,0.000000,0
599361,1787812980.001,6.000999927520752,0,0,0,0.000000,0
599362,1787812986.0,5.999000072479248,0,0,0,0.000000,0
599363,1787812992.001,6.000999927520752,0,0,0,0.000000,0
599364,1787812998.0,5.999000072479248,0,0,0,0.000000,0
599365,1787813004.0,6.0,0,0,0,0.000000,0
599366,1787813010.0,6.0,0,0,0,0.000000,0
599367,1787813016.0,6.0,0,0,0,0.000000,0
599368,1787813022.0,6.0,0,0,0,0.000000,0
599369,1787813028.001,6.000999927520752,0,0,0,0.000000,0
599370,1787813034.0,5.999000072479248,0,0,0,0.000000,0
599371,1787813040.0,6.0,0,0,0,0.000000,0
599372,1787813046.0,6.0,0,0,0,0.000000,0
599373,1787813052.0,6.0,0,0,0,0.000000,0
599374,1787813058.0,6.0,0,0,0,0.000000,0
599375,1787813064.0,6.0,0,0,0,0.000000,0
599376,1787813070.0,6.0,0,0,0,0.000000,0
599377,1787813076.0,6.0,0,0,0,0.000000,0
599378,1787813082.001,6.000999927520752,0,0,0,0.000000,0
599379,1787813088.001,6.0,0,0,0,0.000000,0
599380,1787813094.0,5.999000072479248,0,0,0,0.000000,0
599381,1787813100.0,6.0,0,0,0,0.000000,0
599382,1787813106.0,6.0,0,0,0,0.000000,0
599383,1787813112.0,6.0,0,0,0,0.000000,0
599384,1787813118.001,6.000999927520752,0,0,0,0.000000,0
599385,1787813124.0,5.999000072479248,0,0,0,0.000000,0
599386,1787813130.0,6.0,0,0,0,0.000000,0
599387,1787813136.0,6.0,0,0,0,0.000000,0
599388,1787813142.001,6.000999927520752,0,0,0,0.000000,0
599389,1787813148.0,5.999000072479248,0,0,0,0.000000,0
599390,1787813154.0,6.0,0,0,0,0.000000,0
599391,1787813160.0,6.0,0,0,0,0.000000,0
599392,1787813166.0,6.0,0,0,0,0.000000,0
599393,1787813172.001,6.000999927520752,0,0,0,0.000000,0
599394,1787813178.0,5.999000072479248,0,0,0,0.000000,0
599395,1787813184.0,6.0,0,0,0,0.000000,0
599396,1787813190.0,6.0,0,0,0,0.000000,0
599397,1787813196.001,6.000999927520752,0,0,0,0.000000,0
599398,1787813202.0,5.999000072479248,0,0,0,0.000000,0
599399,1787813208.001,6.000999927520752,0,0,0,0.000000,0
599400,1787813214.0,5.999000072479248,0,0,0,0.000000,0
599401,1787813220.0,6.0,0,0,0,0.000000,0
599402,1787813226.001,6.000999927520752,0,0,0,0.000000,0
599403,1787813232.0,5.999000072479248,0,0,0,0.000000,0
599404,1787813238.0,6.0,0,0,0,0.000000,0
599405,1787813244.001,6.000999927520752,0,0,0,0.000000,0
599406,1787813250.0,5.999000072479248,0,0,0,0.000000,0
599407,1787813256.0,6.0,0,0,0,0.000000,0
599408,1787813262.0,6.0,0,0,0,0.000000,0
599409,1787813268.001,6.000999927520752,0,0,0,0.000000,0
599410,1787813274.0,5.999000072479248,0,0,0,0.000000,0
599411,1787813280.0,6.0,0,0,0,0.000000,0
599412,1787813286.001,6.000999927520752,0,0,0,0.000000,0
599413,1787813292.0,5.999000072479248,0,0,0,0.000000,0
599414,1787813298.0,6.0,0,0,0,0.000000,0
599415,1787813304.0,6.0,0,0,0,0.000000,0
599416,1787813310.0,6.0,0,0,0,0.000000,0
599417,1787813316.0,6.0,0,0,0,0.000000,0
599418,1787813322.0,6.0,0,0,0,0.000000,0
599419,1787813328.0,6.0,0,0,0,0.000000,0
599420,1787813334.0,6.0,0,0,0,0.000000,0
599421,1787813340.0,6.0,0,0,0,0.000000,0
599422,1787813346.001,6.000999927520752,0,0,0,0.000000,0
599423,1787813352.0,5.999000072479248,0,0,0,0.000000,0
599424,1787813358.0,6.0,0,0,0,0.000000,0
599425,1787813364.001,6.000999927520752,0,0,0,0.000000,0
599426,1787813370.0,5.999000072479248,0,0,0,0.000000,0
599427,1787813376.0,6.0,0,0,0,0.000000,0
599428,1787813382.001,6.000999927520752,0,0,0,0.000000,0
599429,1787813388.0,5.999000072479248,0,0,0,0.000000,0
599430,1787813394.0,6.0,0,0,0,0.000000,0
599431,1787813400.0,6.0,0,0,0,0.000000,0
599432,1787813406.001,6.000999927520752,0,0,0,0.000000,0
599433,1787813412.0,5.999000072479248,0,0,0,0.000000,0
599434,1787813418.0,6.0,0,0,0,0.000000,0
599435,1787813424.0,6.0,0,0,0,0.000000,0
599436,1787813430.0,6.0,0,0,0,0.000000,0
599437,1787813436.0,6.0,0,0,0,0.000000,0
599438,1787813442.0,6.0,0,0,0,0.000000,0
599439,1787813448.001,6.000999927520752,0,0,0,0.000000,0
599440,1787813454.0,5.999000072479248,0,0,0,0.000000,0
599441,1787813460.0,6.0,0,0,0,0.000000,0
599442,1787813466.0,6.0,0,0,0,0.000000,0
599443,1787813472.0,6.0,0,0,0,0.000000,0
599444,1787813478.0,6.0,0,0,0,0.000000,0
599445,1787813484.0,6.0,0,0,0,0.000000,0
599446,1787813490.0,6.0,0,0,0,0.000000,0
599447,1787813496.0,6.0,0,0,0,0.000000,0
599448,1787813502.0,6.0,0,0,0,0.000000,0
599449,1787813508.0,6.0,0,0,0,0.000000,0
599450,1787813514.001,6.000999927520752,0,0,0,0.000000,0
599451,1787813520.0,5.999000072479248,0,0,0,0.000000,0
599452,1787813526.0,6.0,0,0,0,0.000000,0
599453,1787813532.0,6.0,0,0,0,0.000000,0
599454,1787813538.0,6.0,0,0,0,0.000000,0
599455,1787813544.0,6.0,0,0,0,0.000000,0
599456,1787813550.0,6.0,0,0,0,0.000000,0
599457,1787813556.0,6.0,0,0,0,0.000000,0
599458,1787813562.001,6.000999927520752,0,0,0,0.000000,0
599459,1787813568.001,6.0,0,0,0,0.000000,0
599460,1787813574.0,5.999000072479248,0,0,0,0.000000,0
599461,1787813580.0,6.0,0,0,0,0.000000,0
599462,1787813586.001,6.000999927520752,0,0,0,0.000000,0
599463,1787813592.001,6.0,0,0,0,0.000000,0
599464,1787813598.0,5.999000072479248,0,0,0,0.000000,0
599465,1787813604.001,6.000999927520752,0,0,0,0.000000,0
599466,1787813610.0,5.999000072479248,0,0,0,0.000000,0
599467,1787813616.0,6.0,0,0,0,0.000000,0
599468,1787813622.0,6.0,0,0,0,0.000000,0
599469,1787813628.0,6.0,0,0,0,0.000000,0
599470,1787813634.0,6.0,0,0,0,0.000000,0
599471,1787813640.001,6.000999927520752,0,0,0,0.000000,0
599472,1787813646.0,5.999000072479248,0,0,0,0.000000,0
599473,1787813652.0,6.0,0,0,0,0.000000,0
599474,1787813658.0,6.0,0,0,0,0.000000,0
599475,1787813664.0,6.0,0,0,0,0.000000,0
599476,1787813670.0,6.0,0,0,0,0.000000,0
599477,1787813676.0,6.0,0,0,0,0.000000,0
599478,1787813682.0,6.0,0,0,0,0.000000,0
599479,1787813688.0,6.0,0,0,0,0.000000,0
599480,1787813694.0,6.0,0,0,0,0.000000,0
599481,1787813700.0,6.0,0,0,0,0.000000,0
599482,1787813706.0,6.0,0,0,0,0.000000,0
599483,1787813712.0,6.0,0,0,0,0.000000,0
599484,1787813718.0,6.0,0,0,0,0.000000,0
599485,1787813724.0,6.0,0,0,0,0.000000,0
599486,1787813730.0,6.0,0,0,0,0.000000,0
599487,1787813736.0,6.0,0,0,0,0.000000,0
599488,1787813742.0,6.0,0,0,0,0.000000,0
599489,1787813748.0,6.0,0,0,0,0.000000,0
599490,1787813754.001,6.000999927520752,0,0,0,0.000000,0
599491,1787813760.0,5.999000072479248,0,0,0,0.000000,0
599492,1787813766.0,6.0,0,0,0,0.000000,0
599493,1787813772.0,6.0,0,0,0,0.000000,0
599494,1787813778.0,6.0,0,0,0,0.000000,0
599495,1787813784.0,6.0,0,0,0,0.000000,0
599496,1787813790.001,6.000999927520752,0,0,0,0.000000,0
599497,1787813796.0,5.999000072479248,0,0,0,0.000000,0
599498,1787813802.0,6.0,0,0,0,0.000000,0
599499,1787813808.0,6.0,0,0,0,0.000000,0
599500,1787813814.0,6.0,0,0,0,0.000000,0
599501,1787813820.0,6.0,0,0,0,0.000000,0
599502,1787813826.0,6.0,0,0,0,0.000000,0
599503,1787813832.0,6.0,0,0,0,0.000000,0
599504,1787813838.001,6.000999927520752,0,0,0,0.000000,0
599505,1787813844.001,6.0,0,0,0,0.000000,0
599506,1787813850.0,5.999000072479248,0,0,0,0.000000,0
599507,1787813856.0,6.0,0,0,0,0.000000,0
599508,1787813862.001,6.000999927520752,0,0,0,0.000000,0
599509,1787813868.0,5.999000072479248,0,0,0,0.000000,0
599510,1787813874.001,6.000999927520752,0,0,0,0.000000,0
599511,1787813880.0,5.999000072479248,0,0,0,0.000000,0
599512,1787813886.0,6.0,0,0,0,0.000000,0
599513,1787813892.0,6.0,0,0,0,0.000000,0
599514,1787813898.001,6.000999927520752,0,0,0,0.000000,0
599515,1787813904.0,5.999000072479248,0,0,0,0.000000,0
599516,1787813910.0,6.0,0,0,0,0.000000,0
599517,1787813916.0,6.0,0,0,0,0.000000,0
599518,1787813922.0,6.0,0,0,0,0.000000,0
599519,1787813928.0,6.0,0,0,0,0.000000,0
599520,1787813934.0,6.0,0,0,0,0.000000,0
599521,1787813940.0,6.0,0,0,0,0.000000,0
599522,1787813946.0,6.0,0,0,0,0.000000,0
599523,1787813952.001,6.000999927520752,0,0,0,0.000000,0
599524,1787813958.0,5.999000072479248,0,0,0,0.000000,0
599525,1787813964.001,6.000999927520752,0,0,0,0.000000,0
599526,1787813970.0,5.999000072479248,0,0,0,0.000000,0
599527,1787813976.0,6.0,0,0,0,0.000000,0
599528,1787813982.0,6.0,0,0,0,0.000000,0
599529,1787813988.0,6.0,0,0,0,0.000000,0
599530,1787813994.0,6.0,0,0,0,0.000000,0
599531,1787814000.0,6.0,0,0,0,0.000000,0
599532,1787814006.001,6.000999927520752,0,0,0,0.000000,0
599533,1787814012.0,5.999000072479248,0,0,0,0.000000,0
599534,1787814018.0,6.0,0,0,0,0.000000,0
599535,1787814024.001,6.000999927520752,0,0,0,0.000000,0
599536,1787814030.0,5.999000072479248,0,0,0,0.000000,0
599537,1787814036.001,6.000999927520752,0,0,0,0.000000,0
599538,1787814042.001,6.0,0,0,0,0.000000,0
599539,1787814048.0,5.999000072479248,0,0,0,0.000000,0
599540,1787814054.0,6.0,0,0,0,0.000000,0
599541,1787814060.0,6.0,0,0,0,0.000000,0
599542,1787814066.001,6.000999927520752,0,0,0,0.000000,0
599543,1787814072.0,5.999000072479248,0,0,0,0.000000,0
599544,1787814078.001,6.000999927520752,0,0,0,0.000000,0
599545,1787814084.0,5.999000072479248,0,0,0,0.000000,0
599546,1787814090.0,6.0,0,0,0,0.000000,0
599547,1787814096.0,6.0,0,0,0,0.000000,0
599548,1787814102.0,6.0,0,0,0,0.000000,0
599549,1787814108.0,6.0,0,0,0,0.000000,0
599550,1787814114.001,6.000999927520752,0,0,0,0.000000,0
599551,1787814120.0,5.999000072479248,0,0,0,0.000000,0
599552,1787814126.0,6.0,0,0,0,0.000000,0
599553,1787814138.0,12.0,0,0,0,0.000000,0
599554,1787814144.0,6.0,0,0,0,0.000000,0
599555,1787814156.0,12.0,0,0,0,0.000000,0
599556,1787814162.0,6.0,0,0,0,0.000000,0
599557,1787814168.0,6.0,0,0,0,0.000000,0
599558,1787814174.001,6.000999927520752,0,0,0,0.000000,0
599559,1787814180.0,5.999000072479248,0,0,0,0.000000,0
599560,1787814186.001,6.000999927520752,0,0,0,0.000000,0
599561,1787814192.0,5.999000072479248,0,0,0,0.000000,0
599562,1787814198.0,6.0,0,0,0,0.000000,0
599563,1787814204.0,6.0,0,0,0,0.000000,0
599564,1787814210.0,6.0,0,0,0,0.000000,0
599565,1787814216.001,6.000999927520752,0,0,0,0.000000,0
599566,1787814222.0,5.999000072479248,0,0,0,0.000000,0
599567,1787814228.0,6.0,0,0,0,0.000000,0
599568,1787814234.0,6.0,0,0,0,0.000000,0
599569,1787814240.0,6.0,0,0,0,0.000000,0
599570,1787814246.0,6.0,0,0,0,0.000000,0
599571,1787814252.0,6.0,0,0,0,0.000000,0
599572,1787814258.0,6.0,0,0,0,0.000000,0
599573,1787814264.0,6.0,0,0,0,0.000000,0
599574,1787814270.001,6.000999927520752,0,0,0,0.000000,0
599575,1787814276.0,5.999000072479248,0,0,0,0.000000,0
599576,1787814282.001,6.000999927520752,0,0,0,0.000000,0
599577,1787814288.0,5.999000072479248,0,0,0,0.000000,0
599578,1787814294.0,6.0,0,0,0,0.000000,0
599579,1787814300.0,6.0,0,0,0,0.000000,0
599580,1787814306.0,6.0,0,0,0,0.000000,0
599581,1787814312.0,6.0,0,0,0,0.000000,0
599582,1787814318.0,6.0,0,0,0,0.000000,0
599583,1787814324.0,6.0,0,0,0,0.000000,0
599584,1787814330.001,6.000999927520752,0,0,0,0.000000,0
599585,1787814336.0,5.999000072479248,0,0,0,0.000000,0
599586,1787814342.0,6.0,0,0,0,0.000000,0
599587,1787814348.0,6.0,0,0,0,0.000000,0
599588,1787814354.0,6.0,0,0,0,0.000000,0
599589,1787814360.0,6.0,0,0,0,0.000000,0
599590,1787814366.0,6.0,0,0,0,0.000000,0
599591,1787814372.0,6.0,0,0,0,0.000000,0
599592,1787814378.0,6.0,0,0,0,0.000000,0
599593,1787814384.0,6.0,0,0,0,0.000000,0
599594,1787814390.0,6.0,0,0,0,0.000000,0
599595,1787814396.0,6.0,0,0,0,0.000000,0
599596,1787814402.0,6.0,0,0,0,0.000000,0
599597,1787814408.0,6.0,0,0,0,0.000000,0
599598,1787814414.0,6.0,0,0,0,0.000000,0
599599,1787814420.0,6.0,0,0,0,0.000000,0
599600,1787814426.0,6.0,0,0,0,0.000000,0
599601,1787814432.0,6.0,0,0,0,0.000000,0
599602,1787814438.0,6.0,0,0,0,0.000000,0
599603,1787814444.0,6.0,0,0,0,0.000000,0
599604,1787814450.0,6.0,0,0,0,0.000000,0
599605,1787814456.0,6.0,0,0,0,0.000000,0
599606,1787814462.0,6.0,0,0,0,0.000000,0
599607,1787814468.0,6.0,0,0,0,0.000000,0
599608,1787814474.0,6.0,0,0,0,0.000000,0
599609,1787814480.001,6.000999927520752,0,0,0,0.000000,0
599610,1787814486.0,5.999000072479248,0,0,0,0.000000,0
599611,1787814492.0,6.0,0,0,0,0.000000,0
599612,1787814498.0,6.0,0,0,0,0.000000,0
599613,1787814504.001,6.000999927520752,0,0,0,0.000000,0
599614,1787814510.0,5.999000072479248,0,0,0,0.000000,0
599615,1787814516.0,6.0,0,0,0,0.000000,0
599616,1787814522.001,6.000999927520752,0,0,0,0.000000,0
599617,1787814528.001,6.0,0,0,0,0.000000,0
599618,1787814534.0,5.999000072479248,0,0,0,0.000000,0
599619,1787814540.0,6.0,0,0,0,0.000000,0
599620,1787814546.0,6.0,0,0,0,0.000000,0
599621,1787814552.0,6.0,0,0,0,0.000000,0
599622,1787814558.0,6.0,0,0,0,0.000000,0
599623,1787814564.0,6.0,0,0,0,0.000000,0
599624,1787814570.0,6.0,0,0,0,0.000000,0
599625,1787814576.0,6.0,0,0,0,0.000000,0
599626,1787814582.001,6.000999927520752,0,0,0,0.000000,0
599627,1787814588.0,5.999000072479248,0,0,0,0.000000,0
599628,1787814594.0,6.0,0,0,0,0.000000,0
599629,1787814600.001,6.000999927520752,0,0,0,0.000000,0
599630,1787814606.0,5.999000072479248,0,0,0,0.000000,0
599631,1787814612.0,6.0,0,0,0,0.000000,0
599632,1787814618.0,6.0,0,0,0,0.000000,0
599633,1787814624.0,6.0,0,0,0,0.000000,0
599634,1787814630.0,6.0,0,0,0,0.000000,0
599635,1787814636.0,6.0,0,0,0,0.000000,0
599636,1787814642.0,6.0,0,0,0,0.000000,0
599637,1787814648.0,6.0,0,0,0,0.000000,0
599638,1787814654.001,6.000999927520752,0,0,0,0.000000,0
599639,1787814660.0,5.999000072479248,0,0,0,0.000000,0
599640,1787814666.0,6.0,0,0,0,0.000000,0
599641,1787814672.001,6.000999927520752,0,0,0,0.000000,0
599642,1787814678.001,6.0,0,0,0,0.000000,0
599643,1787814684.0,5.999000072479248,0,0,0,0.000000,0
599644,1787814690.001,6.000999927520752,0,0,0,0.000000,0
599645,1787814696.0,5.999000072479248,0,0,0,0.000000,0
599646,1787814702.0,6.0,0,0,0,0.000000,0
599647,1787814708.0,6.0,0,0,0,0.000000,0
599648,1787814714.0,6.0,0,0,0,0.000000,0
599649,1787814720.0,6.0,0,0,0,0.000000,0
599650,1787814726.0,6.0,0,0,0,0.000000,0
599651,1787814732.0,6.0,0,0,0,0.000000,0
599652,1787814738.0,6.0,0,0,0,0.000000,0
599653,1787814744.0,6.0,0,0,0,0.000000,0
599654,1787814750.0,6.0,0,0,0,0.000000,0
599655,1787814756.0,6.0,0,0,0,0.000000,0
599656,1787814762.0,6.0,0,0,0,0.000000,0
599657,1787814768.001,6.000999927520752,0,0,0,0.000000,0
599658,1787814774.0,5.999000072479248,0,0,0,0.000000,0
599659,1787814780.0,6.0,0,0,0,0.000000,0
599660,1787814786.0,6.0,0,0,0,0.000000,0
599661,1787814792.0,6.0,0,0,0,0.000000,0
599662,1787814798.0,6.0,0,0,0,0.000000,0
599663,1787814804.001,6.000999927520752,0,0,0,0.000000,0
599664,1787814810.0,5.999000072479248,0,0,0,0.000000,0
599665,1787814816.001,6.000999927520752,0,0,0,0.000000,0
599666,1787814822.0,5.999000072479248,0,0,0,0.000000,0
599667,1787814828.0,6.0,0,0,0,0.000000,0
599668,1787814834.0,6.0,0,0,0,0.000000,0
599669,1787814840.0,6.0,0,0,0,0.000000,0
599670,1787814846.0,6.0,0,0,0,0.000000,0
599671,1787814852.0,6.0,0,0,0,0.000000,0
599672,1787814858.0,6.0,0,0,0,0.000000,0
599673,1787814864.0,6.0,0,0,0,0.000000,0
599674,1787814870.0,6.0,0,0,0,0.000000,0
599675,1787814876.0,6.0,0,0,0,0.000000,0
599676,1787814882.0,6.0,0,0,0,0.000000,0
599677,1787814888.0,6.0,0,0,0,0.000000,0
599678,1787814894.0,6.0,0,0,0,0.000000,0
599679,1787814900.0,6.0,0,0,0,0.000000,0
599680,1787814906.0,6.0,0,0,0,0.000000,0
599681,1787814912.0,6.0,0,0,0,0.000000,0
599682,1787814918.0,6.0,0,0,0,0.000000,0
599683,1787814924.0,6.0,0,0,0,0.000000,0
599684,1787814930.001,6.000999927520752,0,0,0,0.000000,0
599685,1787814936.0,5.999000072479248,0,0,0,0.000000,0
599686,1787814942.0,6.0,0,0,0,0.000000,0
599687,1787814948.0,6.0,0,0,0,0.000000,0
599688,1787814954.0,6.0,0,0,0,0.000000,0
599689,1787814960.0,6.0,0,0,0,0.000000,0
599690,1787814966.001,6.000999927520752,0,0,0,0.000000,0
599691,1787814972.001,6.0,0,0,0,0.000000,0
599692,1787814978.0,5.999000072479248,0,0,0,0.000000,0
599693,1787814984.0,6.0,0,0,0,0.000000,0
599694,1787814990.0,6.0,0,0,0,0.000000,0
599695,1787814996.0,6.0,0,0,0,0.000000,0
599696,1787815002.001,6.000999927520752,0,0,0,0.000000,0
599697,1787815008.0,5.999000072479248,0,0,0,0.000000,0
599698,1787815014.0,6.0,0,0,0,0.000000,0
599699,1787815020.0,6.0,0,0,0,0.000000,0
599700,1787815026.001,6.000999927520752,0,0,0,0.000000,0
599701,1787815032.0,5.999000072479248,0,0,0,0.000000,0
599702,1787815038.0,6.0,0,0,0,0.000000,0
599703,1787815044.001,6.000999927520752,0,0,0,0.000000,0
599704,1787815050.0,5.999000072479248,0,0,0,0.000000,0
599705,1787815056.0,6.0,0,0,0,0.000000,0
599706,1787815062.0,6.0,0,0,0,0.000000,0
599707,1787815068.0,6.0,0,0,0,0.000000,0
599708,1787815074.001,6.000999927520752,0,0,0,0.000000,0
599709,1787815080.001,6.0,0,0,0,0.000000,0
599710,1787815086.0,5.999000072479248,0,0,0,0.000000,0
599711,1787815092.0,6.0,1,1,9452,0.047260,1
599712,1787815098.0,6.0,0,0,0,0.000000,0
599713,1787815104.0,6.0,0,0,0,0.000000,0
599714,1787815110.0,6.0,0,0,0,0.000000,0
599715,1787815116.001,6.000999927520752,0,0,0,0.000000,0
599716,1787815122.0,5.999000072479248,0,0,0,0.000000,0
599717,1787815128.001,6.000999927520752,0,0,0,0.000000,0
599718,1787815134.0,5.999000072479248,0,0,0,0.000000,0
599719,1787815140.0,6.0,0,0,0,0.000000,0
599720,1787815146.0,6.0,0,0,0,0.000000,0
599721,1787815152.0,6.0,0,0,0,0.000000,0
599722,1787815158.001,6.000999927520752,0,0,0,0.000000,0
599723,1787815164.001,6.0,0,0,0,0.000000,0
599724,1787815170.0,5.999000072479248,0,0,0,0.000000,0
599725,1787815176.001,6.000999927520752,0,0,0,0.000000,0
599726,1787815182.0,5.999000072479248,0,0,0,0.000000,0
599727,1787815188.0,6.0,0,0,0,0.000000,0
599728,1787815194.0,6.0,0,0,0,0.000000,0
599729,1787815200.001,6.000999927520752,0,0,0,0.000000,0
599730,1787815206.0,5.999000072479248,0,0,0,0.000000,0
599731,1787815212.001,6.000999927520752,0,0,0,0.000000,0
599732,1787815218.0,5.999000072479248,0,0,0,0.000000,0
599733,1787815224.0,6.0,0,0,0,0.000000,0
599734,1787815230.0,6.0,0,0,0,0.000000,0
599735,1787815236.0,6.0,0,0,0,0.000000,0
599736,1787815242.0,6.0,0,0,0,0.000000,0
599737,1787815248.0,6.0,1,1,9452,0.047260,1
599738,1787815254.0,6.0,0,0,0,0.000000,0
599739,1787815260.0,6.0,0,0,0,0.000000,0
599740,1787815266.0,6.0,0,0,0,0.000000,0
599741,1787815272.001,6.000999927520752,0,0,0,0.000000,0
599742,1787815278.0,5.999000072479248,0,0,0,0.000000,0
599743,1787815284.0,6.0,0,0,0,0.000000,0
599744,1787815290.0,6.0,0,0,0,0.000000,0
599745,1787815296.0,6.0,0,0,0,0.000000,0
599746,1787815302.0,6.0,0,0,0,0.000000,0
599747,1787815308.0,6.0,0,0,0,0.000000,0
599748,1787815314.0,6.0,0,0,0,0.000000,0
599749,1787815320.0,6.0,0,0,0,0.000000,0
599750,1787815326.0,6.0,0,0,0,0.000000,0
599751,1787815332.0,6.0,0,0,0,0.000000,0
599752,1787815338.0,6.0,0,0,0,0.000000,0
599753,1787815344.001,6.000999927520752,0,0,0,0.000000,0
599754,1787815350.0,5.999000072479248,0,0,0,0.000000,0
599755,1787815356.001,6.000999927520752,0,0,0,0.000000,0
599756,1787815362.0,5.999000072479248,0,0,0,0.000000,0
599757,1787815368.0,6.0,0,0,0,0.000000,0
599758,1787815374.0,6.0,0,0,0,0.000000,0
599759,1787815380.0,6.0,0,0,0,0.000000,0
599760,1787815386.0,6.0,0,0,0,0.000000,0
599761,1787815392.0,6.0,0,0,0,0.000000,0
599762,1787815398.0,6.0,0,0,0,0.000000,0
599763,1787815404.0,6.0,0,0,0,0.000000,0
599764,1787815410.0,6.0,0,0,0,0.000000,0
599765,1787815416.001,6.000999927520752,0,0,0,0.000000,0
599766,1787815422.0,5.999000072479248,0,0,0,0.000000,0
599767,1787815428.0,6.0,0,0,0,0.000000,0
599768,1787815434.0,6.0,0,0,0,0.000000,0
599769,1787815440.001,6.000999927520752,0,0,0,0.000000,0
599770,1787815446.0,5.999000072479248,0,0,0,0.000000,0
599771,1787815452.001,6.000999927520752,0,0,0,0.000000,0
599772,1787815458.0,5.999000072479248,0,0,0,0.000000,0
599773,1787815464.0,6.0,0,0,0,0.000000,0
599774,1787815470.001,6.000999927520752,0,0,0,0.000000,0
599775,1787815476.0,5.999000072479248,0,0,0,0.000000,0
599776,1787815482.0,6.0,0,0,0,0.000000,0
599777,1787815488.0,6.0,0,0,0,0.000000,0
599778,1787815494.0,6.0,0,0,0,0.000000,0
599779,1787815500.0,6.0,0,0,0,0.000000,0
599780,1787815506.0,6.0,0,0,0,0.000000,0
599781,1787815512.001,6.000999927520752,0,0,0,0.000000,0
599782,1787815518.0,5.999000072479248,0,0,0,0.000000,0
599783,1787815524.001,6.000999927520752,0,0,0,0.000000,0
599784,1787815530.0,5.999000072479248,0,0,0,0.000000,0
599785,1787815536.0,6.0,0,0,0,0.000000,0
599786,1787815542.0,6.0,0,0,0,0.000000,0
599787,1787815548.0,6.0,0,0,0,0.000000,0
599788,1787815554.0,6.0,0,0,0,0.000000,0
599789,1787815560.0,6.0,0,0,0,0.000000,0
599790,1787815566.0,6.0,0,0,0,0.000000,0
599791,1787815572.0,6.0,0,0,0,0.000000,0
599792,1787815578.001,6.000999927520752,0,0,0,0.000000,0
599793,1787815584.0,5.999000072479248,0,0,0,0.000000,0
599794,1787815590.0,6.0,0,0,0,0.000000,0
599795,1787815596.0,6.0,0,0,0,0.000000,0
599796,1787815602.0,6.0,0,0,0,0.000000,0
599797,1787815608.0,6.0,0,0,0,0.000000,0
599798,1787815614.0,6.0,0,0,0,0.000000,0
599799,1787815620.0,6.0,0,0,0,0.000000,0
599800,1787815626.0,6.0,0,0,0,0.000000,0
599801,1787815632.0,6.0,0,0,0,0.000000,0
599802,1787815638.001,6.000999927520752,0,0,0,0.000000,0
599803,1787815644.0,5.999000072479248,0,0,0,0.000000,0
599804,1787815650.0,6.0,0,0,0,0.000000,0
599805,1787815656.0,6.0,0,0,0,0.000000,0
599806,1787815662.0,6.0,0,0,0,0.000000,0
599807,1787815668.0,6.0,0,0,0,0.000000,0
599808,1787815674.0,6.0,0,0,0,0.000000,0
599809,1787815680.0,6.0,0,0,0,0.000000,0
599810,1787815686.0,6.0,0,0,0,0.000000,0
599811,1787815692.0,6.0,0,0,0,0.000000,0
599812,1787815698.0,6.0,0,0,0,0.000000,0
599813,1787815704.0,6.0,0,0,0,0.000000,0
599814,1787815710.0,6.0,0,0,0,0.000000,0
599815,1787815716.001,6.000999927520752,0,0,0,0.000000,0
599816,1787815722.0,5.999000072479248,0,0,0,0.000000,0
599817,1787815728.0,6.0,0,0,0,0.000000,0
599818,1787815734.001,6.000999927520752,0,0,0,0.000000,0
599819,1787815740.0,5.999000072479248,0,0,0,0.000000,0
599820,1787815746.001,6.000999927520752,0,0,0,0.000000,0
599821,1787815752.0,5.999000072479248,0,0,0,0.000000,0
599822,1787815758.0,6.0,0,0,0,0.000000,0
599823,1787815764.001,6.000999927520752,0,0,0,0.000000,0
599824,1787815770.0,5.999000072479248,0,0,0,0.000000,0
599825,1787815776.0,6.0,0,0,0,0.000000,0
599826,1787815782.0,6.0,0,0,0,0.000000,0
599827,1787815788.0,6.0,0,0,0,0.000000,0
599828,1787815794.001,6.000999927520752,0,0,0,0.000000,0
599829,1787815800.0,5.999000072479248,0,0,0,0.000000,0
599830,1787815806.0,6.0,0,0,0,0.000000,0
599831,1787815812.0,6.0,0,0,0,0.000000,0
599832,1787815818.001,6.000999927520752,0,0,0,0.000000,0
599833,1787815824.0,5.999000072479248,0,0,0,0.000000,0
599834,1787815830.001,6.000999927520752,0,0,0,0.000000,0
599835,1787815836.001,6.0,0,0,0,0.000000,0
599836,1787815842.0,5.999000072479248,0,0,0,0.000000,0
599837,1787815848.0,6.0,0,0,0,0.000000,0
599838,1787815854.001,6.000999927520752,0,0,0,0.000000,0
599839,1787815860.0,5.999000072479248,0,0,0,0.000000,0
599840,1787815866.001,6.000999927520752,0,0,0,0.000000,0
599841,1787815872.0,5.999000072479248,0,0,0,0.000000,0
599842,1787815878.0,6.0,0,0,0,0.000000,0
599843,1787815884.0,6.0,0,0,0,0.000000,0
599844,1787815890.0,6.0,0,0,0,0.000000,0
599845,1787815896.0,6.0,0,0,0,0.000000,0
599846,1787815902.001,6.000999927520752,0,0,0,0.000000,0
599847,1787815908.0,5.999000072479248,0,0,0,0.000000,0
599848,1787815914.0,6.0,0,0,0,0.000000,0
599849,1787815920.0,6.0,0,0,0,0.000000,0
599850,1787815926.0,6.0,0,0,0,0.000000,0
599851,1787815932.0,6.0,0,0,0,0.000000,0
599852,1787815938.001,6.000999927520752,0,0,0,0.000000,0
599853,1787815944.001,6.0,0,0,0,0.000000,0
599854,1787815950.001,6.0,0,0,0,0.000000,0
599855,1787815956.001,6.0,0,0,0,0.000000,0
599856,1787815962.0,5.999000072479248,0,0,0,0.000000,0
599857,1787815968.0,6.0,0,0,0,0.000000,0
599858,1787815974.001,6.000999927520752,0,0,0,0.000000,0
599859,1787815980.0,5.999000072479248,0,0,0,0.000000,0
599860,1787815986.0,6.0,0,0,0,0.000000,0
599861,1787815992.0,6.0,0,0,0,0.000000,0
599862,1787815998.0,6.0,0,0,0,0.000000,0
599863,1787816004.0,6.0,0,0,0,0.000000,0
599864,1787816010.0,6.0,0,0,0,0.000000,0
599865,1787816016.001,6.000999927520752,0,0,0,0.000000,0
599866,1787816022.0,5.999000072479248,0,0,0,0.000000,0
599867,1787816028.001,6.000999927520752,0,0,0,0.000000,0
599868,1787816034.0,5.999000072479248,0,0,0,0.000000,0
599869,1787816040.0,6.0,0,0,0,0.000000,0
599870,1787816046.001,6.000999927520752,0,0,0,0.000000,0
599871,1787816052.0,5.999000072479248,0,0,0,0.000000,0
599872,1787816058.0,6.0,0,0,0,0.000000,0
599873,1787816064.0,6.0,0,0,0,0.000000,0
599874,1787816070.0,6.0,0,0,0,0.000000,0
599875,1787816076.001,6.000999927520752,0,0,0,0.000000,0
599876,1787816082.001,6.0,0,0,0,0.000000,0
599877,1787816088.0,5.999000072479248,0,0,0,0.000000,0
599878,1787816094.0,6.0,0,0,0,0.000000,0
599879,1787816100.0,6.0,0,0,0,0.000000,0
599880,1787816106.0,6.0,0,0,0,0.000000,0
599881,1787816112.0,6.0,0,0,0,0.000000,0
599882,1787816118.0,6.0,0,0,0,0.000000,0
599883,1787816124.0,6.0,0,0,0,0.000000,0
599884,1787816130.0,6.0,0,0,0,0.000000,0
599885,1787816136.0,6.0,0,0,0,0.000000,0
599886,1787816142.0,6.0,0,0,0,0.000000,0
599887,1787816148.0,6.0,0,0,0,0.000000,0
599888,1787816154.0,6.0,0,0,0,0.000000,0
599889,1787816160.0,6.0,0,0,0,0.000000,0
599890,1787816166.0,6.0,0,0,0,0.000000,0
599891,1787816172.0,6.0,0,0,0,0.000000,0
599892,1787816178.001,6.000999927520752,0,0,0,0.000000,0
599893,1787816184.001,6.0,0,0,0,0.000000,0
599894,1787816190.0,5.999000072479248,0,0,0,0.000000,0
599895,1787816196.0,6.0,0,0,0,0.000000,0
599896,1787816202.0,6.0,0,0,0,0.000000,0
599897,1787816208.0,6.0,0,0,0,0.000000,0
599898,1787816214.001,6.000999927520752,0,0,0,0.000000,0
599899,1787816220.0,5.999000072479248,0,0,0,0.000000,0
599900,1787816226.0,6.0,0,0,0,0.000000,0
599901,1787816232.0,6.0,0,0,0,0.000000,0
599902,1787816238.0,6.0,0,0,0,0.000000,0
599903,1787816244.0,6.0,0,0,0,0.000000,0
599904,1787816250.0,6.0,0,0,0,0.000000,0
599905,1787816256.0,6.0,0,0,0,0.000000,0
599906,1787816262.0,6.0,0,0,0,0.000000,0
599907,1787816268.0,6.0,0,0,0,0.000000,0
599908,1787816274.0,6.0,0,0,0,0.000000,0
599909,1787816280.0,6.0,0,0,0,0.000000,0
599910,1787816286.0,6.0,0,0,0,0.000000,0
599911,1787816292.0,6.0,0,0,0,0.000000,0
599912,1787816298.0,6.0,0,0,0,0.000000,0
599913,1787816304.001,6.000999927520752,0,0,0,0.000000,0
599914,1787816310.0,5.999000072479248,0,0,0,0.000000,0
599915,1787816316.0,6.0,0,0,0,0.000000,0
599916,1787816322.0,6.0,0,0,0,0.000000,0
599917,1787816328.0,6.0,0,0,0,0.000000,0
599918,1787816334.0,6.0,0,0,0,0.000000,0
599919,1787816340.0,6.0,0,0,0,0.000000,0
599920,1787816346.0,6.0,0,0,0,0.000000,0
599921,1787816352.0,6.0,0,0,0,0.000000,0
599922,1787816358.001,6.000999927520752,0,0,0,0.000000,0
599923,1787816364.001,6.0,0,0,0,0.000000,0
599924,1787816370.0,5.999000072479248,0,0,0,0.000000,0
599925,1787816376.0,6.0,0,0,0,0.000000,0
599926,1787816382.001,6.000999927520752,0,0,0,0.000000,0
599927,1787816388.0,5.999000072479248,0,0,0,0.000000,0
599928,1787816394.0,6.0,0,0,0,0.000000,0
599929,1787816400.001,6.000999927520752,0,0,0,0.000000,0
599930,1787816406.0,5.999000072479248,0,0,0,0.000000,0
599931,1787816412.0,6.0,0,0,0,0.000000,0
599932,1787816418.001,6.000999927520752,0,0,0,0.000000,0
599933,1787816424.0,5.999000072479248,0,0,0,0.000000,0
599934,1787816430.0,6.0,0,0,0,0.000000,0
599935,1787816436.0,6.0,0,0,0,0.000000,0
599936,1787816442.0,6.0,0,0,0,0.000000,0
599937,1787816448.0,6.0,0,0,0,0.000000,0
599938,1787816454.001,6.000999927520752,0,0,0,0.000000,0
599939,1787816460.0,5.999000072479248,0,0,0,0.000000,0
599940,1787816466.0,6.0,0,0,0,0.000000,0
599941,1787816472.0,6.0,0,0,0,0.000000,0
599942,1787816478.0,6.0,0,0,0,0.000000,0
599943,1787816484.0,6.0,0,0,0,0.000000,0
599944,1787816490.0,6.0,0,0,0,0.000000,0
599945,1787816496.0,6.0,0,0,0,0.000000,0
599946,1787816502.0,6.0,0,0,0,0.000000,0
599947,1787816508.0,6.0,0,0,0,0.000000,0
599948,1787816514.0,6.0,0,0,0,0.000000,0
599949,1787816520.0,6.0,0,0,0,0.000000,0
599950,1787816526.0,6.0,0,0,0,0.000000,0
599951,1787816532.001,6.000999927520752,0,0,0,0.000000,0
599952,1787816538.001,6.0,0,0,0,0.000000,0
599953,1787816544.0,5.999000072479248,0,0,0,0.000000,0
599954,1787816550.0,6.0,0,0,0,0.000000,0
599955,1787816556.0,6.0,0,0,0,0.000000,0
599956,1787816562.0,6.0,0,0,0,0.000000,0
599957,1787816568.0,6.0,0,0,0,0.000000,0
599958,1787816574.0,6.0,0,0,0,0.000000,0
599959,1787816580.001,6.000999927520752,0,0,0,0.000000,0
599960,1787816586.0,5.999000072479248,0,0,0,0.000000,0
599961,1787816592.001,6.000999927520752,0,0,0,0.000000,0
599962,1787816598.0,5.999000072479248,0,0,0,0.000000,0
599963,1787816604.0,6.0,0,0,0,0.000000,0
599964,1787816610.0,6.0,0,0,0,0.000000,0
599965,1787816616.001,6.000999927520752,0,0,0,0.000000,0
599966,1787816622.0,5.999000072479248,0,0,0,0.000000,0
599967,1787816628.001,6.000999927520752,0,0,0,0.000000,0
599968,1787816634.0,5.999000072479248,0,0,0,0.000000,0
599969,1787816640.0,6.0,0,0,0,0.000000,0
599970,1787816646.0,6.0,0,0,0,0.000000,0
599971,1787816652.0,6.0,0,0,0,0.000000,0
599972,1787816658.0,6.0,0,0,0,0.000000,0
599973,1787816664.0,6.0,0,0,0,0.000000,0
599974,1787816670.0,6.0,0,0,0,0.000000,0
599975,1787816676.0,6.0,0,0,0,0.000000,0
599976,1787816682.0,6.0,0,0,0,0.000000,0
599977,1787816688.0,6.0,0,0,0,0.000000,0
599978,1787816694.0,6.0,0,0,0,0.000000,0
599979,1787816700.001,6.000999927520752,0,0,0,0.000000,0
599980,1787816706.0,5.999000072479248,0,0,0,0.000000,0
599981,1787816712.0,6.0,0,0,0,0.000000,0
599982,1787816718.001,6.000999927520752,0,0,0,0.000000,0
599983,1787816724.0,5.999000072479248,0,0,0,0.000000,0
599984,1787816730.0,6.0,0,0,0,0.000000,0
599985,1787816736.001,6.000999927520752,0,0,0,0.000000,0
599986,1787816742.0,5.999000072479248,0,0,0,0.000000,0
599987,1787816748.0,6.0,0,0,0,0.000000,0
599988,1787816754.001,6.000999927520752,0,0,0,0.000000,0
599989,1787816760.0,5.999000072479248,0,0,0,0.000000,0
599990,1787816766.0,6.0,0,0,0,0.000000,0
599991,1787816772.0,6.0,0,0,0,0.000000,0
599992,1787816778.0,6.0,0,0,0,0.000000,0
599993,1787816784.0,6.0,0,0,0,0.000000,0
599994,1787816790.0,6.0,0,0,0,0.000000,0
599995,1787816796.0,6.0,0,0,0,0.000000,0
599996,1787816802.001,6.000999927520752,0,0,0,0.000000,0
599997,1787816808.0,5.999000072479248,0,0,0,0.000000,0
599998,1787816814.0,6.0,0,0,0,0.000000,0
599999,1787816820.0,6.0,0,0,0,0.000000,0
600000,1787816826.0,6.0,0,0,0,0.000000,0
600001,1787816832.0,6.0,0,0,0,0.000000,0
600002,1787816838.0,6.0,0,0,0,0.000000,0
600003,1787816844.0,6.0,0,0,0,0.000000,0
600004,1787816850.0,6.0,0,0,0,0.000000,0
600005,1787816856.0,6.0,0,0,0,0.000000,0
600006,1787816862.0,6.0,0,0,0,0.000000,0
600007,1787816868.001,6.000999927520752,0,0,0,0.000000,0
600008,1787816874.0,5.999000072479248,0,0,0,0.000000,0
600009,1787816880.0,6.0,0,0,0,0.000000,0
600010,1787816886.0,6.0,0,0,0,0.000000,0
600011,1787816892.0,6.0,0,0,0,0.000000,0
600012,1787816898.0,6.0,0,0,0,0.000000,0
600013,1787816904.0,6.0,0,0,0,0.000000,0
600014,1787816910.001,6.000999927520752,0,0,0,0.000000,0
600015,1787816916.001,6.0,0,0,0,0.000000,0
600016,1787816922.0,5.999000072479248,0,0,0,0.000000,0
600017,1787816928.0,6.0,0,0,0,0.000000,0
600018,1787816934.0,6.0,0,0,0,0.000000,0
600019,1787816940.001,6.000999927520752,0,0,0,0.000000,0
600020,1787816946.0,5.999000072479248,0,0,0,0.000000,0
600021,1787816952.0,6.0,0,0,0,0.000000,0
600022,1787816958.0,6.0,0,0,0,0.000000,0
600023,1787816964.001,6.000999927520752,0,0,0,0.000000,0
600024,1787816970.001,6.0,0,0,0,0.000000,0
600025,1787816976.001,6.0,0,0,0,0.000000,0
600026,1787816982.0,5.999000072479248,0,0,0,0.000000,0
600027,1787816988.0,6.0,0,0,0,0.000000,0
600028,1787816994.0,6.0,0,0,0,0.000000,0
600029,1787817000.001,6.000999927520752,0,0,0,0.000000,0
600030,1787817006.0,5.999000072479248,0,0,0,0.000000,0
600031,1787817012.001,6.000999927520752,0,0,0,0.000000,0
600032,1787817018.0,5.999000072479248,0,0,0,0.000000,0
600033,1787817024.0,6.0,0,0,0,0.000000,0
600034,1787817030.0,6.0,0,0,0,0.000000,0
600035,1787817036.001,6.000999927520752,0,0,0,0.000000,0
600036,1787817042.0,5.999000072479248,0,0,0,0.000000,0
600037,1787817048.0,6.0,0,0,0,0.000000,0
600038,1787817054.001,6.000999927520752,0,0,0,0.000000,0
600039,1787817060.0,5.999000072479248,0,0,0,0.000000,0
600040,1787817066.0,6.0,0,0,0,0.000000,0
600041,1787817072.0,6.0,0,0,0,0.000000,0
600042,1787817078.0,6.0,0,0,0,0.000000,0
600043,1787817084.0,6.0,0,0,0,0.000000,0
600044,1787817090.0,6.0,0,0,0,0.000000,0
600045,1787817096.0,6.0,0,0,0,0.000000,0
600046,1787817102.0,6.0,0,0,0,0.000000,0
600047,1787817108.0,6.0,0,0,0,0.000000,0
600048,1787817114.0,6.0,0,0,0,0.000000,0
600049,1787817120.001,6.000999927520752,0,0,0,0.000000,0
600050,1787817126.0,5.999000072479248,0,0,0,0.000000,0
600051,1787817132.001,6.000999927520752,0,0,0,0.000000,0
600052,1787817138.0,5.999000072479248,0,0,0,0.000000,0
600053,1787817144.0,6.0,0,0,0,0.000000,0
600054,1787817150.0,6.0,0,0,0,0.000000,0
600055,1787817156.001,6.000999927520752,0,0,0,0.000000,0
600056,1787817162.0,5.999000072479248,0,0,0,0.000000,0
600057,1787817168.0,6.0,0,0,0,0.000000,0
600058,1787817174.0,6.0,0,0,0,0.000000,0
600059,1787817180.0,6.0,0,0,0,0.000000,0
600060,1787817186.0,6.0,0,0,0,0.000000,0
600061,1787817192.001,6.000999927520752,0,0,0,0.000000,0
600062,1787817198.0,5.999000072479248,0,0,0,0.000000,0
600063,1787817204.0,6.0,0,0,0,0.000000,0
600064,1787817210.0,6.0,0,0,0,0.000000,0
600065,1787817216.0,6.0,0,0,0,0.000000,0
600066,1787817222.0,6.0,0,0,0,0.000000,0
600067,1787817228.001,6.000999927520752,0,0,0,0.000000,0
600068,1787817234.0,5.999000072479248,0,0,0,0.000000,0
600069,1787817240.0,6.0,0,0,0,0.000000,0
600070,1787817246.0,6.0,0,0,0,0.000000,0
600071,1787817252.0,6.0,0,0,0,0.000000,0
600072,1787817258.0,6.0,0,0,0,0.000000,0
600073,1787817264.001,6.000999927520752,0,0,0,0.000000,0
600074,1787817270.0,5.999000072479248,0,0,0,0.000000,0
600075,1787817276.0,6.0,0,0,0,0.000000,0
600076,1787817282.001,6.000999927520752,0,0,0,0.000000,0
600077,1787817288.0,5.999000072479248,0,0,0,0.000000,0
600078,1787817294.0,6.0,0,0,0,0.000000,0
600079,1787817300.0,6.0,0,0,0,0.000000,0
600080,1787817306.0,6.0,0,0,0,0.000000,0
600081,1787817312.0,6.0,0,0,0,0.000000,0
600082,1787817318.001,6.000999927520752,0,0,0,0.000000,0
600083,1787817324.001,6.0,0,0,0,0.000000,0
600084,1787817330.0,5.999000072479248,0,0,0,0.000000,0
600085,1787817336.0,6.0,0,0,0,0.000000,0
600086,1787817342.001,6.000999927520752,0,0,0,0.000000,0
600087,1787817348.0,5.999000072479248,0,0,0,0.000000,0
600088,1787817354.001,6.000999927520752,0,0,0,0.000000,0
600089,1787817360.0,5.999000072479248,0,0,0,0.000000,0
600090,1787817366.0,6.0,0,0,0,0.000000,0
600091,1787817372.0,6.0,0,0,0,0.000000,0
600092,1787817378.0,6.0,0,0,0,0.000000,0
600093,1787817384.0,6.0,0,0,0,0.000000,0
600094,1787817390.001,6.000999927520752,0,0,0,0.000000,0
600095,1787817396.0,5.999000072479248,0,0,0,0.000000,0
600096,1787817402.0,6.0,0,0,0,0.000000,0
600097,1787817408.0,6.0,0,0,0,0.000000,0
600098,1787817414.0,6.0,0,0,0,0.000000,0
600099,1787817420.0,6.0,0,0,0,0.000000,0
600100,1787817426.001,6.000999927520752,0,0,0,0.000000,0
600101,1787817432.0,5.999000072479248,0,0,0,0.000000,0
600102,1787817438.0,6.0,0,0,0,0.000000,0
600103,1787817444.0,6.0,0,0,0,0.000000,0
600104,1787817450.0,6.0,0,0,0,0.000000,0
600105,1787817456.0,6.0,0,0,0,0.000000,0
600106,1787817462.0,6.0,0,0,0,0.000000,0
600107,1787817468.0,6.0,0,0,0,0.000000,0
600108,1787817474.0,6.0,0,0,0,0.000000,0
600109,1787817480.0,6.0,0,0,0,0.000000,0
600110,1787817486.0,6.0,0,0,0,0.000000,0
600111,1787817492.001,6.000999927520752,0,0,0,0.000000,0
600112,1787817498.0,5.999000072479248,0,0,0,0.000000,0
600113,1787817504.0,6.0,0,0,0,0.000000,0
600114,1787817510.0,6.0,0,0,0,0.000000,0
600115,1787817516.0,6.0,0,0,0,0.000000,0
600116,1787817522.0,6.0,0,0,0,0.000000,0
600117,1787817528.001,6.000999927520752,0,0,0,0.000000,0
600118,1787817534.0,5.999000072479248,0,0,0,0.000000,0
600119,1787817540.0,6.0,0,0,0,0.000000,0
600120,1787817546.0,6.0,0,0,0,0.000000,0
600121,1787817552.0,6.0,1,1,12400,0.062000,1
600122,1787817558.0,6.0,0,0,0,0.000000,0
600123,1787817564.0,6.0,0,0,0,0.000000,0
600124,1787817570.0,6.0,0,0,0,0.000000,0
600125,1787817576.0,6.0,0,0,0,0.000000,0
600126,1787817582.001,6.000999927520752,0,0,0,0.000000,0
600127,1787817588.0,5.999000072479248,0,0,0,0.000000,0
600128,1787817594.0,6.0,0,0,0,0.000000,0
600129,1787817600.0,6.0,0,0,0,0.000000,0
600130,1787817606.0,6.0,0,0,0,0.000000,0
600131,1787817612.0,6.0,0,0,0,0.000000,0
600132,1787817618.0,6.0,0,0,0,0.000000,0
600133,1787817624.0,6.0,0,0,0,0.000000,0
600134,1787817630.0,6.0,0,0,0,0.000000,0
600135,1787817636.0,6.0,0,0,0,0.000000,0
600136,1787817642.0,6.0,0,0,0,0.000000,0
600137,1787817648.001,6.000999927520752,0,0,0,0.000000,0
600138,1787817654.001,6.0,0,0,0,0.000000,0
600139,1787817660.0,5.999000072479248,0,0,0,0.000000,0
600140,1787817666.0,6.0,0,0,0,0.000000,0
600141,1787817672.0,6.0,0,0,0,0.000000,0
600142,1787817678.0,6.0,0,0,0,0.000000,0
600143,1787817684.0,6.0,0,0,0,0.000000,0
600144,1787817690.0,6.0,0,0,0,0.000000,0
600145,1787817696.0,6.0,0,0,0,0.000000,0
600146,1787817702.0,6.0,0,0,0,0.000000,0
600147,1787817708.0,6.0,0,0,0,0.000000,0
600148,1787817714.0,6.0,0,0,0,0.000000,0
600149,1787817720.0,6.0,0,0,0,0.000000,0
600150,1787817726.0,6.0,0,0,0,0.000000,0
600151,1787817732.0,6.0,0,0,0,0.000000,0
600152,1787817738.0,6.0,0,0,0,0.000000,0
600153,1787817744.0,6.0,0,0,0,0.000000,0
600154,1787817750.0,6.0,0,0,0,0.000000,0
600155,1787817756.0,6.0,0,0,0,0.000000,0
600156,1787817762.0,6.0,0,0,0,0.000000,0
600157,1787817768.0,6.0,0,0,0,0.000000,0
600158,1787817774.0,6.0,0,0,0,0.000000,0
600159,1787817780.0,6.0,0,0,0,0.000000,0
600160,1787817786.0,6.0,0,0,0,0.000000,0
600161,1787817792.0,6.0,0,0,0,0.000000,0
600162,1787817798.0,6.0,0,0,0,0.000000,0
600163,1787817804.0,6.0,0,0,0,0.000000,0
600164,1787817810.0,6.0,0,0,0,0.000000,0
600165,1787817816.0,6.0,0,0,0,0.000000,0
600166,1787817822.001,6.000999927520752,0,0,0,0.000000,0
600167,1787817828.0,5.999000072479248,0,0,0,0.000000,0
600168,1787817834.0,6.0,0,0,0,0.000000,0
600169,1787817840.0,6.0,0,0,0,0.000000,0
600170,1787817846.0,6.0,0,0,0,0.000000,0
600171,1787817852.0,6.0,0,0,0,0.000000,0
600172,1787817858.001,6.000999927520752,0,0,0,0.000000,0
600173,1787817864.0,5.999000072479248,0,0,0,0.000000,0
600174,1787817870.0,6.0,0,0,0,0.000000,0
600175,1787817876.0,6.0,0,0,0,0.000000,0
600176,1787817882.0,6.0,0,0,0,0.000000,0
600177,1787817888.0,6.0,0,0,0,0.000000,0
600178,1787817894.0,6.0,0,0,0,0.000000,0
600179,1787817900.0,6.0,0,0,0,0.000000,0
600180,1787817906.0,6.0,0,0,0,0.000000,0
600181,1787817912.0,6.0,0,0,0,0.000000,0
600182,1787817918.001,6.000999927520752,0,0,0,0.000000,0
600183,1787817924.0,5.999000072479248,0,0,0,0.000000,0
600184,1787817930.0,6.0,0,0,0,0.000000,0
600185,1787817936.0,6.0,0,0,0,0.000000,0
600186,1787817942.0,6.0,0,0,0,0.000000,0
600187,1787817948.0,6.0,0,0,0,0.000000,0
600188,1787817954.001,6.000999927520752,0,0,0,0.000000,0
600189,1787817960.001,6.0,0,0,0,0.000000,0
600190,1787817966.001,6.0,0,0,0,0.000000,0
600191,1787817972.001,6.0,0,0,0,0.000000,0
600192,1787817978.0,5.999000072479248,0,0,0,0.000000,0
600193,1787817984.0,6.0,0,0,0,0.000000,0
600194,1787817990.001,6.000999927520752,0,0,0,0.000000,0
600195,1787817996.0,5.999000072479248,0,0,0,0.000000,0
600196,1787818002.0,6.0,0,0,0,0.000000,0
600197,1787818008.0,6.0,0,0,0,0.000000,0
600198,1787818014.0,6.0,0,0,0,0.000000,0
600199,1787818020.0,6.0,0,0,0,0.000000,0
600200,1787818026.001,6.000999927520752,0,0,0,0.000000,0
600201,1787818032.0,5.999000072479248,0,0,0,0.000000,0
600202,1787818038.0,6.0,0,0,0,0.000000,0
600203,1787818044.0,6.0,0,0,0,0.000000,0
600204,1787818050.0,6.0,0,0,0,0.000000,0
600205,1787818056.0,6.0,0,0,0,0.000000,0
600206,1787818062.0,6.0,0,0,0,0.000000,0
600207,1787818068.001,6.000999927520752,0,0,0,0.000000,0
600208,1787818074.0,5.999000072479248,0,0,0,0.000000,0
600209,1787818080.0,6.0,0,0,0,0.000000,0
600210,1787818086.0,6.0,0,0,0,0.000000,0
600211,1787818092.0,6.0,1,1,10357,0.051785,1
600212,1787818098.0,6.0,0,0,0,0.000000,0
600213,1787818104.001,6.000999927520752,0,0,0,0.000000,0
600214,1787818110.001,6.0,0,0,0,0.000000,0
600215,1787818116.0,5.999000072479248,0,0,0,0.000000,0
600216,1787818122.0,6.0,0,0,0,0.000000,0
600217,1787818128.0,6.0,0,0,0,0.000000,0
600218,1787818134.001,6.000999927520752,0,0,0,0.000000,0
600219,1787818140.001,6.0,0,0,0,0.000000,0
600220,1787818146.0,5.999000072479248,0,0,0,0.000000,0
600221,1787818152.0,6.0,0,0,0,0.000000,0
600222,1787818158.0,6.0,0,0,0,0.000000,0
600223,1787818164.0,6.0,0,0,0,0.000000,0
600224,1787818170.001,6.000999927520752,0,0,0,0.000000,0
600225,1787818176.001,6.0,0,0,0,0.000000,0
600226,1787818182.001,6.0,0,0,0,0.000000,0
600227,1787818188.0,5.999000072479248,0,0,0,0.000000,0
600228,1787818194.0,6.0,0,0,0,0.000000,0
600229,1787818200.0,6.0,0,0,0,0.000000,0
600230,1787818206.001,6.000999927520752,0,0,0,0.000000,0
600231,1787818212.0,5.999000072479248,0,0,0,0.000000,0
600232,1787818218.0,6.0,0,0,0,0.000000,0
600233,1787818224.0,6.0,0,0,0,0.000000,0
600234,1787818230.0,6.0,0,0,0,0.000000,0
600235,1787818236.0,6.0,0,0,0,0.000000,0
600236,1787818242.0,6.0,0,0,0,0.000000,0
600237,1787818248.001,6.000999927520752,0,0,0,0.000000,0
600238,1787818254.0,5.999000072479248,0,0,0,0.000000,0
600239,1787818260.0,6.0,0,0,0,0.000000,0
600240,1787818266.0,6.0,0,0,0,0.000000,0
600241,1787818272.0,6.0,0,0,0,0.000000,0
600242,1787818278.0,6.0,0,0,0,0.000000,0
600243,1787818284.001,6.000999927520752,0,0,0,0.000000,0
600244,1787818290.0,5.999000072479248,0,0,0,0.000000,0
600245,1787818296.0,6.0,0,0,0,0.000000,0
600246,1787818302.0,6.0,0,0,0,0.000000,0
600247,1787818308.0,6.0,0,0,0,0.000000,0
600248,1787818314.0,6.0,0,0,0,0.000000,0
600249,1787818320.0,6.0,0,0,0,0.000000,0
600250,1787818326.0,6.0,0,0,0,0.000000,0
600251,1787818332.001,6.000999927520752,0,0,0,0.000000,0
600252,1787818338.0,5.999000072479248,0,0,0,0.000000,0
600253,1787818344.0,6.0,0,0,0,0.000000,0
600254,1787818350.0,6.0,0,0,0,0.000000,0
600255,1787818356.0,6.0,0,0,0,0.000000,0
600256,1787818362.0,6.0,0,0,0,0.000000,0
600257,1787818368.0,6.0,0,0,0,0.000000,0
600258,1787818374.0,6.0,0,0,0,0.000000,0
600259,1787818380.0,6.0,0,0,0,0.000000,0
600260,1787818386.0,6.0,0,0,0,0.000000,0
600261,1787818392.0,6.0,0,0,0,0.000000,0
600262,1787818398.0,6.0,0,0,0,0.000000,0
600263,1787818404.0,6.0,0,0,0,0.000000,0
600264,1787818410.0,6.0,0,0,0,0.000000,0
600265,1787818416.0,6.0,0,0,0,0.000000,0
600266,1787818422.001,6.000999927520752,0,0,0,0.000000,0
600267,1787818428.0,5.999000072479248,0,0,0,0.000000,0
600268,1787818434.0,6.0,0,0,0,0.000000,0
600269,1787818440.0,6.0,0,0,0,0.000000,0
600270,1787818446.0,6.0,1,1,13816,0.069080,1
600271,1787818452.0,6.0,0,0,0,0.000000,0
600272,1787818458.0,6.0,0,0,0,0.000000,0
600273,1787818464.001,6.000999927520752,0,0,0,0.000000,0
600274,1787818470.0,5.999000072479248,0,0,0,0.000000,0
600275,1787818476.001,6.000999927520752,0,0,0,0.000000,0
600276,1787818482.0,5.999000072479248,0,0,0,0.000000,0
600277,1787818488.0,6.0,0,0,0,0.000000,0
600278,1787818494.0,6.0,0,0,0,0.000000,0
600279,1787818500.001,6.000999927520752,0,0,0,0.000000,0
600280,1787818506.0,5.999000072479248,0,0,0,0.000000,0
600281,1787818512.001,6.000999927520752,0,0,0,0.000000,0
600282,1787818518.0,5.999000072479248,0,0,0,0.000000,0
600283,1787818524.001,6.000999927520752,0,0,0,0.000000,0
600284,1787818530.001,6.0,0,0,0,0.000000,0
600285,1787818536.001,6.0,0,0,0,0.000000,0
600286,1787818542.0,5.999000072479248,0,0,0,0.000000,0
600287,1787818548.0,6.0,0,0,0,0.000000,0
600288,1787818554.001,6.000999927520752,0,0,0,0.000000,0
600289,1787818560.0,5.999000072479248,0,0,0,0.000000,0
600290,1787818566.0,6.0,0,0,0,0.000000,0
600291,1787818572.0,6.0,0,0,0,0.000000,0
600292,1787818578.001,6.000999927520752,0,0,0,0.000000,0
600293,1787818584.0,5.999000072479248,0,0,0,0.000000,0
600294,1787818590.001,6.000999927520752,0,0,0,0.000000,0
600295,1787818596.001,6.0,0,0,0,0.000000,0
600296,1787818602.0,5.999000072479248,0,0,0,0.000000,0
600297,1787818608.0,6.0,0,0,0,0.000000,0
600298,1787818614.0,6.0,0,0,0,0.000000,0
600299,1787818620.0,6.0,0,0,0,0.000000,0
600300,1787818626.001,6.000999927520752,0,0,0,0.000000,0
600301,1787818632.0,5.999000072479248,0,0,0,0.000000,0
600302,1787818638.0,6.0,0,0,0,0.000000,0
600303,1787818644.0,6.0,0,0,0,0.000000,0
600304,1787818650.001,6.000999927520752,0,0,0,0.000000,0
600305,1787818656.0,5.999000072479248,0,0,0,0.000000,0
600306,1787818662.0,6.0,0,0,0,0.000000,0
600307,1787818668.0,6.0,0,0,0,0.000000,0
600308,1787818674.0,6.0,0,0,0,0.000000,0
600309,1787818680.001,6.000999927520752,0,0,0,0.000000,0
600310,1787818686.0,5.999000072479248,0,0,0,0.000000,0
600311,1787818692.0,6.0,0,0,0,0.000000,0
600312,1787818698.001,6.000999927520752,0,0,0,0.000000,0
600313,1787818704.0,5.999000072479248,0,0,0,0.000000,0
600314,1787818710.001,6.000999927520752,0,0,0,0.000000,0
600315,1787818716.001,6.0,0,0,0,0.000000,0
600316,1787818722.0,5.999000072479248,0,0,0,0.000000,0
600317,1787818728.0,6.0,0,0,0,0.000000,0
600318,1787818734.0,6.0,0,0,0,0.000000,0
600319,1787818740.0,6.0,0,0,0,0.000000,0
600320,1787818746.0,6.0,0,0,0,0.000000,0
600321,1787818752.0,6.0,0,0,0,0.000000,0
600322,1787818758.001,6.000999927520752,0,0,0,0.000000,0
600323,1787818764.0,5.999000072479248,0,0,0,0.000000,0
600324,1787818770.0,6.0,0,0,0,0.000000,0
600325,1787818776.001,6.000999927520752,0,0,0,0.000000,0
600326,1787818782.0,5.999000072479248,0,0,0,0.000000,0
600327,1787818788.0,6.0,0,0,0,0.000000,0
600328,1787818794.0,6.0,0,0,0,0.000000,0
600329,1787818800.001,6.000999927520752,0,0,0,0.000000,0
600330,1787818806.0,5.999000072479248,0,0,0,0.000000,0
600331,1787818812.001,6.000999927520752,0,0,0,0.000000,0
600332,1787818818.001,6.0,0,0,0,0.000000,0
600333,1787818824.0,5.999000072479248,0,0,0,0.000000,0
600334,1787818830.0,6.0,0,0,0,0.000000,0
600335,1787818836.001,6.000999927520752,0,0,0,0.000000,0
600336,1787818842.0,5.999000072479248,0,0,0,0.000000,0
600337,1787818848.0,6.0,0,0,0,0.000000,0
600338,1787818854.0,6.0,0,0,0,0.000000,0
600339,1787818860.001,6.000999927520752,0,0,0,0.000000,0
600340,1787818866.0,5.999000072479248,0,0,0,0.000000,0
600341,1787818872.0,6.0,0,0,0,0.000000,0
600342,1787818878.001,6.000999927520752,0,0,0,0.000000,0
600343,1787818884.0,5.999000072479248,0,0,0,0.000000,0
600344,1787818890.0,6.0,0,0,0,0.000000,0
600345,1787818896.0,6.0,0,0,0,0.000000,0
600346,1787818902.0,6.0,0,0,0,0.000000,0
600347,1787818908.0,6.0,0,0,0,0.000000,0
600348,1787818914.0,6.0,0,0,0,0.000000,0
600349,1787818920.0,6.0,0,0,0,0.000000,0
600350,1787818926.0,6.0,1,1,6342,0.031710,1
600351,1787818932.0,6.0,0,0,0,0.000000,0
600352,1787818938.0,6.0,0,0,0,0.000000,0
600353,1787818944.0,6.0,0,0,0,0.000000,0
600354,1787818950.0,6.0,0,0,0,0.000000,0
600355,1787818956.001,6.000999927520752,1,1,9050,0.045250,1
600356,1787818962.0,5.999000072479248,0,0,0,0.000000,0
600357,1787818968.0,6.0,0,0,0,0.000000,0
600358,1787818974.0,6.0,0,0,0,0.000000,0
600359,1787818980.0,6.0,0,0,0,0.000000,0
600360,1787818986.0,6.0,0,0,0,0.000000,0
600361,1787818992.001,6.000999927520752,0,0,0,0.000000,0
600362,1787818998.0,5.999000072479248,0,0,0,0.000000,0
600363,1787819004.0,6.0,0,0,0,0.000000,0
600364,1787819010.001,6.000999927520752,0,0,0,0.000000,0
600365,1787819016.0,5.999000072479248,1,1,6341,0.031705,1
600366,1787819022.0,6.0,0,0,0,0.000000,0
600367,1787819028.0,6.0,0,0,0,0.000000,0
600368,1787819034.001,6.000999927520752,0,0,0,0.000000,0
600369,1787819040.0,5.999000072479248,0,0,0,0.000000,0
600370,1787819046.0,6.0,0,0,0,0.000000,0
600371,1787819052.0,6.0,0,0,0,0.000000,0
600372,1787819058.001,6.000999927520752,0,0,0,0.000000,0
600373,1787819064.0,5.999000072479248,0,0,0,0.000000,0
600374,1787819070.0,6.0,0,0,0,0.000000,0
600375,1787819076.001,6.000999927520752,0,0,0,0.000000,0
600376,1787819082.001,6.0,1,1,9523,0.047615,1
600377,1787819088.001,6.0,0,0,0,0.000000,0
600378,1787819094.001,6.0,0,0,0,0.000000,0
600379,1787819100.0,5.999000072479248,0,0,0,0.000000,0
600380,1787819106.001,6.000999927520752,0,0,0,0.000000,0
600381,1787819112.0,5.999000072479248,0,0,0,0.000000,0
600382,1787819118.0,6.0,0,0,0,0.000000,0
600383,1787819124.001,6.000999927520752,0,0,0,0.000000,0
600384,1787819130.0,5.999000072479248,0,0,0,0.000000,0
600385,1787819136.0,6.0,1,1,10323,0.051615,1
600386,1787819142.0,6.0,0,0,0,0.000000,0
600387,1787819148.0,6.0,0,0,0,0.000000,0
600388,1787819154.0,6.0,0,0,0,0.000000,0
600389,1787819160.0,6.0,0,0,0,0.000000,0
600390,1787819166.0,6.0,0,0,0,0.000000,0
600391,1787819172.0,6.0,0,0,0,0.000000,0
600392,1787819178.0,6.0,1,1,10329,0.051645,1
600393,1787819184.0,6.0,0,0,0,0.000000,0
600394,1787819190.001,6.000999927520752,0,0,0,0.000000,0
600395,1787819196.0,5.999000072479248,0,0,0,0.000000,0
600396,1787819202.001,6.000999927520752,0,0,0,0.000000,0
600397,1787819208.0,5.999000072479248,0,0,0,0.000000,0
600398,1787819214.0,6.0,1,1,8971,0.044855,1
600399,1787819220.0,6.0,0,0,0,0.000000,0
600400,1787819226.0,6.0,0,0,0,0.000000,0
600401,1787819232.0,6.0,0,0,0,0.000000,0
600402,1787819238.001,6.000999927520752,0,0,0,0.000000,0
600403,1787819244.001,6.0,0,0,0,0.000000,0
600404,1787819250.0,5.999000072479248,0,0,0,0.000000,0
600405,1787819256.0,6.0,0,0,0,0.000000,0
600406,1787819262.0,6.0,0,0,0,0.000000,0
600407,1787819268.0,6.0,0,0,0,0.000000,0
600408,1787819274.001,6.000999927520752,0,0,0,0.000000,0
600409,1787819280.001,6.0,0,0,0,0.000000,0
600410,1787819286.0,5.999000072479248,0,0,0,0.000000,0
600411,1787819292.0,6.0,0,0,0,0.000000,0
600412,1787819298.0,6.0,0,0,0,0.000000,0
600413,1787819304.0,6.0,0,0,0,0.000000,0
600414,1787819310.001,6.000999927520752,0,0,0,0.000000,0
600415,1787819316.0,5.999000072479248,0,0,0,0.000000,0
600416,1787819322.0,6.0,0,0,0,0.000000,0
600417,1787819328.0,6.0,0,0,0,0.000000,0
600418,1787819334.0,6.0,1,1,9240,0.046200,1
600419,1787819340.0,6.0,0,0,0,0.000000,0
600420,1787819346.0,6.0,0,0,0,0.000000,0
600421,1787819352.0,6.0,0,0,0,0.000000,0
600422,1787819358.0,6.0,0,0,0,0.000000,0
600423,1787819364.0,6.0,0,0,0,0.000000,0
600424,1787819370.0,6.0,0,0,0,0.000000,0
600425,1787819376.001,6.000999927520752,0,0,0,0.000000,0
600426,1787819382.0,5.999000072479248,0,0,0,0.000000,0
600427,1787819388.001,6.000999927520752,0,0,0,0.000000,0
600428,1787819394.0,5.999000072479248,0,0,0,0.000000,0
600429,1787819400.001,6.000999927520752,0,0,0,0.000000,0
600430,1787819406.0,5.999000072479248,0,0,0,0.000000,0
600431,1787819412.0,6.0,0,0,0,0.000000,0
600432,1787819418.0,6.0,0,0,0,0.000000,0
600433,1787819424.001,6.000999927520752,0,0,0,0.000000,0
600434,1787819430.0,5.999000072479248,0,0,0,0.000000,0
600435,1787819436.001,6.000999927520752,0,0,0,0.000000,0
600436,1787819442.0,5.999000072479248,0,0,0,0.000000,0
600437,1787819448.0,6.0,0,0,0,0.000000,0
600438,1787819454.0,6.0,0,0,0,0.000000,0
600439,1787819460.0,6.0,0,0,0,0.000000,0
600440,1787819466.001,6.000999927520752,0,0,0,0.000000,0
600441,1787819472.0,5.999000072479248,0,0,0,0.000000,0
600442,1787819478.0,6.0,0,0,0,0.000000,0
600443,1787819484.0,6.0,0,0,0,0.000000,0
600444,1787819490.0,6.0,0,0,0,0.000000,0
600445,1787819496.001,6.000999927520752,0,0,0,0.000000,0
600446,1787819502.0,5.999000072479248,0,0,0,0.000000,0
600447,1787819508.0,6.0,0,0,0,0.000000,0
600448,1787819514.0,6.0,0,0,0,0.000000,0
600449,1787819520.0,6.0,0,0,0,0.000000,0
600450,1787819526.0,6.0,0,0,0,0.000000,0
600451,1787819532.0,6.0,0,0,0,0.000000,0
600452,1787819538.0,6.0,0,0,0,0.000000,0
600453,1787819544.0,6.0,0,0,0,0.000000,0
600454,1787819550.001,6.000999927520752,0,0,0,0.000000,0
600455,1787819556.001,6.0,0,0,0,0.000000,0
600456,1787819562.0,5.999000072479248,0,0,0,0.000000,0
600457,1787819568.0,6.0,0,0,0,0.000000,0
600458,1787819574.0,6.0,0,0,0,0.000000,0
600459,1787819580.0,6.0,0,0,0,0.000000,0
600460,1787819586.001,6.000999927520752,0,0,0,0.000000,0
600461,1787819592.0,5.999000072479248,0,0,0,0.000000,0
600462,1787819598.001,6.000999927520752,0,0,0,0.000000,0
600463,1787819604.0,5.999000072479248,0,0,0,0.000000,0
600464,1787819610.0,6.0,0,0,0,0.000000,0
600465,1787819616.0,6.0,0,0,0,0.000000,0
600466,1787819622.0,6.0,0,0,0,0.000000,0
600467,1787819628.001,6.000999927520752,0,0,0,0.000000,0
600468,1787819634.0,5.999000072479248,0,0,0,0.000000,0
600469,1787819640.0,6.0,0,0,0,0.000000,0
600470,1787819646.0,6.0,0,0,0,0.000000,0
600471,1787819652.0,6.0,0,0,0,0.000000,0
600472,1787819658.0,6.0,0,0,0,0.000000,0
600473,1787819664.0,6.0,0,0,0,0.000000,0
600474,1787819670.0,6.0,0,0,0,0.000000,0
600475,1787819676.0,6.0,0,0,0,0.000000,0
600476,1787819682.0,6.0,0,0,0,0.000000,0
600477,1787819688.0,6.0,0,0,0,0.000000,0
600478,1787819694.0,6.0,0,0,0,0.000000,0
600479,1787819700.0,6.0,0,0,0,0.000000,0
600480,1787819706.0,6.0,0,0,0,0.000000,0
600481,1787819712.0,6.0,0,0,0,0.000000,0
600482,1787819718.001,6.000999927520752,0,0,0,0.000000,0
600483,1787819724.0,5.999000072479248,0,0,0,0.000000,0
600484,1787819730.0,6.0,0,0,0,0.000000,0
600485,1787819736.0,6.0,0,0,0,0.000000,0
600486,1787819742.0,6.0,0,0,0,0.000000,0
600487,1787819748.001,6.000999927520752,0,0,0,0.000000,0
600488,1787819754.0,5.999000072479248,0,0,0,0.000000,0
600489,1787819760.0,6.0,0,0,0,0.000000,0
600490,1787819766.001,6.000999927520752,0,0,0,0.000000,0
600491,1787819772.0,5.999000072479248,0,0,0,0.000000,0
600492,1787819778.0,6.0,0,0,0,0.000000,0
600493,1787819784.0,6.0,0,0,0,0.000000,0
600494,1787819790.0,6.0,0,0,0,0.000000,0
600495,1787819796.0,6.0,0,0,0,0.000000,0
600496,1787819802.0,6.0,0,0,0,0.000000,0
600497,1787819808.001,6.000999927520752,0,0,0,0.000000,0
600498,1787819814.0,5.999000072479248,0,0,0,0.000000,0
600499,1787819820.0,6.0,0,0,0,0.000000,0
600500,1787819826.0,6.0,0,0,0,0.000000,0
600501,1787819832.0,6.0,0,0,0,0.000000,0
600502,1787819838.002,6.002000093460083,0,0,0,0.000000,0
600503,1787819844.0,5.997999906539917,0,0,0,0.000000,0
600504,1787819850.0,6.0,0,0,0,0.000000,0
600505,1787819856.0,6.0,0,0,0,0.000000,0
600506,1787819862.0,6.0,0,0,0,0.000000,0
600507,1787819868.0,6.0,0,0,0,0.000000,0
600508,1787819874.0,6.0,0,0,0,0.000000,0
600509,1787819880.001,6.000999927520752,0,0,0,0.000000,0
600510,1787819886.001,6.0,0,0,0,0.000000,0
600511,1787819892.0,5.999000072479248,0,0,0,0.000000,0
600512,1787819898.0,6.0,0,0,0,0.000000,0
600513,1787819904.001,6.000999927520752,0,0,0,0.000000,0
600514,1787819910.0,5.999000072479248,0,0,0,0.000000,0
600515,1787819916.0,6.0,0,0,0,0.000000,0
600516,1787819922.0,6.0,0,0,0,0.000000,0
600517,1787819928.001,6.000999927520752,0,0,0,0.000000,0
600518,1787819934.0,5.999000072479248,0,0,0,0.000000,0
600519,1787819940.0,6.0,0,0,0,0.000000,0
600520,1787819946.0,6.0,0,0,0,0.000000,0
600521,1787819952.0,6.0,0,0,0,0.000000,0
600522,1787819958.0,6.0,1,1,6342,0.031710,1
600523,1787819964.0,6.0,0,0,0,0.000000,0
600524,1787819970.001,6.000999927520752,0,0,0,0.000000,0
600525,1787819976.0,5.999000072479248,0,0,0,0.000000,0
600526,1787819982.0,6.0,1,1,9024,0.045120,1
600527,1787819988.0,6.0,0,0,0,0.000000,0
600528,1787819994.0,6.0,0,0,0,0.000000,0
600529,1787820000.0,6.0,0,0,0,0.000000,0
600530,1787820006.0,6.0,0,0,0,0.000000,0
600531,1787820012.0,6.0,0,0,0,0.000000,0
600532,1787820018.0,6.0,0,0,0,0.000000,0
600533,1787820024.0,6.0,0,0,0,0.000000,0
600534,1787820030.0,6.0,0,0,0,0.000000,0
600535,1787820036.0,6.0,0,0,0,0.000000,0
600536,1787820042.0,6.0,0,0,0,0.000000,0
600537,1787820048.0,6.0,0,0,0,0.000000,0
600538,1787820054.0,6.0,0,0,0,0.000000,0
600539,1787820060.0,6.0,0,0,0,0.000000,0
600540,1787820066.0,6.0,0,0,0,0.000000,0
600541,1787820072.0,6.0,0,0,0,0.000000,0
600542,1787820078.0,6.0,0,0,0,0.000000,0
600543,1787820084.0,6.0,0,0,0,0.000000,0
600544,1787820090.001,6.000999927520752,0,0,0,0.000000,0
600545,1787820096.0,5.999000072479248,0,0,0,0.000000,0
600546,1787820102.0,6.0,0,0,0,0.000000,0
600547,1787820108.0,6.0,0,0,0,0.000000,0
600548,1787820114.0,6.0,0,0,0,0.000000,0
600549,1787820120.0,6.0,1,1,25323,0.126615,1
600550,1787820126.001,6.000999927520752,0,0,0,0.000000,0
600551,1787820132.0,5.999000072479248,0,0,0,0.000000,0
600552,1787820138.0,6.0,0,0,0,0.000000,0
600553,1787820144.0,6.0,0,0,0,0.000000,0
600554,1787820150.001,6.000999927520752,0,0,0,0.000000,0
600555,1787820156.0,5.999000072479248,0,0,0,0.000000,0
600556,1787820162.0,6.0,1,1,6772,0.033860,1
600557,1787820168.0,6.0,0,0,0,0.000000,0
600558,1787820174.0,6.0,0,0,0,0.000000,0
600559,1787820180.0,6.0,0,0,0,0.000000,0
600560,1787820186.0,6.0,0,0,0,0.000000,0
600561,1787820192.0,6.0,0,0,0,0.000000,0
600562,1787820198.0,6.0,0,0,0,0.000000,0
600563,1787820204.0,6.0,1,1,6772,0.033860,1
600564,1787820210.001,6.000999927520752,0,0,0,0.000000,0
600565,1787820216.0,5.999000072479248,0,0,0,0.000000,0
600566,1787820222.0,6.0,0,0,0,0.000000,0
600567,1787820228.0,6.0,0,0,0,0.000000,0
600568,1787820234.0,6.0,0,0,0,0.000000,0
600569,1787820240.001,6.000999927520752,0,0,0,0.000000,0
600570,1787820246.0,5.999000072479248,1,1,6772,0.033860,1
600571,1787820252.0,6.0,0,0,0,0.000000,0
600572,1787820258.001,6.000999927520752,0,0,0,0.000000,0
600573,1787820264.0,5.999000072479248,0,0,0,0.000000,0
600574,1787820270.0,6.0,0,0,0,0.000000,0
600575,1787820276.0,6.0,0,0,0,0.000000,0
600576,1787820282.0,6.0,0,0,0,0.000000,0
600577,1787820288.001,6.000999927520752,1,1,6771,0.033855,0
600578,1787820294.0,5.999000072479248,0,0,0,0.000000,0
600579,1787820300.001,6.000999927520752,0,0,0,0.000000,0
600580,1787820306.0,5.999000072479248,0,0,0,0.000000,0
600581,1787820312.001,6.000999927520752,0,0,0,0.000000,0
600582,1787820318.0,5.999000072479248,0,0,0,0.000000,0
600583,1787820324.0,6.0,0,0,0,0.000000,0
600584,1787820330.001,6.000999927520752,1,1,6772,0.033860,1
600585,1787820336.001,6.0,0,0,0,0.000000,0
600586,1787820342.0,5.999000072479248,0,0,0,0.000000,0
600587,1787820348.0,6.0,0,0,0,0.000000,0
600588,1787820354.0,6.0,0,0,0,0.000000,0
600589,1787820360.0,6.0,0,0,0,0.000000,0
600590,1787820366.0,6.0,0,0,0,0.000000,0
600591,1787820372.0,6.0,1,1,6772,0.033860,1
600592,1787820378.001,6.000999927520752,0,0,0,0.000000,0
600593,1787820384.0,5.999000072479248,0,0,0,0.000000,0
600594,1787820390.0,6.0,0,0,0,0.000000,0
600595,1787820396.0,6.0,0,0,0,0.000000,0
600596,1787820402.0,6.0,0,0,0,0.000000,0
600597,1787820408.001,6.000999927520752,0,0,0,0.000000,0
600598,1787820414.0,5.999000072479248,1,1,6798,0.033990,1
600599,1787820420.0,6.0,0,0,0,0.000000,0
600600,1787820426.0,6.0,0,0,0,0.000000,0
600601,1787820432.0,6.0,0,0,0,0.000000,0
600602,1787820438.0,6.0,0,0,0,0.000000,0
600603,1787820444.0,6.0,0,0,0,0.000000,0
600604,1787820450.001,6.000999927520752,0,0,0,0.000000,0
600605,1787820456.0,5.999000072479248,0,0,0,0.000000,0
600606,1787820462.0,6.0,0,0,0,0.000000,0
600607,1787820468.001,6.000999927520752,0,0,0,0.000000,0
600608,1787820474.0,5.999000072479248,0,0,0,0.000000,0
600609,1787820480.0,6.0,0,0,0,0.000000,0
600610,1787820486.0,6.0,0,0,0,0.000000,0
600611,1787820492.0,6.0,0,0,0,0.000000,0
600612,1787820498.001,6.000999927520752,0,0,0,0.000000,0
600613,1787820504.0,5.999000072479248,0,0,0,0.000000,0
600614,1787820510.001,6.000999927520752,0,0,0,0.000000,0
600615,1787820516.0,5.999000072479248,0,0,0,0.000000,0
600616,1787820522.0,6.0,0,0,0,0.000000,0
600617,1787820528.0,6.0,0,0,0,0.000000,0
600618,1787820534.0,6.0,0,0,0,0.000000,0
600619,1787820540.0,6.0,0,0,0,0.000000,0
600620,1787820546.0,6.0,0,0,0,0.000000,0
600621,1787820552.0,6.0,0,0,0,0.000000,0
600622,1787820558.0,6.0,1,1,18525,0.092625,1
600623,1787820564.0,6.0,0,0,0,0.000000,0
600624,1787820570.0,6.0,0,0,0,0.000000,0
600625,1787820576.001,6.000999927520752,0,0,0,0.000000,0
600626,1787820582.0,5.999000072479248,0,0,0,0.000000,0
600627,1787820588.0,6.0,0,0,0,0.000000,0
600628,1787820594.0,6.0,0,0,0,0.000000,0
600629,1787820600.001,6.000999927520752,0,0,0,0.000000,0
600630,1787820606.0,5.999000072479248,0,0,0,0.000000,0
600631,1787820612.0,6.0,0,0,0,0.000000,0
600632,1787820618.0,6.0,0,0,0,0.000000,0
600633,1787820624.0,6.0,0,0,0,0.000000,0
600634,1787820630.001,6.000999927520752,0,0,0,0.000000,0
600635,1787820636.001,6.0,0,0,0,0.000000,0
600636,1787820642.0,5.999000072479248,0,0,0,0.000000,0
600637,1787820648.0,6.0,0,0,0,0.000000,0
600638,1787820654.0,6.0,0,0,0,0.000000,0
600639,1787820660.0,6.0,0,0,0,0.000000,0
600640,1787820666.001,6.000999927520752,0,0,0,0.000000,0
600641,1787820672.001,6.0,0,0,0,0.000000,0
600642,1787820678.0,5.999000072479248,0,0,0,0.000000,0
600643,1787820684.0,6.0,1,1,18524,0.092620,1
600644,1787820690.0,6.0,0,0,0,0.000000,0
600645,1787820696.0,6.0,0,0,0,0.000000,0
600646,1787820702.001,6.000999927520752,0,0,0,0.000000,0
600647,1787820708.0,5.999000072479248,0,0,0,0.000000,0
600648,1787820714.0,6.0,0,0,0,0.000000,0
600649,1787820720.0,6.0,0,0,0,0.000000,0
600650,1787820726.0,6.0,0,0,0,0.000000,0
600651,1787820732.0,6.0,0,0,0,0.000000,0
600652,1787820738.001,6.000999927520752,0,0,0,0.000000,0
600653,1787820744.0,5.999000072479248,0,0,0,0.000000,0
600654,1787820750.0,6.0,0,0,0,0.000000,0
600655,1787820756.001,6.000999927520752,0,0,0,0.000000,0
600656,1787820762.001,6.0,0,0,0,0.000000,0
600657,1787820768.0,5.999000072479248,0,0,0,0.000000,0
600658,1787820774.0,6.0,0,0,0,0.000000,0
600659,1787820780.0,6.0,0,0,0,0.000000,0
600660,1787820786.001,6.000999927520752,0,0,0,0.000000,0
600661,1787820792.001,6.0,0,0,0,0.000000,0
600662,1787820798.001,6.0,0,0,0,0.000000,0
600663,1787820804.0,5.999000072479248,0,0,0,0.000000,0
600664,1787820810.0,6.0,0,0,0,0.000000,0
600665,1787820816.0,6.0,0,0,0,0.000000,0
600666,1787820822.0,6.0,0,0,0,0.000000,0
600667,1787820828.0,6.0,0,0,0,0.000000,0
600668,1787820834.0,6.0,0,0,0,0.000000,0
600669,1787820840.0,6.0,0,0,0,0.000000,0
600670,1787820846.001,6.000999927520752,0,0,0,0.000000,0
600671,1787820852.0,5.999000072479248,0,0,0,0.000000,0
600672,1787820858.0,6.0,0,0,0,0.000000,0
600673,1787820864.0,6.0,1,1,10357,0.051785,1
600674,1787820870.0,6.0,0,0,0,0.000000,0
600675,1787820876.0,6.0,0,0,0,0.000000,0
600676,1787820882.0,6.0,0,0,0,0.000000,0
600677,1787820888.0,6.0,0,0,0,0.000000,0
600678,1787820894.0,6.0,0,0,0,0.000000,0
600679,1787820900.0,6.0,0,0,0,0.000000,0
600680,1787820906.001,6.000999927520752,0,0,0,0.000000,0
600681,1787820912.0,5.999000072479248,0,0,0,0.000000,0
600682,1787820918.0,6.0,0,0,0,0.000000,0
600683,1787820924.0,6.0,0,0,0,0.000000,0
600684,1787820930.0,6.0,0,0,0,0.000000,0
600685,1787820936.0,6.0,0,0,0,0.000000,0
600686,1787820942.0,6.0,0,0,0,0.000000,0
600687,1787820948.0,6.0,0,0,0,0.000000,0
600688,1787820954.0,6.0,0,0,0,0.000000,0
600689,1787820960.0,6.0,0,0,0,0.000000,0
600690,1787820966.0,6.0,0,0,0,0.000000,0
600691,1787820972.0,6.0,0,0,0,0.000000,0
600692,1787820978.0,6.0,0,0,0,0.000000,0
600693,1787820984.0,6.0,0,0,0,0.000000,0
600694,1787820990.0,6.0,0,0,0,0.000000,0
600695,1787820996.0,6.0,0,0,0,0.000000,0
600696,1787821002.0,6.0,0,0,0,0.000000,0
600697,1787821008.0,6.0,0,0,0,0.000000,0
600698,1787821014.0,6.0,0,0,0,0.000000,0
600699,1787821020.0,6.0,0,0,0,0.000000,0
600700,1787821026.0,6.0,0,0,0,0.000000,0
600701,1787821032.0,6.0,0,0,0,0.000000,0
600702,1787821038.0,6.0,0,0,0,0.000000,0
600703,1787821044.0,6.0,0,0,0,0.000000,0
600704,1787821050.0,6.0,0,0,0,0.000000,0
600705,1787821056.0,6.0,0,0,0,0.000000,0
600706,1787821062.0,6.0,0,0,0,0.000000,0
600707,1787821068.0,6.0,0,0,0,0.000000,0
600708,1787821074.0,6.0,0,0,0,0.000000,0
600709,1787821080.0,6.0,0,0,0,0.000000,0
600710,1787821086.0,6.0,0,0,0,0.000000,0
600711,1787821092.0,6.0,0,0,0,0.000000,0
600712,1787821098.0,6.0,0,0,0,0.000000,0
600713,1787821104.0,6.0,0,0,0,0.000000,0
600714,1787821110.0,6.0,0,0,0,0.000000,0
600715,1787821116.0,6.0,0,0,0,0.000000,0
600716,1787821122.0,6.0,0,0,0,0.000000,0
600717,1787821128.0,6.0,0,0,0,0.000000,0
600718,1787821134.0,6.0,0,0,0,0.000000,0
600719,1787821140.001,6.000999927520752,0,0,0,0.000000,0
600720,1787821146.0,5.999000072479248,0,0,0,0.000000,0
600721,1787821152.0,6.0,0,0,0,0.000000,0
600722,1787821158.0,6.0,0,0,0,0.000000,0
600723,1787821164.0,6.0,0,0,0,0.000000,0
600724,1787821170.0,6.0,0,0,0,0.000000,0
600725,1787821176.0,6.0,0,0,0,0.000000,0
600726,1787821182.001,6.000999927520752,0,0,0,0.000000,0
600727,1787821188.0,5.999000072479248,0,0,0,0.000000,0
600728,1787821194.0,6.0,0,0,0,0.000000,0
600729,1787821200.001,6.000999927520752,0,0,0,0.000000,0
600730,1787821206.001,6.0,0,0,0,0.000000,0
600731,1787821212.001,6.0,0,0,0,0.000000,0
600732,1787821218.0,5.999000072479248,0,0,0,0.000000,0
600733,1787821224.0,6.0,0,0,0,0.000000,0
600734,1787821230.0,6.0,0,0,0,0.000000,0
600735,1787821236.0,6.0,0,0,0,0.000000,0
600736,1787821242.0,6.0,0,0,0,0.000000,0
600737,1787821248.001,6.000999927520752,0,0,0,0.000000,0
600738,1787821254.001,6.0,0,0,0,0.000000,0
600739,1787821260.0,5.999000072479248,0,0,0,0.000000,0
600740,1787821266.0,6.0,0,0,0,0.000000,0
600741,1787821272.0,6.0,0,0,0,0.000000,0
600742,1787821278.0,6.0,0,0,0,0.000000,0
600743,1787821284.001,6.000999927520752,0,0,0,0.000000,0
600744,1787821290.0,5.999000072479248,0,0,0,0.000000,0
600745,1787821296.0,6.0,0,0,0,0.000000,0
600746,1787821302.0,6.0,0,0,0,0.000000,0
600747,1787821308.001,6.000999927520752,0,0,0,0.000000,0
600748,1787821314.0,5.999000072479248,0,0,0,0.000000,0
600749,1787821320.0,6.0,0,0,0,0.000000,0
600750,1787821326.001,6.000999927520752,0,0,0,0.000000,0
600751,1787821332.0,5.999000072479248,0,0,0,0.000000,0
600752,1787821338.0,6.0,0,0,0,0.000000,0
600753,1787821344.0,6.0,0,0,0,0.000000,0
600754,1787821350.0,6.0,1,1,13818,0.069090,1
600755,1787821356.0,6.0,0,0,0,0.000000,0
600756,1787821362.001,6.000999927520752,0,0,0,0.000000,0
600757,1787821368.0,5.999000072479248,0,0,0,0.000000,0
600758,1787821374.0,6.0,0,0,0,0.000000,0
600759,1787821380.0,6.0,0,0,0,0.000000,0
600760,1787821386.0,6.0,0,0,0,0.000000,0
600761,1787821392.0,6.0,0,0,0,0.000000,0
600762,1787821398.001,6.000999927520752,0,0,0,0.000000,0
600763,1787821404.0,5.999000072479248,0,0,0,0.000000,0
600764,1787821410.0,6.0,0,0,0,0.000000,0
600765,1787821416.001,6.000999927520752,0,0,0,0.000000,0
600766,1787821422.0,5.999000072479248,0,0,0,0.000000,0
600767,1787821428.0,6.0,0,0,0,0.000000,0
600768,1787821434.0,6.0,0,0,0,0.000000,0
600769,1787821440.0,6.0,0,0,0,0.000000,0
600770,1787821446.0,6.0,0,0,0,0.000000,0
600771,1787821452.0,6.0,0,0,0,0.000000,0
600772,1787821458.0,6.0,0,0,0,0.000000,0
600773,1787821464.001,6.000999927520752,0,0,0,0.000000,0
600774,1787821470.0,5.999000072479248,0,0,0,0.000000,0
600775,1787821476.0,6.0,0,0,0,0.000000,0
600776,1787821482.0,6.0,0,0,0,0.000000,0
600777,1787821488.0,6.0,0,0,0,0.000000,0
600778,1787821494.0,6.0,0,0,0,0.000000,0
600779,1787821500.0,6.0,0,0,0,0.000000,0
600780,1787821506.0,6.0,0,0,0,0.000000,0
600781,1787821512.0,6.0,0,0,0,0.000000,0
600782,1787821518.0,6.0,0,0,0,0.000000,0
600783,1787821524.0,6.0,0,0,0,0.000000,0
600784,1787821530.0,6.0,0,0,0,0.000000,0
600785,1787821536.0,6.0,0,0,0,0.000000,0
600786,1787821542.0,6.0,0,0,0,0.000000,0
600787,1787821548.001,6.000999927520752,0,0,0,0.000000,0
600788,1787821554.0,5.999000072479248,0,0,0,0.000000,0
600789,1787821560.0,6.0,0,0,0,0.000000,0
600790,1787821566.0,6.0,0,0,0,0.000000,0
600791,1787821572.0,6.0,0,0,0,0.000000,0
600792,1787821578.0,6.0,0,0,0,0.000000,0
600793,1787821584.0,6.0,0,0,0,0.000000,0
600794,1787821590.0,6.0,0,0,0,0.000000,0
600795,1787821596.0,6.0,0,0,0,0.000000,0
600796,1787821602.0,6.0,0,0,0,0.000000,0
600797,1787821608.0,6.0,0,0,0,0.000000,0
600798,1787821614.0,6.0,0,0,0,0.000000,0
600799,1787821620.0,6.0,0,0,0,0.000000,0
600800,1787821626.0,6.0,0,0,0,0.000000,0
600801,1787821632.0,6.0,0,0,0,0.000000,0
600802,1787821638.001,6.000999927520752,0,0,0,0.000000,0
600803,1787821644.001,6.0,0,0,0,0.000000,0
600804,1787821650.0,5.999000072479248,0,0,0,0.000000,0
600805,1787821656.0,6.0,0,0,0,0.000000,0
600806,1787821662.0,6.0,0,0,0,0.000000,0
600807,1787821668.001,6.000999927520752,0,0,0,0.000000,0
600808,1787821674.001,6.0,0,0,0,0.000000,0
600809,1787821680.0,5.999000072479248,0,0,0,0.000000,0
600810,1787821686.001,6.000999927520752,0,0,0,0.000000,0
600811,1787821692.0,5.999000072479248,0,0,0,0.000000,0
600812,1787821698.0,6.0,0,0,0,0.000000,0
600813,1787821704.0,6.0,0,0,0,0.000000,0
600814,1787821710.001,6.000999927520752,0,0,0,0.000000,0
600815,1787821716.0,5.999000072479248,1,1,216349,1.081745,1
600816,1787821722.001,6.000999927520752,0,0,0,0.000000,0
600817,1787821728.0,5.999000072479248,0,0,0,0.000000,0
600818,1787821734.0,6.0,0,0,0,0.000000,0
600819,1787821740.0,6.0,0,0,0,0.000000,0
600820,1787821746.001,6.000999927520752,0,0,0,0.000000,0
600821,1787821752.0,5.999000072479248,0,0,0,0.000000,0
600822,1787821758.0,6.0,0,0,0,0.000000,0
600823,1787821764.0,6.0,0,0,0,0.000000,0
600824,1787821770.0,6.0,0,0,0,0.000000,0
600825,1787821776.001,6.000999927520752,0,0,0,0.000000,0
600826,1787821782.0,5.999000072479248,0,0,0,0.000000,0
600827,1787821788.0,6.0,0,0,0,0.000000,0
600828,1787821794.0,6.0,0,0,0,0.000000,0
600829,1787821800.0,6.0,0,0,0,0.000000,0
600830,1787821806.0,6.0,0,0,0,0.000000,0
600831,1787821812.0,6.0,0,0,0,0.000000,0
600832,1787821818.0,6.0,0,0,0,0.000000,0
600833,1787821824.0,6.0,0,0,0,0.000000,0
600834,1787821830.001,6.000999927520752,0,0,0,0.000000,0
600835,1787821836.0,5.999000072479248,0,0,0,0.000000,0
600836,1787821842.0,6.0,0,0,0,0.000000,0
600837,1787821848.0,6.0,0,0,0,0.000000,0
600838,1787821854.001,6.000999927520752,0,0,0,0.000000,0
600839,1787821860.0,5.999000072479248,0,0,0,0.000000,0
600840,1787821866.0,6.0,0,0,0,0.000000,0
600841,1787821872.0,6.0,0,0,0,0.000000,0
600842,1787821878.001,6.000999927520752,1,1,231780,1.158900,1
600843,1787821884.0,5.999000072479248,0,0,0,0.000000,0
600844,1787821890.0,6.0,0,0,0,0.000000,0
600845,1787821896.001,6.000999927520752,0,0,0,0.000000,0
600846,1787821902.0,5.999000072479248,0,0,0,0.000000,0
600847,1787821908.0,6.0,0,0,0,0.000000,0
600848,1787821914.0,6.0,0,0,0,0.000000,0
600849,1787821920.001,6.000999927520752,0,0,0,0.000000,0
600850,1787821926.0,5.999000072479248,0,0,0,0.000000,0
600851,1787821932.0,6.0,0,0,0,0.000000,0
600852,1787821938.0,6.0,0,0,0,0.000000,0
600853,1787821944.0,6.0,0,0,0,0.000000,0
600854,1787821950.0,6.0,0,0,0,0.000000,0
600855,1787821956.0,6.0,0,0,0,0.000000,0
600856,1787821962.0,6.0,0,0,0,0.000000,0
600857,1787821974.0,12.0,0,0,0,0.000000,0
600858,1787821980.001,6.000999927520752,0,0,0,0.000000,0
600859,1787821986.0,5.999000072479248,0,0,0,0.000000,0
600860,1787821992.001,6.000999927520752,0,0,0,0.000000,0
600861,1787821998.001,6.0,0,0,0,0.000000,0
600862,1787822004.0,5.999000072479248,0,0,0,0.000000,0
600863,1787822010.001,6.000999927520752,0,0,0,0.000000,0
600864,1787822016.0,5.999000072479248,0,0,0,0.000000,0
600865,1787822022.0,6.0,0,0,0,0.000000,0
600866,1787822028.0,6.0,0,0,0,0.000000,0
600867,1787822034.0,6.0,1,1,231784,1.158920,1
600868,1787822040.0,6.0,0,0,0,0.000000,0
600869,1787822046.0,6.0,0,0,0,0.000000,0
600870,1787822052.0,6.0,0,0,0,0.000000,0
600871,1787822058.0,6.0,0,0,0,0.000000,0
600872,1787822064.001,6.000999927520752,0,0,0,0.000000,0
600873,1787822070.0,5.999000072479248,0,0,0,0.000000,0
600874,1787822076.0,6.0,0,0,0,0.000000,0
600875,1787822082.0,6.0,0,0,0,0.000000,0
600876,1787822088.0,6.0,0,0,0,0.000000,0
600877,1787822094.0,6.0,0,0,0,0.000000,0
600878,1787822100.0,6.0,0,0,0,0.000000,0
600879,1787822106.0,6.0,0,0,0,0.000000,0
600880,1787822112.0,6.0,0,0,0,0.000000,0
600881,1787822118.0,6.0,0,0,0,0.000000,0
600882,1787822124.0,6.0,0,0,0,0.000000,0
600883,1787822130.0,6.0,0,0,0,0.000000,0
600884,1787822136.0,6.0,0,0,0,0.000000,0
600885,1787822142.0,6.0,0,0,0,0.000000,0
600886,1787822148.0,6.0,0,0,0,0.000000,0
600887,1787822154.0,6.0,0,0,0,0.000000,0
600888,1787822160.0,6.0,0,0,0,0.000000,0
600889,1787822166.0,6.0,0,0,0,0.000000,0
600890,1787822172.001,6.000999927520752,0,0,0,0.000000,0
600891,1787822178.001,6.0,0,0,0,0.000000,0
600892,1787822184.001,6.0,0,0,0,0.000000,0
600893,1787822190.0,5.999000072479248,0,0,0,0.000000,0
600894,1787822196.0,6.0,1,1,231785,1.158925,1
600895,1787822202.001,6.000999927520752,0,0,0,0.000000,0
600896,1787822208.0,5.999000072479248,0,0,0,0.000000,0
600897,1787822214.0,6.0,0,0,0,0.000000,0
600898,1787822220.0,6.0,0,0,0,0.000000,0
600899,1787822226.0,6.0,0,0,0,0.000000,0
600900,1787822232.0,6.0,0,0,0,0.000000,0
600901,1787822238.0,6.0,0,0,0,0.000000,0
600902,1787822244.0,6.0,0,0,0,0.000000,0
600903,1787822250.0,6.0,0,0,0,0.000000,0
600904,1787822256.0,6.0,0,0,0,0.000000,0
600905,1787822262.0,6.0,0,0,0,0.000000,0
600906,1787822268.0,6.0,0,0,0,0.000000,0
600907,1787822274.0,6.0,0,0,0,0.000000,0
600908,1787822280.001,6.000999927520752,0,0,0,0.000000,0
600909,1787822286.0,5.999000072479248,0,0,0,0.000000,0
600910,1787822292.0,6.0,0,0,0,0.000000,0
600911,1787822298.0,6.0,0,0,0,0.000000,0
600912,1787822304.001,6.000999927520752,0,0,0,0.000000,0
600913,1787822310.0,5.999000072479248,0,0,0,0.000000,0
600914,1787822316.0,6.0,0,0,0,0.000000,0
600915,1787822322.0,6.0,0,0,0,0.000000,0
600916,1787822328.0,6.0,0,0,0,0.000000,0
600917,1787822334.001,6.000999927520752,0,0,0,0.000000,0
600918,1787822340.0,5.999000072479248,0,0,0,0.000000,0
600919,1787822346.0,6.0,0,0,0,0.000000,0
600920,1787822352.0,6.0,1,1,231781,1.158905,1
600921,1787822358.0,6.0,0,0,0,0.000000,0
600922,1787822364.0,6.0,0,0,0,0.000000,0
600923,1787822370.0,6.0,0,0,0,0.000000,0
600924,1787822376.0,6.0,0,0,0,0.000000,0
600925,1787822382.0,6.0,0,0,0,0.000000,0
600926,1787822388.0,6.0,0,0,0,0.000000,0
600927,1787822394.001,6.000999927520752,0,0,0,0.000000,0
600928,1787822400.0,5.999000072479248,1,1,8229,0.041145,1
600929,1787822406.0,6.0,0,0,0,0.000000,0
600930,1787822412.0,6.0,0,0,0,0.000000,0
600931,1787822418.0,6.0,0,0,0,0.000000,0
600932,1787822424.0,6.0,0,0,0,0.000000,0
600933,1787822430.0,6.0,0,0,0,0.000000,0
600934,1787822436.001,6.000999927520752,0,0,0,0.000000,0
600935,1787822442.001,6.0,0,0,0,0.000000,0
600936,1787822448.0,5.999000072479248,0,0,0,0.000000,0
600937,1787822454.0,6.0,0,0,0,0.000000,0
600938,1787822460.0,6.0,1,1,24549,0.122745,1
600939,1787822466.0,6.0,0,0,0,0.000000,0
600940,1787822472.001,6.000999927520752,0,0,0,0.000000,0
600941,1787822478.0,5.999000072479248,0,0,0,0.000000,0
600942,1787822484.0,6.0,0,0,0,0.000000,0
600943,1787822490.0,6.0,0,0,0,0.000000,0
600944,1787822496.0,6.0,0,0,0,0.000000,0
600945,1787822502.0,6.0,0,0,0,0.000000,0
600946,1787822508.001,6.000999927520752,2,2,256252,1.281260,2
600947,1787822514.0,5.999000072479248,0,0,0,0.000000,0
600948,1787822520.0,6.0,0,0,0,0.000000,0
600949,1787822526.0,6.0,0,0,0,0.000000,0
600950,1787822532.001,6.000999927520752,0,0,0,0.000000,0
600951,1787822538.0,5.999000072479248,0,0,0,0.000000,0
600952,1787822544.0,6.0,0,0,0,0.000000,0
600953,1787822550.001,6.000999927520752,0,0,0,0.000000,0
600954,1787822556.0,5.999000072479248,0,0,0,0.000000,0
600955,1787822562.0,6.0,0,0,0,0.000000,0
600956,1787822568.0,6.0,0,0,0,0.000000,0
600957,1787822574.0,6.0,0,0,0,0.000000,0
600958,1787822580.0,6.0,0,0,0,0.000000,0
600959,1787822586.0,6.0,1,1,9452,0.047260,1
600960,1787822592.0,6.0,0,0,0,0.000000,0
600961,1787822598.0,6.0,0,0,0,0.000000,0
600962,1787822604.0,6.0,0,0,0,0.000000,0
600963,1787822610.001,6.000999927520752,0,0,0,0.000000,0
600964,1787822616.0,5.999000072479248,0,0,0,0.000000,0
600965,1787822622.0,6.0,0,0,0,0.000000,0
600966,1787822628.0,6.0,0,0,0,0.000000,0
600967,1787822634.0,6.0,0,0,0,0.000000,0
600968,1787822640.0,6.0,0,0,0,0.000000,0
600969,1787822646.001,6.000999927520752,0,0,0,0.000000,0
600970,1787822652.0,5.999000072479248,0,0,0,0.000000,0
600971,1787822658.001,6.000999927520752,0,0,0,0.000000,0
600972,1787822664.0,5.999000072479248,1,1,231783,1.158915,1
600973,1787822670.0,6.0,0,0,0,0.000000,0
600974,1787822676.0,6.0,0,0,0,0.000000,0
600975,1787822682.001,6.000999927520752,0,0,0,0.000000,0
600976,1787822688.0,5.999000072479248,0,0,0,0.000000,0
600977,1787822694.0,6.0,0,0,0,0.000000,0
600978,1787822700.0,6.0,0,0,0,0.000000,0
600979,1787822706.001,6.000999927520752,0,0,0,0.000000,0
600980,1787822712.001,6.0,0,0,0,0.000000,0
600981,1787822718.0,5.999000072479248,0,0,0,0.000000,0
600982,1787822724.001,6.000999927520752,0,0,0,0.000000,0
600983,1787822730.0,5.999000072479248,0,0,0,0.000000,0
600984,1787822736.0,6.0,0,0,0,0.000000,0
600985,1787822742.001,6.000999927520752,0,0,0,0.000000,0
600986,1787822748.0,5.999000072479248,0,0,0,0.000000,0
600987,1787822754.0,6.0,0,0,0,0.000000,0
600988,1787822760.0,6.0,0,0,0,0.000000,0
600989,1787822766.0,6.0,0,0,0,0.000000,0
600990,1787822772.0,6.0,0,0,0,0.000000,0
600991,1787822778.0,6.0,0,0,0,0.000000,0
600992,1787822784.0,6.0,0,0,0,0.000000,0
600993,1787822790.0,6.0,0,0,0,0.000000,0
600994,1787822796.0,6.0,0,0,0,0.000000,0
600995,1787822802.0,6.0,0,0,0,0.000000,0
600996,1787822808.0,6.0,0,0,0,0.000000,0
600997,1787822814.0,6.0,0,0,0,0.000000,0
600998,1787822820.0,6.0,1,1,231783,1.158915,1
600999,1787822826.0,6.0,0,0,0,0.000000,0
601000,1787822832.0,6.0,0,0,0,0.000000,0
601001,1787822838.0,6.0,0,0,0,0.000000,0
601002,1787822844.0,6.0,0,0,0,0.000000,0
601003,1787822850.0,6.0,0,0,0,0.000000,0
601004,1787822856.0,6.0,0,0,0,0.000000,0
601005,1787822862.001,6.000999927520752,0,0,0,0.000000,0
601006,1787822868.0,5.999000072479248,0,0,0,0.000000,0
601007,1787822874.0,6.0,0,0,0,0.000000,0
601008,1787822880.0,6.0,0,0,0,0.000000,0
601009,1787822886.0,6.0,0,0,0,0.000000,0
601010,1787822892.0,6.0,0,0,0,0.000000,0
601011,1787822898.0,6.0,0,0,0,0.000000,0
601012,1787822904.0,6.0,0,0,0,0.000000,0
601013,1787822910.0,6.0,0,0,0,0.000000,0
601014,1787822916.0,6.0,0,0,0,0.000000,0
601015,1787822922.0,6.0,0,0,0,0.000000,0
601016,1787822928.0,6.0,0,0,0,0.000000,0
601017,1787822934.0,6.0,0,0,0,0.000000,0
601018,1787822940.001,6.000999927520752,0,0,0,0.000000,0
601019,1787822946.0,5.999000072479248,0,0,0,0.000000,0
601020,1787822952.0,6.0,0,0,0,0.000000,0
601021,1787822958.0,6.0,0,0,0,0.000000,0
601022,1787822964.0,6.0,0,0,0,0.000000,0
601023,1787822970.0,6.0,0,0,0,0.000000,0
601024,1787822976.001,6.000999927520752,0,0,0,0.000000,0
601025,1787822982.001,6.0,1,1,231783,1.158915,1
601026,1787822988.0,5.999000072479248,0,0,0,0.000000,0
601027,1787822994.0,6.0,0,0,0,0.000000,0
601028,1787823000.0,6.0,0,0,0,0.000000,0
601029,1787823006.0,6.0,0,0,0,0.000000,0
601030,1787823012.0,6.0,0,0,0,0.000000,0
601031,1787823018.0,6.0,0,0,0,0.000000,0
601032,1787823024.0,6.0,0,0,0,0.000000,0
601033,1787823030.0,6.0,0,0,0,0.000000,0
601034,1787823036.0,6.0,0,0,0,0.000000,0
601035,1787823042.0,6.0,0,0,0,0.000000,0
601036,1787823048.0,6.0,0,0,0,0.000000,0
601037,1787823054.0,6.0,0,0,0,0.000000,0
601038,1787823060.0,6.0,0,0,0,0.000000,0
601039,1787823066.001,6.000999927520752,0,0,0,0.000000,0
601040,1787823072.0,5.999000072479248,0,0,0,0.000000,0
601041,1787823078.0,6.0,0,0,0,0.000000,0
601042,1787823084.001,6.000999927520752,0,0,0,0.000000,0
601043,1787823090.0,5.999000072479248,0,0,0,0.000000,0
601044,1787823096.001,6.000999927520752,0,0,0,0.000000,0
601045,1787823102.0,5.999000072479248,0,0,0,0.000000,0
601046,1787823108.0,6.0,0,0,0,0.000000,0
601047,1787823114.0,6.0,0,0,0,0.000000,0
601048,1787823120.001,6.000999927520752,0,0,0,0.000000,0
601049,1787823126.0,5.999000072479248,0,0,0,0.000000,0
601050,1787823132.001,6.000999927520752,0,0,0,0.000000,0
601051,1787823138.0,5.999000072479248,0,0,0,0.000000,0
601052,1787823144.0,6.0,1,1,231785,1.158925,1
601053,1787823150.0,6.0,0,0,0,0.000000,0
601054,1787823156.004,6.003999948501587,0,0,0,0.000000,0
601055,1787823162.0,5.996000051498413,0,0,0,0.000000,0
601056,1787823168.0,6.0,0,0,0,0.000000,0
601057,1787823174.0,6.0,0,0,0,0.000000,0
601058,1787823180.0,6.0,0,0,0,0.000000,0
601059,1787823186.0,6.0,0,0,0,0.000000,0
601060,1787823192.0,6.0,0,0,0,0.000000,0
601061,1787823198.0,6.0,0,0,0,0.000000,0
601062,1787823204.0,6.0,0,0,0,0.000000,0
601063,1787823210.0,6.0,0,0,0,0.000000,0
601064,1787823216.0,6.0,0,0,0,0.000000,0
601065,1787823222.0,6.0,0,0,0,0.000000,0
601066,1787823228.0,6.0,0,0,0,0.000000,0
601067,1787823234.0,6.0,0,0,0,0.000000,0
601068,1787823240.0,6.0,0,0,0,0.000000,0
601069,1787823246.0,6.0,0,0,0,0.000000,0
601070,1787823252.0,6.0,0,0,0,0.000000,0
601071,1787823258.0,6.0,0,0,0,0.000000,0
601072,1787823264.0,6.0,0,0,0,0.000000,0
601073,1787823270.0,6.0,0,0,0,0.000000,0
601074,1787823276.0,6.0,0,0,0,0.000000,0
601075,1787823282.0,6.0,0,0,0,0.000000,0
601076,1787823288.0,6.0,0,0,0,0.000000,0
601077,1787823294.0,6.0,0,0,0,0.000000,0
601078,1787823300.0,6.0,1,1,231781,1.158905,1
601079,1787823306.0,6.0,0,0,0,0.000000,0
601080,1787823312.0,6.0,0,0,0,0.000000,0
601081,1787823318.0,6.0,0,0,0,0.000000,0
601082,1787823324.0,6.0,0,0,0,0.000000,0
601083,1787823330.0,6.0,0,0,0,0.000000,0
601084,1787823336.0,6.0,0,0,0,0.000000,0
601085,1787823342.0,6.0,0,0,0,0.000000,0
601086,1787823348.0,6.0,0,0,0,0.000000,0
601087,1787823354.0,6.0,0,0,0,0.000000,0
601088,1787823360.0,6.0,0,0,0,0.000000,0
601089,1787823366.0,6.0,0,0,0,0.000000,0
601090,1787823372.0,6.0,0,0,0,0.000000,0
601091,1787823378.0,6.0,0,0,0,0.000000,0
601092,1787823384.0,6.0,0,0,0,0.000000,0
601093,1787823390.0,6.0,0,0,0,0.000000,0
601094,1787823396.0,6.0,0,0,0,0.000000,0
601095,1787823402.0,6.0,0,0,0,0.000000,0
601096,1787823408.0,6.0,0,0,0,0.000000,0
601097,1787823414.0,6.0,0,0,0,0.000000,0
601098,1787823420.0,6.0,0,0,0,0.000000,0
601099,1787823426.001,6.000999927520752,0,0,0,0.000000,0
601100,1787823432.0,5.999000072479248,0,0,0,0.000000,0
601101,1787823438.0,6.0,0,0,0,0.000000,0
601102,1787823444.0,6.0,0,0,0,0.000000,0
601103,1787823450.0,6.0,0,0,0,0.000000,0
601104,1787823456.0,6.0,0,0,0,0.000000,0
601105,1787823462.0,6.0,1,1,231783,1.158915,1
601106,1787823468.0,6.0,0,0,0,0.000000,0
601107,1787823474.001,6.000999927520752,0,0,0,0.000000,0
601108,1787823480.0,5.999000072479248,0,0,0,0.000000,0
601109,1787823486.001,6.000999927520752,0,0,0,0.000000,0
601110,1787823492.0,5.999000072479248,1,1,24457,0.122285,1
601111,1787823498.001,6.000999927520752,0,0,0,0.000000,0
601112,1787823504.0,5.999000072479248,0,0,0,0.000000,0
601113,1787823510.0,6.0,0,0,0,0.000000,0
601114,1787823516.0,6.0,0,0,0,0.000000,0
601115,1787823522.0,6.0,0,0,0,0.000000,0
601116,1787823528.0,6.0,0,0,0,0.000000,0
601117,1787823534.0,6.0,0,0,0,0.000000,0
601118,1787823540.0,6.0,0,0,0,0.000000,0
601119,1787823546.0,6.0,0,0,0,0.000000,0
601120,1787823552.0,6.0,0,0,0,0.000000,0
601121,1787823558.0,6.0,0,0,0,0.000000,0
601122,1787823564.001,6.000999927520752,0,0,0,0.000000,0
601123,1787823570.0,5.999000072479248,0,0,0,0.000000,0
601124,1787823576.0,6.0,0,0,0,0.000000,0
601125,1787823582.0,6.0,0,0,0,0.000000,0
601126,1787823588.0,6.0,0,0,0,0.000000,0
601127,1787823594.0,6.0,0,0,0,0.000000,0
601128,1787823600.0,6.0,0,0,0,0.000000,0
601129,1787823606.0,6.0,1,1,8510,0.042550,0
601130,1787823612.0,6.0,0,0,0,0.000000,0
601131,1787823618.001,6.000999927520752,1,1,231784,1.158920,1
601132,1787823624.0,5.999000072479248,0,0,0,0.000000,0
601133,1787823630.0,6.0,0,0,0,0.000000,0
601134,1787823636.0,6.0,0,0,0,0.000000,0
601135,1787823642.0,6.0,0,0,0,0.000000,0
601136,1787823648.001,6.000999927520752,0,0,0,0.000000,0
601137,1787823654.0,5.999000072479248,0,0,0,0.000000,0
601138,1787823660.0,6.0,0,0,0,0.000000,0
601139,1787823666.0,6.0,0,0,0,0.000000,0
601140,1787823672.0,6.0,0,0,0,0.000000,0
601141,1787823678.0,6.0,0,0,0,0.000000,0
601142,1787823684.0,6.0,0,0,0,0.000000,0
601143,1787823690.0,6.0,0,0,0,0.000000,0
601144,1787823696.0,6.0,0,0,0,0.000000,0
601145,1787823702.0,6.0,0,0,0,0.000000,0
601146,1787823708.001,6.000999927520752,0,0,0,0.000000,0
601147,1787823714.0,5.999000072479248,0,0,0,0.000000,0
601148,1787823720.0,6.0,0,0,0,0.000000,0
601149,1787823726.0,6.0,0,0,0,0.000000,0
601150,1787823732.0,6.0,0,0,0,0.000000,0
601151,1787823738.0,6.0,0,0,0,0.000000,0
601152,1787823744.0,6.0,0,0,0,0.000000,0
601153,1787823750.0,6.0,0,0,0,0.000000,0
601154,1787823756.0,6.0,0,0,0,0.000000,0
601155,1787823762.0,6.0,0,0,0,0.000000,0
601156,1787823768.0,6.0,0,0,0,0.000000,0
601157,1787823774.0,6.0,1,1,231784,1.158920,1
601158,1787823780.0,6.0,0,0,0,0.000000,0
601159,1787823786.0,6.0,0,0,0,0.000000,0
601160,1787823792.0,6.0,0,0,0,0.000000,0
601161,1787823798.001,6.000999927520752,0,0,0,0.000000,0
601162,1787823804.001,6.0,0,0,0,0.000000,0
601163,1787823810.0,5.999000072479248,0,0,0,0.000000,0
601164,1787823816.0,6.0,0,0,0,0.000000,0
601165,1787823822.0,6.0,0,0,0,0.000000,0
601166,1787823828.001,6.000999927520752,0,0,0,0.000000,0
601167,1787823834.001,6.0,0,0,0,0.000000,0
601168,1787823840.0,5.999000072479248,0,0,0,0.000000,0
601169,1787823846.0,6.0,0,0,0,0.000000,0
601170,1787823852.0,6.0,0,0,0,0.000000,0
601171,1787823858.001,6.000999927520752,0,0,0,0.000000,0
601172,1787823864.0,5.999000072479248,0,0,0,0.000000,0
601173,1787823870.0,6.0,0,0,0,0.000000,0
601174,1787823876.0,6.0,0,0,0,0.000000,0
601175,1787823882.0,6.0,0,0,0,0.000000,0
601176,1787823888.0,6.0,1,1,8603,0.043015,1
601177,1787823894.0,6.0,0,0,0,0.000000,0
601178,1787823900.0,6.0,0,0,0,0.000000,0
601179,1787823906.001,6.000999927520752,0,0,0,0.000000,0
601180,1787823912.0,5.999000072479248,0,0,0,0.000000,0
601181,1787823918.0,6.0,0,0,0,0.000000,0
601182,1787823924.0,6.0,0,0,0,0.000000,0
601183,1787823930.0,6.0,0,0,0,0.000000,0
601184,1787823936.0,6.0,1,1,231779,1.158895,1
601185,1787823942.0,6.0,0,0,0,0.000000,0
601186,1787823948.0,6.0,1,1,39917,0.199585,1
601187,1787823954.001,6.000999927520752,0,0,0,0.000000,0
601188,1787823960.0,5.999000072479248,0,0,0,0.000000,0
601189,1787823966.0,6.0,0,0,0,0.000000,0
601190,1787823972.0,6.0,0,0,0,0.000000,0
601191,1787823978.0,6.0,0,0,0,0.000000,0
601192,1787823984.001,6.000999927520752,0,0,0,0.000000,0
601193,1787823990.0,5.999000072479248,0,0,0,0.000000,0
601194,1787823996.0,6.0,0,0,0,0.000000,0
601195,1787824002.0,6.0,0,0,0,0.000000,0
601196,1787824008.0,6.0,0,0,0,0.000000,0
601197,1787824014.001,6.000999927520752,0,0,0,0.000000,0
601198,1787824020.001,6.0,0,0,0,0.000000,0
601199,1787824026.0,5.999000072479248,0,0,0,0.000000,0
601200,1787824032.0,6.0,0,0,0,0.000000,0
601201,1787824038.0,6.0,0,0,0,0.000000,0
601202,1787824044.0,6.0,0,0,0,0.000000,0
601203,1787824050.001,6.000999927520752,0,0,0,0.000000,0
601204,1787824056.0,5.999000072479248,0,0,0,0.000000,0
601205,1787824062.0,6.0,0,0,0,0.000000,0
601206,1787824068.0,6.0,0,0,0,0.000000,0
601207,1787824074.0,6.0,0,0,0,0.000000,0
601208,1787824080.001,6.000999927520752,0,0,0,0.000000,0
601209,1787824086.0,5.999000072479248,0,0,0,0.000000,0
601210,1787824092.0,6.0,1,1,9452,0.047260,1
601211,1787824098.0,6.0,1,1,231782,1.158910,1
601212,1787824104.0,6.0,0,0,0,0.000000,0
601213,1787824110.0,6.0,0,0,0,0.000000,0
601214,1787824116.0,6.0,0,0,0,0.000000,0
601215,1787824122.0,6.0,0,0,0,0.000000,0
601216,1787824128.0,6.0,0,0,0,0.000000,0
601217,1787824134.0,6.0,0,0,0,0.000000,0
601218,1787824140.0,6.0,0,0,0,0.000000,0
601219,1787824146.0,6.0,0,0,0,0.000000,0
601220,1787824152.0,6.0,0,0,0,0.000000,0
601221,1787824158.0,6.0,0,0,0,0.000000,0
601222,1787824164.0,6.0,0,0,0,0.000000,0
601223,1787824170.0,6.0,0,0,0,0.000000,0
601224,1787824176.001,6.000999927520752,1,1,13818,0.069090,1
601225,1787824182.0,5.999000072479248,0,0,0,0.000000,0
601226,1787824188.0,6.0,0,0,0,0.000000,0
601227,1787824194.0,6.0,0,0,0,0.000000,0
601228,1787824200.001,6.000999927520752,1,1,13818,0.069090,1
601229,1787824206.0,5.999000072479248,0,0,0,0.000000,0
601230,1787824212.0,6.0,0,0,0,0.000000,0
601231,1787824218.0,6.0,0,0,0,0.000000,0
601232,1787824224.0,6.0,0,0,0,0.000000,0
601233,1787824230.0,6.0,0,0,0,0.000000,0
601234,1787824236.0,6.0,0,0,0,0.000000,0
601235,1787824242.0,6.0,0,0,0,0.000000,0
601236,1787824248.0,6.0,0,0,0,0.000000,0
601237,1787824254.0,6.0,0,0,0,0.000000,0
601238,1787824260.0,6.0,1,1,231783,1.158915,1
601239,1787824266.0,6.0,0,0,0,0.000000,0
601240,1787824272.001,6.000999927520752,0,0,0,0.000000,0
601241,1787824278.0,5.999000072479248,0,0,0,0.000000,0
601242,1787824284.0,6.0,0,0,0,0.000000,0
601243,1787824290.0,6.0,1,1,3820,0.019100,1
601244,1787824296.0,6.0,0,0,0,0.000000,0
601245,1787824302.0,6.0,0,0,0,0.000000,0
601246,1787824308.0,6.0,1,1,3822,0.019110,1
601247,1787824314.001,6.000999927520752,0,0,0,0.000000,0
601248,1787824320.0,5.999000072479248,0,0,0,0.000000,0
601249,1787824326.0,6.0,1,1,3820,0.019100,1
601250,1787824332.0,6.0,0,0,0,0.000000,0
601251,1787824338.0,6.0,0,0,0,0.000000,0
601252,1787824344.0,6.0,1,1,3821,0.019105,1
601253,1787824350.0,6.0,0,0,0,0.000000,0
601254,1787824356.001,6.000999927520752,0,0,0,0.000000,0
601255,1787824362.0,5.999000072479248,1,1,3820,0.019100,1
601256,1787824368.0,6.0,1,1,39910,0.199550,1
601257,1787824374.0,6.0,0,0,0,0.000000,0
601258,1787824380.001,6.000999927520752,0,0,0,0.000000,0
601259,1787824386.001,6.0,0,0,0,0.000000,0
601260,1787824392.0,5.999000072479248,0,0,0,0.000000,0
601261,1787824398.0,6.0,0,0,0,0.000000,0
601262,1787824404.0,6.0,0,0,0,0.000000,0
601263,1787824410.0,6.0,0,0,0,0.000000,0
601264,1787824416.0,6.0,1,1,231784,1.158920,1
601265,1787824422.0,6.0,0,0,0,0.000000,0
601266,1787824428.0,6.0,0,0,0,0.000000,0
601267,1787824434.0,6.0,0,0,0,0.000000,0
601268,1787824440.0,6.0,0,0,0,0.000000,0
601269,1787824446.001,6.000999927520752,0,0,0,0.000000,0
601270,1787824452.0,5.999000072479248,0,0,0,0.000000,0
601271,1787824458.0,6.0,0,0,0,0.000000,0
601272,1787824464.0,6.0,0,0,0,0.000000,0
601273,1787824470.0,6.0,0,0,0,0.000000,0
601274,1787824476.0,6.0,0,0,0,0.000000,0
601275,1787824482.0,6.0,0,0,0,0.000000,0
601276,1787824488.0,6.0,0,0,0,0.000000,0
601277,1787824494.0,6.0,0,0,0,0.000000,0
601278,1787824500.0,6.0,0,0,0,0.000000,0
601279,1787824506.0,6.0,0,0,0,0.000000,0
601280,1787824512.0,6.0,0,0,0,0.000000,0
601281,1787824518.001,6.000999927520752,0,0,0,0.000000,0
601282,1787824524.0,5.999000072479248,0,0,0,0.000000,0
601283,1787824530.0,6.0,0,0,0,0.000000,0
601284,1787824536.001,6.000999927520752,0,0,0,0.000000,0
601285,1787824542.0,5.999000072479248,0,0,0,0.000000,0
601286,1787824548.0,6.0,0,0,0,0.000000,0
601287,1787824554.0,6.0,1,1,3819,0.019095,1
601288,1787824560.0,6.0,0,0,0,0.000000,0
601289,1787824566.0,6.0,0,0,0,0.000000,0
601290,1787824572.0,6.0,1,1,3821,0.019105,1
601291,1787824578.0,6.0,1,1,231784,1.158920,1
601292,1787824584.001,6.000999927520752,0,0,0,0.000000,0
601293,1787824590.0,5.999000072479248,1,1,3820,0.019100,1
601294,1787824596.0,6.0,0,0,0,0.000000,0
601295,1787824602.001,6.000999927520752,0,0,0,0.000000,0
601296,1787824608.0,5.999000072479248,2,2,7642,0.038210,2
601297,1787824614.0,6.0,0,0,0,0.000000,0
601298,1787824620.001,6.000999927520752,0,0,0,0.000000,0
601299,1787824626.0,5.999000072479248,0,0,0,0.000000,0
601300,1787824632.0,6.0,2,2,7642,0.038210,2
601301,1787824638.0,6.0,0,0,0,0.000000,0
601302,1787824644.0,6.0,0,0,0,0.000000,0
601303,1787824650.0,6.0,0,0,0,0.000000,0
601304,1787824656.0,6.0,0,0,0,0.000000,0
601305,1787824662.001,6.000999927520752,0,0,0,0.000000,0
601306,1787824668.0,5.999000072479248,0,0,0,0.000000,0
601307,1787824674.0,6.0,0,0,0,0.000000,0
601308,1787824680.001,6.000999927520752,0,0,0,0.000000,0
601309,1787824686.0,5.999000072479248,0,0,0,0.000000,0
601310,1787824692.0,6.0,0,0,0,0.000000,0
601311,1787824698.0,6.0,0,0,0,0.000000,0
601312,1787824704.0,6.0,0,0,0,0.000000,0
601313,1787824710.001,6.000999927520752,0,0,0,0.000000,0
601314,1787824716.0,5.999000072479248,0,0,0,0.000000,0
601315,1787824722.001,6.000999927520752,0,0,0,0.000000,0
601316,1787824728.0,5.999000072479248,0,0,0,0.000000,0
601317,1787824734.0,6.0,1,1,231785,1.158925,1
601318,1787824740.0,6.0,0,0,0,0.000000,0
601319,1787824746.0,6.0,0,0,0,0.000000,0
601320,1787824752.0,6.0,0,0,0,0.000000,0
601321,1787824758.0,6.0,0,0,0,0.000000,0
601322,1787824764.0,6.0,0,0,0,0.000000,0
601323,1787824770.0,6.0,0,0,0,0.000000,0
601324,1787824776.0,6.0,0,0,0,0.000000,0
601325,1787824782.0,6.0,0,0,0,0.000000,0
601326,1787824788.0,6.0,0,0,0,0.000000,0
601327,1787824794.0,6.0,0,0,0,0.000000,0
601328,1787824800.0,6.0,0,0,0,0.000000,0
601329,1787824806.0,6.0,0,0,0,0.000000,0
601330,1787824812.0,6.0,0,0,0,0.000000,0
601331,1787824818.0,6.0,0,0,0,0.000000,0
601332,1787824824.0,6.0,0,0,0,0.000000,0
601333,1787824830.001,6.000999927520752,0,0,0,0.000000,0
601334,1787824836.0,5.999000072479248,0,0,0,0.000000,0
601335,1787824842.0,6.0,0,0,0,0.000000,0
601336,1787824848.0,6.0,0,0,0,0.000000,0
601337,1787824854.001,6.000999927520752,0,0,0,0.000000,0
601338,1787824860.0,5.999000072479248,1,1,24800,0.124000,1
601339,1787824866.001,6.000999927520752,0,0,0,0.000000,0
601340,1787824872.0,5.999000072479248,0,0,0,0.000000,0
601341,1787824878.001,6.000999927520752,0,0,0,0.000000,0
601342,1787824884.0,5.999000072479248,0,0,0,0.000000,0
601343,1787824890.0,6.0,0,0,0,0.000000,0
601344,1787824896.0,6.0,1,1,231783,1.158915,1
601345,1787824902.0,6.0,0,0,0,0.000000,0
601346,1787824908.0,6.0,0,0,0,0.000000,0
601347,1787824914.001,6.000999927520752,0,0,0,0.000000,0
601348,1787824920.001,6.0,0,0,0,0.000000,0
601349,1787824926.0,5.999000072479248,0,0,0,0.000000,0
601350,1787824932.0,6.0,0,0,0,0.000000,0
601351,1787824938.0,6.0,0,0,0,0.000000,0
601352,1787824944.001,6.000999927520752,0,0,0,0.000000,0
601353,1787824950.001,6.0,0,0,0,0.000000,0
601354,1787824956.0,5.999000072479248,0,0,0,0.000000,0
601355,1787824962.0,6.0,0,0,0,0.000000,0
601356,1787824968.001,6.000999927520752,0,0,0,0.000000,0
601357,1787824974.0,5.999000072479248,0,0,0,0.000000,0
601358,1787824980.0,6.0,0,0,0,0.000000,0
601359,1787824986.001,6.000999927520752,0,0,0,0.000000,0
601360,1787824992.0,5.999000072479248,0,0,0,0.000000,0
601361,1787824998.0,6.0,0,0,0,0.000000,0
601362,1787825004.0,6.0,0,0,0,0.000000,0
601363,1787825010.0,6.0,0,0,0,0.000000,0
601364,1787825016.0,6.0,0,0,0,0.000000,0
601365,1787825022.0,6.0,0,0,0,0.000000,0
601366,1787825028.0,6.0,0,0,0,0.000000,0
601367,1787825034.0,6.0,0,0,0,0.000000,0
601368,1787825040.0,6.0,0,0,0,0.000000,0
601369,1787825046.0,6.0,0,0,0,0.000000,0
601370,1787825052.001,6.000999927520752,0,0,0,0.000000,0
601371,1787825058.0,5.999000072479248,1,1,231784,1.158920,1
601372,1787825064.0,6.0,0,0,0,0.000000,0
601373,1787825070.0,6.0,0,0,0,0.000000,0
601374,1787825076.0,6.0,0,0,0,0.000000,0
601375,1787825082.001,6.000999927520752,0,0,0,0.000000,0
601376,1787825088.0,5.999000072479248,0,0,0,0.000000,0
601377,1787825094.0,6.0,0,0,0,0.000000,0
601378,1787825100.0,6.0,0,0,0,0.000000,0
601379,1787825106.0,6.0,0,0,0,0.000000,0
601380,1787825112.0,6.0,0,0,0,0.000000,0
601381,1787825118.0,6.0,0,0,0,0.000000,0
601382,1787825124.0,6.0,0,0,0,0.000000,0
601383,1787825130.0,6.0,0,0,0,0.000000,0
601384,1787825136.0,6.0,0,0,0,0.000000,0
601385,1787825142.0,6.0,0,0,0,0.000000,0
601386,1787825148.0,6.0,0,0,0,0.000000,0
601387,1787825154.001,6.000999927520752,0,0,0,0.000000,0
601388,1787825160.0,5.999000072479248,0,0,0,0.000000,0
601389,1787825166.0,6.0,0,0,0,0.000000,0
601390,1787825172.001,6.000999927520752,0,0,0,0.000000,0
601391,1787825178.001,6.0,0,0,0,0.000000,0
601392,1787825184.0,5.999000072479248,0,0,0,0.000000,0
601393,1787825190.0,6.0,0,0,0,0.000000,0
601394,1787825196.001,6.000999927520752,0,0,0,0.000000,0
601395,1787825202.0,5.999000072479248,0,0,0,0.000000,0
601396,1787825208.0,6.0,0,0,0,0.000000,0
601397,1787825214.0,6.0,1,1,231784,1.158920,1
601398,1787825220.0,6.0,0,0,0,0.000000,0
601399,1787825226.0,6.0,0,0,0,0.000000,0
601400,1787825232.0,6.0,0,0,0,0.000000,0
601401,1787825238.0,6.0,0,0,0,0.000000,0
601402,1787825244.001,6.000999927520752,0,0,0,0.000000,0
601403,1787825250.0,5.999000072479248,0,0,0,0.000000,0
601404,1787825256.0,6.0,0,0,0,0.000000,0
601405,1787825262.0,6.0,0,0,0,0.000000,0
601406,1787825268.001,6.000999927520752,0,0,0,0.000000,0
601407,1787825274.0,5.999000072479248,0,0,0,0.000000,0
601408,1787825280.001,6.000999927520752,0,0,0,0.000000,0
601409,1787825286.0,5.999000072479248,0,0,0,0.000000,0
601410,1787825292.0,6.0,0,0,0,0.000000,0
601411,1787825298.0,6.0,0,0,0,0.000000,0
601412,1787825304.0,6.0,0,0,0,0.000000,0
601413,1787825310.0,6.0,0,0,0,0.000000,0
601414,1787825316.001,6.000999927520752,0,0,0,0.000000,0
601415,1787825322.0,5.999000072479248,0,0,0,0.000000,0
601416,1787825328.001,6.000999927520752,0,0,0,0.000000,0
601417,1787825334.001,6.0,0,0,0,0.000000,0
601418,1787825340.0,5.999000072479248,0,0,0,0.000000,0
601419,1787825346.0,6.0,0,0,0,0.000000,0
601420,1787825352.0,6.0,0,0,0,0.000000,0
601421,1787825358.001,6.000999927520752,0,0,0,0.000000,0
601422,1787825364.001,6.0,0,0,0,0.000000,0
601423,1787825370.0,5.999000072479248,1,1,231784,1.158920,1
601424,1787825376.0,6.0,0,0,0,0.000000,0
601425,1787825382.0,6.0,0,0,0,0.000000,0
601426,1787825388.0,6.0,0,0,0,0.000000,0
601427,1787825394.0,6.0,0,0,0,0.000000,0
601428,1787825400.0,6.0,0,0,0,0.000000,0
601429,1787825406.0,6.0,0,0,0,0.000000,0
601430,1787825412.0,6.0,0,0,0,0.000000,0
601431,1787825418.0,6.0,0,0,0,0.000000,0
601432,1787825424.0,6.0,0,0,0,0.000000,0
601433,1787825430.0,6.0,0,0,0,0.000000,0
601434,1787825436.0,6.0,0,0,0,0.000000,0
601435,1787825442.0,6.0,0,0,0,0.000000,0
601436,1787825448.0,6.0,0,0,0,0.000000,0
601437,1787825454.0,6.0,0,0,0,0.000000,0
601438,1787825460.0,6.0,0,0,0,0.000000,0
601439,1787825466.0,6.0,0,0,0,0.000000,0
601440,1787825472.001,6.000999927520752,0,0,0,0.000000,0
601441,1787825478.001,6.0,0,0,0,0.000000,0
601442,1787825484.001,6.0,0,0,0,0.000000,0
601443,1787825490.0,5.999000072479248,0,0,0,0.000000,0
601444,1787825496.0,6.0,0,0,0,0.000000,0
601445,1787825502.0,6.0,0,0,0,0.000000,0
601446,1787825508.001,6.000999927520752,0,0,0,0.000000,0
601447,1787825514.001,6.0,0,0,0,0.000000,0
601448,1787825520.0,5.999000072479248,0,0,0,0.000000,0
601449,1787825526.001,6.000999927520752,0,0,0,0.000000,0
601450,1787825532.0,5.999000072479248,1,1,231785,1.158925,1
601451,1787825538.0,6.0,0,0,0,0.000000,0
601452,1787825544.0,6.0,0,0,0,0.000000,0
601453,1787825550.001,6.000999927520752,0,0,0,0.000000,0
601454,1787825556.0,5.999000072479248,0,0,0,0.000000,0
601455,1787825562.0,6.0,0,0,0,0.000000,0
601456,1787825568.0,6.0,0,0,0,0.000000,0
601457,1787825574.0,6.0,0,0,0,0.000000,0
601458,1787825580.0,6.0,0,0,0,0.000000,0
601459,1787825586.001,6.000999927520752,0,0,0,0.000000,0
601460,1787825592.001,6.0,0,0,0,0.000000,0
601461,1787825598.0,5.999000072479248,0,0,0,0.000000,0
601462,1787825604.0,6.0,0,0,0,0.000000,0
601463,1787825610.001,6.000999927520752,0,0,0,0.000000,0
601464,1787825616.0,5.999000072479248,0,0,0,0.000000,0
601465,1787825622.0,6.0,0,0,0,0.000000,0
601466,1787825628.001,6.000999927520752,0,0,0,0.000000,0
601467,1787825634.0,5.999000072479248,0,0,0,0.000000,0
601468,1787825640.0,6.0,0,0,0,0.000000,0
601469,1787825646.0,6.0,0,0,0,0.000000,0
601470,1787825652.0,6.0,0,0,0,0.000000,0
601471,1787825658.0,6.0,0,0,0,0.000000,0
601472,1787825664.001,6.000999927520752,0,0,0,0.000000,0
601473,1787825670.0,5.999000072479248,0,0,0,0.000000,0
601474,1787825676.0,6.0,0,0,0,0.000000,0
601475,1787825682.0,6.0,0,0,0,0.000000,0
601476,1787825688.0,6.0,1,1,231784,1.158920,1
601477,1787825694.0,6.0,0,0,0,0.000000,0
601478,1787825700.0,6.0,0,0,0,0.000000,0
601479,1787825706.0,6.0,0,0,0,0.000000,0
601480,1787825712.0,6.0,0,0,0,0.000000,0
601481,1787825718.0,6.0,0,0,0,0.000000,0
601482,1787825724.0,6.0,0,0,0,0.000000,0
601483,1787825730.0,6.0,0,0,0,0.000000,0
601484,1787825736.0,6.0,0,0,0,0.000000,0
601485,1787825742.001,6.000999927520752,0,0,0,0.000000,0
601486,1787825748.0,5.999000072479248,0,0,0,0.000000,0
601487,1787825754.0,6.0,0,0,0,0.000000,0
601488,1787825760.0,6.0,0,0,0,0.000000,0
601489,1787825766.0,6.0,0,0,0,0.000000,0
601490,1787825772.0,6.0,0,0,0,0.000000,0
601491,1787825778.001,6.000999927520752,0,0,0,0.000000,0
601492,1787825784.0,5.999000072479248,0,0,0,0.000000,0
601493,1787825790.0,6.0,0,0,0,0.000000,0
601494,1787825796.0,6.0,0,0,0,0.000000,0
601495,1787825802.0,6.0,0,0,0,0.000000,0
601496,1787825808.001,6.000999927520752,0,0,0,0.000000,0
601497,1787825814.0,5.999000072479248,0,0,0,0.000000,0
601498,1787825820.0,6.0,0,0,0,0.000000,0
601499,1787825826.0,6.0,0,0,0,0.000000,0
601500,1787825832.0,6.0,0,0,0,0.000000,0
601501,1787825838.0,6.0,0,0,0,0.000000,0
601502,1787825844.0,6.0,0,0,0,0.000000,0
601503,1787825850.0,6.0,1,1,231783,1.158915,1
601504,1787825856.0,6.0,0,0,0,0.000000,0
601505,1787825862.0,6.0,0,0,0,0.000000,0
601506,1787825868.001,6.000999927520752,0,0,0,0.000000,0
601507,1787825874.0,5.999000072479248,0,0,0,0.000000,0
601508,1787825880.0,6.0,0,0,0,0.000000,0
601509,1787825886.001,6.000999927520752,0,0,0,0.000000,0
601510,1787825892.0,5.999000072479248,0,0,0,0.000000,0
601511,1787825898.0,6.0,0,0,0,0.000000,0
601512,1787825904.001,6.000999927520752,0,0,0,0.000000,0
601513,1787825910.0,5.999000072479248,0,0,0,0.000000,0
601514,1787825916.0,6.0,0,0,0,0.000000,0
601515,1787825922.0,6.0,0,0,0,0.000000,0
601516,1787825928.001,6.000999927520752,0,0,0,0.000000,0
601517,1787825934.0,5.999000072479248,0,0,0,0.000000,0
601518,1787825940.001,6.000999927520752,1,1,8377,0.041885,1
601519,1787825946.0,5.999000072479248,0,0,0,0.000000,0
601520,1787825952.0,6.0,0,0,0,0.000000,0
601521,1787825958.001,6.000999927520752,0,0,0,0.000000,0
601522,1787825964.0,5.999000072479248,0,0,0,0.000000,0
601523,1787825970.001,6.000999927520752,0,0,0,0.000000,0
601524,1787825976.0,5.999000072479248,0,0,0,0.000000,0
601525,1787825982.0,6.0,0,0,0,0.000000,0
601526,1787825988.0,6.0,0,0,0,0.000000,0
601527,1787825994.001,6.000999927520752,0,0,0,0.000000,0
601528,1787826000.0,5.999000072479248,0,0,0,0.000000,0
601529,1787826006.0,6.0,1,1,231784,1.158920,1
601530,1787826012.0,6.0,0,0,0,0.000000,0
601531,1787826018.001,6.000999927520752,0,0,0,0.000000,0
601532,1787826024.0,5.999000072479248,0,0,0,0.000000,0
601533,1787826030.001,6.000999927520752,0,0,0,0.000000,0
601534,1787826036.0,5.999000072479248,0,0,0,0.000000,0
601535,1787826042.0,6.0,0,0,0,0.000000,0
601536,1787826048.0,6.0,0,0,0,0.000000,0
601537,1787826054.0,6.0,0,0,0,0.000000,0
601538,1787826060.0,6.0,0,0,0,0.000000,0
601539,1787826066.001,6.000999927520752,0,0,0,0.000000,0
601540,1787826072.0,5.999000072479248,0,0,0,0.000000,0
601541,1787826078.0,6.0,0,0,0,0.000000,0
601542,1787826084.0,6.0,1,1,9345,0.046725,1
601543,1787826090.0,6.0,0,0,0,0.000000,0
601544,1787826096.0,6.0,0,0,0,0.000000,0
601545,1787826102.001,6.000999927520752,0,0,0,0.000000,0
601546,1787826108.0,5.999000072479248,0,0,0,0.000000,0
601547,1787826114.001,6.000999927520752,0,0,0,0.000000,0
601548,1787826120.0,5.999000072479248,0,0,0,0.000000,0
601549,1787826126.0,6.0,0,0,0,0.000000,0
601550,1787826132.001,6.000999927520752,0,0,0,0.000000,0
601551,1787826138.0,5.999000072479248,0,0,0,0.000000,0
601552,1787826144.0,6.0,0,0,0,0.000000,0
601553,1787826150.001,6.000999927520752,0,0,0,0.000000,0
601554,1787826156.0,5.999000072479248,0,0,0,0.000000,0
601555,1787826162.001,6.000999927520752,0,0,0,0.000000,0
601556,1787826168.0,5.999000072479248,2,2,243811,1.219055,2
601557,1787826174.0,6.0,0,0,0,0.000000,0
601558,1787826180.0,6.0,0,0,0,0.000000,0
601559,1787826186.0,6.0,0,0,0,0.000000,0
601560,1787826192.0,6.0,0,0,0,0.000000,0
601561,1787826198.0,6.0,0,0,0,0.000000,0
601562,1787826204.0,6.0,0,0,0,0.000000,0
601563,1787826210.0,6.0,0,0,0,0.000000,0
601564,1787826216.0,6.0,0,0,0,0.000000,0
601565,1787826222.0,6.0,0,0,0,0.000000,0
601566,1787826228.0,6.0,0,0,0,0.000000,0
601567,1787826234.001,6.000999927520752,0,0,0,0.000000,0
601568,1787826240.001,6.0,0,0,0,0.000000,0
601569,1787826246.0,5.999000072479248,0,0,0,0.000000,0
601570,1787826252.0,6.0,0,0,0,0.000000,0
601571,1787826258.0,6.0,0,0,0,0.000000,0
601572,1787826264.0,6.0,0,0,0,0.000000,0
601573,1787826270.0,6.0,0,0,0,0.000000,0
601574,1787826276.0,6.0,0,0,0,0.000000,0
601575,1787826282.0,6.0,0,0,0,0.000000,0
601576,1787826288.0,6.0,0,0,0,0.000000,0
601577,1787826294.0,6.0,0,0,0,0.000000,0
601578,1787826300.0,6.0,0,0,0,0.000000,0
601579,1787826306.001,6.000999927520752,0,0,0,0.000000,0
601580,1787826312.0,5.999000072479248,0,0,0,0.000000,0
601581,1787826318.0,6.0,0,0,0,0.000000,0
601582,1787826324.0,6.0,1,1,231782,1.158910,1
601583,1787826330.0,6.0,0,0,0,0.000000,0
601584,1787826336.0,6.0,0,0,0,0.000000,0
601585,1787826342.001,6.000999927520752,0,0,0,0.000000,0
601586,1787826348.0,5.999000072479248,1,1,39903,0.199515,1
601587,1787826354.0,6.0,0,0,0,0.000000,0
601588,1787826360.0,6.0,0,0,0,0.000000,0
601589,1787826366.001,6.000999927520752,0,0,0,0.000000,0
601590,1787826372.0,5.999000072479248,0,0,0,0.000000,0
601591,1787826378.0,6.0,0,0,0,0.000000,0
601592,1787826384.0,6.0,0,0,0,0.000000,0
601593,1787826390.0,6.0,0,0,0,0.000000,0
601594,1787826396.0,6.0,0,0,0,0.000000,0
601595,1787826402.0,6.0,0,0,0,0.000000,0
601596,1787826408.001,6.000999927520752,0,0,0,0.000000,0
601597,1787826414.001,6.0,0,0,0,0.000000,0
601598,1787826420.0,5.999000072479248,0,0,0,0.000000,0
601599,1787826426.0,6.0,1,1,10360,0.051800,1
601600,1787826432.0,6.0,0,0,0,0.000000,0
601601,1787826438.0,6.0,0,0,0,0.000000,0
601602,1787826444.0,6.0,0,0,0,0.000000,0
601603,1787826450.0,6.0,0,0,0,0.000000,0
601604,1787826456.0,6.0,0,0,0,0.000000,0
601605,1787826462.0,6.0,0,0,0,0.000000,0
601606,1787826468.0,6.0,0,0,0,0.000000,0
601607,1787826474.0,6.0,0,0,0,0.000000,0
601608,1787826480.0,6.0,1,1,231782,1.158910,1
601609,1787826486.0,6.0,0,0,0,0.000000,0
601610,1787826492.0,6.0,0,0,0,0.000000,0
601611,1787826498.0,6.0,0,0,0,0.000000,0
601612,1787826504.0,6.0,1,1,24471,0.122355,1
601613,1787826510.0,6.0,0,0,0,0.000000,0
601614,1787826516.0,6.0,0,0,0,0.000000,0
601615,1787826522.0,6.0,0,0,0,0.000000,0
601616,1787826528.0,6.0,1,1,3818,0.019090,1
601617,1787826534.001,6.000999927520752,0,0,0,0.000000,0
601618,1787826540.0,5.999000072479248,0,0,0,0.000000,0
601619,1787826546.001,6.000999927520752,0,0,0,0.000000,0
601620,1787826552.0,5.999000072479248,1,1,24469,0.122345,1
601621,1787826558.0,6.0,0,0,0,0.000000,0
601622,1787826564.0,6.0,0,0,0,0.000000,0
601623,1787826570.001,6.000999927520752,0,0,0,0.000000,0
601624,1787826576.0,5.999000072479248,0,0,0,0.000000,0
601625,1787826582.0,6.0,0,0,0,0.000000,0
601626,1787826588.0,6.0,0,0,0,0.000000,0
601627,1787826594.0,6.0,0,0,0,0.000000,0
601628,1787826600.001,6.000999927520752,0,0,0,0.000000,0
601629,1787826606.0,5.999000072479248,1,1,30262,0.151310,1
601630,1787826612.001,6.000999927520752,0,0,0,0.000000,0
601631,1787826618.0,5.999000072479248,0,0,0,0.000000,0
601632,1787826624.0,6.0,0,0,0,0.000000,0
601633,1787826630.0,6.0,0,0,0,0.000000,0
601634,1787826636.0,6.0,1,1,231777,1.158885,1
601635,1787826642.0,6.0,0,0,0,0.000000,0
601636,1787826648.001,6.000999927520752,0,0,0,0.000000,0
601637,1787826654.0,5.999000072479248,0,0,0,0.000000,0
601638,1787826660.0,6.0,0,0,0,0.000000,0
601639,1787826666.0,6.0,0,0,0,0.000000,0
601640,1787826672.0,6.0,0,0,0,0.000000,0
601641,1787826678.0,6.0,0,0,0,0.000000,0
601642,1787826684.0,6.0,0,0,0,0.000000,0
601643,1787826690.0,6.0,0,0,0,0.000000,0
601644,1787826696.0,6.0,0,0,0,0.000000,0
601645,1787826702.0,6.0,0,0,0,0.000000,0
601646,1787826708.0,6.0,0,0,0,0.000000,0
601647,1787826714.001,6.000999927520752,0,0,0,0.000000,0
601648,1787826720.0,5.999000072479248,0,0,0,0.000000,0
601649,1787826726.0,6.0,0,0,0,0.000000,0
601650,1787826732.001,6.000999927520752,0,0,0,0.000000,0
601651,1787826738.001,6.0,0,0,0,0.000000,0
601652,1787826744.0,5.999000072479248,0,0,0,0.000000,0
601653,1787826750.0,6.0,0,0,0,0.000000,0
601654,1787826756.0,6.0,0,0,0,0.000000,0
601655,1787826762.0,6.0,0,0,0,0.000000,0
601656,1787826768.0,6.0,0,0,0,0.000000,0
601657,1787826774.001,6.000999927520752,0,0,0,0.000000,0
601658,1787826780.0,5.999000072479248,0,0,0,0.000000,0
601659,1787826786.0,6.0,0,0,0,0.000000,0
601660,1787826792.0,6.0,1,1,231782,1.158910,1
601661,1787826798.0,6.0,0,0,0,0.000000,0
601662,1787826804.0,6.0,0,0,0,0.000000,0
601663,1787826810.0,6.0,0,0,0,0.000000,0
601664,1787826816.0,6.0,0,0,0,0.000000,0
601665,1787826822.0,6.0,0,0,0,0.000000,0
601666,1787826828.0,6.0,0,0,0,0.000000,0
601667,1787826834.0,6.0,0,0,0,0.000000,0
601668,1787826840.0,6.0,0,0,0,0.000000,0
601669,1787826846.001,6.000999927520752,0,0,0,0.000000,0
601670,1787826852.001,6.0,0,0,0,0.000000,0
601671,1787826858.0,5.999000072479248,0,0,0,0.000000,0
601672,1787826864.0,6.0,0,0,0,0.000000,0
601673,1787826870.0,6.0,0,0,0,0.000000,0
601674,1787826876.0,6.0,0,0,0,0.000000,0
601675,1787826882.0,6.0,0,0,0,0.000000,0
601676,1787826888.0,6.0,0,0,0,0.000000,0
601677,1787826894.0,6.0,1,1,79452,0.397260,1
601678,1787826900.001,6.000999927520752,0,0,0,0.000000,0
601679,1787826906.0,5.999000072479248,0,0,0,0.000000,0
601680,1787826912.0,6.0,0,0,0,0.000000,0
601681,1787826918.0,6.0,0,0,0,0.000000,0
601682,1787826924.0,6.0,0,0,0,0.000000,0
601683,1787826930.0,6.0,0,0,0,0.000000,0
601684,1787826936.0,6.0,0,0,0,0.000000,0
601685,1787826942.0,6.0,0,0,0,0.000000,0
601686,1787826948.0,6.0,0,0,0,0.000000,0
601687,1787826954.0,6.0,0,0,0,0.000000,0
601688,1787826960.0,6.0,0,0,0,0.000000,0
601689,1787826966.0,6.0,0,0,0,0.000000,0
601690,1787826972.0,6.0,1,1,40009,0.200045,1
601691,1787826978.0,6.0,0,0,0,0.000000,0
601692,1787826984.0,6.0,0,0,0,0.000000,0
601693,1787826990.0,6.0,0,0,0,0.000000,0
601694,1787826996.0,6.0,0,0,0,0.000000,0
601695,1787827002.0,6.0,0,0,0,0.000000,0
601696,1787827008.0,6.0,0,0,0,0.000000,0
601697,1787827014.001,6.000999927520752,0,0,0,0.000000,0
601698,1787827020.001,6.0,0,0,0,0.000000,0
601699,1787827026.0,5.999000072479248,0,0,0,0.000000,0
601700,1787827032.001,6.000999927520752,0,0,0,0.000000,0
601701,1787827038.0,5.999000072479248,0,0,0,0.000000,0
601702,1787827044.0,6.0,0,0,0,0.000000,0
601703,1787827050.0,6.0,0,0,0,0.000000,0
601704,1787827056.0,6.0,0,0,0,0.000000,0
601705,1787827062.001,6.000999927520752,0,0,0,0.000000,0
601706,1787827068.001,6.0,0,0,0,0.000000,0
601707,1787827074.0,5.999000072479248,0,0,0,0.000000,0
601708,1787827080.001,6.000999927520752,0,0,0,0.000000,0
601709,1787827086.0,5.999000072479248,0,0,0,0.000000,0
601710,1787827092.0,6.0,0,0,0,0.000000,0
601711,1787827098.0,6.0,0,0,0,0.000000,0
601712,1787827104.0,6.0,0,0,0,0.000000,0
601713,1787827110.0,6.0,0,0,0,0.000000,0
601714,1787827116.001,6.000999927520752,1,1,13818,0.069090,1
601715,1787827122.0,5.999000072479248,0,0,0,0.000000,0
601716,1787827128.0,6.0,0,0,0,0.000000,0
601717,1787827134.0,6.0,0,0,0,0.000000,0
601718,1787827140.0,6.0,0,0,0,0.000000,0
601719,1787827146.0,6.0,0,0,0,0.000000,0
601720,1787827152.0,6.0,0,0,0,0.000000,0
601721,1787827158.0,6.0,0,0,0,0.000000,0
601722,1787827164.0,6.0,0,0,0,0.000000,0
601723,1787827170.0,6.0,0,0,0,0.000000,0
601724,1787827176.0,6.0,0,0,0,0.000000,0
601725,1787827182.0,6.0,0,0,0,0.000000,0
601726,1787827188.0,6.0,0,0,0,0.000000,0
601727,1787827194.0,6.0,0,0,0,0.000000,0
601728,1787827200.0,6.0,0,0,0,0.000000,0
601729,1787827206.0,6.0,0,0,0,0.000000,0
601730,1787827212.001,6.000999927520752,0,0,0,0.000000,0
601731,1787827218.0,5.999000072479248,0,0,0,0.000000,0
601732,1787827224.0,6.0,0,0,0,0.000000,0
601733,1787827230.0,6.0,0,0,0,0.000000,0
601734,1787827236.0,6.0,0,0,0,0.000000,0
601735,1787827242.0,6.0,0,0,0,0.000000,0
601736,1787827248.0,6.0,0,0,0,0.000000,0
601737,1787827254.0,6.0,0,0,0,0.000000,0
601738,1787827260.0,6.0,0,0,0,0.000000,0
601739,1787827266.0,6.0,0,0,0,0.000000,0
601740,1787827272.001,6.000999927520752,0,0,0,0.000000,0
601741,1787827278.001,6.0,0,0,0,0.000000,0
601742,1787827284.0,5.999000072479248,0,0,0,0.000000,0
601743,1787827290.0,6.0,0,0,0,0.000000,0
601744,1787827296.0,6.0,0,0,0,0.000000,0
601745,1787827302.0,6.0,0,0,0,0.000000,0
601746,1787827308.0,6.0,0,0,0,0.000000,0
601747,1787827314.0,6.0,0,0,0,0.000000,0
601748,1787827320.0,6.0,0,0,0,0.000000,0
601749,1787827326.0,6.0,0,0,0,0.000000,0
601750,1787827332.0,6.0,0,0,0,0.000000,0
601751,1787827338.0,6.0,0,0,0,0.000000,0
601752,1787827344.0,6.0,0,0,0,0.000000,0
601753,1787827350.0,6.0,0,0,0,0.000000,0
601754,1787827356.0,6.0,0,0,0,0.000000,0
601755,1787827362.0,6.0,0,0,0,0.000000,0
601756,1787827368.0,6.0,0,0,0,0.000000,0
601757,1787827374.0,6.0,0,0,0,0.000000,0
601758,1787827380.0,6.0,0,0,0,0.000000,0
601759,1787827386.0,6.0,0,0,0,0.000000,0
601760,1787827392.001,6.000999927520752,0,0,0,0.000000,0
601761,1787827398.0,5.999000072479248,0,0,0,0.000000,0
601762,1787827404.0,6.0,0,0,0,0.000000,0
601763,1787827410.0,6.0,0,0,0,0.000000,0
601764,1787827416.0,6.0,0,0,0,0.000000,0
601765,1787827422.001,6.000999927520752,0,0,0,0.000000,0
601766,1787827428.0,5.999000072479248,0,0,0,0.000000,0
601767,1787827434.001,6.000999927520752,0,0,0,0.000000,0
601768,1787827440.0,5.999000072479248,0,0,0,0.000000,0
601769,1787827446.0,6.0,0,0,0,0.000000,0
601770,1787827452.0,6.0,0,0,0,0.000000,0
601771,1787827458.0,6.0,0,0,0,0.000000,0
601772,1787827464.0,6.0,0,0,0,0.000000,0
601773,1787827470.0,6.0,0,0,0,0.000000,0
601774,1787827476.0,6.0,1,1,9345,0.046725,1
601775,1787827482.0,6.0,0,0,0,0.000000,0
601776,1787827488.001,6.000999927520752,0,0,0,0.000000,0
601777,1787827494.0,5.999000072479248,0,0,0,0.000000,0
601778,1787827500.0,6.0,0,0,0,0.000000,0
601779,1787827506.0,6.0,0,0,0,0.000000,0
601780,1787827512.001,6.000999927520752,0,0,0,0.000000,0
601781,1787827518.0,5.999000072479248,1,1,12026,0.060130,1
601782,1787827524.0,6.0,0,0,0,0.000000,0
601783,1787827530.0,6.0,0,0,0,0.000000,0
601784,1787827536.001,6.000999927520752,0,0,0,0.000000,0
601785,1787827542.0,5.999000072479248,0,0,0,0.000000,0
601786,1787827548.0,6.0,0,0,0,0.000000,0
601787,1787827554.0,6.0,1,1,29712,0.148560,1
601788,1787827560.0,6.0,1,1,40020,0.200100,1
601789,1787827566.0,6.0,0,0,0,0.000000,0
601790,1787827572.0,6.0,0,0,0,0.000000,0
601791,1787827578.0,6.0,0,0,0,0.000000,0
601792,1787827584.0,6.0,0,0,0,0.000000,0
601793,1787827590.0,6.0,0,0,0,0.000000,0
601794,1787827596.0,6.0,0,0,0,0.000000,0
601795,1787827602.0,6.0,0,0,0,0.000000,0
601796,1787827608.0,6.0,0,0,0,0.000000,0
601797,1787827614.001,6.000999927520752,0,0,0,0.000000,0
601798,1787827620.0,5.999000072479248,0,0,0,0.000000,0
601799,1787827626.0,6.0,0,0,0,0.000000,0
601800,1787827632.0,6.0,0,0,0,0.000000,0
601801,1787827638.0,6.0,0,0,0,0.000000,0
601802,1787827644.0,6.0,0,0,0,0.000000,0
601803,1787827650.001,6.000999927520752,0,0,0,0.000000,0
601804,1787827656.0,5.999000072479248,0,0,0,0.000000,0
601805,1787827662.0,6.0,0,0,0,0.000000,0
601806,1787827668.001,6.000999927520752,0,0,0,0.000000,0
601807,1787827674.0,5.999000072479248,0,0,0,0.000000,0
601808,1787827680.0,6.0,0,0,0,0.000000,0
601809,1787827686.001,6.000999927520752,0,0,0,0.000000,0
601810,1787827692.0,5.999000072479248,0,0,0,0.000000,0
601811,1787827698.0,6.0,1,1,18524,0.092620,1
601812,1787827704.0,6.0,0,0,0,0.000000,0
601813,1787827710.001,6.000999927520752,0,0,0,0.000000,0
601814,1787827716.0,5.999000072479248,0,0,0,0.000000,0
601815,1787827722.001,6.000999927520752,0,0,0,0.000000,0
601816,1787827728.0,5.999000072479248,0,0,0,0.000000,0
601817,1787827734.0,6.0,0,0,0,0.000000,0
601818,1787827740.001,6.000999927520752,0,0,0,0.000000,0
601819,1787827746.001,6.0,0,0,0,0.000000,0
601820,1787827752.001,6.0,0,0,0,0.000000,0
601821,1787827758.0,5.999000072479248,0,0,0,0.000000,0
601822,1787827764.0,6.0,0,0,0,0.000000,0
601823,1787827770.0,6.0,0,0,0,0.000000,0
601824,1787827776.0,6.0,0,0,0,0.000000,0
601825,1787827782.0,6.0,0,0,0,0.000000,0
601826,1787827788.0,6.0,0,0,0,0.000000,0
601827,1787827794.0,6.0,0,0,0,0.000000,0
601828,1787827800.0,6.0,0,0,0,0.000000,0
601829,1787827806.0,6.0,0,0,0,0.000000,0
601830,1787827812.0,6.0,0,0,0,0.000000,0
601831,1787827818.0,6.0,0,0,0,0.000000,0
601832,1787827824.0,6.0,0,0,0,0.000000,0
601833,1787827830.0,6.0,0,0,0,0.000000,0
601834,1787827836.0,6.0,0,0,0,0.000000,0
601835,1787827842.0,6.0,0,0,0,0.000000,0
601836,1787827848.0,6.0,0,0,0,0.000000,0
601837,1787827854.0,6.0,0,0,0,0.000000,0
601838,1787827860.0,6.0,0,0,0,0.000000,0
601839,1787827866.0,6.0,0,0,0,0.000000,0
601840,1787827872.0,6.0,0,0,0,0.000000,0
601841,1787827878.0,6.0,0,0,0,0.000000,0
601842,1787827884.001,6.000999927520752,0,0,0,0.000000,0
601843,1787827890.0,5.999000072479248,0,0,0,0.000000,0
601844,1787827896.0,6.0,0,0,0,0.000000,0
601845,1787827902.0,6.0,0,0,0,0.000000,0
601846,1787827908.0,6.0,0,0,0,0.000000,0
601847,1787827914.0,6.0,0,0,0,0.000000,0
601848,1787827920.001,6.000999927520752,0,0,0,0.000000,0
601849,1787827926.001,6.0,0,0,0,0.000000,0
601850,1787827932.0,5.999000072479248,0,0,0,0.000000,0
601851,1787827938.001,6.000999927520752,0,0,0,0.000000,0
601852,1787827944.0,5.999000072479248,0,0,0,0.000000,0
601853,1787827950.0,6.0,0,0,0,0.000000,0
601854,1787827956.0,6.0,0,0,0,0.000000,0
601855,1787827962.0,6.0,0,0,0,0.000000,0
601856,1787827968.0,6.0,0,0,0,0.000000,0
601857,1787827974.0,6.0,0,0,0,0.000000,0
601858,1787827980.0,6.0,0,0,0,0.000000,0
601859,1787827986.0,6.0,0,0,0,0.000000,0
601860,1787827992.0,6.0,0,0,0,0.000000,0
601861,1787827998.0,6.0,0,0,0,0.000000,0
601862,1787828004.0,6.0,0,0,0,0.000000,0
601863,1787828010.0,6.0,0,0,0,0.000000,0
601864,1787828016.0,6.0,0,0,0,0.000000,0
601865,1787828022.0,6.0,0,0,0,0.000000,0
601866,1787828028.001,6.000999927520752,0,0,0,0.000000,0
601867,1787828034.0,5.999000072479248,0,0,0,0.000000,0
601868,1787828040.0,6.0,0,0,0,0.000000,0
601869,1787828046.0,6.0,0,0,0,0.000000,0
601870,1787828052.0,6.0,0,0,0,0.000000,0
601871,1787828058.0,6.0,0,0,0,0.000000,0
601872,1787828064.001,6.000999927520752,0,0,0,0.000000,0
601873,1787828070.0,5.999000072479248,0,0,0,0.000000,0
601874,1787828076.0,6.0,0,0,0,0.000000,0
601875,1787828082.0,6.0,0,0,0,0.000000,0
601876,1787828088.0,6.0,0,0,0,0.000000,0
601877,1787828094.001,6.000999927520752,0,0,0,0.000000,0
601878,1787828100.0,5.999000072479248,0,0,0,0.000000,0
601879,1787828106.0,6.0,0,0,0,0.000000,0
601880,1787828112.0,6.0,0,0,0,0.000000,0
601881,1787828118.0,6.0,0,0,0,0.000000,0
601882,1787828124.0,6.0,0,0,0,0.000000,0
601883,1787828130.0,6.0,0,0,0,0.000000,0
601884,1787828136.0,6.0,0,0,0,0.000000,0
601885,1787828142.001,6.000999927520752,0,0,0,0.000000,0
601886,1787828148.0,5.999000072479248,0,0,0,0.000000,0
601887,1787828154.0,6.0,0,0,0,0.000000,0
601888,1787828160.0,6.0,0,0,0,0.000000,0
601889,1787828166.0,6.0,0,0,0,0.000000,0
601890,1787828172.001,6.000999927520752,0,0,0,0.000000,0
601891,1787828178.0,5.999000072479248,0,0,0,0.000000,0
601892,1787828184.0,6.0,0,0,0,0.000000,0
601893,1787828190.0,6.0,0,0,0,0.000000,0
601894,1787828196.0,6.0,0,0,0,0.000000,0
601895,1787828202.0,6.0,0,0,0,0.000000,0
601896,1787828208.0,6.0,0,0,0,0.000000,0
601897,1787828214.0,6.0,0,0,0,0.000000,0
601898,1787828220.001,6.000999927520752,0,0,0,0.000000,0
601899,1787828226.0,5.999000072479248,0,0,0,0.000000,0
601900,1787828232.0,6.0,0,0,0,0.000000,0
601901,1787828238.0,6.0,0,0,0,0.000000,0
601902,1787828244.0,6.0,0,0,0,0.000000,0
601903,1787828250.0,6.0,0,0,0,0.000000,0
601904,1787828256.001,6.000999927520752,0,0,0,0.000000,0
601905,1787828262.0,5.999000072479248,0,0,0,0.000000,0
601906,1787828268.0,6.0,0,0,0,0.000000,0
601907,1787828274.0,6.0,0,0,0,0.000000,0
601908,1787828280.0,6.0,0,0,0,0.000000,0
601909,1787828286.0,6.0,0,0,0,0.000000,0
601910,1787828292.0,6.0,0,0,0,0.000000,0
601911,1787828298.0,6.0,0,0,0,0.000000,0
601912,1787828304.0,6.0,0,0,0,0.000000,0
601913,1787828310.0,6.0,0,0,0,0.000000,0
601914,1787828316.0,6.0,0,0,0,0.000000,0
601915,1787828322.0,6.0,0,0,0,0.000000,0
601916,1787828328.001,6.000999927520752,0,0,0,0.000000,0
601917,1787828334.0,5.999000072479248,0,0,0,0.000000,0
601918,1787828340.0,6.0,0,0,0,0.000000,0
601919,1787828346.0,6.0,0,0,0,0.000000,0
601920,1787828352.0,6.0,0,0,0,0.000000,0
601921,1787828358.0,6.0,0,0,0,0.000000,0
601922,1787828364.0,6.0,0,0,0,0.000000,0
601923,1787828370.0,6.0,0,0,0,0.000000,0
601924,1787828376.001,6.000999927520752,0,0,0,0.000000,0
601925,1787828382.0,5.999000072479248,0,0,0,0.000000,0
601926,1787828388.001,6.000999927520752,0,0,0,0.000000,0
601927,1787828394.0,5.999000072479248,0,0,0,0.000000,0
601928,1787828400.001,6.000999927520752,0,0,0,0.000000,0
601929,1787828406.001,6.0,0,0,0,0.000000,0
601930,1787828412.001,6.0,0,0,0,0.000000,0
601931,1787828418.0,5.999000072479248,0,0,0,0.000000,0
601932,1787828424.001,6.000999927520752,0,0,0,0.000000,0
601933,1787828430.001,6.0,0,0,0,0.000000,0
601934,1787828436.0,5.999000072479248,0,0,0,0.000000,0
601935,1787828442.0,6.0,0,0,0,0.000000,0
601936,1787828448.0,6.0,0,0,0,0.000000,0
601937,1787828454.0,6.0,0,0,0,0.000000,0
601938,1787828460.0,6.0,0,0,0,0.000000,0
601939,1787828466.0,6.0,1,1,9344,0.046720,1
601940,1787828472.0,6.0,0,0,0,0.000000,0
601941,1787828478.001,6.000999927520752,0,0,0,0.000000,0
601942,1787828484.0,5.999000072479248,0,0,0,0.000000,0
601943,1787828490.001,6.000999927520752,0,0,0,0.000000,0
601944,1787828496.0,5.999000072479248,0,0,0,0.000000,0
601945,1787828502.0,6.0,0,0,0,0.000000,0
601946,1787828508.0,6.0,1,1,12028,0.060140,1
601947,1787828514.001,6.000999927520752,0,0,0,0.000000,0
601948,1787828520.0,5.999000072479248,0,0,0,0.000000,0
601949,1787828526.0,6.0,0,0,0,0.000000,0
601950,1787828532.0,6.0,0,0,0,0.000000,0
601951,1787828538.0,6.0,0,0,0,0.000000,0
601952,1787828544.0,6.0,0,0,0,0.000000,0
601953,1787828550.0,6.0,0,0,0,0.000000,0
601954,1787828556.0,6.0,0,0,0,0.000000,0
601955,1787828562.001,6.000999927520752,0,0,0,0.000000,0
601956,1787828568.0,5.999000072479248,0,0,0,0.000000,0
601957,1787828574.001,6.000999927520752,0,0,0,0.000000,0
601958,1787828580.0,5.999000072479248,0,0,0,0.000000,0
601959,1787828586.0,6.0,0,0,0,0.000000,0
601960,1787828592.001,6.000999927520752,1,1,3819,0.019095,1
601961,1787828598.001,6.0,0,0,0,0.000000,0
601962,1787828604.0,5.999000072479248,0,0,0,0.000000,0
601963,1787828610.0,6.0,0,0,0,0.000000,0
601964,1787828616.0,6.0,0,0,0,0.000000,0
601965,1787828622.0,6.0,0,0,0,0.000000,0
601966,1787828628.001,6.000999927520752,0,0,0,0.000000,0
601967,1787828634.0,5.999000072479248,1,1,3733,0.018665,1
601968,1787828640.0,6.0,0,0,0,0.000000,0
601969,1787828646.0,6.0,0,0,0,0.000000,0
601970,1787828652.0,6.0,0,0,0,0.000000,0
601971,1787828658.0,6.0,0,0,0,0.000000,0
601972,1787828664.0,6.0,0,0,0,0.000000,0
601973,1787828670.0,6.0,0,0,0,0.000000,0
601974,1787828676.0,6.0,1,1,231783,1.158915,1
601975,1787828682.0,6.0,0,0,0,0.000000,0
601976,1787828688.0,6.0,0,0,0,0.000000,0
601977,1787828694.0,6.0,0,0,0,0.000000,0
601978,1787828700.001,6.000999927520752,0,0,0,0.000000,0
601979,1787828706.001,6.0,0,0,0,0.000000,0
601980,1787828712.0,5.999000072479248,0,0,0,0.000000,0
601981,1787828718.0,6.0,0,0,0,0.000000,0
601982,1787828724.0,6.0,0,0,0,0.000000,0
601983,1787828730.001,6.000999927520752,0,0,0,0.000000,0
601984,1787828736.0,5.999000072479248,0,0,0,0.000000,0
601985,1787828742.0,6.0,0,0,0,0.000000,0
601986,1787828748.0,6.0,0,0,0,0.000000,0
601987,1787828754.0,6.0,0,0,0,0.000000,0
601988,1787828760.0,6.0,0,0,0,0.000000,0
601989,1787828766.001,6.000999927520752,0,0,0,0.000000,0
601990,1787828772.0,5.999000072479248,0,0,0,0.000000,0
601991,1787828778.001,6.000999927520752,0,0,0,0.000000,0
601992,1787828784.0,5.999000072479248,0,0,0,0.000000,0
601993,1787828790.0,6.0,1,1,40012,0.200060,1
601994,1787828796.001,6.000999927520752,0,0,0,0.000000,0
601995,1787828802.0,5.999000072479248,0,0,0,0.000000,0
601996,1787828808.0,6.0,0,0,0,0.000000,0
601997,1787828814.001,6.000999927520752,0,0,0,0.000000,0
601998,1787828820.0,5.999000072479248,0,0,0,0.000000,0
601999,1787828826.0,6.0,0,0,0,0.000000,0
602000,1787828832.0,6.0,1,1,231782,1.158910,1
602001,1787828838.0,6.0,0,0,0,0.000000,0
602002,1787828844.0,6.0,0,0,0,0.000000,0
602003,1787828850.0,6.0,0,0,0,0.000000,0
602004,1787828856.0,6.0,0,0,0,0.000000,0
602005,1787828862.0,6.0,0,0,0,0.000000,0
602006,1787828868.0,6.0,0,0,0,0.000000,0
602007,1787828874.0,6.0,0,0,0,0.000000,0
602008,1787828880.0,6.0,0,0,0,0.000000,0
602009,1787828886.0,6.0,0,0,0,0.000000,0
602010,1787828892.0,6.0,0,0,0,0.000000,0
602011,1787828898.0,6.0,0,0,0,0.000000,0
602012,1787828904.0,6.0,0,0,0,0.000000,0
602013,1787828910.0,6.0,0,0,0,0.000000,0
602014,1787828916.0,6.0,0,0,0,0.000000,0
602015,1787828922.0,6.0,0,0,0,0.000000,0
602016,1787828928.0,6.0,0,0,0,0.000000,0
602017,1787828934.0,6.0,0,0,0,0.000000,0
602018,1787828940.0,6.0,0,0,0,0.000000,0
602019,1787828946.001,6.000999927520752,0,0,0,0.000000,0
602020,1787828952.0,5.999000072479248,0,0,0,0.000000,0
602021,1787828958.0,6.0,0,0,0,0.000000,0
602022,1787828964.001,6.000999927520752,0,0,0,0.000000,0
602023,1787828970.0,5.999000072479248,0,0,0,0.000000,0
602024,1787828976.0,6.0,0,0,0,0.000000,0
602025,1787828982.001,6.000999927520752,0,0,0,0.000000,0
602026,1787828988.0,5.999000072479248,1,1,231783,1.158915,1
602027,1787828994.001,6.000999927520752,0,0,0,0.000000,0
602028,1787829000.0,5.999000072479248,0,0,0,0.000000,0
602029,1787829006.0,6.0,0,0,0,0.000000,0
602030,1787829012.0,6.0,0,0,0,0.000000,0
602031,1787829018.001,6.000999927520752,0,0,0,0.000000,0
602032,1787829024.0,5.999000072479248,0,0,0,0.000000,0
602033,1787829030.0,6.0,0,0,0,0.000000,0
602034,1787829036.001,6.000999927520752,0,0,0,0.000000,0
602035,1787829042.001,6.0,0,0,0,0.000000,0
602036,1787829048.0,5.999000072479248,0,0,0,0.000000,0
602037,1787829054.0,6.0,0,0,0,0.000000,0
602038,1787829060.0,6.0,0,0,0,0.000000,0
602039,1787829066.0,6.0,0,0,0,0.000000,0
602040,1787829072.0,6.0,0,0,0,0.000000,0
602041,1787829078.0,6.0,0,0,0,0.000000,0
602042,1787829084.001,6.000999927520752,0,0,0,0.000000,0
602043,1787829090.0,5.999000072479248,0,0,0,0.000000,0
602044,1787829096.0,6.0,0,0,0,0.000000,0
602045,1787829102.0,6.0,0,0,0,0.000000,0
602046,1787829108.0,6.0,0,0,0,0.000000,0
602047,1787829114.0,6.0,0,0,0,0.000000,0
602048,1787829120.0,6.0,0,0,0,0.000000,0
602049,1787829126.001,6.000999927520752,0,0,0,0.000000,0
602050,1787829132.0,5.999000072479248,0,0,0,0.000000,0
602051,1787829138.0,6.0,0,0,0,0.000000,0
602052,1787829144.0,6.0,0,0,0,0.000000,0
602053,1787829150.0,6.0,1,1,231784,1.158920,1
602054,1787829156.0,6.0,0,0,0,0.000000,0
602055,1787829162.0,6.0,0,0,0,0.000000,0
602056,1787829168.0,6.0,0,0,0,0.000000,0
602057,1787829174.0,6.0,0,0,0,0.000000,0
602058,1787829180.0,6.0,0,0,0,0.000000,0
602059,1787829186.0,6.0,0,0,0,0.000000,0
602060,1787829192.001,6.000999927520752,0,0,0,0.000000,0
602061,1787829198.001,6.0,0,0,0,0.000000,0
602062,1787829204.0,5.999000072479248,0,0,0,0.000000,0
602063,1787829210.0,6.0,0,0,0,0.000000,0
602064,1787829216.001,6.000999927520752,0,0,0,0.000000,0
602065,1787829222.0,5.999000072479248,0,0,0,0.000000,0
602066,1787829228.001,6.000999927520752,0,0,0,0.000000,0
602067,1787829234.0,5.999000072479248,0,0,0,0.000000,0
602068,1787829240.0,6.0,1,1,3820,0.019100,1
602069,1787829246.0,6.0,0,0,0,0.000000,0
602070,1787829252.0,6.0,0,0,0,0.000000,0
602071,1787829258.001,6.000999927520752,0,0,0,0.000000,0
602072,1787829264.0,5.999000072479248,0,0,0,0.000000,0
602073,1787829270.0,6.0,1,1,3820,0.019100,1
602074,1787829276.0,6.0,0,0,0,0.000000,0
602075,1787829282.001,6.000999927520752,0,0,0,0.000000,0
602076,1787829288.0,5.999000072479248,1,1,3822,0.019110,1
602077,1787829294.001,6.000999927520752,0,0,0,0.000000,0
602078,1787829300.0,5.999000072479248,0,0,0,0.000000,0
602079,1787829306.001,6.000999927520752,1,1,231782,1.158910,1
602080,1787829312.0,5.999000072479248,0,0,0,0.000000,0
602081,1787829318.001,6.000999927520752,0,0,0,0.000000,0
602082,1787829324.0,5.999000072479248,0,0,0,0.000000,0
602083,1787829330.0,6.0,0,0,0,0.000000,0
602084,1787829336.0,6.0,0,0,0,0.000000,0
602085,1787829342.001,6.000999927520752,0,0,0,0.000000,0
602086,1787829348.0,5.999000072479248,0,0,0,0.000000,0
602087,1787829354.0,6.0,0,0,0,0.000000,0
602088,1787829360.0,6.0,0,0,0,0.000000,0
602089,1787829366.0,6.0,0,0,0,0.000000,0
602090,1787829372.0,6.0,0,0,0,0.000000,0
602091,1787829378.001,6.000999927520752,0,0,0,0.000000,0
602092,1787829384.0,5.999000072479248,0,0,0,0.000000,0
602093,1787829390.0,6.0,0,0,0,0.000000,0
602094,1787829396.001,6.000999927520752,0,0,0,0.000000,0
602095,1787829402.0,5.999000072479248,0,0,0,0.000000,0
602096,1787829408.0,6.0,0,0,0,0.000000,0
602097,1787829414.001,6.000999927520752,0,0,0,0.000000,0
602098,1787829420.0,5.999000072479248,0,0,0,0.000000,0
602099,1787829426.0,6.0,0,0,0,0.000000,0
602100,1787829432.0,6.0,0,0,0,0.000000,0
602101,1787829438.0,6.0,0,0,0,0.000000,0
602102,1787829444.0,6.0,0,0,0,0.000000,0
602103,1787829450.0,6.0,0,0,0,0.000000,0
602104,1787829456.0,6.0,0,0,0,0.000000,0
602105,1787829462.001,6.000999927520752,1,1,231784,1.158920,1
602106,1787829468.001,6.0,0,0,0,0.000000,0
602107,1787829474.0,5.999000072479248,0,0,0,0.000000,0
602108,1787829480.0,6.0,0,0,0,0.000000,0
602109,1787829486.0,6.0,0,0,0,0.000000,0
602110,1787829492.001,6.000999927520752,0,0,0,0.000000,0
602111,1787829498.0,5.999000072479248,0,0,0,0.000000,0
602112,1787829504.0,6.0,1,1,8516,0.042580,1
602113,1787829510.0,6.0,0,0,0,0.000000,0
602114,1787829516.0,6.0,0,0,0,0.000000,0
602115,1787829522.001,6.000999927520752,0,0,0,0.000000,0
602116,1787829528.0,5.999000072479248,0,0,0,0.000000,0
602117,1787829534.0,6.0,0,0,0,0.000000,0
602118,1787829540.0,6.0,0,0,0,0.000000,0
602119,1787829546.0,6.0,0,0,0,0.000000,0
602120,1787829552.0,6.0,1,1,8509,0.042545,1
602121,1787829558.0,6.0,0,0,0,0.000000,0
602122,1787829564.001,6.000999927520752,0,0,0,0.000000,0
602123,1787829570.001,6.0,0,0,0,0.000000,0
602124,1787829576.0,5.999000072479248,0,0,0,0.000000,0
602125,1787829582.0,6.0,0,0,0,0.000000,0
602126,1787829588.0,6.0,0,0,0,0.000000,0
602127,1787829594.0,6.0,0,0,0,0.000000,0
602128,1787829600.001,6.000999927520752,0,0,0,0.000000,0
602129,1787829606.0,5.999000072479248,0,0,0,0.000000,0
602130,1787829612.001,6.000999927520752,0,0,0,0.000000,0
602131,1787829618.0,5.999000072479248,0,0,0,0.000000,0
602132,1787829624.001,6.000999927520752,1,1,231784,1.158920,1
602133,1787829630.001,6.0,0,0,0,0.000000,0
602134,1787829636.001,6.0,0,0,0,0.000000,0
602135,1787829642.0,5.999000072479248,0,0,0,0.000000,0
602136,1787829648.0,6.0,0,0,0,0.000000,0
602137,1787829654.0,6.0,0,0,0,0.000000,0
602138,1787829660.0,6.0,0,0,0,0.000000,0
602139,1787829666.0,6.0,0,0,0,0.000000,0
602140,1787829672.0,6.0,0,0,0,0.000000,0
602141,1787829678.001,6.000999927520752,0,0,0,0.000000,0
602142,1787829684.0,5.999000072479248,0,0,0,0.000000,0
602143,1787829690.0,6.0,0,0,0,0.000000,0
602144,1787829696.0,6.0,1,1,39917,0.199585,1
602145,1787829702.0,6.0,0,0,0,0.000000,0
602146,1787829708.0,6.0,0,0,0,0.000000,0
602147,1787829714.0,6.0,0,0,0,0.000000,0
602148,1787829720.0,6.0,0,0,0,0.000000,0
602149,1787829726.0,6.0,0,0,0,0.000000,0
602150,1787829732.0,6.0,0,0,0,0.000000,0
602151,1787829738.0,6.0,1,1,39919,0.199595,1
602152,1787829744.001,6.000999927520752,0,0,0,0.000000,0
602153,1787829750.0,5.999000072479248,0,0,0,0.000000,0
602154,1787829756.0,6.0,0,0,0,0.000000,0
602155,1787829762.0,6.0,0,0,0,0.000000,0
602156,1787829768.001,6.000999927520752,0,0,0,0.000000,0
602157,1787829774.0,5.999000072479248,0,0,0,0.000000,0
602158,1787829780.0,6.0,0,0,0,0.000000,0
602159,1787829786.001,6.000999927520752,1,1,231782,1.158910,1
602160,1787829792.0,5.999000072479248,0,0,0,0.000000,0
602161,1787829798.0,6.0,0,0,0,0.000000,0
602162,1787829804.0,6.0,0,0,0,0.000000,0
602163,1787829810.0,6.0,0,0,0,0.000000,0
602164,1787829816.0,6.0,0,0,0,0.000000,0
602165,1787829822.0,6.0,0,0,0,0.000000,0
602166,1787829828.0,6.0,0,0,0,0.000000,0
602167,1787829834.0,6.0,0,0,0,0.000000,0
602168,1787829840.0,6.0,0,0,0,0.000000,0
602169,1787829846.0,6.0,0,0,0,0.000000,0
602170,1787829852.0,6.0,0,0,0,0.000000,0
602171,1787829858.0,6.0,0,0,0,0.000000,0
602172,1787829864.0,6.0,0,0,0,0.000000,0
602173,1787829870.001,6.000999927520752,0,0,0,0.000000,0
602174,1787829876.0,5.999000072479248,0,0,0,0.000000,0
602175,1787829882.0,6.0,1,1,6342,0.031710,1
602176,1787829888.0,6.0,0,0,0,0.000000,0
602177,1787829894.0,6.0,0,0,0,0.000000,0
602178,1787829900.001,6.000999927520752,0,0,0,0.000000,0
602179,1787829906.0,5.999000072479248,0,0,0,0.000000,0
602180,1787829912.0,6.0,1,1,9023,0.045115,1
602181,1787829918.0,6.0,0,0,0,0.000000,0
602182,1787829924.0,6.0,0,0,0,0.000000,0
602183,1787829930.001,6.000999927520752,0,0,0,0.000000,0
602184,1787829936.0,5.999000072479248,0,0,0,0.000000,0
602185,1787829942.0,6.0,0,0,0,0.000000,0
602186,1787829948.001,6.000999927520752,1,1,231784,1.158920,1
602187,1787829954.0,5.999000072479248,0,0,0,0.000000,0
602188,1787829960.0,6.0,0,0,0,0.000000,0
602189,1787829966.001,6.000999927520752,0,0,0,0.000000,0
602190,1787829972.0,5.999000072479248,0,0,0,0.000000,0
602191,1787829978.001,6.000999927520752,0,0,0,0.000000,0
602192,1787829984.0,5.999000072479248,0,0,0,0.000000,0
602193,1787829990.0,6.0,0,0,0,0.000000,0
602194,1787829996.0,6.0,0,0,0,0.000000,0
602195,1787830002.0,6.0,0,0,0,0.000000,0
602196,1787830008.0,6.0,0,0,0,0.000000,0
602197,1787830014.0,6.0,0,0,0,0.000000,0
602198,1787830020.001,6.000999927520752,0,0,0,0.000000,0
602199,1787830026.001,6.0,0,0,0,0.000000,0
602200,1787830032.0,5.999000072479248,0,0,0,0.000000,0
602201,1787830038.0,6.0,0,0,0,0.000000,0
602202,1787830044.0,6.0,0,0,0,0.000000,0
602203,1787830050.0,6.0,0,0,0,0.000000,0
602204,1787830056.0,6.0,0,0,0,0.000000,0
602205,1787830062.0,6.0,0,0,0,0.000000,0
602206,1787830068.0,6.0,0,0,0,0.000000,0
602207,1787830074.0,6.0,0,0,0,0.000000,0
602208,1787830080.0,6.0,0,0,0,0.000000,0
602209,1787830086.0,6.0,0,0,0,0.000000,0
602210,1787830092.001,6.000999927520752,0,0,0,0.000000,0
602211,1787830098.001,6.0,0,0,0,0.000000,0
602212,1787830104.0,5.999000072479248,0,0,0,0.000000,0
602213,1787830110.0,6.0,1,1,231785,1.158925,1
602214,1787830116.0,6.0,0,0,0,0.000000,0
602215,1787830122.0,6.0,0,0,0,0.000000,0
602216,1787830128.0,6.0,0,0,0,0.000000,0
602217,1787830134.001,6.000999927520752,0,0,0,0.000000,0
602218,1787830140.0,5.999000072479248,0,0,0,0.000000,0
602219,1787830146.0,6.0,0,0,0,0.000000,0
602220,1787830152.001,6.000999927520752,0,0,0,0.000000,0
602221,1787830158.0,5.999000072479248,0,0,0,0.000000,0
602222,1787830164.0,6.0,0,0,0,0.000000,0
602223,1787830170.001,6.000999927520752,0,0,0,0.000000,0
602224,1787830176.0,5.999000072479248,0,0,0,0.000000,0
602225,1787830182.0,6.0,0,0,0,0.000000,0
602226,1787830188.0,6.0,0,0,0,0.000000,0
602227,1787830194.0,6.0,0,0,0,0.000000,0
602228,1787830200.0,6.0,0,0,0,0.000000,0
602229,1787830206.001,6.000999927520752,0,0,0,0.000000,0
602230,1787830212.0,5.999000072479248,0,0,0,0.000000,0
602231,1787830218.0,6.0,0,0,0,0.000000,0
602232,1787830224.0,6.0,0,0,0,0.000000,0
602233,1787830230.0,6.0,0,0,0,0.000000,0
602234,1787830236.0,6.0,0,0,0,0.000000,0
602235,1787830242.0,6.0,0,0,0,0.000000,0
602236,1787830248.001,6.000999927520752,0,0,0,0.000000,0
602237,1787830254.0,5.999000072479248,0,0,0,0.000000,0
602238,1787830260.0,6.0,0,0,0,0.000000,0
602239,1787830266.0,6.0,0,0,0,0.000000,0
602240,1787830272.0,6.0,1,1,231784,1.158920,1
602241,1787830278.001,6.000999927520752,0,0,0,0.000000,0
602242,1787830284.0,5.999000072479248,0,0,0,0.000000,0
602243,1787830290.0,6.0,1,1,7057,0.035285,1
602244,1787830296.0,6.0,0,0,0,0.000000,0
602245,1787830302.001,6.000999927520752,0,0,0,0.000000,0
602246,1787830308.0,5.999000072479248,0,0,0,0.000000,0
602247,1787830314.001,6.000999927520752,0,0,0,0.000000,0
602248,1787830320.0,5.999000072479248,0,0,0,0.000000,0
602249,1787830326.0,6.0,0,0,0,0.000000,0
602250,1787830332.0,6.0,0,0,0,0.000000,0
602251,1787830338.001,6.000999927520752,0,0,0,0.000000,0
602252,1787830344.001,6.0,0,0,0,0.000000,0
602253,1787830350.0,5.999000072479248,0,0,0,0.000000,0
602254,1787830356.001,6.000999927520752,0,0,0,0.000000,0
602255,1787830362.0,5.999000072479248,0,0,0,0.000000,0
602256,1787830368.001,6.000999927520752,0,0,0,0.000000,0
602257,1787830374.001,6.0,0,0,0,0.000000,0
602258,1787830380.0,5.999000072479248,0,0,0,0.000000,0
602259,1787830386.0,6.0,0,0,0,0.000000,0
602260,1787830392.0,6.0,0,0,0,0.000000,0
602261,1787830398.0,6.0,0,0,0,0.000000,0
602262,1787830404.0,6.0,0,0,0,0.000000,0
602263,1787830410.001,6.000999927520752,0,0,0,0.000000,0
602264,1787830416.0,5.999000072479248,0,0,0,0.000000,0
602265,1787830422.001,6.000999927520752,0,0,0,0.000000,0
602266,1787830428.0,5.999000072479248,1,1,231783,1.158915,1
602267,1787830434.0,6.0,0,0,0,0.000000,0
602268,1787830440.0,6.0,0,0,0,0.000000,0
602269,1787830446.0,6.0,0,0,0,0.000000,0
602270,1787830452.001,6.000999927520752,0,0,0,0.000000,0
602271,1787830458.0,5.999000072479248,0,0,0,0.000000,0
602272,1787830464.0,6.0,0,0,0,0.000000,0
602273,1787830470.001,6.000999927520752,0,0,0,0.000000,0
602274,1787830476.001,6.0,0,0,0,0.000000,0
602275,1787830482.0,5.999000072479248,0,0,0,0.000000,0
602276,1787830488.0,6.0,0,0,0,0.000000,0
602277,1787830494.0,6.0,0,0,0,0.000000,0
602278,1787830500.0,6.0,0,0,0,0.000000,0
602279,1787830506.0,6.0,0,0,0,0.000000,0
602280,1787830512.001,6.000999927520752,0,0,0,0.000000,0
602281,1787830518.0,5.999000072479248,0,0,0,0.000000,0
602282,1787830524.0,6.0,0,0,0,0.000000,0
602283,1787830530.0,6.0,0,0,0,0.000000,0
602284,1787830536.001,6.000999927520752,0,0,0,0.000000,0
602285,1787830542.0,5.999000072479248,0,0,0,0.000000,0
602286,1787830548.0,6.0,0,0,0,0.000000,0
602287,1787830554.0,6.0,0,0,0,0.000000,0
602288,1787830560.0,6.0,0,0,0,0.000000,0
602289,1787830566.0,6.0,0,0,0,0.000000,0
602290,1787830572.0,6.0,0,0,0,0.000000,0
602291,1787830578.001,6.000999927520752,0,0,0,0.000000,0
602292,1787830584.0,5.999000072479248,0,0,0,0.000000,0
602293,1787830590.0,6.0,1,1,231783,1.158915,1
602294,1787830596.001,6.000999927520752,0,0,0,0.000000,0
602295,1787830602.001,6.0,0,0,0,0.000000,0
602296,1787830608.0,5.999000072479248,1,1,3944,0.019720,1
602297,1787830614.001,6.000999927520752,0,0,0,0.000000,0
602298,1787830620.0,5.999000072479248,0,0,0,0.000000,0
602299,1787830626.0,6.0,0,0,0,0.000000,0
602300,1787830632.0,6.0,0,0,0,0.000000,0
602301,1787830638.001,6.000999927520752,0,0,0,0.000000,0
602302,1787830644.001,6.0,1,1,8498,0.042490,1
602303,1787830650.001,6.0,0,0,0,0.000000,0
602304,1787830656.0,5.999000072479248,0,0,0,0.000000,0
602305,1787830662.0,6.0,0,0,0,0.000000,0
602306,1787830668.0,6.0,0,0,0,0.000000,0
602307,1787830674.0,6.0,0,0,0,0.000000,0
602308,1787830680.0,6.0,0,0,0,0.000000,0
602309,1787830686.001,6.000999927520752,0,0,0,0.000000,0
602310,1787830692.0,5.999000072479248,0,0,0,0.000000,0
602311,1787830698.0,6.0,0,0,0,0.000000,0
602312,1787830704.0,6.0,1,1,8500,0.042500,0
602313,1787830710.0,6.0,0,0,0,0.000000,0
602314,1787830716.0,6.0,0,0,0,0.000000,0
602315,1787830722.0,6.0,0,0,0,0.000000,0
602316,1787830728.001,6.000999927520752,0,0,0,0.000000,0
602317,1787830734.0,5.999000072479248,0,0,0,0.000000,0
602318,1787830740.001,6.000999927520752,0,0,0,0.000000,0
602319,1787830746.0,5.999000072479248,1,1,231785,1.158925,1
602320,1787830752.0,6.0,0,0,0,0.000000,0
602321,1787830758.0,6.0,1,1,39899,0.199495,1
602322,1787830764.0,6.0,0,0,0,0.000000,0
602323,1787830770.0,6.0,0,0,0,0.000000,0
602324,1787830776.001,6.000999927520752,0,0,0,0.000000,0
602325,1787830782.0,5.999000072479248,0,0,0,0.000000,0
602326,1787830788.0,6.0,0,0,0,0.000000,0
602327,1787830794.0,6.0,0,0,0,0.000000,0
602328,1787830800.0,6.0,0,0,0,0.000000,0
602329,1787830806.001,6.000999927520752,0,0,0,0.000000,0
602330,1787830812.0,5.999000072479248,0,0,0,0.000000,0
602331,1787830818.0,6.0,0,0,0,0.000000,0
602332,1787830824.0,6.0,0,0,0,0.000000,0
602333,1787830830.0,6.0,0,0,0,0.000000,0
602334,1787830836.0,6.0,0,0,0,0.000000,0
602335,1787830842.001,6.000999927520752,0,0,0,0.000000,0
602336,1787830848.0,5.999000072479248,0,0,0,0.000000,0
602337,1787830854.001,6.000999927520752,0,0,0,0.000000,0
602338,1787830860.0,5.999000072479248,0,0,0,0.000000,0
602339,1787830866.0,6.0,0,0,0,0.000000,0
602340,1787830872.0,6.0,0,0,0,0.000000,0
602341,1787830878.0,6.0,1,1,39899,0.199495,1
602342,1787830884.001,6.000999927520752,0,0,0,0.000000,0
602343,1787830890.001,6.0,0,0,0,0.000000,0
602344,1787830896.0,5.999000072479248,0,0,0,0.000000,0
602345,1787830902.0,6.0,0,0,0,0.000000,0
602346,1787830908.0,6.0,2,2,240287,1.201435,1
602347,1787830914.001,6.000999927520752,0,0,0,0.000000,0
602348,1787830920.0,5.999000072479248,1,1,39910,0.199550,1
602349,1787830926.001,6.000999927520752,0,0,0,0.000000,0
602350,1787830932.0,5.999000072479248,0,0,0,0.000000,0
602351,1787830938.0,6.0,0,0,0,0.000000,0
602352,1787830944.0,6.0,0,0,0,0.000000,0
602353,1787830950.0,6.0,0,0,0,0.000000,0
602354,1787830956.0,6.0,0,0,0,0.000000,0
602355,1787830962.0,6.0,0,0,0,0.000000,0
602356,1787830968.0,6.0,0,0,0,0.000000,0
602357,1787830974.0,6.0,0,0,0,0.000000,0
602358,1787830980.0,6.0,0,0,0,0.000000,0
602359,1787830986.0,6.0,0,0,0,0.000000,0
602360,1787830992.001,6.000999927520752,0,0,0,0.000000,0
602361,1787830998.0,5.999000072479248,0,0,0,0.000000,0
602362,1787831004.0,6.0,0,0,0,0.000000,0
602363,1787831010.0,6.0,0,0,0,0.000000,0
602364,1787831016.0,6.0,0,0,0,0.000000,0
602365,1787831022.0,6.0,0,0,0,0.000000,0
602366,1787831028.0,6.0,0,0,0,0.000000,0
602367,1787831034.001,6.000999927520752,0,0,0,0.000000,0
602368,1787831040.001,6.0,2,2,72515,0.362575,2
602369,1787831046.001,6.0,0,0,0,0.000000,0
602370,1787831052.0,5.999000072479248,0,0,0,0.000000,0
602371,1787831058.0,6.0,0,0,0,0.000000,0
602372,1787831064.0,6.0,1,1,231784,1.158920,1
602373,1787831070.0,6.0,0,0,0,0.000000,0
602374,1787831076.0,6.0,0,0,0,0.000000,0
602375,1787831082.0,6.0,0,0,0,0.000000,0
602376,1787831088.0,6.0,0,0,0,0.000000,0
602377,1787831094.0,6.0,0,0,0,0.000000,0
602378,1787831100.0,6.0,0,0,0,0.000000,0
602379,1787831106.001,6.000999927520752,0,0,0,0.000000,0
602380,1787831112.0,5.999000072479248,0,0,0,0.000000,0
602381,1787831118.0,6.0,0,0,0,0.000000,0
602382,1787831124.0,6.0,0,0,0,0.000000,0
602383,1787831130.0,6.0,0,0,0,0.000000,0
602384,1787831136.0,6.0,0,0,0,0.000000,0
602385,1787831142.0,6.0,0,0,0,0.000000,0
602386,1787831148.0,6.0,0,0,0,0.000000,0
602387,1787831154.0,6.0,0,0,0,0.000000,0
602388,1787831160.0,6.0,0,0,0,0.000000,0
602389,1787831166.0,6.0,0,0,0,0.000000,0
602390,1787831172.0,6.0,0,0,0,0.000000,0
602391,1787831178.0,6.0,0,0,0,0.000000,0
602392,1787831184.0,6.0,0,0,0,0.000000,0
602393,1787831190.0,6.0,0,0,0,0.000000,0
602394,1787831196.0,6.0,0,0,0,0.000000,0
602395,1787831202.001,6.000999927520752,0,0,0,0.000000,0
602396,1787831208.0,5.999000072479248,0,0,0,0.000000,0
602397,1787831214.0,6.0,0,0,0,0.000000,0
602398,1787831220.0,6.0,0,0,0,0.000000,0
602399,1787831226.0,6.0,1,1,231784,1.158920,1
602400,1787831232.0,6.0,0,0,0,0.000000,0
602401,1787831238.0,6.0,0,0,0,0.000000,0
602402,1787831244.001,6.000999927520752,0,0,0,0.000000,0
602403,1787831250.0,5.999000072479248,0,0,0,0.000000,0
602404,1787831256.0,6.0,0,0,0,0.000000,0
602405,1787831262.001,6.000999927520752,0,0,0,0.000000,0
602406,1787831268.0,5.999000072479248,0,0,0,0.000000,0
602407,1787831274.001,6.000999927520752,0,0,0,0.000000,0
602408,1787831280.0,5.999000072479248,0,0,0,0.000000,0
602409,1787831286.0,6.0,0,0,0,0.000000,0
602410,1787831292.0,6.0,0,0,0,0.000000,0
602411,1787831298.0,6.0,0,0,0,0.000000,0
602412,1787831304.0,6.0,1,1,60147,0.300735,1
602413,1787831310.001,6.000999927520752,0,0,0,0.000000,0
602414,1787831316.0,5.999000072479248,0,0,0,0.000000,0
602415,1787831322.0,6.0,0,0,0,0.000000,0
602416,1787831328.0,6.0,0,0,0,0.000000,0
602417,1787831334.0,6.0,0,0,0,0.000000,0
602418,1787831340.0,6.0,0,0,0,0.000000,0
602419,1787831346.001,6.000999927520752,0,0,0,0.000000,0
602420,1787831352.0,5.999000072479248,0,0,0,0.000000,0
602421,1787831358.0,6.0,0,0,0,0.000000,0
602422,1787831364.001,6.000999927520752,0,0,0,0.000000,0
602423,1787831370.0,5.999000072479248,0,0,0,0.000000,0
602424,1787831376.0,6.0,0,0,0,0.000000,0
602425,1787831382.0,6.0,1,1,231781,1.158905,1
602426,1787831388.0,6.0,0,0,0,0.000000,0
602427,1787831394.0,6.0,0,0,0,0.000000,0
602428,1787831400.0,6.0,0,0,0,0.000000,0
602429,1787831406.0,6.0,0,0,0,0.000000,0
602430,1787831412.0,6.0,0,0,0,0.000000,0
602431,1787831418.0,6.0,0,0,0,0.000000,0
602432,1787831424.0,6.0,0,0,0,0.000000,0
602433,1787831430.001,6.000999927520752,0,0,0,0.000000,0
602434,1787831436.0,5.999000072479248,0,0,0,0.000000,0
602435,1787831442.0,6.0,0,0,0,0.000000,0
602436,1787831448.0,6.0,0,0,0,0.000000,0
602437,1787831454.0,6.0,0,0,0,0.000000,0
602438,1787831460.0,6.0,0,0,0,0.000000,0
602439,1787831466.001,6.000999927520752,0,0,0,0.000000,0
602440,1787831472.0,5.999000072479248,0,0,0,0.000000,0
602441,1787831478.0,6.0,0,0,0,0.000000,0
602442,1787831484.0,6.0,0,0,0,0.000000,0
602443,1787831490.0,6.0,0,0,0,0.000000,0
602444,1787831496.001,6.000999927520752,0,0,0,0.000000,0
602445,1787831502.0,5.999000072479248,0,0,0,0.000000,0
602446,1787831508.0,6.0,0,0,0,0.000000,0
602447,1787831514.0,6.0,0,0,0,0.000000,0
602448,1787831520.001,6.000999927520752,0,0,0,0.000000,0
602449,1787831526.0,5.999000072479248,0,0,0,0.000000,0
602450,1787831532.0,6.0,0,0,0,0.000000,0
602451,1787831538.0,6.0,0,0,0,0.000000,0
602452,1787831544.001,6.000999927520752,1,1,231783,1.158915,1
602453,1787831550.0,5.999000072479248,0,0,0,0.000000,0
602454,1787831556.001,6.000999927520752,0,0,0,0.000000,0
602455,1787831562.0,5.999000072479248,0,0,0,0.000000,0
602456,1787831568.0,6.0,0,0,0,0.000000,0
602457,1787831574.0,6.0,0,0,0,0.000000,0
602458,1787831580.0,6.0,0,0,0,0.000000,0
602459,1787831586.001,6.000999927520752,0,0,0,0.000000,0
602460,1787831592.0,5.999000072479248,0,0,0,0.000000,0
602461,1787831598.0,6.0,0,0,0,0.000000,0
602462,1787831604.0,6.0,0,0,0,0.000000,0
602463,1787831610.001,6.000999927520752,0,0,0,0.000000,0
602464,1787831616.0,5.999000072479248,0,0,0,0.000000,0
602465,1787831622.0,6.0,0,0,0,0.000000,0
602466,1787831628.0,6.0,0,0,0,0.000000,0
602467,1787831634.0,6.0,0,0,0,0.000000,0
602468,1787831640.001,6.000999927520752,0,0,0,0.000000,0
602469,1787831646.0,5.999000072479248,0,0,0,0.000000,0
602470,1787831652.0,6.0,0,0,0,0.000000,0
602471,1787831658.0,6.0,0,0,0,0.000000,0
602472,1787831664.0,6.0,0,0,0,0.000000,0
602473,1787831670.001,6.000999927520752,0,0,0,0.000000,0
602474,1787831676.0,5.999000072479248,0,0,0,0.000000,0
602475,1787831682.001,6.000999927520752,0,0,0,0.000000,0
602476,1787831688.0,5.999000072479248,0,0,0,0.000000,0
602477,1787831694.0,6.0,0,0,0,0.000000,0
602478,1787831700.0,6.0,0,0,0,0.000000,0
602479,1787831706.0,6.0,1,1,231782,1.158910,1
602480,1787831712.001,6.000999927520752,0,0,0,0.000000,0
602481,1787831718.0,5.999000072479248,0,0,0,0.000000,0
602482,1787831724.0,6.0,0,0,0,0.000000,0
602483,1787831730.001,6.000999927520752,0,0,0,0.000000,0
602484,1787831736.0,5.999000072479248,0,0,0,0.000000,0
602485,1787831742.0,6.0,0,0,0,0.000000,0
602486,1787831748.0,6.0,0,0,0,0.000000,0
602487,1787831754.0,6.0,0,0,0,0.000000,0
602488,1787831760.0,6.0,0,0,0,0.000000,0
602489,1787831766.0,6.0,0,0,0,0.000000,0
602490,1787831772.0,6.0,0,0,0,0.000000,0
602491,1787831778.001,6.000999927520752,0,0,0,0.000000,0
602492,1787831784.0,5.999000072479248,0,0,0,0.000000,0
602493,1787831790.001,6.000999927520752,0,0,0,0.000000,0
602494,1787831796.001,6.0,0,0,0,0.000000,0
602495,1787831802.001,6.0,0,0,0,0.000000,0
602496,1787831808.001,6.0,0,0,0,0.000000,0
602497,1787831814.001,6.0,0,0,0,0.000000,0
602498,1787831820.0,5.999000072479248,0,0,0,0.000000,0
602499,1787831826.001,6.000999927520752,0,0,0,0.000000,0
602500,1787831832.0,5.999000072479248,0,0,0,0.000000,0
602501,1787831838.001,6.000999927520752,0,0,0,0.000000,0
602502,1787831844.001,6.0,0,0,0,0.000000,0
602503,1787831850.0,5.999000072479248,0,0,0,0.000000,0
602504,1787831856.0,6.0,0,0,0,0.000000,0
602505,1787831862.0,6.0,1,1,231784,1.158920,1
602506,1787831868.0,6.0,0,0,0,0.000000,0
602507,1787831874.0,6.0,0,0,0,0.000000,0
602508,1787831880.0,6.0,0,0,0,0.000000,0
602509,1787831886.0,6.0,0,0,0,0.000000,0
602510,1787831892.0,6.0,0,0,0,0.000000,0
602511,1787831898.0,6.0,0,0,0,0.000000,0
602512,1787831904.0,6.0,0,0,0,0.000000,0
602513,1787831910.001,6.000999927520752,0,0,0,0.000000,0
602514,1787831916.0,5.999000072479248,0,0,0,0.000000,0
602515,1787831922.0,6.0,0,0,0,0.000000,0
602516,1787831928.0,6.0,0,0,0,0.000000,0
602517,1787831934.0,6.0,0,0,0,0.000000,0
602518,1787831940.0,6.0,0,0,0,0.000000,0
602519,1787831946.001,6.000999927520752,0,0,0,0.000000,0
602520,1787831952.0,5.999000072479248,0,0,0,0.000000,0
602521,1787831958.0,6.0,0,0,0,0.000000,0
602522,1787831964.001,6.000999927520752,0,0,0,0.000000,0
602523,1787831970.0,5.999000072479248,0,0,0,0.000000,0
602524,1787831976.0,6.0,0,0,0,0.000000,0
602525,1787831982.0,6.0,0,0,0,0.000000,0
602526,1787831988.001,6.000999927520752,0,0,0,0.000000,0
602527,1787831994.0,5.999000072479248,0,0,0,0.000000,0
602528,1787832000.0,6.0,0,0,0,0.000000,0
602529,1787832006.0,6.0,0,0,0,0.000000,0
602530,1787832012.0,6.0,0,0,0,0.000000,0
602531,1787832018.001,6.000999927520752,0,0,0,0.000000,0
602532,1787832024.0,5.999000072479248,1,1,231783,1.158915,1
602533,1787832030.0,6.0,0,0,0,0.000000,0
602534,1787832036.0,6.0,0,0,0,0.000000,0
602535,1787832042.0,6.0,0,0,0,0.000000,0
602536,1787832048.0,6.0,0,0,0,0.000000,0
602537,1787832054.001,6.000999927520752,0,0,0,0.000000,0
602538,1787832060.0,5.999000072479248,0,0,0,0.000000,0
602539,1787832066.0,6.0,0,0,0,0.000000,0
602540,1787832072.0,6.0,0,0,0,0.000000,0
602541,1787832078.001,6.000999927520752,0,0,0,0.000000,0
602542,1787832084.0,5.999000072479248,0,0,0,0.000000,0
602543,1787832090.0,6.0,0,0,0,0.000000,0
602544,1787832096.001,6.000999927520752,0,0,0,0.000000,0
602545,1787832102.0,5.999000072479248,0,0,0,0.000000,0
602546,1787832108.0,6.0,0,0,0,0.000000,0
602547,1787832114.0,6.0,1,1,13818,0.069090,1
602548,1787832120.0,6.0,0,0,0,0.000000,0
602549,1787832126.001,6.000999927520752,0,0,0,0.000000,0
602550,1787832132.001,6.0,0,0,0,0.000000,0
602551,1787832138.001,6.0,0,0,0,0.000000,0
602552,1787832144.0,5.999000072479248,0,0,0,0.000000,0
602553,1787832150.001,6.000999927520752,0,0,0,0.000000,0
602554,1787832156.0,5.999000072479248,0,0,0,0.000000,0
602555,1787832162.001,6.000999927520752,0,0,0,0.000000,0
602556,1787832168.0,5.999000072479248,0,0,0,0.000000,0
602557,1787832174.001,6.000999927520752,0,0,0,0.000000,0
602558,1787832180.0,5.999000072479248,1,1,231784,1.158920,1
602559,1787832186.0,6.0,0,0,0,0.000000,0
602560,1787832192.0,6.0,0,0,0,0.000000,0
602561,1787832198.0,6.0,0,0,0,0.000000,0
602562,1787832204.0,6.0,0,0,0,0.000000,0
602563,1787832210.0,6.0,0,0,0,0.000000,0
602564,1787832216.0,6.0,1,1,13818,0.069090,1
602565,1787832222.0,6.0,0,0,0,0.000000,0
602566,1787832228.0,6.0,0,0,0,0.000000,0
602567,1787832234.0,6.0,0,0,0,0.000000,0
602568,1787832240.0,6.0,0,0,0,0.000000,0
602569,1787832246.0,6.0,0,0,0,0.000000,0
602570,1787832252.0,6.0,0,0,0,0.000000,0
602571,1787832258.0,6.0,0,0,0,0.000000,0
602572,1787832264.0,6.0,1,1,60124,0.300620,1
602573,1787832270.0,6.0,0,0,0,0.000000,0
602574,1787832276.0,6.0,0,0,0,0.000000,0
602575,1787832282.0,6.0,0,0,0,0.000000,0
602576,1787832288.0,6.0,0,0,0,0.000000,0
602577,1787832294.001,6.000999927520752,0,0,0,0.000000,0
602578,1787832300.0,5.999000072479248,0,0,0,0.000000,0
602579,1787832306.0,6.0,0,0,0,0.000000,0
602580,1787832312.0,6.0,0,0,0,0.000000,0
602581,1787832318.0,6.0,0,0,0,0.000000,0
602582,1787832324.0,6.0,0,0,0,0.000000,0
602583,1787832330.001,6.000999927520752,0,0,0,0.000000,0
602584,1787832336.001,6.0,1,1,231782,1.158910,1
602585,1787832342.0,5.999000072479248,0,0,0,0.000000,0
602586,1787832348.0,6.0,0,0,0,0.000000,0
602587,1787832354.0,6.0,0,0,0,0.000000,0
602588,1787832360.0,6.0,0,0,0,0.000000,0
602589,1787832366.0,6.0,0,0,0,0.000000,0
602590,1787832372.001,6.000999927520752,0,0,0,0.000000,0
602591,1787832378.0,5.999000072479248,0,0,0,0.000000,0
602592,1787832384.0,6.0,0,0,0,0.000000,0
602593,1787832390.0,6.0,0,0,0,0.000000,0
602594,1787832396.0,6.0,0,0,0,0.000000,0
602595,1787832402.0,6.0,0,0,0,0.000000,0
602596,1787832408.0,6.0,0,0,0,0.000000,0
602597,1787832414.0,6.0,0,0,0,0.000000,0
602598,1787832420.001,6.000999927520752,0,0,0,0.000000,0
602599,1787832426.0,5.999000072479248,0,0,0,0.000000,0
602600,1787832432.0,6.0,0,0,0,0.000000,0
602601,1787832438.001,6.000999927520752,0,0,0,0.000000,0
602602,1787832444.001,6.0,0,0,0,0.000000,0
602603,1787832450.0,5.999000072479248,0,0,0,0.000000,0
602604,1787832456.0,6.0,0,0,0,0.000000,0
602605,1787832462.0,6.0,0,0,0,0.000000,0
602606,1787832468.001,6.000999927520752,0,0,0,0.000000,0
602607,1787832474.0,5.999000072479248,0,0,0,0.000000,0
602608,1787832480.001,6.000999927520752,0,0,0,0.000000,0
602609,1787832486.001,6.0,0,0,0,0.000000,0
602610,1787832492.0,5.999000072479248,0,0,0,0.000000,0
602611,1787832498.0,6.0,1,1,231780,1.158900,1
602612,1787832504.0,6.0,0,0,0,0.000000,0
602613,1787832510.0,6.0,0,0,0,0.000000,0
602614,1787832516.001,6.000999927520752,0,0,0,0.000000,0
602615,1787832522.0,5.999000072479248,0,0,0,0.000000,0
602616,1787832528.0,6.0,0,0,0,0.000000,0
602617,1787832534.0,6.0,0,0,0,0.000000,0
602618,1787832540.0,6.0,0,0,0,0.000000,0
602619,1787832546.0,6.0,0,0,0,0.000000,0
602620,1787832552.0,6.0,0,0,0,0.000000,0
602621,1787832558.0,6.0,0,0,0,0.000000,0
602622,1787832564.0,6.0,0,0,0,0.000000,0
602623,1787832570.0,6.0,0,0,0,0.000000,0
602624,1787832576.0,6.0,0,0,0,0.000000,0
602625,1787832582.0,6.0,0,0,0,0.000000,0
602626,1787832588.0,6.0,0,0,0,0.000000,0
602627,1787832594.0,6.0,0,0,0,0.000000,0
602628,1787832600.0,6.0,0,0,0,0.000000,0
602629,1787832606.0,6.0,0,0,0,0.000000,0
602630,1787832612.0,6.0,0,0,0,0.000000,0
602631,1787832618.0,6.0,0,0,0,0.000000,0
602632,1787832624.0,6.0,0,0,0,0.000000,0
602633,1787832630.0,6.0,0,0,0,0.000000,0
602634,1787832636.0,6.0,0,0,0,0.000000,0
602635,1787832642.001,6.000999927520752,0,0,0,0.000000,0
602636,1787832648.001,6.0,0,0,0,0.000000,0
602637,1787832654.0,5.999000072479248,1,1,231784,1.158920,1
602638,1787832660.0,6.0,0,0,0,0.000000,0
602639,1787832666.0,6.0,0,0,0,0.000000,0
602640,1787832672.0,6.0,0,0,0,0.000000,0
602641,1787832678.001,6.000999927520752,0,0,0,0.000000,0
602642,1787832684.0,5.999000072479248,0,0,0,0.000000,0
602643,1787832690.0,6.0,0,0,0,0.000000,0
602644,1787832696.0,6.0,0,0,0,0.000000,0
602645,1787832702.0,6.0,0,0,0,0.000000,0
602646,1787832708.0,6.0,0,0,0,0.000000,0
602647,1787832714.0,6.0,0,0,0,0.000000,0
602648,1787832720.0,6.0,0,0,0,0.000000,0
602649,1787832726.0,6.0,0,0,0,0.000000,0
602650,1787832732.0,6.0,0,0,0,0.000000,0
602651,1787832738.0,6.0,0,0,0,0.000000,0
602652,1787832744.0,6.0,0,0,0,0.000000,0
602653,1787832750.0,6.0,0,0,0,0.000000,0
602654,1787832756.0,6.0,0,0,0,0.000000,0
602655,1787832762.0,6.0,0,0,0,0.000000,0
602656,1787832768.0,6.0,0,0,0,0.000000,0
602657,1787832774.0,6.0,0,0,0,0.000000,0
602658,1787832780.0,6.0,0,0,0,0.000000,0
602659,1787832786.0,6.0,0,0,0,0.000000,0
602660,1787832792.0,6.0,1,1,24917,0.124585,1
602661,1787832798.0,6.0,0,0,0,0.000000,0
602662,1787832804.0,6.0,0,0,0,0.000000,0
602663,1787832810.0,6.0,1,1,231784,1.158920,1
602664,1787832816.0,6.0,0,0,0,0.000000,0
602665,1787832822.0,6.0,0,0,0,0.000000,0
602666,1787832828.0,6.0,0,0,0,0.000000,0
602667,1787832834.001,6.000999927520752,1,1,24842,0.124210,1
602668,1787832840.0,5.999000072479248,0,0,0,0.000000,0
602669,1787832846.001,6.000999927520752,0,0,0,0.000000,0
602670,1787832852.0,5.999000072479248,0,0,0,0.000000,0
602671,1787832858.0,6.0,0,0,0,0.000000,0
602672,1787832864.0,6.0,0,0,0,0.000000,0
602673,1787832870.0,6.0,0,0,0,0.000000,0
602674,1787832876.0,6.0,0,0,0,0.000000,0
602675,1787832882.001,6.000999927520752,1,1,50107,0.250535,1
602676,1787832888.0,5.999000072479248,0,0,0,0.000000,0
602677,1787832894.0,6.0,0,0,0,0.000000,0
602678,1787832900.001,6.000999927520752,0,0,0,0.000000,0
602679,1787832906.0,5.999000072479248,0,0,0,0.000000,0
602680,1787832912.0,6.0,0,0,0,0.000000,0
602681,1787832918.001,6.000999927520752,0,0,0,0.000000,0
602682,1787832924.0,5.999000072479248,0,0,0,0.000000,0
602683,1787832930.0,6.0,0,0,0,0.000000,0
602684,1787832936.001,6.000999927520752,0,0,0,0.000000,0
602685,1787832942.001,6.0,0,0,0,0.000000,0
602686,1787832948.0,5.999000072479248,0,0,0,0.000000,0
602687,1787832954.0,6.0,0,0,0,0.000000,0
602688,1787832960.001,6.000999927520752,0,0,0,0.000000,0
602689,1787832966.001,6.0,1,1,231785,1.158925,1
602690,1787832972.0,5.999000072479248,0,0,0,0.000000,0
602691,1787832978.001,6.000999927520752,0,0,0,0.000000,0
602692,1787832984.0,5.999000072479248,0,0,0,0.000000,0
602693,1787832990.001,6.000999927520752,0,0,0,0.000000,0
602694,1787832996.001,6.0,0,0,0,0.000000,0
602695,1787833002.0,5.999000072479248,0,0,0,0.000000,0
602696,1787833008.001,6.000999927520752,0,0,0,0.000000,0
602697,1787833014.001,6.0,0,0,0,0.000000,0
602698,1787833020.001,6.0,0,0,0,0.000000,0
602699,1787833026.001,6.0,0,0,0,0.000000,0
602700,1787833032.001,6.0,0,0,0,0.000000,0
602701,1787833038.0,5.999000072479248,0,0,0,0.000000,0
602702,1787833044.0,6.0,0,0,0,0.000000,0
602703,1787833050.0,6.0,0,0,0,0.000000,0
602704,1787833056.0,6.0,0,0,0,0.000000,0
602705,1787833062.0,6.0,0,0,0,0.000000,0
602706,1787833068.001,6.000999927520752,0,0,0,0.000000,0
602707,1787833074.0,5.999000072479248,0,0,0,0.000000,0
602708,1787833080.0,6.0,1,1,8509,0.042545,1
602709,1787833086.001,6.000999927520752,0,0,0,0.000000,0
602710,1787833092.0,5.999000072479248,0,0,0,0.000000,0
602711,1787833098.0,6.0,0,0,0,0.000000,0
602712,1787833104.0,6.0,0,0,0,0.000000,0
602713,1787833110.0,6.0,0,0,0,0.000000,0
602714,1787833116.001,6.000999927520752,0,0,0,0.000000,0
602715,1787833122.0,5.999000072479248,1,1,231783,1.158915,1
602716,1787833128.0,6.0,1,1,60115,0.300575,1
602717,1787833134.0,6.0,0,0,0,0.000000,0
602718,1787833140.0,6.0,0,0,0,0.000000,0
602719,1787833146.0,6.0,0,0,0,0.000000,0
602720,1787833152.0,6.0,0,0,0,0.000000,0
602721,1787833158.0,6.0,0,0,0,0.000000,0
602722,1787833164.0,6.0,0,0,0,0.000000,0
602723,1787833170.001,6.000999927520752,0,0,0,0.000000,0
602724,1787833176.001,6.0,0,0,0,0.000000,0
602725,1787833182.0,5.999000072479248,0,0,0,0.000000,0
602726,1787833188.0,6.0,0,0,0,0.000000,0
602727,1787833194.0,6.0,0,0,0,0.000000,0
602728,1787833200.0,6.0,0,0,0,0.000000,0
602729,1787833206.001,6.000999927520752,0,0,0,0.000000,0
602730,1787833212.001,6.0,0,0,0,0.000000,0
602731,1787833218.0,5.999000072479248,0,0,0,0.000000,0
602732,1787833224.0,6.0,0,0,0,0.000000,0
602733,1787833230.001,6.000999927520752,0,0,0,0.000000,0
602734,1787833236.0,5.999000072479248,0,0,0,0.000000,0
602735,1787833242.0,6.0,0,0,0,0.000000,0
602736,1787833248.001,6.000999927520752,0,0,0,0.000000,0
602737,1787833254.001,6.0,0,0,0,0.000000,0
602738,1787833260.0,5.999000072479248,0,0,0,0.000000,0
602739,1787833266.001,6.000999927520752,0,0,0,0.000000,0
602740,1787833272.0,5.999000072479248,0,0,0,0.000000,0
602741,1787833278.0,6.0,0,0,0,0.000000,0
602742,1787833284.0,6.0,1,1,231784,1.158920,1
602743,1787833290.0,6.0,0,0,0,0.000000,0
602744,1787833296.0,6.0,0,0,0,0.000000,0
602745,1787833302.0,6.0,0,0,0,0.000000,0
602746,1787833308.0,6.0,0,0,0,0.000000,0
602747,1787833314.001,6.000999927520752,0,0,0,0.000000,0
602748,1787833320.001,6.0,0,0,0,0.000000,0
602749,1787833326.0,5.999000072479248,0,0,0,0.000000,0
602750,1787833332.0,6.0,0,0,0,0.000000,0
602751,1787833338.001,6.000999927520752,0,0,0,0.000000,0
602752,1787833344.0,5.999000072479248,0,0,0,0.000000,0
602753,1787833350.001,6.000999927520752,0,0,0,0.000000,0
602754,1787833356.0,5.999000072479248,0,0,0,0.000000,0
602755,1787833362.0,6.0,0,0,0,0.000000,0
602756,1787833368.001,6.000999927520752,0,0,0,0.000000,0
602757,1787833374.001,6.0,0,0,0,0.000000,0
602758,1787833380.001,6.0,0,0,0,0.000000,0
602759,1787833386.0,5.999000072479248,0,0,0,0.000000,0
602760,1787833392.0,6.0,0,0,0,0.000000,0
602761,1787833398.0,6.0,0,0,0,0.000000,0
602762,1787833404.0,6.0,0,0,0,0.000000,0
602763,1787833410.001,6.000999927520752,0,0,0,0.000000,0
602764,1787833416.001,6.0,0,0,0,0.000000,0
602765,1787833422.0,5.999000072479248,0,0,0,0.000000,0
602766,1787833428.0,6.0,0,0,0,0.000000,0
602767,1787833434.001,6.000999927520752,0,0,0,0.000000,0
602768,1787833440.0,5.999000072479248,1,1,231785,1.158925,1
602769,1787833446.0,6.0,0,0,0,0.000000,0
602770,1787833452.0,6.0,0,0,0,0.000000,0
602771,1787833458.0,6.0,0,0,0,0.000000,0
602772,1787833464.0,6.0,0,0,0,0.000000,0
602773,1787833470.001,6.000999927520752,0,0,0,0.000000,0
602774,1787833476.0,5.999000072479248,0,0,0,0.000000,0
602775,1787833482.0,6.0,0,0,0,0.000000,0
602776,1787833488.0,6.0,0,0,0,0.000000,0
602777,1787833494.001,6.000999927520752,0,0,0,0.000000,0
602778,1787833500.0,5.999000072479248,0,0,0,0.000000,0
602779,1787833506.0,6.0,0,0,0,0.000000,0
602780,1787833512.0,6.0,0,0,0,0.000000,0
602781,1787833518.0,6.0,0,0,0,0.000000,0
602782,1787833524.0,6.0,0,0,0,0.000000,0
602783,1787833530.0,6.0,0,0,0,0.000000,0
602784,1787833536.0,6.0,0,0,0,0.000000,0
602785,1787833542.0,6.0,0,0,0,0.000000,0
602786,1787833548.0,6.0,0,0,0,0.000000,0
602787,1787833554.0,6.0,0,0,0,0.000000,0
602788,1787833560.0,6.0,0,0,0,0.000000,0
602789,1787833566.0,6.0,0,0,0,0.000000,0
602790,1787833572.001,6.000999927520752,0,0,0,0.000000,0
602791,1787833578.0,5.999000072479248,0,0,0,0.000000,0
602792,1787833584.0,6.0,0,0,0,0.000000,0
602793,1787833590.0,6.0,0,0,0,0.000000,0
602794,1787833596.001,6.000999927520752,1,1,26745,0.133725,1
602795,1787833602.0,5.999000072479248,1,1,231785,1.158925,1
602796,1787833608.0,6.0,0,0,0,0.000000,0
602797,1787833614.001,6.000999927520752,0,0,0,0.000000,0
602798,1787833620.0,5.999000072479248,0,0,0,0.000000,0
602799,1787833626.0,6.0,0,0,0,0.000000,0
602800,1787833632.001,6.000999927520752,0,0,0,0.000000,0
602801,1787833638.001,6.0,1,1,9269,0.046345,1
602802,1787833644.001,6.0,0,0,0,0.000000,0
602803,1787833650.001,6.0,0,0,0,0.000000,0
602804,1787833656.0,5.999000072479248,0,0,0,0.000000,0
602805,1787833662.0,6.0,1,1,11990,0.059950,1
602806,1787833668.0,6.0,0,0,0,0.000000,0
602807,1787833674.0,6.0,0,0,0,0.000000,0
602808,1787833680.0,6.0,0,0,0,0.000000,0
602809,1787833686.0,6.0,0,0,0,0.000000,0
602810,1787833692.0,6.0,0,0,0,0.000000,0
602811,1787833698.001,6.000999927520752,0,0,0,0.000000,0
602812,1787833704.0,5.999000072479248,0,0,0,0.000000,0
602813,1787833710.0,6.0,0,0,0,0.000000,0
602814,1787833716.001,6.000999927520752,0,0,0,0.000000,0
602815,1787833722.0,5.999000072479248,0,0,0,0.000000,0
602816,1787833728.0,6.0,0,0,0,0.000000,0
602817,1787833734.0,6.0,0,0,0,0.000000,0
602818,1787833740.0,6.0,0,0,0,0.000000,0
602819,1787833746.0,6.0,0,0,0,0.000000,0
602820,1787833752.0,6.0,0,0,0,0.000000,0
602821,1787833758.001,6.000999927520752,1,1,231785,1.158925,1
602822,1787833764.0,5.999000072479248,0,0,0,0.000000,0
602823,1787833770.0,6.0,0,0,0,0.000000,0
602824,1787833776.0,6.0,0,0,0,0.000000,0
602825,1787833782.0,6.0,0,0,0,0.000000,0
602826,1787833788.001,6.000999927520752,0,0,0,0.000000,0
602827,1787833794.0,5.999000072479248,0,0,0,0.000000,0
602828,1787833800.0,6.0,0,0,0,0.000000,0
602829,1787833806.0,6.0,0,0,0,0.000000,0
602830,1787833812.0,6.0,0,0,0,0.000000,0
602831,1787833818.0,6.0,0,0,0,0.000000,0
602832,1787833824.0,6.0,0,0,0,0.000000,0
602833,1787833830.0,6.0,0,0,0,0.000000,0
602834,1787833836.001,6.000999927520752,0,0,0,0.000000,0
602835,1787833842.0,5.999000072479248,0,0,0,0.000000,0
602836,1787833848.0,6.0,0,0,0,0.000000,0
602837,1787833854.0,6.0,1,1,79453,0.397265,1
602838,1787833860.0,6.0,0,0,0,0.000000,0
602839,1787833866.0,6.0,0,0,0,0.000000,0
602840,1787833872.0,6.0,0,0,0,0.000000,0
602841,1787833878.0,6.0,0,0,0,0.000000,0
602842,1787833884.0,6.0,0,0,0,0.000000,0
602843,1787833890.0,6.0,0,0,0,0.000000,0
602844,1787833896.0,6.0,0,0,0,0.000000,0
602845,1787833902.0,6.0,0,0,0,0.000000,0
602846,1787833908.0,6.0,0,0,0,0.000000,0
602847,1787833914.0,6.0,0,0,0,0.000000,0
602848,1787833920.0,6.0,0,0,0,0.000000,0
602849,1787833926.0,6.0,0,0,0,0.000000,0
602850,1787833932.0,6.0,0,0,0,0.000000,0
602851,1787833938.0,6.0,0,0,0,0.000000,0
602852,1787833944.001,6.000999927520752,0,0,0,0.000000,0
602853,1787833950.0,5.999000072479248,0,0,0,0.000000,0
602854,1787833956.0,6.0,0,0,0,0.000000,0
602855,1787833962.0,6.0,0,0,0,0.000000,0
602856,1787833968.0,6.0,0,0,0,0.000000,0
602857,1787833974.0,6.0,0,0,0,0.000000,0
602858,1787833980.0,6.0,0,0,0,0.000000,0
602859,1787833986.0,6.0,0,0,0,0.000000,0
602860,1787833992.0,6.0,0,0,0,0.000000,0
602861,1787833998.0,6.0,0,0,0,0.000000,0
602862,1787834004.0,6.0,0,0,0,0.000000,0
602863,1787834010.0,6.0,0,0,0,0.000000,0
602864,1787834016.0,6.0,0,0,0,0.000000,0
602865,1787834022.0,6.0,0,0,0,0.000000,0
602866,1787834028.0,6.0,0,0,0,0.000000,0
602867,1787834034.0,6.0,0,0,0,0.000000,0
602868,1787834040.0,6.0,0,0,0,0.000000,0
602869,1787834046.0,6.0,0,0,0,0.000000,0
602870,1787834052.0,6.0,0,0,0,0.000000,0
602871,1787834058.0,6.0,0,0,0,0.000000,0
602872,1787834064.0,6.0,0,0,0,0.000000,0
602873,1787834070.0,6.0,0,0,0,0.000000,0
602874,1787834076.0,6.0,0,0,0,0.000000,0
602875,1787834082.0,6.0,0,0,0,0.000000,0
602876,1787834088.0,6.0,0,0,0,0.000000,0
602877,1787834094.0,6.0,0,0,0,0.000000,0
602878,1787834100.0,6.0,0,0,0,0.000000,0
602879,1787834106.0,6.0,0,0,0,0.000000,0
602880,1787834112.0,6.0,0,0,0,0.000000,0
602881,1787834118.0,6.0,0,0,0,0.000000,0
602882,1787834124.001,6.000999927520752,0,0,0,0.000000,0
602883,1787834130.0,5.999000072479248,0,0,0,0.000000,0
602884,1787834136.0,6.0,0,0,0,0.000000,0
602885,1787834142.0,6.0,0,0,0,0.000000,0
602886,1787834148.0,6.0,0,0,0,0.000000,0
602887,1787834154.0,6.0,0,0,0,0.000000,0
602888,1787834160.0,6.0,0,0,0,0.000000,0
602889,1787834166.001,6.000999927520752,0,0,0,0.000000,0
602890,1787834172.0,5.999000072479248,0,0,0,0.000000,0
602891,1787834178.0,6.0,0,0,0,0.000000,0
602892,1787834184.001,6.000999927520752,0,0,0,0.000000,0
602893,1787834190.0,5.999000072479248,0,0,0,0.000000,0
602894,1787834196.0,6.0,0,0,0,0.000000,0
602895,1787834202.0,6.0,0,0,0,0.000000,0
602896,1787834208.0,6.0,0,0,0,0.000000,0
602897,1787834214.0,6.0,0,0,0,0.000000,0
602898,1787834220.0,6.0,0,0,0,0.000000,0
602899,1787834226.0,6.0,0,0,0,0.000000,0
602900,1787834232.0,6.0,0,0,0,0.000000,0
602901,1787834238.0,6.0,0,0,0,0.000000,0
602902,1787834244.0,6.0,0,0,0,0.000000,0
602903,1787834250.0,6.0,0,0,0,0.000000,0
602904,1787834256.0,6.0,0,0,0,0.000000,0
602905,1787834262.0,6.0,0,0,0,0.000000,0
602906,1787834268.0,6.0,0,0,0,0.000000,0
602907,1787834274.0,6.0,0,0,0,0.000000,0
602908,1787834280.0,6.0,0,0,0,0.000000,0
602909,1787834286.0,6.0,0,0,0,0.000000,0
602910,1787834292.0,6.0,0,0,0,0.000000,0
602911,1787834298.0,6.0,0,0,0,0.000000,0
602912,1787834304.001,6.000999927520752,0,0,0,0.000000,0
602913,1787834310.001,6.0,0,0,0,0.000000,0
602914,1787834316.0,5.999000072479248,0,0,0,0.000000,0
602915,1787834322.0,6.0,0,0,0,0.000000,0
602916,1787834328.001,6.000999927520752,0,0,0,0.000000,0
602917,1787834334.0,5.999000072479248,0,0,0,0.000000,0
602918,1787834340.0,6.0,0,0,0,0.000000,0
602919,1787834346.0,6.0,0,0,0,0.000000,0
602920,1787834352.0,6.0,0,0,0,0.000000,0
602921,1787834358.0,6.0,0,0,0,0.000000,0
602922,1787834364.0,6.0,0,0,0,0.000000,0
602923,1787834370.001,6.000999927520752,0,0,0,0.000000,0
602924,1787834376.001,6.0,0,0,0,0.000000,0
602925,1787834382.0,5.999000072479248,0,0,0,0.000000,0
602926,1787834388.0,6.0,0,0,0,0.000000,0
602927,1787834394.0,6.0,0,0,0,0.000000,0
602928,1787834400.0,6.0,0,0,0,0.000000,0
602929,1787834406.0,6.0,0,0,0,0.000000,0
602930,1787834412.001,6.000999927520752,0,0,0,0.000000,0
602931,1787834418.0,5.999000072479248,0,0,0,0.000000,0
602932,1787834424.0,6.0,0,0,0,0.000000,0
602933,1787834430.0,6.0,0,0,0,0.000000,0
602934,1787834436.0,6.0,0,0,0,0.000000,0
602935,1787834442.0,6.0,0,0,0,0.000000,0
602936,1787834448.0,6.0,0,0,0,0.000000,0
602937,1787834454.0,6.0,0,0,0,0.000000,0
602938,1787834460.0,6.0,0,0,0,0.000000,0
602939,1787834466.0,6.0,0,0,0,0.000000,0
602940,1787834472.0,6.0,0,0,0,0.000000,0
602941,1787834478.001,6.000999927520752,0,0,0,0.000000,0
602942,1787834484.0,5.999000072479248,0,0,0,0.000000,0
602943,1787834490.0,6.0,0,0,0,0.000000,0
602944,1787834496.0,6.0,0,0,0,0.000000,0
602945,1787834502.0,6.0,0,0,0,0.000000,0
602946,1787834508.001,6.000999927520752,0,0,0,0.000000,0
602947,1787834514.0,5.999000072479248,0,0,0,0.000000,0
602948,1787834520.0,6.0,0,0,0,0.000000,0
602949,1787834526.0,6.0,0,0,0,0.000000,0
602950,1787834532.0,6.0,1,1,3817,0.019085,1
602951,1787834538.0,6.0,0,0,0,0.000000,0
602952,1787834544.0,6.0,0,0,0,0.000000,0
602953,1787834550.0,6.0,0,0,0,0.000000,0
602954,1787834556.0,6.0,0,0,0,0.000000,0
602955,1787834562.0,6.0,0,0,0,0.000000,0
602956,1787834568.0,6.0,0,0,0,0.000000,0
602957,1787834574.0,6.0,0,0,0,0.000000,0
602958,1787834580.0,6.0,0,0,0,0.000000,0
602959,1787834586.0,6.0,0,0,0,0.000000,0
602960,1787834592.0,6.0,0,0,0,0.000000,0
602961,1787834598.0,6.0,0,0,0,0.000000,0
602962,1787834604.0,6.0,0,0,0,0.000000,0
602963,1787834610.0,6.0,0,0,0,0.000000,0
602964,1787834616.0,6.0,0,0,0,0.000000,0
602965,1787834622.0,6.0,0,0,0,0.000000,0
602966,1787834628.0,6.0,0,0,0,0.000000,0
602967,1787834634.0,6.0,0,0,0,0.000000,0
602968,1787834640.0,6.0,0,0,0,0.000000,0
602969,1787834646.001,6.000999927520752,0,0,0,0.000000,0
602970,1787834652.0,5.999000072479248,0,0,0,0.000000,0
602971,1787834658.0,6.0,0,0,0,0.000000,0
602972,1787834664.001,6.000999927520752,0,0,0,0.000000,0
602973,1787834670.0,5.999000072479248,0,0,0,0.000000,0
602974,1787834676.0,6.0,0,0,0,0.000000,0
602975,1787834682.0,6.0,0,0,0,0.000000,0
602976,1787834688.0,6.0,1,1,705,0.003525,1
602977,1787834694.0,6.0,0,0,0,0.000000,0
602978,1787834700.0,6.0,0,0,0,0.000000,0
602979,1787834706.001,6.000999927520752,0,0,0,0.000000,0
602980,1787834712.001,6.0,0,0,0,0.000000,0
602981,1787834718.0,5.999000072479248,0,0,0,0.000000,0
602982,1787834724.0,6.0,0,0,0,0.000000,0
602983,1787834730.0,6.0,1,1,6342,0.031710,1
602984,1787834736.001,6.000999927520752,0,0,0,0.000000,0
602985,1787834742.0,5.999000072479248,0,0,0,0.000000,0
602986,1787834748.001,6.000999927520752,0,0,0,0.000000,0
602987,1787834754.0,5.999000072479248,0,0,0,0.000000,0
602988,1787834760.0,6.0,0,0,0,0.000000,0
602989,1787834766.0,6.0,0,0,0,0.000000,0
602990,1787834772.0,6.0,0,0,0,0.000000,0
602991,1787834778.001,6.000999927520752,0,0,0,0.000000,0
602992,1787834784.0,5.999000072479248,0,0,0,0.000000,0
602993,1787834790.0,6.0,0,0,0,0.000000,0
602994,1787834796.001,6.000999927520752,0,0,0,0.000000,0
602995,1787834802.001,6.0,0,0,0,0.000000,0
602996,1787834808.0,5.999000072479248,1,1,9269,0.046345,1
602997,1787834814.001,6.000999927520752,0,0,0,0.000000,0
602998,1787834820.0,5.999000072479248,0,0,0,0.000000,0
602999,1787834826.0,6.0,0,0,0,0.000000,0
603000,1787834832.0,6.0,0,0,0,0.000000,0
603001,1787834838.0,6.0,0,0,0,0.000000,0
603002,1787834844.0,6.0,1,1,11990,0.059950,1
603003,1787834850.0,6.0,0,0,0,0.000000,0
603004,1787834856.0,6.0,0,0,0,0.000000,0
603005,1787834862.0,6.0,0,0,0,0.000000,0
603006,1787834868.001,6.000999927520752,0,0,0,0.000000,0
603007,1787834874.0,5.999000072479248,0,0,0,0.000000,0
603008,1787834880.001,6.000999927520752,0,0,0,0.000000,0
603009,1787834886.0,5.999000072479248,0,0,0,0.000000,0
603010,1787834892.0,6.0,0,0,0,0.000000,0
603011,1787834898.001,6.000999927520752,0,0,0,0.000000,0
603012,1787834904.0,5.999000072479248,0,0,0,0.000000,0
603013,1787834910.001,6.000999927520752,0,0,0,0.000000,0
603014,1787834916.0,5.999000072479248,0,0,0,0.000000,0
603015,1787834922.0,6.0,0,0,0,0.000000,0
603016,1787834928.0,6.0,0,0,0,0.000000,0
603017,1787834934.0,6.0,0,0,0,0.000000,0
603018,1787834940.0,6.0,0,0,0,0.000000,0
603019,1787834946.0,6.0,0,0,0,0.000000,0
603020,1787834952.0,6.0,0,0,0,0.000000,0
603021,1787834958.0,6.0,0,0,0,0.000000,0
603022,1787834964.0,6.0,0,0,0,0.000000,0
603023,1787834970.001,6.000999927520752,0,0,0,0.000000,0
603024,1787834976.001,6.0,0,0,0,0.000000,0
603025,1787834982.0,5.999000072479248,0,0,0,0.000000,0
603026,1787834988.0,6.0,0,0,0,0.000000,0
603027,1787834994.0,6.0,0,0,0,0.000000,0
603028,1787835000.0,6.0,0,0,0,0.000000,0
603029,1787835006.0,6.0,0,0,0,0.000000,0
603030,1787835012.001,6.000999927520752,0,0,0,0.000000,0
603031,1787835018.0,5.999000072479248,0,0,0,0.000000,0
603032,1787835024.0,6.0,0,0,0,0.000000,0
603033,1787835030.0,6.0,0,0,0,0.000000,0
603034,1787835036.001,6.000999927520752,0,0,0,0.000000,0
603035,1787835042.0,5.999000072479248,0,0,0,0.000000,0
603036,1787835048.001,6.000999927520752,1,1,710,0.003550,1
603037,1787835054.0,5.999000072479248,0,0,0,0.000000,0
603038,1787835060.0,6.0,0,0,0,0.000000,0
603039,1787835066.0,6.0,0,0,0,0.000000,0
603040,1787835072.001,6.000999927520752,0,0,0,0.000000,0
603041,1787835078.0,5.999000072479248,0,0,0,0.000000,0
603042,1787835084.0,6.0,0,0,0,0.000000,0
603043,1787835090.001,6.000999927520752,0,0,0,0.000000,0
603044,1787835096.0,5.999000072479248,0,0,0,0.000000,0
603045,1787835102.0,6.0,0,0,0,0.000000,0
603046,1787835108.0,6.0,0,0,0,0.000000,0
603047,1787835114.0,6.0,0,0,0,0.000000,0
603048,1787835120.001,6.000999927520752,0,0,0,0.000000,0
603049,1787835126.001,6.0,0,0,0,0.000000,0
603050,1787835132.0,5.999000072479248,0,0,0,0.000000,0
603051,1787835138.001,6.000999927520752,0,0,0,0.000000,0
603052,1787835144.0,5.999000072479248,0,0,0,0.000000,0
603053,1787835150.001,6.000999927520752,0,0,0,0.000000,0
603054,1787835156.0,5.999000072479248,1,1,8992,0.044960,1
603055,1787835162.0,6.0,0,0,0,0.000000,0
603056,1787835168.0,6.0,0,0,0,0.000000,0
603057,1787835174.001,6.000999927520752,0,0,0,0.000000,0
603058,1787835180.0,5.999000072479248,0,0,0,0.000000,0
603059,1787835186.0,6.0,0,0,0,0.000000,0
603060,1787835192.0,6.0,0,0,0,0.000000,0
603061,1787835198.0,6.0,0,0,0,0.000000,0
603062,1787835204.0,6.0,0,0,0,0.000000,0
603063,1787835210.0,6.0,0,0,0,0.000000,0
603064,1787835216.0,6.0,0,0,0,0.000000,0
603065,1787835222.0,6.0,0,0,0,0.000000,0
603066,1787835228.0,6.0,0,0,0,0.000000,0
603067,1787835234.0,6.0,0,0,0,0.000000,0
603068,1787835240.001,6.000999927520752,0,0,0,0.000000,0
603069,1787835246.0,5.999000072479248,0,0,0,0.000000,0
603070,1787835252.0,6.0,0,0,0,0.000000,0
603071,1787835258.0,6.0,0,0,0,0.000000,0
603072,1787835264.0,6.0,0,0,0,0.000000,0
603073,1787835270.001,6.000999927520752,0,0,0,0.000000,0
603074,1787835276.0,5.999000072479248,0,0,0,0.000000,0
603075,1787835282.0,6.0,0,0,0,0.000000,0
603076,1787835288.0,6.0,0,0,0,0.000000,0
603077,1787835294.0,6.0,0,0,0,0.000000,0
603078,1787835300.0,6.0,0,0,0,0.000000,0
603079,1787835306.0,6.0,1,1,3820,0.019100,1
603080,1787835312.0,6.0,0,0,0,0.000000,0
603081,1787835318.0,6.0,0,0,0,0.000000,0
603082,1787835324.0,6.0,0,0,0,0.000000,0
603083,1787835330.0,6.0,1,1,3820,0.019100,1
603084,1787835336.0,6.0,0,0,0,0.000000,0
603085,1787835342.001,6.000999927520752,0,0,0,0.000000,0
603086,1787835348.0,5.999000072479248,1,1,3822,0.019110,1
603087,1787835354.0,6.0,1,1,3816,0.019080,1
603088,1787835360.0,6.0,0,0,0,0.000000,0
603089,1787835366.001,6.000999927520752,0,0,0,0.000000,0
603090,1787835372.0,5.999000072479248,0,0,0,0.000000,0
603091,1787835378.0,6.0,1,1,3819,0.019095,1
603092,1787835384.0,6.0,0,0,0,0.000000,0
603093,1787835390.0,6.0,0,0,0,0.000000,0
603094,1787835396.001,6.000999927520752,0,0,0,0.000000,0
603095,1787835402.0,5.999000072479248,0,0,0,0.000000,0
603096,1787835408.0,6.0,0,0,0,0.000000,0
603097,1787835414.0,6.0,0,0,0,0.000000,0
603098,1787835420.001,6.000999927520752,0,0,0,0.000000,0
603099,1787835426.0,5.999000072479248,0,0,0,0.000000,0
603100,1787835432.001,6.000999927520752,1,1,8998,0.044990,1
603101,1787835438.0,5.999000072479248,0,0,0,0.000000,0
603102,1787835444.0,6.0,0,0,0,0.000000,0
603103,1787835450.001,6.000999927520752,0,0,0,0.000000,0
603104,1787835456.0,5.999000072479248,0,0,0,0.000000,0
603105,1787835462.0,6.0,0,0,0,0.000000,0
603106,1787835468.0,6.0,0,0,0,0.000000,0
603107,1787835474.0,6.0,0,0,0,0.000000,0
603108,1787835480.0,6.0,0,0,0,0.000000,0
603109,1787835486.0,6.0,0,0,0,0.000000,0
603110,1787835492.0,6.0,0,0,0,0.000000,0
603111,1787835498.0,6.0,0,0,0,0.000000,0
603112,1787835504.0,6.0,0,0,0,0.000000,0
603113,1787835510.0,6.0,1,1,24366,0.121830,1
603114,1787835516.0,6.0,0,0,0,0.000000,0
603115,1787835522.0,6.0,0,0,0,0.000000,0
603116,1787835528.0,6.0,0,0,0,0.000000,0
603117,1787835534.001,6.000999927520752,0,0,0,0.000000,0
603118,1787835540.001,6.0,0,0,0,0.000000,0
603119,1787835546.001,6.0,0,0,0,0.000000,0
603120,1787835552.0,5.999000072479248,0,0,0,0.000000,0
603121,1787835558.0,6.0,0,0,0,0.000000,0
603122,1787835564.0,6.0,0,0,0,0.000000,0
603123,1787835570.0,6.0,0,0,0,0.000000,0
603124,1787835576.001,6.000999927520752,0,0,0,0.000000,0
603125,1787835582.001,6.0,0,0,0,0.000000,0
603126,1787835588.0,5.999000072479248,0,0,0,0.000000,0
603127,1787835594.001,6.000999927520752,0,0,0,0.000000,0
603128,1787835600.0,5.999000072479248,0,0,0,0.000000,0
603129,1787835606.0,6.0,0,0,0,0.000000,0
603130,1787835612.0,6.0,0,0,0,0.000000,0
603131,1787835618.001,6.000999927520752,0,0,0,0.000000,0
603132,1787835624.0,5.999000072479248,0,0,0,0.000000,0
603133,1787835630.0,6.0,0,0,0,0.000000,0
603134,1787835636.0,6.0,0,0,0,0.000000,0
603135,1787835642.0,6.0,1,1,3822,0.019110,1
603136,1787835648.0,6.0,0,0,0,0.000000,0
603137,1787835654.0,6.0,0,0,0,0.000000,0
603138,1787835660.0,6.0,1,1,55184,0.275920,1
603139,1787835666.0,6.0,0,0,0,0.000000,0
603140,1787835672.0,6.0,0,0,0,0.000000,0
603141,1787835678.0,6.0,0,0,0,0.000000,0
603142,1787835684.001,6.000999927520752,0,0,0,0.000000,0
603143,1787835690.0,5.999000072479248,0,0,0,0.000000,0
603144,1787835696.0,6.0,0,0,0,0.000000,0
603145,1787835702.001,6.000999927520752,1,1,710,0.003550,1
603146,1787835708.0,5.999000072479248,0,0,0,0.000000,0
603147,1787835714.0,6.0,0,0,0,0.000000,0
603148,1787835720.0,6.0,0,0,0,0.000000,0
603149,1787835726.0,6.0,0,0,0,0.000000,0
603150,1787835732.0,6.0,0,0,0,0.000000,0
603151,1787835738.0,6.0,0,0,0,0.000000,0
603152,1787835744.001,6.000999927520752,1,1,710,0.003550,1
603153,1787835750.001,6.0,0,0,0,0.000000,0
603154,1787835756.0,5.999000072479248,1,1,26745,0.133725,1
603155,1787835762.0,6.0,0,0,0,0.000000,0
603156,1787835768.0,6.0,0,0,0,0.000000,0
603157,1787835774.0,6.0,0,0,0,0.000000,0
603158,1787835780.0,6.0,0,0,0,0.000000,0
603159,1787835786.0,6.0,0,0,0,0.000000,0
603160,1787835792.001,6.000999927520752,0,0,0,0.000000,0
603161,1787835798.0,5.999000072479248,1,1,6772,0.033860,1
603162,1787835804.0,6.0,0,0,0,0.000000,0
603163,1787835810.0,6.0,0,0,0,0.000000,0
603164,1787835816.0,6.0,0,0,0,0.000000,0
603165,1787835822.001,6.000999927520752,0,0,0,0.000000,0
603166,1787835828.001,6.0,0,0,0,0.000000,0
603167,1787835834.001,6.0,0,0,0,0.000000,0
603168,1787835840.0,5.999000072479248,1,1,6776,0.033880,1
603169,1787835846.001,6.000999927520752,0,0,0,0.000000,0
603170,1787835852.0,5.999000072479248,0,0,0,0.000000,0
603171,1787835858.001,6.000999927520752,1,1,709,0.003545,1
603172,1787835864.0,5.999000072479248,0,0,0,0.000000,0
603173,1787835870.0,6.0,0,0,0,0.000000,0
603174,1787835876.001,6.000999927520752,1,1,60136,0.300680,1
603175,1787835882.001,6.0,1,1,6772,0.033860,1
603176,1787835888.0,5.999000072479248,0,0,0,0.000000,0
603177,1787835894.0,6.0,0,0,0,0.000000,0
603178,1787835900.0,6.0,0,0,0,0.000000,0
603179,1787835906.001,6.000999927520752,0,0,0,0.000000,0
603180,1787835912.0,5.999000072479248,0,0,0,0.000000,0
603181,1787835918.0,6.0,0,0,0,0.000000,0
603182,1787835924.0,6.0,1,1,6771,0.033855,0
603183,1787835930.001,6.000999927520752,0,0,0,0.000000,0
603184,1787835936.0,5.999000072479248,0,0,0,0.000000,0
603185,1787835942.0,6.0,0,0,0,0.000000,0
603186,1787835948.0,6.0,0,0,0,0.000000,0
603187,1787835954.0,6.0,0,0,0,0.000000,0
603188,1787835960.0,6.0,0,0,0,0.000000,0
603189,1787835966.0,6.0,2,2,20596,0.102980,2
603190,1787835972.0,6.0,0,0,0,0.000000,0
603191,1787835978.0,6.0,1,1,709,0.003545,1
603192,1787835984.0,6.0,0,0,0,0.000000,0
603193,1787835990.0,6.0,0,0,0,0.000000,0
603194,1787835996.0,6.0,2,2,14527,0.072635,2
603195,1787836002.0,6.0,0,0,0,0.000000,0
603196,1787836008.001,6.000999927520752,1,1,6772,0.033860,1
603197,1787836014.0,5.999000072479248,0,0,0,0.000000,0
603198,1787836020.001,6.000999927520752,0,0,0,0.000000,0
603199,1787836026.0,5.999000072479248,0,0,0,0.000000,0
603200,1787836032.0,6.0,0,0,0,0.000000,0
603201,1787836038.0,6.0,0,0,0,0.000000,0
603202,1787836044.0,6.0,0,0,0,0.000000,0
603203,1787836050.001,6.000999927520752,1,1,6793,0.033965,1
603204,1787836056.0,5.999000072479248,0,0,0,0.000000,0
603205,1787836062.0,6.0,2,2,74354,0.371770,2
603206,1787836068.0,6.0,0,0,0,0.000000,0
603207,1787836074.0,6.0,0,0,0,0.000000,0
603208,1787836080.0,6.0,0,0,0,0.000000,0
603209,1787836086.001,6.000999927520752,0,0,0,0.000000,0
603210,1787836092.001,6.0,0,0,0,0.000000,0
603211,1787836098.0,5.999000072479248,0,0,0,0.000000,0
603212,1787836104.001,6.000999927520752,0,0,0,0.000000,0
603213,1787836110.0,5.999000072479248,0,0,0,0.000000,0
603214,1787836116.0,6.0,0,0,0,0.000000,0
603215,1787836122.0,6.0,0,0,0,0.000000,0
603216,1787836128.0,6.0,0,0,0,0.000000,0
603217,1787836134.0,6.0,0,0,0,0.000000,0
603218,1787836140.0,6.0,0,0,0,0.000000,0
603219,1787836146.0,6.0,0,0,0,0.000000,0
603220,1787836152.0,6.0,0,0,0,0.000000,0
603221,1787836158.0,6.0,0,0,0,0.000000,0
603222,1787836164.001,6.000999927520752,0,0,0,0.000000,0
603223,1787836170.0,5.999000072479248,0,0,0,0.000000,0
603224,1787836176.001,6.000999927520752,0,0,0,0.000000,0
603225,1787836182.0,5.999000072479248,0,0,0,0.000000,0
603226,1787836188.0,6.0,0,0,0,0.000000,0
603227,1787836194.001,6.000999927520752,0,0,0,0.000000,0
603228,1787836200.0,5.999000072479248,0,0,0,0.000000,0
603229,1787836206.0,6.0,0,0,0,0.000000,0
603230,1787836212.0,6.0,0,0,0,0.000000,0
603231,1787836218.0,6.0,0,0,0,0.000000,0
603232,1787836224.0,6.0,0,0,0,0.000000,0
603233,1787836230.001,6.000999927520752,0,0,0,0.000000,0
603234,1787836236.0,5.999000072479248,0,0,0,0.000000,0
603235,1787836242.0,6.0,0,0,0,0.000000,0
603236,1787836248.001,6.000999927520752,0,0,0,0.000000,0
603237,1787836254.0,5.999000072479248,0,0,0,0.000000,0
603238,1787836260.0,6.0,0,0,0,0.000000,0
603239,1787836266.001,6.000999927520752,0,0,0,0.000000,0
603240,1787836272.0,5.999000072479248,0,0,0,0.000000,0
603241,1787836278.0,6.0,0,0,0,0.000000,0
603242,1787836284.0,6.0,0,0,0,0.000000,0
603243,1787836290.0,6.0,0,0,0,0.000000,0
603244,1787836296.0,6.0,0,0,0,0.000000,0
603245,1787836302.0,6.0,0,0,0,0.000000,0
603246,1787836308.0,6.0,0,0,0,0.000000,0
603247,1787836314.0,6.0,1,1,3822,0.019110,1
603248,1787836320.0,6.0,0,0,0,0.000000,0
603249,1787836326.0,6.0,0,0,0,0.000000,0
603250,1787836332.001,6.000999927520752,2,2,13028,0.065140,2
603251,1787836338.0,5.999000072479248,0,0,0,0.000000,0
603252,1787836344.001,6.000999927520752,0,0,0,0.000000,0
603253,1787836350.0,5.999000072479248,0,0,0,0.000000,0
603254,1787836356.0,6.0,0,0,0,0.000000,0
603255,1787836362.0,6.0,0,0,0,0.000000,0
603256,1787836368.0,6.0,0,0,0,0.000000,0
603257,1787836374.0,6.0,0,0,0,0.000000,0
603258,1787836380.0,6.0,0,0,0,0.000000,0
603259,1787836386.0,6.0,1,1,709,0.003545,1
603260,1787836392.0,6.0,0,0,0,0.000000,0
603261,1787836398.0,6.0,0,0,0,0.000000,0
603262,1787836404.0,6.0,0,0,0,0.000000,0
603263,1787836410.001,6.000999927520752,0,0,0,0.000000,0
603264,1787836416.0,5.999000072479248,0,0,0,0.000000,0
603265,1787836422.0,6.0,0,0,0,0.000000,0
603266,1787836428.0,6.0,1,1,60168,0.300840,1
603267,1787836434.001,6.000999927520752,0,0,0,0.000000,0
603268,1787836440.0,5.999000072479248,0,0,0,0.000000,0
603269,1787836446.0,6.0,1,1,709,0.003545,1
603270,1787836452.0,6.0,0,0,0,0.000000,0
603271,1787836458.0,6.0,0,0,0,0.000000,0
603272,1787836464.0,6.0,0,0,0,0.000000,0
603273,1787836470.001,6.000999927520752,0,0,0,0.000000,0
603274,1787836476.0,5.999000072479248,1,1,709,0.003545,1
603275,1787836482.0,6.0,0,0,0,0.000000,0
603276,1787836488.0,6.0,0,0,0,0.000000,0
603277,1787836494.001,6.000999927520752,0,0,0,0.000000,0
603278,1787836500.0,5.999000072479248,0,0,0,0.000000,0
603279,1787836506.0,6.0,0,0,0,0.000000,0
603280,1787836512.0,6.0,0,0,0,0.000000,0
603281,1787836518.0,6.0,0,0,0,0.000000,0
603282,1787836524.0,6.0,0,0,0,0.000000,0
603283,1787836530.001,6.000999927520752,0,0,0,0.000000,0
603284,1787836536.0,5.999000072479248,0,0,0,0.000000,0
603285,1787836542.0,6.0,0,0,0,0.000000,0
603286,1787836548.001,6.000999927520752,0,0,0,0.000000,0
603287,1787836554.0,5.999000072479248,0,0,0,0.000000,0
603288,1787836560.0,6.0,0,0,0,0.000000,0
603289,1787836566.0,6.0,0,0,0,0.000000,0
603290,1787836572.0,6.0,0,0,0,0.000000,0
603291,1787836578.0,6.0,0,0,0,0.000000,0
603292,1787836584.001,6.000999927520752,0,0,0,0.000000,0
603293,1787836590.001,6.0,0,0,0,0.000000,0
603294,1787836596.0,5.999000072479248,0,0,0,0.000000,0
603295,1787836602.001,6.000999927520752,0,0,0,0.000000,0
603296,1787836608.0,5.999000072479248,0,0,0,0.000000,0
603297,1787836614.0,6.0,0,0,0,0.000000,0
603298,1787836620.0,6.0,0,0,0,0.000000,0
603299,1787836626.001,6.000999927520752,0,0,0,0.000000,0
603300,1787836632.0,5.999000072479248,0,0,0,0.000000,0
603301,1787836638.0,6.0,0,0,0,0.000000,0
603302,1787836644.0,6.0,0,0,0,0.000000,0
603303,1787836650.0,6.0,0,0,0,0.000000,0
603304,1787836656.0,6.0,1,1,26746,0.133730,1
603305,1787836662.0,6.0,0,0,0,0.000000,0
603306,1787836668.0,6.0,0,0,0,0.000000,0
603307,1787836674.0,6.0,0,0,0,0.000000,0
603308,1787836680.001,6.000999927520752,0,0,0,0.000000,0
603309,1787836686.0,5.999000072479248,0,0,0,0.000000,0
603310,1787836692.0,6.0,0,0,0,0.000000,0
603311,1787836698.0,6.0,1,1,6772,0.033860,1
603312,1787836704.0,6.0,0,0,0,0.000000,0
603313,1787836710.0,6.0,0,0,0,0.000000,0
603314,1787836716.001,6.000999927520752,0,0,0,0.000000,0
603315,1787836722.001,6.0,1,1,708,0.003540,1
603316,1787836728.0,5.999000072479248,0,0,0,0.000000,0
603317,1787836734.0,6.0,0,0,0,0.000000,0
603318,1787836740.0,6.0,1,1,6772,0.033860,1
603319,1787836746.0,6.0,0,0,0,0.000000,0
603320,1787836752.0,6.0,0,0,0,0.000000,0
603321,1787836758.0,6.0,0,0,0,0.000000,0
603322,1787836764.001,6.000999927520752,0,0,0,0.000000,0
603323,1787836770.001,6.0,0,0,0,0.000000,0
603324,1787836776.0,5.999000072479248,0,0,0,0.000000,0
603325,1787836782.0,6.0,0,0,0,0.000000,0
603326,1787836788.001,6.000999927520752,1,1,6772,0.033860,1
603327,1787836794.001,6.0,0,0,0,0.000000,0
603328,1787836800.0,5.999000072479248,1,1,28061,0.140305,1
603329,1787836806.001,6.000999927520752,0,0,0,0.000000,0
603330,1787836812.001,6.0,0,0,0,0.000000,0
603331,1787836818.0,5.999000072479248,1,1,384171,1.920855,1
603332,1787836824.0,6.0,0,0,0,0.000000,0
603333,1787836830.0,6.0,1,1,6772,0.033860,0
603334,1787836836.0,6.0,0,0,0,0.000000,0
603335,1787836842.001,6.000999927520752,0,0,0,0.000000,0
603336,1787836848.0,5.999000072479248,0,0,0,0.000000,0
603337,1787836854.001,6.000999927520752,0,0,0,0.000000,0
603338,1787836860.0,5.999000072479248,0,0,0,0.000000,0
603339,1787836866.0,6.0,0,0,0,0.000000,0
603340,1787836872.0,6.0,1,1,6771,0.033855,1
603341,1787836878.0,6.0,1,1,3822,0.019110,1
603342,1787836884.0,6.0,1,1,28060,0.140300,1
603343,1787836890.0,6.0,0,0,0,0.000000,0
603344,1787836896.0,6.0,0,0,0,0.000000,0
603345,1787836902.0,6.0,0,0,0,0.000000,0
603346,1787836908.0,6.0,0,0,0,0.000000,0
603347,1787836914.0,6.0,1,1,6772,0.033860,1
603348,1787836920.0,6.0,0,0,0,0.000000,0
603349,1787836926.0,6.0,1,1,28061,0.140305,1
603350,1787836932.001,6.000999927520752,0,0,0,0.000000,0
603351,1787836938.0,5.999000072479248,0,0,0,0.000000,0
603352,1787836944.001,6.000999927520752,0,0,0,0.000000,0
603353,1787836950.001,6.0,0,0,0,0.000000,0
603354,1787836956.0,5.999000072479248,1,1,6794,0.033970,1
603355,1787836962.0,6.0,1,1,708,0.003540,1
603356,1787836968.0,6.0,0,0,0,0.000000,0
603357,1787836974.0,6.0,1,1,28061,0.140305,1
603358,1787836980.001,6.000999927520752,0,0,0,0.000000,0
603359,1787836986.0,5.999000072479248,0,0,0,0.000000,0
603360,1787836992.0,6.0,1,1,60173,0.300865,1
603361,1787836998.001,6.000999927520752,0,0,0,0.000000,0
603362,1787837004.001,6.0,0,0,0,0.000000,0
603363,1787837010.0,5.999000072479248,0,0,0,0.000000,0
603364,1787837016.0,6.0,0,0,0,0.000000,0
603365,1787837022.0,6.0,0,0,0,0.000000,0
603366,1787837028.0,6.0,0,0,0,0.000000,0
603367,1787837034.001,6.000999927520752,1,1,28061,0.140305,1
603368,1787837040.001,6.0,0,0,0,0.000000,0
603369,1787837046.0,5.999000072479248,1,1,3822,0.019110,1
603370,1787837052.0,6.0,0,0,0,0.000000,0
603371,1787837058.0,6.0,0,0,0,0.000000,0
603372,1787837064.0,6.0,0,0,0,0.000000,0
603373,1787837070.001,6.000999927520752,0,0,0,0.000000,0
603374,1787837076.0,5.999000072479248,0,0,0,0.000000,0
603375,1787837082.001,6.000999927520752,2,2,384877,1.924385,2
603376,1787837088.0,5.999000072479248,0,0,0,0.000000,0
603377,1787837094.001,6.000999927520752,0,0,0,0.000000,0
603378,1787837100.0,5.999000072479248,0,0,0,0.000000,0
603379,1787837106.0,6.0,0,0,0,0.000000,0
603380,1787837112.0,6.0,1,1,28060,0.140300,1
603381,1787837118.0,6.0,0,0,0,0.000000,0
603382,1787837124.001,6.000999927520752,0,0,0,0.000000,0
603383,1787837130.001,6.0,0,0,0,0.000000,0
603384,1787837136.001,6.0,0,0,0,0.000000,0
603385,1787837142.0,5.999000072479248,0,0,0,0.000000,0
603386,1787837148.0,6.0,0,0,0,0.000000,0
603387,1787837154.0,6.0,0,0,0,0.000000,0
603388,1787837160.0,6.0,0,0,0,0.000000,0
603389,1787837166.0,6.0,0,0,0,0.000000,0
603390,1787837172.0,6.0,0,0,0,0.000000,0
603391,1787837178.0,6.0,0,0,0,0.000000,0
603392,1787837184.001,6.000999927520752,1,1,26746,0.133730,1
603393,1787837190.001,6.0,0,0,0,0.000000,0
603394,1787837196.0,5.999000072479248,0,0,0,0.000000,0
603395,1787837202.0,6.0,2,2,31883,0.159415,2
603396,1787837208.0,6.0,0,0,0,0.000000,0
603397,1787837214.0,6.0,0,0,0,0.000000,0
603398,1787837220.0,6.0,0,0,0,0.000000,0
603399,1787837226.0,6.0,1,1,6772,0.033860,1
603400,1787837232.0,6.0,0,0,0,0.000000,0
603401,1787837238.0,6.0,0,0,0,0.000000,0
603402,1787837244.0,6.0,0,0,0,0.000000,0
603403,1787837250.0,6.0,0,0,0,0.000000,0
603404,1787837256.0,6.0,0,0,0,0.000000,0
603405,1787837262.0,6.0,0,0,0,0.000000,0
603406,1787837268.0,6.0,2,2,10594,0.052970,2
603407,1787837274.0,6.0,0,0,0,0.000000,0
603408,1787837280.0,6.0,0,0,0,0.000000,0
603409,1787837286.0,6.0,0,0,0,0.000000,0
603410,1787837292.0,6.0,0,0,0,0.000000,0
603411,1787837298.001,6.000999927520752,1,1,28061,0.140305,1
603412,1787837304.0,5.999000072479248,0,0,0,0.000000,0
603413,1787837310.0,6.0,1,1,6770,0.033850,1
603414,1787837316.0,6.0,1,1,3821,0.019105,1
603415,1787837322.0,6.0,0,0,0,0.000000,0
603416,1787837328.0,6.0,0,0,0,0.000000,0
603417,1787837334.0,6.0,1,1,384170,1.920850,1
603418,1787837340.001,6.000999927520752,0,0,0,0.000000,0
603419,1787837346.001,6.0,0,0,0,0.000000,0
603420,1787837352.001,6.0,2,2,10593,0.052965,1
603421,1787837358.0,5.999000072479248,0,0,0,0.000000,0
603422,1787837364.0,6.0,0,0,0,0.000000,0
603423,1787837370.0,6.0,0,0,0,0.000000,0
603424,1787837376.0,6.0,0,0,0,0.000000,0
603425,1787837382.0,6.0,0,0,0,0.000000,0
603426,1787837388.0,6.0,0,0,0,0.000000,0
603427,1787837394.0,6.0,1,1,6772,0.033860,1
603428,1787837400.0,6.0,0,0,0,0.000000,0
603429,1787837406.0,6.0,1,1,28061,0.140305,1
603430,1787837412.0,6.0,0,0,0,0.000000,0
603431,1787837418.0,6.0,0,0,0,0.000000,0
603432,1787837424.0,6.0,0,0,0,0.000000,0
603433,1787837430.001,6.000999927520752,0,0,0,0.000000,0
603434,1787837436.0,5.999000072479248,1,1,6772,0.033860,1
603435,1787837442.0,6.0,2,2,16215,0.081075,2
603436,1787837448.0,6.0,0,0,0,0.000000,0
603437,1787837454.0,6.0,0,0,0,0.000000,0
603438,1787837460.001,6.000999927520752,0,0,0,0.000000,0
603439,1787837466.001,6.0,0,0,0,0.000000,0
603440,1787837472.0,5.999000072479248,0,0,0,0.000000,0
603441,1787837478.0,6.0,1,1,6793,0.033965,1
603442,1787837484.0,6.0,1,1,709,0.003545,1
603443,1787837490.0,6.0,0,0,0,0.000000,0
603444,1787837496.001,6.000999927520752,2,2,9889,0.049445,2
603445,1787837502.001,6.0,0,0,0,0.000000,0
603446,1787837508.0,5.999000072479248,0,0,0,0.000000,0
603447,1787837514.0,6.0,0,0,0,0.000000,0
603448,1787837520.0,6.0,0,0,0,0.000000,0
603449,1787837526.0,6.0,0,0,0,0.000000,0
603450,1787837532.001,6.000999927520752,0,0,0,0.000000,0
603451,1787837538.0,5.999000072479248,0,0,0,0.000000,0
603452,1787837544.0,6.0,0,0,0,0.000000,0
603453,1787837550.0,6.0,0,0,0,0.000000,0
603454,1787837556.0,6.0,0,0,0,0.000000,0
603455,1787837562.0,6.0,1,1,9403,0.047015,1
603456,1787837568.001,6.000999927520752,0,0,0,0.000000,0
603457,1787837574.0,5.999000072479248,1,1,28061,0.140305,1
603458,1787837580.0,6.0,1,1,384168,1.920840,1
603459,1787837586.001,6.000999927520752,0,0,0,0.000000,0
603460,1787837592.0,5.999000072479248,0,0,0,0.000000,0
603461,1787837598.0,6.0,0,0,0,0.000000,0
603462,1787837604.001,6.000999927520752,0,0,0,0.000000,0
603463,1787837610.0,5.999000072479248,0,0,0,0.000000,0
603464,1787837616.0,6.0,0,0,0,0.000000,0
603465,1787837622.0,6.0,1,1,28061,0.140305,1
603466,1787837628.0,6.0,0,0,0,0.000000,0
603467,1787837634.0,6.0,0,0,0,0.000000,0
603468,1787837640.0,6.0,0,0,0,0.000000,0
603469,1787837646.0,6.0,0,0,0,0.000000,0
603470,1787837652.0,6.0,1,1,9403,0.047015,1
603471,1787837658.001,6.000999927520752,0,0,0,0.000000,0
603472,1787837664.0,5.999000072479248,0,0,0,0.000000,0
603473,1787837670.0,6.0,0,0,0,0.000000,0
603474,1787837676.0,6.0,1,1,28061,0.140305,1
603475,1787837682.0,6.0,0,0,0,0.000000,0
603476,1787837688.0,6.0,0,0,0,0.000000,0
603477,1787837694.0,6.0,0,0,0,0.000000,0
603478,1787837700.001,6.000999927520752,0,0,0,0.000000,0
603479,1787837706.0,5.999000072479248,0,0,0,0.000000,0
603480,1787837712.0,6.0,0,0,0,0.000000,0
603481,1787837718.0,6.0,0,0,0,0.000000,0
603482,1787837724.0,6.0,1,1,13814,0.069070,1
603483,1787837730.001,6.000999927520752,0,0,0,0.000000,0
603484,1787837736.0,5.999000072479248,0,0,0,0.000000,0
603485,1787837742.0,6.0,1,1,28061,0.140305,1
603486,1787837748.0,6.0,0,0,0,0.000000,0
603487,1787837754.0,6.0,0,0,0,0.000000,0
603488,1787837760.0,6.0,0,0,0,0.000000,0
603489,1787837766.0,6.0,0,0,0,0.000000,0
603490,1787837772.0,6.0,0,0,0,0.000000,0
603491,1787837778.001,6.000999927520752,1,1,8343,0.041715,1
603492,1787837784.0,5.999000072479248,0,0,0,0.000000,0
603493,1787837790.001,6.000999927520752,0,0,0,0.000000,0
603494,1787837796.0,5.999000072479248,0,0,0,0.000000,0
603495,1787837802.001,6.000999927520752,0,0,0,0.000000,0
603496,1787837808.001,6.0,0,0,0,0.000000,0
603497,1787837814.0,5.999000072479248,3,3,46974,0.234870,3
603498,1787837820.001,6.000999927520752,0,0,0,0.000000,0
603499,1787837826.0,5.999000072479248,1,1,8343,0.041715,1
603500,1787837832.0,6.0,1,1,384165,1.920825,1
603501,1787837838.0,6.0,0,0,0,0.000000,0
603502,1787837844.0,6.0,0,0,0,0.000000,0
603503,1787837850.001,6.000999927520752,0,0,0,0.000000,0
603504,1787837856.001,6.0,0,0,0,0.000000,0
603505,1787837862.0,5.999000072479248,1,1,8345,0.041725,1
603506,1787837868.0,6.0,0,0,0,0.000000,0
603507,1787837874.001,6.000999927520752,0,0,0,0.000000,0
603508,1787837880.0,5.999000072479248,0,0,0,0.000000,0
603509,1787837886.001,6.000999927520752,0,0,0,0.000000,0
603510,1787837892.001,6.0,0,0,0,0.000000,0
603511,1787837898.001,6.0,1,1,28061,0.140305,1
603512,1787837904.0,5.999000072479248,0,0,0,0.000000,0
603513,1787837910.001,6.000999927520752,0,0,0,0.000000,0
603514,1787837916.0,5.999000072479248,0,0,0,0.000000,0
603515,1787837922.0,6.0,0,0,0,0.000000,0
603516,1787837928.0,6.0,0,0,0,0.000000,0
603517,1787837934.0,6.0,0,0,0,0.000000,0
603518,1787837940.0,6.0,0,0,0,0.000000,0
603519,1787837946.001,6.000999927520752,0,0,0,0.000000,0
603520,1787837952.0,5.999000072479248,0,0,0,0.000000,0
603521,1787837958.001,6.000999927520752,0,0,0,0.000000,0
603522,1787837964.0,5.999000072479248,0,0,0,0.000000,0
603523,1787837970.0,6.0,0,0,0,0.000000,0
603524,1787837976.0,6.0,0,0,0,0.000000,0
603525,1787837982.0,6.0,0,0,0,0.000000,0
603526,1787837988.001,6.000999927520752,0,0,0,0.000000,0
603527,1787837994.0,5.999000072479248,1,1,28061,0.140305,1
603528,1787838000.0,6.0,0,0,0,0.000000,0
603529,1787838006.0,6.0,0,0,0,0.000000,0
603530,1787838012.0,6.0,0,0,0,0.000000,0
603531,1787838018.0,6.0,1,1,29357,0.146785,1
603532,1787838024.0,6.0,0,0,0,0.000000,0
603533,1787838030.0,6.0,0,0,0,0.000000,0
603534,1787838036.001,6.000999927520752,0,0,0,0.000000,0
603535,1787838042.0,5.999000072479248,0,0,0,0.000000,0
603536,1787838048.0,6.0,0,0,0,0.000000,0
603537,1787838054.0,6.0,1,1,3820,0.019100,1
603538,1787838060.001,6.000999927520752,0,0,0,0.000000,0
603539,1787838066.001,6.0,0,0,0,0.000000,0
603540,1787838072.0,5.999000072479248,0,0,0,0.000000,0
603541,1787838078.0,6.0,1,1,384168,1.920840,1
603542,1787838084.0,6.0,0,0,0,0.000000,0
603543,1787838090.0,6.0,0,0,0,0.000000,0
603544,1787838096.0,6.0,1,1,28061,0.140305,1
603545,1787838102.0,6.0,0,0,0,0.000000,0
603546,1787838108.001,6.000999927520752,0,0,0,0.000000,0
603547,1787838114.0,5.999000072479248,0,0,0,0.000000,0
603548,1787838120.001,6.000999927520752,0,0,0,0.000000,0
603549,1787838126.001,6.0,0,0,0,0.000000,0
603550,1787838132.0,5.999000072479248,0,0,0,0.000000,0
603551,1787838138.001,6.000999927520752,0,0,0,0.000000,0
603552,1787838144.0,5.999000072479248,0,0,0,0.000000,0
603553,1787838150.0,6.0,0,0,0,0.000000,0
603554,1787838156.0,6.0,0,0,0,0.000000,0
603555,1787838162.001,6.000999927520752,1,1,642,0.003210,1
603556,1787838168.0,5.999000072479248,1,1,25323,0.126615,1
603557,1787838174.0,6.0,0,0,0,0.000000,0
603558,1787838180.0,6.0,0,0,0,0.000000,0
603559,1787838186.0,6.0,0,0,0,0.000000,0
603560,1787838192.001,6.000999927520752,0,0,0,0.000000,0
603561,1787838198.0,5.999000072479248,0,0,0,0.000000,0
603562,1787838204.0,6.0,0,0,0,0.000000,0
603563,1787838210.0,6.0,0,0,0,0.000000,0
603564,1787838216.0,6.0,0,0,0,0.000000,0
603565,1787838222.001,6.000999927520752,0,0,0,0.000000,0
603566,1787838228.001,6.0,0,0,0,0.000000,0
603567,1787838234.0,5.999000072479248,0,0,0,0.000000,0
603568,1787838240.0,6.0,0,0,0,0.000000,0
603569,1787838246.0,6.0,0,0,0,0.000000,0
603570,1787838252.001,6.000999927520752,0,0,0,0.000000,0
603571,1787838258.0,5.999000072479248,0,0,0,0.000000,0
603572,1787838264.001,6.000999927520752,0,0,0,0.000000,0
603573,1787838270.0,5.999000072479248,0,0,0,0.000000,0
603574,1787838276.0,6.0,0,0,0,0.000000,0
603575,1787838282.0,6.0,0,0,0,0.000000,0
603576,1787838288.001,6.000999927520752,0,0,0,0.000000,0
603577,1787838294.0,5.999000072479248,0,0,0,0.000000,0
603578,1787838300.0,6.0,0,0,0,0.000000,0
603579,1787838306.0,6.0,0,0,0,0.000000,0
603580,1787838312.0,6.0,0,0,0,0.000000,0
603581,1787838318.0,6.0,0,0,0,0.000000,0
603582,1787838324.0,6.0,1,1,384171,1.920855,1
603583,1787838330.0,6.0,2,2,22749,0.113745,2
603584,1787838336.0,6.0,0,0,0,0.000000,0
603585,1787838342.001,6.000999927520752,0,0,0,0.000000,0
603586,1787838348.0,5.999000072479248,0,0,0,0.000000,0
603587,1787838354.0,6.0,0,0,0,0.000000,0
603588,1787838360.0,6.0,0,0,0,0.000000,0
603589,1787838366.0,6.0,0,0,0,0.000000,0
603590,1787838372.001,6.000999927520752,0,0,0,0.000000,0
603591,1787838378.0,5.999000072479248,1,1,13284,0.066420,1
603592,1787838384.0,6.0,0,0,0,0.000000,0
603593,1787838390.001,6.000999927520752,0,0,0,0.000000,0
603594,1787838396.0,5.999000072479248,1,1,28060,0.140300,1
603595,1787838402.0,6.0,0,0,0,0.000000,0
603596,1787838408.001,6.000999927520752,1,1,11974,0.059870,1
603597,1787838414.0,5.999000072479248,0,0,0,0.000000,0
603598,1787838420.0,6.0,0,0,0,0.000000,0
603599,1787838426.001,6.000999927520752,0,0,0,0.000000,0
603600,1787838432.0,5.999000072479248,0,0,0,0.000000,0
603601,1787838438.0,6.0,1,1,13818,0.069090,1
603602,1787838444.0,6.0,0,0,0,0.000000,0
603603,1787838450.0,6.0,1,1,12110,0.060550,1
603604,1787838456.0,6.0,1,1,28061,0.140305,1
603605,1787838462.001,6.000999927520752,0,0,0,0.000000,0
603606,1787838468.001,6.0,0,0,0,0.000000,0
603607,1787838474.001,6.0,0,0,0,0.000000,0
603608,1787838480.0,5.999000072479248,0,0,0,0.000000,0
603609,1787838486.0,6.0,0,0,0,0.000000,0
603610,1787838492.0,6.0,0,0,0,0.000000,0
603611,1787838498.0,6.0,0,0,0,0.000000,0
603612,1787838504.0,6.0,0,0,0,0.000000,0
603613,1787838510.0,6.0,0,0,0,0.000000,0
603614,1787838516.001,6.000999927520752,0,0,0,0.000000,0
603615,1787838522.001,6.0,0,0,0,0.000000,0
603616,1787838528.001,6.0,1,1,28061,0.140305,1
603617,1787838534.0,5.999000072479248,0,0,0,0.000000,0
603618,1787838540.0,6.0,0,0,0,0.000000,0
603619,1787838546.0,6.0,0,0,0,0.000000,0
603620,1787838552.001,6.000999927520752,0,0,0,0.000000,0
603621,1787838558.001,6.0,0,0,0,0.000000,0
603622,1787838564.0,5.999000072479248,1,1,13816,0.069080,1
603623,1787838570.0,6.0,1,1,384167,1.920835,1
603624,1787838576.0,6.0,0,0,0,0.000000,0
603625,1787838582.0,6.0,0,0,0,0.000000,0
603626,1787838588.0,6.0,0,0,0,0.000000,0
603627,1787838594.0,6.0,0,0,0,0.000000,0
603628,1787838600.0,6.0,0,0,0,0.000000,0
603629,1787838606.0,6.0,0,0,0,0.000000,0
603630,1787838612.001,6.000999927520752,1,1,28061,0.140305,1
603631,1787838618.0,5.999000072479248,0,0,0,0.000000,0
603632,1787838624.0,6.0,1,1,13818,0.069090,1
603633,1787838630.0,6.0,0,0,0,0.000000,0
603634,1787838636.001,6.000999927520752,0,0,0,0.000000,0
603635,1787838642.0,5.999000072479248,0,0,0,0.000000,0
603636,1787838648.001,6.000999927520752,0,0,0,0.000000,0
603637,1787838654.0,5.999000072479248,0,0,0,0.000000,0
603638,1787838660.001,6.000999927520752,0,0,0,0.000000,0
603639,1787838666.0,5.999000072479248,0,0,0,0.000000,0
603640,1787838672.0,6.0,0,0,0,0.000000,0
603641,1787838678.0,6.0,0,0,0,0.000000,0
603642,1787838684.0,6.0,0,0,0,0.000000,0
603643,1787838690.0,6.0,1,1,21793,0.108965,1
603644,1787838696.0,6.0,1,1,28061,0.140305,1
603645,1787838702.0,6.0,0,0,0,0.000000,0
603646,1787838708.0,6.0,0,0,0,0.000000,0
603647,1787838714.0,6.0,0,0,0,0.000000,0
603648,1787838720.0,6.0,0,0,0,0.000000,0
603649,1787838726.0,6.0,0,0,0,0.000000,0
603650,1787838732.0,6.0,0,0,0,0.000000,0
603651,1787838738.001,6.000999927520752,0,0,0,0.000000,0
603652,1787838744.0,5.999000072479248,0,0,0,0.000000,0
603653,1787838750.0,6.0,0,0,0,0.000000,0
603654,1787838756.0,6.0,0,0,0,0.000000,0
603655,1787838762.0,6.0,0,0,0,0.000000,0
603656,1787838768.0,6.0,0,0,0,0.000000,0
603657,1787838774.001,6.000999927520752,0,0,0,0.000000,0
603658,1787838780.0,5.999000072479248,0,0,0,0.000000,0
603659,1787838786.0,6.0,0,0,0,0.000000,0
603660,1787838792.0,6.0,1,1,28061,0.140305,1
603661,1787838798.0,6.0,0,0,0,0.000000,0
603662,1787838804.0,6.0,0,0,0,0.000000,0
603663,1787838810.0,6.0,0,0,0,0.000000,0
603664,1787838816.0,6.0,0,0,0,0.000000,0
603665,1787838822.0,6.0,1,1,384170,1.920850,1
603666,1787838828.001,6.000999927520752,0,0,0,0.000000,0
603667,1787838834.0,5.999000072479248,0,0,0,0.000000,0
603668,1787838840.0,6.0,0,0,0,0.000000,0
603669,1787838846.001,6.000999927520752,0,0,0,0.000000,0
603670,1787838852.0,5.999000072479248,0,0,0,0.000000,0
603671,1787838858.0,6.0,0,0,0,0.000000,0
603672,1787838864.001,6.000999927520752,1,1,29497,0.147485,1
603673,1787838870.0,5.999000072479248,0,0,0,0.000000,0
603674,1787838876.0,6.0,0,0,0,0.000000,0
603675,1787838882.0,6.0,0,0,0,0.000000,0
603676,1787838888.0,6.0,0,0,0,0.000000,0
603677,1787838894.0,6.0,0,0,0,0.000000,0
603678,1787838900.0,6.0,1,1,28060,0.140300,1
603679,1787838906.001,6.000999927520752,0,0,0,0.000000,0
603680,1787838912.0,5.999000072479248,1,1,23132,0.115660,1
603681,1787838918.0,6.0,0,0,0,0.000000,0
603682,1787838924.0,6.0,0,0,0,0.000000,0
603683,1787838930.0,6.0,0,0,0,0.000000,0
603684,1787838936.0,6.0,0,0,0,0.000000,0
603685,1787838942.0,6.0,0,0,0,0.000000,0
603686,1787838948.0,6.0,0,0,0,0.000000,0
603687,1787838954.001,6.000999927520752,0,0,0,0.000000,0
603688,1787838960.001,6.0,0,0,0,0.000000,0
603689,1787838966.0,5.999000072479248,0,0,0,0.000000,0
603690,1787838972.0,6.0,0,0,0,0.000000,0
603691,1787838978.001,6.000999927520752,0,0,0,0.000000,0
603692,1787838984.0,5.999000072479248,1,1,14493,0.072465,1
603693,1787838990.0,6.0,0,0,0,0.000000,0
603694,1787838996.0,6.0,0,0,0,0.000000,0
603695,1787839002.0,6.0,0,0,0,0.000000,0
603696,1787839008.0,6.0,0,0,0,0.000000,0
603697,1787839014.001,6.000999927520752,0,0,0,0.000000,0
603698,1787839020.001,6.0,0,0,0,0.000000,0
603699,1787839026.001,6.0,1,1,6266,0.031330,1
603700,1787839032.0,5.999000072479248,0,0,0,0.000000,0
603701,1787839038.0,6.0,0,0,0,0.000000,0
603702,1787839044.0,6.0,0,0,0,0.000000,0
603703,1787839050.001,6.000999927520752,0,0,0,0.000000,0
603704,1787839056.001,6.0,0,0,0,0.000000,0
603705,1787839062.001,6.0,0,0,0,0.000000,0
603706,1787839068.0,5.999000072479248,0,0,0,0.000000,0
603707,1787839074.0,6.0,1,1,384169,1.920845,1
603708,1787839080.0,6.0,0,0,0,0.000000,0
603709,1787839086.001,6.000999927520752,0,0,0,0.000000,0
603710,1787839092.001,6.0,0,0,0,0.000000,0
603711,1787839098.0,5.999000072479248,0,0,0,0.000000,0
603712,1787839104.0,6.0,0,0,0,0.000000,0
603713,1787839110.0,6.0,0,0,0,0.000000,0
603714,1787839116.0,6.0,0,0,0,0.000000,0
603715,1787839122.0,6.0,1,1,9025,0.045125,1
603716,1787839128.0,6.0,0,0,0,0.000000,0
603717,1787839134.001,6.000999927520752,1,1,8539,0.042695,1
603718,1787839140.0,5.999000072479248,0,0,0,0.000000,0
603719,1787839146.001,6.000999927520752,0,0,0,0.000000,0
603720,1787839152.0,5.999000072479248,0,0,0,0.000000,0
603721,1787839158.0,6.0,1,1,28061,0.140305,1
603722,1787839164.0,6.0,1,1,6798,0.033990,1
603723,1787839170.0,6.0,0,0,0,0.000000,0
603724,1787839176.0,6.0,0,0,0,0.000000,0
603725,1787839182.0,6.0,0,0,0,0.000000,0
603726,1787839188.0,6.0,0,0,0,0.000000,0
603727,1787839194.001,6.000999927520752,0,0,0,0.000000,0
603728,1787839200.001,6.0,0,0,0,0.000000,0
603729,1787839206.0,5.999000072479248,0,0,0,0.000000,0
603730,1787839212.0,6.0,0,0,0,0.000000,0
603731,1787839218.0,6.0,0,0,0,0.000000,0
603732,1787839224.0,6.0,2,2,37083,0.185415,2
603733,1787839230.0,6.0,0,0,0,0.000000,0
603734,1787839236.0,6.0,0,0,0,0.000000,0
603735,1787839242.0,6.0,0,0,0,0.000000,0
603736,1787839248.0,6.0,0,0,0,0.000000,0
603737,1787839254.0,6.0,0,0,0,0.000000,0
603738,1787839260.0,6.0,0,0,0,0.000000,0
603739,1787839266.0,6.0,0,0,0,0.000000,0
603740,1787839272.001,6.000999927520752,0,0,0,0.000000,0
603741,1787839278.0,5.999000072479248,0,0,0,0.000000,0
603742,1787839284.001,6.000999927520752,1,1,8508,0.042540,1
603743,1787839290.0,5.999000072479248,2,2,35541,0.177705,2
603744,1787839296.0,6.0,0,0,0,0.000000,0
603745,1787839302.0,6.0,0,0,0,0.000000,0
603746,1787839308.0,6.0,0,0,0,0.000000,0
603747,1787839314.001,6.000999927520752,0,0,0,0.000000,0
603748,1787839320.0,5.999000072479248,0,0,0,0.000000,0
603749,1787839326.0,6.0,1,1,384167,1.920835,1
603750,1787839332.0,6.0,0,0,0,0.000000,0
603751,1787839338.0,6.0,0,0,0,0.000000,0
603752,1787839344.0,6.0,0,0,0,0.000000,0
603753,1787839350.0,6.0,0,0,0,0.000000,0
603754,1787839356.0,6.0,0,0,0,0.000000,0
603755,1787839362.0,6.0,0,0,0,0.000000,0
603756,1787839368.0,6.0,1,1,28061,0.140305,1
603757,1787839374.0,6.0,0,0,0,0.000000,0
603758,1787839380.0,6.0,1,1,39910,0.199550,1
603759,1787839386.0,6.0,0,0,0,0.000000,0
603760,1787839392.0,6.0,0,0,0,0.000000,0
603761,1787839398.0,6.0,0,0,0,0.000000,0
603762,1787839404.0,6.0,0,0,0,0.000000,0
603763,1787839410.001,6.000999927520752,0,0,0,0.000000,0
603764,1787839416.001,6.0,0,0,0,0.000000,0
603765,1787839422.001,6.0,0,0,0,0.000000,0
603766,1787839428.0,5.999000072479248,1,1,39913,0.199565,1
603767,1787839434.0,6.0,0,0,0,0.000000,0
603768,1787839440.0,6.0,0,0,0,0.000000,0
603769,1787839446.0,6.0,0,0,0,0.000000,0
603770,1787839452.0,6.0,0,0,0,0.000000,0
603771,1787839458.0,6.0,1,1,28060,0.140300,1
603772,1787839464.0,6.0,1,1,8997,0.044985,1
603773,1787839470.0,6.0,0,0,0,0.000000,0
603774,1787839476.0,6.0,1,1,6772,0.033860,1
603775,1787839482.0,6.0,0,0,0,0.000000,0
603776,1787839488.0,6.0,0,0,0,0.000000,0
603777,1787839494.0,6.0,0,0,0,0.000000,0
603778,1787839500.001,6.000999927520752,0,0,0,0.000000,0
603779,1787839506.0,5.999000072479248,0,0,0,0.000000,0
603780,1787839512.0,6.0,1,1,55153,0.275765,1
603781,1787839518.0,6.0,1,1,6772,0.033860,1
603782,1787839524.0,6.0,0,0,0,0.000000,0
603783,1787839530.001,6.000999927520752,0,0,0,0.000000,0
603784,1787839536.001,6.0,0,0,0,0.000000,0
603785,1787839542.0,5.999000072479248,0,0,0,0.000000,0
603786,1787839548.0,6.0,0,0,0,0.000000,0
603787,1787839554.0,6.0,0,0,0,0.000000,0
603788,1787839560.0,6.0,1,1,6772,0.033860,1
603789,1787839566.001,6.000999927520752,1,1,28061,0.140305,1
603790,1787839572.0,5.999000072479248,0,0,0,0.000000,0
603791,1787839578.0,6.0,1,1,384169,1.920845,1
603792,1787839584.0,6.0,0,0,0,0.000000,0
603793,1787839590.0,6.0,0,0,0,0.000000,0
603794,1787839596.0,6.0,1,1,8503,0.042515,1
603795,1787839602.0,6.0,0,0,0,0.000000,0
603796,1787839608.001,6.000999927520752,0,0,0,0.000000,0
603797,1787839614.0,5.999000072479248,0,0,0,0.000000,0
603798,1787839620.0,6.0,0,0,0,0.000000,0
603799,1787839626.0,6.0,0,0,0,0.000000,0
603800,1787839632.001,6.000999927520752,1,1,6772,0.033860,0
603801,1787839638.0,5.999000072479248,0,0,0,0.000000,0
603802,1787839644.001,6.000999927520752,1,1,7473,0.037365,1
603803,1787839650.0,5.999000072479248,0,0,0,0.000000,0
603804,1787839656.0,6.0,1,1,709,0.003545,1
603805,1787839662.0,6.0,0,0,0,0.000000,0
603806,1787839668.0,6.0,1,1,25323,0.126615,1
603807,1787839674.0,6.0,1,1,6772,0.033860,1
603808,1787839680.0,6.0,1,1,28061,0.140305,1
603809,1787839686.0,6.0,2,2,69183,0.345915,1
603810,1787839692.0,6.0,0,0,0,0.000000,0
603811,1787839698.001,6.000999927520752,0,0,0,0.000000,0
603812,1787839704.0,5.999000072479248,1,1,34746,0.173730,1
603813,1787839710.0,6.0,0,0,0,0.000000,0
603814,1787839716.0,6.0,1,1,710,0.003550,1
603815,1787839722.001,6.000999927520752,0,0,0,0.000000,0
603816,1787839728.0,5.999000072479248,0,0,0,0.000000,0
603817,1787839734.001,6.000999927520752,0,0,0,0.000000,0
603818,1787839740.0,5.999000072479248,0,0,0,0.000000,0
603819,1787839746.001,6.000999927520752,0,0,0,0.000000,0
603820,1787839752.0,5.999000072479248,0,0,0,0.000000,0
603821,1787839758.0,6.0,0,0,0,0.000000,0
603822,1787839764.0,6.0,0,0,0,0.000000,0
603823,1787839770.0,6.0,1,1,60121,0.300605,1
603824,1787839776.001,6.000999927520752,0,0,0,0.000000,0
603825,1787839782.001,6.0,0,0,0,0.000000,0
603826,1787839788.0,5.999000072479248,0,0,0,0.000000,0
603827,1787839794.0,6.0,0,0,0,0.000000,0
603828,1787839800.0,6.0,0,0,0,0.000000,0
603829,1787839806.0,6.0,0,0,0,0.000000,0
603830,1787839812.0,6.0,0,0,0,0.000000,0
603831,1787839818.001,6.000999927520752,0,0,0,0.000000,0
603832,1787839824.0,5.999000072479248,0,0,0,0.000000,0
603833,1787839830.0,6.0,1,1,384169,1.920845,1
603834,1787839836.0,6.0,0,0,0,0.000000,0
603835,1787839842.0,6.0,0,0,0,0.000000,0
603836,1787839848.001,6.000999927520752,0,0,0,0.000000,0
603837,1787839854.0,5.999000072479248,1,1,60126,0.300630,1
603838,1787839860.001,6.000999927520752,1,1,25321,0.126605,1
603839,1787839866.0,5.999000072479248,0,0,0,0.000000,0
603840,1787839872.0,6.0,0,0,0,0.000000,0
603841,1787839878.0,6.0,0,0,0,0.000000,0
603842,1787839884.001,6.000999927520752,0,0,0,0.000000,0
603843,1787839890.0,5.999000072479248,0,0,0,0.000000,0
603844,1787839896.001,6.000999927520752,0,0,0,0.000000,0
603845,1787839902.0,5.999000072479248,1,1,6772,0.033860,1
603846,1787839908.001,6.000999927520752,0,0,0,0.000000,0
603847,1787839914.0,5.999000072479248,0,0,0,0.000000,0
603848,1787839920.0,6.0,0,0,0,0.000000,0
603849,1787839926.0,6.0,0,0,0,0.000000,0
603850,1787839932.0,6.0,0,0,0,0.000000,0
603851,1787839938.0,6.0,1,1,28061,0.140305,1
603852,1787839944.0,6.0,1,1,6772,0.033860,1
603853,1787839950.0,6.0,0,0,0,0.000000,0
603854,1787839956.001,6.000999927520752,0,0,0,0.000000,0
603855,1787839962.0,5.999000072479248,0,0,0,0.000000,0
603856,1787839968.0,6.0,2,2,7450,0.037250,2
603857,1787839974.0,6.0,0,0,0,0.000000,0
603858,1787839980.0,6.0,0,0,0,0.000000,0
603859,1787839986.0,6.0,2,2,34832,0.174160,2
603860,1787839992.0,6.0,2,2,7449,0.037245,2
603861,1787839998.0,6.0,0,0,0,0.000000,0
603862,1787840016.0,18.0,1,1,9248,0.046240,1
603863,1787840022.001,6.000999927520752,0,0,0,0.000000,0
603864,1787840028.0,5.999000072479248,1,1,6772,0.033860,0
603865,1787840034.001,6.000999927520752,1,1,7473,0.037365,1
603866,1787840040.001,6.0,2,2,7450,0.037250,2
603867,1787840052.0,11.999000072479248,0,0,0,0.000000,0
603868,1787840058.001,6.000999927520752,0,0,0,0.000000,0
603869,1787840064.0,5.999000072479248,0,0,0,0.000000,0
603870,1787840070.0,6.0,2,2,10498,0.052490,2
603871,1787840076.0,6.0,0,0,0,0.000000,0
603872,1787840082.001,6.000999927520752,1,1,384169,1.920845,1
603873,1787840088.0,5.999000072479248,0,0,0,0.000000,0
603874,1787840094.0,6.0,1,1,3726,0.018630,1
603875,1787840100.001,6.000999927520752,1,1,3723,0.018615,1
603876,1787840106.0,5.999000072479248,1,1,55217,0.276085,1
603877,1787840112.0,6.0,1,1,6772,0.033860,1
603878,1787840118.0,6.0,1,1,3726,0.018630,1
603879,1787840124.001,6.000999927520752,1,1,3723,0.018615,1
603880,1787840130.0,5.999000072479248,0,0,0,0.000000,0
603881,1787840142.0,12.0,1,1,3726,0.018630,1
603882,1787840148.0,6.0,0,0,0,0.000000,0
603883,1787840154.0,6.0,1,1,6798,0.033990,1
603884,1787840160.0,6.0,0,0,0,0.000000,0
603885,1787840166.001,6.000999927520752,1,1,24917,0.124585,1
603886,1787840178.0,11.999000072479248,2,2,7547,0.037735,2
603887,1787840184.0,6.0,1,1,3723,0.018615,1
603888,1787840190.0,6.0,0,0,0,0.000000,0
603889,1787840196.001,6.000999927520752,1,1,3727,0.018635,1
603890,1787840202.0,5.999000072479248,1,1,3723,0.018615,1
603891,1787840214.0,12.0,1,1,60123,0.300615,1
603892,1787840220.0,6.0,0,0,0,0.000000,0
603893,1787840226.0,6.0,1,1,3726,0.018630,1
603894,1787840232.0,6.0,1,1,3723,0.018615,1
603895,1787840238.001,6.000999927520752,0,0,0,0.000000,0
603896,1787840244.001,6.0,0,0,0,0.000000,0
603897,1787840250.001,6.0,1,1,3727,0.018635,1
603898,1787840256.001,6.0,1,1,3723,0.018615,1
603899,1787840262.0,5.999000072479248,0,0,0,0.000000,0
603900,1787840268.0,6.0,1,1,3726,0.018630,1
603901,1787840274.0,6.0,1,1,3723,0.018615,1
603902,1787840280.0,6.0,0,0,0,0.000000,0
603903,1787840286.0,6.0,1,1,3726,0.018630,1
603904,1787840292.0,6.0,1,1,3722,0.018610,1
603905,1787840298.0,6.0,0,0,0,0.000000,0
603906,1787840304.0,6.0,1,1,3726,0.018630,1
603907,1787840310.0,6.0,1,1,3722,0.018610,1
603908,1787840316.001,6.000999927520752,0,0,0,0.000000,0
603909,1787840322.0,5.999000072479248,0,0,0,0.000000,0
603910,1787840328.001,6.000999927520752,2,2,7450,0.037250,2
603911,1787840334.001,6.0,0,0,0,0.000000,0
603912,1787840340.0,5.999000072479248,1,1,384169,1.920845,1
603913,1787840346.0,6.0,0,0,0,0.000000,0
603914,1787840352.0,6.0,2,2,7448,0.037240,2
603915,1787840358.0,6.0,0,0,0,0.000000,0
603916,1787840364.0,6.0,0,0,0,0.000000,0
603917,1787840370.0,6.0,1,1,24794,0.123970,1
603918,1787840376.0,6.0,2,2,7449,0.037245,2
603919,1787840382.0,6.0,0,0,0,0.000000,0
603920,1787840388.0,6.0,0,0,0,0.000000,0
603921,1787840394.0,6.0,0,0,0,0.000000,0
603922,1787840400.0,6.0,2,2,7450,0.037250,2
603923,1787840406.0,6.0,0,0,0,0.000000,0
603924,1787840412.0,6.0,0,0,0,0.000000,0
603925,1787840418.0,6.0,0,0,0,0.000000,0
603926,1787840424.0,6.0,2,2,7450,0.037250,2
603927,1787840430.0,6.0,0,0,0,0.000000,0
603928,1787840436.001,6.000999927520752,0,0,0,0.000000,0
603929,1787840442.0,5.999000072479248,0,0,0,0.000000,0
603930,1787840448.0,6.0,2,2,7450,0.037250,2
603931,1787840454.0,6.0,0,0,0,0.000000,0
603932,1787840460.0,6.0,0,0,0,0.000000,0
603933,1787840466.0,6.0,0,0,0,0.000000,0
603934,1787840472.0,6.0,2,2,7450,0.037250,2
603935,1787840478.001,6.000999927520752,0,0,0,0.000000,0
603936,1787840484.0,5.999000072479248,0,0,0,0.000000,0
603937,1787840490.0,6.0,0,0,0,0.000000,0
603938,1787840496.0,6.0,3,3,21264,0.106320,3
603939,1787840502.0,6.0,0,0,0,0.000000,0
603940,1787840508.0,6.0,0,0,0,0.000000,0
603941,1787840514.001,6.000999927520752,1,1,3723,0.018615,1
603942,1787840520.0,5.999000072479248,1,1,3727,0.018635,1
603943,1787840526.0,6.0,0,0,0,0.000000,0
603944,1787840532.0,6.0,1,1,3723,0.018615,1
603945,1787840538.0,6.0,1,1,3727,0.018635,1
603946,1787840544.001,6.000999927520752,0,0,0,0.000000,0
603947,1787840550.0,5.999000072479248,1,1,3722,0.018610,1
603948,1787840556.0,6.0,1,1,3727,0.018635,1
603949,1787840562.0,6.0,1,1,55200,0.276000,1
603950,1787840568.0,6.0,0,0,0,0.000000,0
603951,1787840574.0,6.0,0,0,0,0.000000,0
603952,1787840580.0,6.0,0,0,0,0.000000,0
603953,1787840586.0,6.0,0,0,0,0.000000,0
603954,1787840592.0,6.0,0,0,0,0.000000,0
603955,1787840598.0,6.0,2,2,387988,1.939940,2
603956,1787840604.0,6.0,0,0,0,0.000000,0
603957,1787840610.0,6.0,0,0,0,0.000000,0
603958,1787840616.0,6.0,0,0,0,0.000000,0
603959,1787840622.0,6.0,0,0,0,0.000000,0
603960,1787840628.0,6.0,0,0,0,0.000000,0
603961,1787840634.0,6.0,0,0,0,0.000000,0
603962,1787840640.0,6.0,0,0,0,0.000000,0
603963,1787840646.0,6.0,0,0,0,0.000000,0
603964,1787840652.0,6.0,0,0,0,0.000000,0
603965,1787840658.0,6.0,0,0,0,0.000000,0
603966,1787840664.0,6.0,1,1,8681,0.043405,1
603967,1787840670.0,6.0,0,0,0,0.000000,0
603968,1787840676.0,6.0,1,1,10355,0.051775,1
603969,1787840682.0,6.0,0,0,0,0.000000,0
603970,1787840688.001,6.000999927520752,0,0,0,0.000000,0
603971,1787840694.0,5.999000072479248,0,0,0,0.000000,0
603972,1787840700.0,6.0,0,0,0,0.000000,0
603973,1787840706.0,6.0,0,0,0,0.000000,0
603974,1787840712.0,6.0,0,0,0,0.000000,0
603975,1787840718.001,6.000999927520752,0,0,0,0.000000,0
603976,1787840724.0,5.999000072479248,0,0,0,0.000000,0
603977,1787840730.0,6.0,0,0,0,0.000000,0
603978,1787840736.0,6.0,0,0,0,0.000000,0
603979,1787840742.0,6.0,1,1,24557,0.122785,1
603980,1787840748.0,6.0,1,1,60124,0.300620,1
603981,1787840754.0,6.0,0,0,0,0.000000,0
603982,1787840760.0,6.0,0,0,0,0.000000,0
603983,1787840766.0,6.0,0,0,0,0.000000,0
603984,1787840772.0,6.0,0,0,0,0.000000,0
603985,1787840778.0,6.0,0,0,0,0.000000,0
603986,1787840784.0,6.0,0,0,0,0.000000,0
603987,1787840790.0,6.0,1,1,24469,0.122345,1
603988,1787840796.0,6.0,0,0,0,0.000000,0
603989,1787840802.0,6.0,0,0,0,0.000000,0
603990,1787840808.0,6.0,0,0,0,0.000000,0
603991,1787840814.0,6.0,0,0,0,0.000000,0
603992,1787840820.0,6.0,0,0,0,0.000000,0
603993,1787840826.0,6.0,0,0,0,0.000000,0
603994,1787840832.001,6.000999927520752,0,0,0,0.000000,0
603995,1787840838.0,5.999000072479248,0,0,0,0.000000,0
603996,1787840844.0,6.0,1,1,642,0.003210,1
603997,1787840850.0,6.0,1,1,30265,0.151325,1
603998,1787840856.0,6.0,1,1,60155,0.300775,1
603999,1787840862.0,6.0,1,1,384168,1.920840,1
604000,1787840868.0,6.0,0,0,0,0.000000,0
604001,1787840874.0,6.0,0,0,0,0.000000,0
604002,1787840880.0,6.0,0,0,0,0.000000,0
604003,1787840886.0,6.0,0,0,0,0.000000,0
604004,1787840892.0,6.0,0,0,0,0.000000,0
604005,1787840898.001,6.000999927520752,0,0,0,0.000000,0
604006,1787840904.0,5.999000072479248,0,0,0,0.000000,0
604007,1787840910.0,6.0,1,1,29710,0.148550,1
604008,1787840916.0,6.0,0,0,0,0.000000,0
604009,1787840922.001,6.000999927520752,0,0,0,0.000000,0
604010,1787840928.0,5.999000072479248,2,2,10152,0.050760,2
604011,1787840934.001,6.000999927520752,0,0,0,0.000000,0
604012,1787840940.001,6.0,0,0,0,0.000000,0
604013,1787840946.0,5.999000072479248,0,0,0,0.000000,0
604014,1787840952.0,6.0,0,0,0,0.000000,0
604015,1787840958.001,6.000999927520752,0,0,0,0.000000,0
604016,1787840964.0,5.999000072479248,0,0,0,0.000000,0
604017,1787840970.0,6.0,0,0,0,0.000000,0
604018,1787840976.0,6.0,0,0,0,0.000000,0
604019,1787840982.0,6.0,0,0,0,0.000000,0
604020,1787840988.0,6.0,0,0,0,0.000000,0
604021,1787840994.0,6.0,0,0,0,0.000000,0
604022,1787841000.0,6.0,0,0,0,0.000000,0
604023,1787841006.0,6.0,0,0,0,0.000000,0
604024,1787841012.0,6.0,0,0,0,0.000000,0
604025,1787841018.0,6.0,0,0,0,0.000000,0
604026,1787841024.001,6.000999927520752,1,1,8997,0.044985,1
604027,1787841030.0,5.999000072479248,0,0,0,0.000000,0
604028,1787841036.001,6.000999927520752,0,0,0,0.000000,0
604029,1787841042.0,5.999000072479248,0,0,0,0.000000,0
604030,1787841048.0,6.0,0,0,0,0.000000,0
604031,1787841054.0,6.0,0,0,0,0.000000,0
604032,1787841060.001,6.000999927520752,0,0,0,0.000000,0
604033,1787841066.0,5.999000072479248,0,0,0,0.000000,0
604034,1787841072.001,6.000999927520752,0,0,0,0.000000,0
604035,1787841078.0,5.999000072479248,1,1,8990,0.044950,1
604036,1787841084.0,6.0,0,0,0,0.000000,0
604037,1787841090.0,6.0,0,0,0,0.000000,0
604038,1787841096.0,6.0,1,1,3820,0.019100,1
604039,1787841102.0,6.0,0,0,0,0.000000,0
604040,1787841108.0,6.0,0,0,0,0.000000,0
604041,1787841114.0,6.0,0,0,0,0.000000,0
604042,1787841120.0,6.0,1,1,384168,1.920840,1
604043,1787841126.0,6.0,0,0,0,0.000000,0
604044,1787841132.0,6.0,0,0,0,0.000000,0
604045,1787841138.0,6.0,0,0,0,0.000000,0
604046,1787841144.0,6.0,0,0,0,0.000000,0
604047,1787841150.001,6.000999927520752,0,0,0,0.000000,0
604048,1787841156.001,6.0,0,0,0,0.000000,0
604049,1787841162.0,5.999000072479248,1,1,8998,0.044990,1
604050,1787841168.0,6.0,0,0,0,0.000000,0
604051,1787841174.0,6.0,0,0,0,0.000000,0
604052,1787841180.001,6.000999927520752,0,0,0,0.000000,0
604053,1787841186.0,5.999000072479248,0,0,0,0.000000,0
604054,1787841192.0,6.0,0,0,0,0.000000,0
604055,1787841198.0,6.0,0,0,0,0.000000,0
604056,1787841204.0,6.0,0,0,0,0.000000,0
604057,1787841210.0,6.0,0,0,0,0.000000,0
604058,1787841216.0,6.0,0,0,0,0.000000,0
604059,1787841222.0,6.0,0,0,0,0.000000,0
604060,1787841228.0,6.0,0,0,0,0.000000,0
604061,1787841234.0,6.0,0,0,0,0.000000,0
604062,1787841240.0,6.0,0,0,0,0.000000,0
604063,1787841246.0,6.0,0,0,0,0.000000,0
604064,1787841252.0,6.0,0,0,0,0.000000,0
604065,1787841258.0,6.0,0,0,0,0.000000,0
604066,1787841264.0,6.0,0,0,0,0.000000,0
604067,1787841270.001,6.000999927520752,0,0,0,0.000000,0
604068,1787841276.0,5.999000072479248,0,0,0,0.000000,0
604069,1787841282.0,6.0,0,0,0,0.000000,0
604070,1787841288.0,6.0,1,1,709,0.003545,1
604071,1787841294.0,6.0,0,0,0,0.000000,0
604072,1787841300.0,6.0,0,0,0,0.000000,0
604073,1787841306.0,6.0,0,0,0,0.000000,0
604074,1787841312.0,6.0,0,0,0,0.000000,0
604075,1787841318.0,6.0,0,0,0,0.000000,0
604076,1787841324.001,6.000999927520752,0,0,0,0.000000,0
604077,1787841330.0,5.999000072479248,1,1,4990,0.024950,1
604078,1787841336.0,6.0,0,0,0,0.000000,0
604079,1787841342.001,6.000999927520752,0,0,0,0.000000,0
604080,1787841348.001,6.0,0,0,0,0.000000,0
604081,1787841354.0,5.999000072479248,0,0,0,0.000000,0
604082,1787841360.0,6.0,0,0,0,0.000000,0
604083,1787841366.0,6.0,0,0,0,0.000000,0
604084,1787841372.0,6.0,1,1,384169,1.920845,1
604085,1787841378.0,6.0,0,0,0,0.000000,0
604086,1787841384.0,6.0,0,0,0,0.000000,0
604087,1787841390.0,6.0,0,0,0,0.000000,0
604088,1787841396.0,6.0,0,0,0,0.000000,0
604089,1787841402.0,6.0,0,0,0,0.000000,0
604090,1787841408.001,6.000999927520752,0,0,0,0.000000,0
604091,1787841414.0,5.999000072479248,0,0,0,0.000000,0
604092,1787841420.0,6.0,0,0,0,0.000000,0
604093,1787841426.0,6.0,0,0,0,0.000000,0
604094,1787841432.0,6.0,0,0,0,0.000000,0
604095,1787841438.0,6.0,0,0,0,0.000000,0
604096,1787841444.0,6.0,0,0,0,0.000000,0
604097,1787841450.0,6.0,0,0,0,0.000000,0
604098,1787841456.0,6.0,0,0,0,0.000000,0
604099,1787841462.0,6.0,0,0,0,0.000000,0
604100,1787841468.0,6.0,0,0,0,0.000000,0
604101,1787841474.0,6.0,0,0,0,0.000000,0
604102,1787841480.0,6.0,0,0,0,0.000000,0
604103,1787841486.0,6.0,0,0,0,0.000000,0
604104,1787841498.0,12.0,0,0,0,0.000000,0
604105,1787841504.0,6.0,0,0,0,0.000000,0
604106,1787841510.0,6.0,0,0,0,0.000000,0
604107,1787841516.001,6.000999927520752,0,0,0,0.000000,0
604108,1787841522.0,5.999000072479248,0,0,0,0.000000,0
604109,1787841534.001,12.000999927520752,0,0,0,0.000000,0
604110,1787841540.0,5.999000072479248,0,0,0,0.000000,0
604111,1787841546.0,6.0,0,0,0,0.000000,0
604112,1787841552.001,6.000999927520752,0,0,0,0.000000,0
604113,1787841558.0,5.999000072479248,0,0,0,0.000000,0
604114,1787841564.001,6.000999927520752,0,0,0,0.000000,0
604115,1787841570.0,5.999000072479248,0,0,0,0.000000,0
604116,1787841576.001,6.000999927520752,0,0,0,0.000000,0
604117,1787841582.0,5.999000072479248,0,0,0,0.000000,0
604118,1787841588.0,6.0,0,0,0,0.000000,0
604119,1787841594.0,6.0,0,0,0,0.000000,0
604120,1787841600.0,6.0,0,0,0,0.000000,0
604121,1787841606.0,6.0,0,0,0,0.000000,0
604122,1787841612.0,6.0,0,0,0,0.000000,0
604123,1787841618.001,6.000999927520752,1,1,6242,0.031210,1
604124,1787841624.0,5.999000072479248,1,1,384169,1.920845,1
604125,1787841630.0,6.0,0,0,0,0.000000,0
604126,1787841636.0,6.0,0,0,0,0.000000,0
604127,1787841642.001,6.000999927520752,0,0,0,0.000000,0
604128,1787841648.0,5.999000072479248,1,1,8998,0.044990,1
604129,1787841654.0,6.0,0,0,0,0.000000,0
604130,1787841660.0,6.0,0,0,0,0.000000,0
604131,1787841666.0,6.0,1,1,8515,0.042575,1
604132,1787841672.0,6.0,0,0,0,0.000000,0
604133,1787841678.0,6.0,0,0,0,0.000000,0
604134,1787841684.0,6.0,0,0,0,0.000000,0
604135,1787841690.0,6.0,1,1,9022,0.045110,1
604136,1787841696.0,6.0,0,0,0,0.000000,0
604137,1787841702.0,6.0,0,0,0,0.000000,0
604138,1787841708.001,6.000999927520752,0,0,0,0.000000,0
604139,1787841714.0,5.999000072479248,0,0,0,0.000000,0
604140,1787841720.0,6.0,1,1,8998,0.044990,1
604141,1787841726.0,6.0,1,1,7058,0.035290,1
604142,1787841732.0,6.0,0,0,0,0.000000,0
604143,1787841738.0,6.0,0,0,0,0.000000,0
604144,1787841744.001,6.000999927520752,0,0,0,0.000000,0
604145,1787841750.001,6.0,0,0,0,0.000000,0
604146,1787841756.0,5.999000072479248,0,0,0,0.000000,0
604147,1787841762.0,6.0,0,0,0,0.000000,0
604148,1787841768.0,6.0,0,0,0,0.000000,0
604149,1787841774.0,6.0,1,1,60124,0.300620,1
604150,1787841780.0,6.0,0,0,0,0.000000,0
604151,1787841786.0,6.0,0,0,0,0.000000,0
604152,1787841792.001,6.000999927520752,0,0,0,0.000000,0
604153,1787841798.001,6.0,0,0,0,0.000000,0
604154,1787841804.0,5.999000072479248,1,1,23133,0.115665,1
604155,1787841810.0,6.0,0,0,0,0.000000,0
604156,1787841816.001,6.000999927520752,0,0,0,0.000000,0
604157,1787841822.001,6.0,0,0,0,0.000000,0
604158,1787841828.0,5.999000072479248,0,0,0,0.000000,0
604159,1787841834.0,6.0,0,0,0,0.000000,0
604160,1787841840.001,6.000999927520752,0,0,0,0.000000,0
604161,1787841846.0,5.999000072479248,0,0,0,0.000000,0
604162,1787841852.0,6.0,0,0,0,0.000000,0
604163,1787841858.0,6.0,0,0,0,0.000000,0
604164,1787841864.0,6.0,0,0,0,0.000000,0
604165,1787841870.0,6.0,0,0,0,0.000000,0
604166,1787841876.0,6.0,0,0,0,0.000000,0
604167,1787841882.0,6.0,0,0,0,0.000000,0
604168,1787841888.0,6.0,1,1,14494,0.072470,1
604169,1787841894.001,6.000999927520752,0,0,0,0.000000,0
604170,1787841900.0,5.999000072479248,0,0,0,0.000000,0
604171,1787841906.0,6.0,0,0,0,0.000000,0
604172,1787841912.001,6.000999927520752,0,0,0,0.000000,0
604173,1787841918.001,6.0,0,0,0,0.000000,0
604174,1787841924.0,5.999000072479248,0,0,0,0.000000,0
604175,1787841930.0,6.0,1,1,24936,0.124680,1
604176,1787841936.0,6.0,0,0,0,0.000000,0
604177,1787841942.0,6.0,0,0,0,0.000000,0
604178,1787841948.001,6.000999927520752,0,0,0,0.000000,0
604179,1787841954.0,5.999000072479248,0,0,0,0.000000,0
604180,1787841960.0,6.0,0,0,0,0.000000,0
604181,1787841966.0,6.0,0,0,0,0.000000,0
604182,1787841972.001,6.000999927520752,0,0,0,0.000000,0
604183,1787841978.0,5.999000072479248,0,0,0,0.000000,0
604184,1787841984.001,6.000999927520752,0,0,0,0.000000,0
604185,1787841990.001,6.0,0,0,0,0.000000,0
604186,1787841996.0,5.999000072479248,0,0,0,0.000000,0
604187,1787842002.0,6.0,0,0,0,0.000000,0
604188,1787842008.0,6.0,0,0,0,0.000000,0
604189,1787842014.0,6.0,0,0,0,0.000000,0
604190,1787842020.0,6.0,0,0,0,0.000000,0
604191,1787842026.0,6.0,0,0,0,0.000000,0
604192,1787842032.0,6.0,0,0,0,0.000000,0
604193,1787842038.001,6.000999927520752,0,0,0,0.000000,0
604194,1787842044.0,5.999000072479248,0,0,0,0.000000,0
604195,1787842050.001,6.000999927520752,0,0,0,0.000000,0
604196,1787842056.0,5.999000072479248,0,0,0,0.000000,0
604197,1787842062.0,6.0,0,0,0,0.000000,0
604198,1787842068.0,6.0,0,0,0,0.000000,0
604199,1787842074.001,6.000999927520752,0,0,0,0.000000,0
604200,1787842080.001,6.0,0,0,0,0.000000,0
604201,1787842086.0,5.999000072479248,0,0,0,0.000000,0
604202,1787842092.0,6.0,0,0,0,0.000000,0
604203,1787842098.0,6.0,1,1,23132,0.115660,1
604204,1787842104.0,6.0,0,0,0,0.000000,0
604205,1787842110.0,6.0,0,0,0,0.000000,0
604206,1787842116.0,6.0,0,0,0,0.000000,0
604207,1787842122.0,6.0,0,0,0,0.000000,0
604208,1787842128.0,6.0,0,0,0,0.000000,0
604209,1787842134.0,6.0,0,0,0,0.000000,0
604210,1787842140.001,6.000999927520752,0,0,0,0.000000,0
604211,1787842146.0,5.999000072479248,0,0,0,0.000000,0
604212,1787842152.001,6.000999927520752,0,0,0,0.000000,0
604213,1787842158.0,5.999000072479248,0,0,0,0.000000,0
604214,1787842164.0,6.0,0,0,0,0.000000,0
604215,1787842170.001,6.000999927520752,1,1,14495,0.072475,1
604216,1787842176.0,5.999000072479248,0,0,0,0.000000,0
604217,1787842182.0,6.0,0,0,0,0.000000,0
604218,1787842188.001,6.000999927520752,0,0,0,0.000000,0
604219,1787842194.0,5.999000072479248,0,0,0,0.000000,0
604220,1787842200.0,6.0,0,0,0,0.000000,0
604221,1787842206.0,6.0,0,0,0,0.000000,0
604222,1787842212.001,6.000999927520752,0,0,0,0.000000,0
604223,1787842218.0,5.999000072479248,0,0,0,0.000000,0
604224,1787842224.0,6.0,3,3,11173,0.055865,3
604225,1787842230.0,6.0,1,1,3723,0.018615,1
604226,1787842236.0,6.0,2,2,7446,0.037230,2
604227,1787842242.0,6.0,2,2,7446,0.037230,2
604228,1787842248.0,6.0,2,2,7449,0.037245,2
604229,1787842254.0,6.0,1,1,3723,0.018615,1
604230,1787842260.0,6.0,3,3,15693,0.078465,3
604231,1787842266.001,6.000999927520752,2,2,7446,0.037230,2
604232,1787842272.0,5.999000072479248,3,3,15697,0.078485,3
604233,1787842278.0,6.0,2,2,7446,0.037230,2
604234,1787842284.0,6.0,0,0,0,0.000000,0
604235,1787842290.0,6.0,1,1,3723,0.018615,1
604236,1787842296.0,6.0,4,4,19515,0.097575,4
604237,1787842302.0,6.0,1,1,3723,0.018615,1
604238,1787842308.001,6.000999927520752,2,2,7443,0.037215,2
604239,1787842314.0,5.999000072479248,2,2,7445,0.037225,2
604240,1787842320.0,6.0,1,1,3723,0.018615,1
604241,1787842326.0,6.0,2,2,7450,0.037250,2
604242,1787842332.0,6.0,1,1,3723,0.018615,1
604243,1787842338.0,6.0,2,2,7446,0.037230,2
604244,1787842344.001,6.000999927520752,1,1,3722,0.018610,1
604245,1787842350.0,5.999000072479248,2,2,7449,0.037245,2
604246,1787842356.0,6.0,2,2,7444,0.037220,2
604247,1787842362.001,6.000999927520752,2,2,7446,0.037230,2
604248,1787842368.0,5.999000072479248,1,1,3723,0.018615,1
604249,1787842374.0,6.0,3,3,11173,0.055865,3
604250,1787842380.0,6.0,1,1,3723,0.018615,1
604251,1787842386.0,6.0,2,2,7445,0.037225,2
604252,1787842392.0,6.0,1,1,3722,0.018610,1
604253,1787842398.001,6.000999927520752,1,1,3727,0.018635,1
604254,1787842404.0,5.999000072479248,1,1,3723,0.018615,1
604255,1787842410.0,6.0,0,0,0,0.000000,0
604256,1787842416.0,6.0,0,0,0,0.000000,0
604257,1787842422.0,6.0,0,0,0,0.000000,0
604258,1787842428.0,6.0,0,0,0,0.000000,0
604259,1787842434.0,6.0,0,0,0,0.000000,0
604260,1787842440.0,6.0,0,0,0,0.000000,0
604261,1787842446.0,6.0,0,0,0,0.000000,0
604262,1787842452.0,6.0,0,0,0,0.000000,0
604263,1787842458.001,6.000999927520752,0,0,0,0.000000,0
604264,1787842464.0,5.999000072479248,2,2,29337,0.146685,2
604265,1787842470.0,6.0,1,1,7471,0.037355,1
604266,1787842476.0,6.0,0,0,0,0.000000,0
604267,1787842482.0,6.0,0,0,0,0.000000,0
604268,1787842488.0,6.0,1,1,7472,0.037360,1
604269,1787842494.0,6.0,0,0,0,0.000000,0
604270,1787842500.001,6.000999927520752,0,0,0,0.000000,0
604271,1787842506.0,5.999000072479248,0,0,0,0.000000,0
604272,1787842512.001,6.000999927520752,0,0,0,0.000000,0
604273,1787842518.0,5.999000072479248,0,0,0,0.000000,0
604274,1787842524.0,6.0,0,0,0,0.000000,0
604275,1787842530.0,6.0,1,1,34746,0.173730,1
604276,1787842536.001,6.000999927520752,0,0,0,0.000000,0
604277,1787842542.0,5.999000072479248,0,0,0,0.000000,0
604278,1787842548.001,6.000999927520752,0,0,0,0.000000,0
604279,1787842554.0,5.999000072479248,0,0,0,0.000000,0
604280,1787842560.0,6.0,0,0,0,0.000000,0
604281,1787842566.0,6.0,0,0,0,0.000000,0
604282,1787842572.0,6.0,0,0,0,0.000000,0
604283,1787842578.001,6.000999927520752,0,0,0,0.000000,0
604284,1787842584.0,5.999000072479248,0,0,0,0.000000,0
604285,1787842590.0,6.0,0,0,0,0.000000,0
604286,1787842596.001,6.000999927520752,0,0,0,0.000000,0
604287,1787842602.0,5.999000072479248,0,0,0,0.000000,0
604288,1787842608.001,6.000999927520752,0,0,0,0.000000,0
604289,1787842614.0,5.999000072479248,0,0,0,0.000000,0
604290,1787842620.0,6.0,0,0,0,0.000000,0
604291,1787842626.0,6.0,0,0,0,0.000000,0
604292,1787842632.0,6.0,0,0,0,0.000000,0
604293,1787842638.0,6.0,0,0,0,0.000000,0
604294,1787842644.0,6.0,1,1,9512,0.047560,1
604295,1787842650.001,6.000999927520752,1,1,9475,0.047375,1
604296,1787842656.0,5.999000072479248,1,1,13814,0.069070,1
604297,1787842662.0,6.0,0,0,0,0.000000,0
604298,1787842668.0,6.0,0,0,0,0.000000,0
604299,1787842674.0,6.0,0,0,0,0.000000,0
604300,1787842680.0,6.0,1,1,9474,0.047370,1
604301,1787842686.001,6.000999927520752,0,0,0,0.000000,0
604302,1787842692.0,5.999000072479248,0,0,0,0.000000,0
604303,1787842698.0,6.0,0,0,0,0.000000,0
604304,1787842704.0,6.0,0,0,0,0.000000,0
604305,1787842710.001,6.000999927520752,0,0,0,0.000000,0
604306,1787842716.0,5.999000072479248,0,0,0,0.000000,0
604307,1787842722.0,6.0,0,0,0,0.000000,0
604308,1787842728.0,6.0,0,0,0,0.000000,0
604309,1787842734.0,6.0,0,0,0,0.000000,0
604310,1787842740.0,6.0,0,0,0,0.000000,0
604311,1787842746.0,6.0,0,0,0,0.000000,0
604312,1787842752.0,6.0,0,0,0,0.000000,0
604313,1787842758.0,6.0,1,1,7473,0.037365,0
604314,1787842764.001,6.000999927520752,0,0,0,0.000000,0
604315,1787842770.0,5.999000072479248,1,1,7473,0.037365,0
604316,1787842776.001,6.000999927520752,0,0,0,0.000000,0
604317,1787842782.001,6.0,0,0,0,0.000000,0
604318,1787842788.0,5.999000072479248,0,0,0,0.000000,0
604319,1787842794.0,6.0,0,0,0,0.000000,0
604320,1787842800.0,6.0,0,0,0,0.000000,0
604321,1787842806.0,6.0,0,0,0,0.000000,0
604322,1787842812.0,6.0,0,0,0,0.000000,0
604323,1787842818.0,6.0,1,1,34778,0.173890,1
604324,1787842824.0,6.0,0,0,0,0.000000,0
604325,1787842830.0,6.0,0,0,0,0.000000,0
604326,1787842836.0,6.0,0,0,0,0.000000,0
604327,1787842842.0,6.0,0,0,0,0.000000,0
604328,1787842848.001,6.000999927520752,0,0,0,0.000000,0
604329,1787842854.0,5.999000072479248,0,0,0,0.000000,0
604330,1787842860.0,6.0,0,0,0,0.000000,0
604331,1787842866.0,6.0,0,0,0,0.000000,0
604332,1787842872.0,6.0,0,0,0,0.000000,0
604333,1787842878.001,6.000999927520752,0,0,0,0.000000,0
604334,1787842884.0,5.999000072479248,0,0,0,0.000000,0
604335,1787842890.0,6.0,0,0,0,0.000000,0
604336,1787842896.0,6.0,0,0,0,0.000000,0
604337,1787842902.0,6.0,0,0,0,0.000000,0
604338,1787842908.001,6.000999927520752,0,0,0,0.000000,0
604339,1787842914.0,5.999000072479248,1,1,9474,0.047370,1
604340,1787842920.0,6.0,0,0,0,0.000000,0
604341,1787842926.0,6.0,0,0,0,0.000000,0
604342,1787842932.0,6.0,0,0,0,0.000000,0
604343,1787842938.0,6.0,0,0,0,0.000000,0
604344,1787842944.001,6.000999927520752,0,0,0,0.000000,0
604345,1787842950.0,5.999000072479248,0,0,0,0.000000,0
604346,1787842956.0,6.0,0,0,0,0.000000,0
604347,1787842962.0,6.0,1,1,8977,0.044885,0
604348,1787842968.0,6.0,0,0,0,0.000000,0
604349,1787842974.0,6.0,0,0,0,0.000000,0
604350,1787842980.0,6.0,0,0,0,0.000000,0
604351,1787842986.0,6.0,0,0,0,0.000000,0
604352,1787842992.0,6.0,0,0,0,0.000000,0
604353,1787842998.0,6.0,0,0,0,0.000000,0
604354,1787843004.001,6.000999927520752,0,0,0,0.000000,0
604355,1787843010.0,5.999000072479248,0,0,0,0.000000,0
604356,1787843016.0,6.0,0,0,0,0.000000,0
604357,1787843022.0,6.0,0,0,0,0.000000,0
604358,1787843028.0,6.0,0,0,0,0.000000,0
604359,1787843034.0,6.0,1,1,9722,0.048610,1
604360,1787843040.0,6.0,0,0,0,0.000000,0
604361,1787843046.001,6.000999927520752,0,0,0,0.000000,0
604362,1787843052.0,5.999000072479248,0,0,0,0.000000,0
604363,1787843058.0,6.0,0,0,0,0.000000,0
604364,1787843064.001,6.000999927520752,0,0,0,0.000000,0
604365,1787843070.0,5.999000072479248,0,0,0,0.000000,0
604366,1787843076.0,6.0,0,0,0,0.000000,0
604367,1787843082.0,6.0,0,0,0,0.000000,0
604368,1787843088.0,6.0,0,0,0,0.000000,0
604369,1787843094.0,6.0,0,0,0,0.000000,0
604370,1787843100.0,6.0,0,0,0,0.000000,0
604371,1787843106.0,6.0,0,0,0,0.000000,0
604372,1787843112.0,6.0,0,0,0,0.000000,0
604373,1787843118.001,6.000999927520752,1,1,10479,0.052395,1
604374,1787843124.0,5.999000072479248,0,0,0,0.000000,0
604375,1787843130.0,6.0,0,0,0,0.000000,0
604376,1787843136.0,6.0,0,0,0,0.000000,0
604377,1787843142.0,6.0,0,0,0,0.000000,0
604378,1787843148.0,6.0,0,0,0,0.000000,0
604379,1787843154.0,6.0,0,0,0,0.000000,0
604380,1787843160.0,6.0,0,0,0,0.000000,0
604381,1787843166.001,6.000999927520752,0,0,0,0.000000,0
604382,1787843172.0,5.999000072479248,0,0,0,0.000000,0
604383,1787843178.0,6.0,0,0,0,0.000000,0
604384,1787843184.0,6.0,0,0,0,0.000000,0
604385,1787843190.0,6.0,0,0,0,0.000000,0
604386,1787843196.001,6.000999927520752,0,0,0,0.000000,0
604387,1787843202.0,5.999000072479248,0,0,0,0.000000,0
604388,1787843208.001,6.000999927520752,0,0,0,0.000000,0
604389,1787843214.0,5.999000072479248,0,0,0,0.000000,0
604390,1787843220.0,6.0,0,0,0,0.000000,0
604391,1787843226.001,6.000999927520752,0,0,0,0.000000,0
604392,1787843232.0,5.999000072479248,0,0,0,0.000000,0
604393,1787843238.0,6.0,0,0,0,0.000000,0
604394,1787843244.001,6.000999927520752,0,0,0,0.000000,0
604395,1787843250.0,5.999000072479248,0,0,0,0.000000,0
604396,1787843256.0,6.0,0,0,0,0.000000,0
604397,1787843262.0,6.0,0,0,0,0.000000,0
604398,1787843268.0,6.0,0,0,0,0.000000,0
604399,1787843274.0,6.0,0,0,0,0.000000,0
604400,1787843280.0,6.0,0,0,0,0.000000,0
604401,1787843286.0,6.0,0,0,0,0.000000,0
604402,1787843292.0,6.0,0,0,0,0.000000,0
604403,1787843298.0,6.0,1,1,8497,0.042485,0
604404,1787843304.001,6.000999927520752,0,0,0,0.000000,0
604405,1787843310.0,5.999000072479248,0,0,0,0.000000,0
604406,1787843316.0,6.0,0,0,0,0.000000,0
604407,1787843322.0,6.0,1,1,8351,0.041755,0
604408,1787843328.0,6.0,0,0,0,0.000000,0
604409,1787843334.0,6.0,0,0,0,0.000000,0
604410,1787843340.0,6.0,0,0,0,0.000000,0
604411,1787843346.0,6.0,0,0,0,0.000000,0
604412,1787843352.001,6.000999927520752,0,0,0,0.000000,0
604413,1787843358.0,5.999000072479248,0,0,0,0.000000,0
604414,1787843364.0,6.0,0,0,0,0.000000,0
604415,1787843370.001,6.000999927520752,0,0,0,0.000000,0
604416,1787843376.0,5.999000072479248,0,0,0,0.000000,0
604417,1787843382.0,6.0,0,0,0,0.000000,0
604418,1787843388.001,6.000999927520752,0,0,0,0.000000,0
604419,1787843394.0,5.999000072479248,0,0,0,0.000000,0
604420,1787843400.0,6.0,0,0,0,0.000000,0
604421,1787843406.001,6.000999927520752,0,0,0,0.000000,0
604422,1787843412.0,5.999000072479248,0,0,0,0.000000,0
604423,1787843418.001,6.000999927520752,0,0,0,0.000000,0
604424,1787843424.0,5.999000072479248,0,0,0,0.000000,0
604425,1787843430.0,6.0,0,0,0,0.000000,0
604426,1787843436.0,6.0,0,0,0,0.000000,0
604427,1787843442.0,6.0,0,0,0,0.000000,0
604428,1787843448.0,6.0,0,0,0,0.000000,0
604429,1787843454.0,6.0,0,0,0,0.000000,0
604430,1787843460.0,6.0,0,0,0,0.000000,0
604431,1787843466.0,6.0,0,0,0,0.000000,0
604432,1787843472.0,6.0,0,0,0,0.000000,0
604433,1787843478.0,6.0,0,0,0,0.000000,0
604434,1787843484.0,6.0,0,0,0,0.000000,0
604435,1787843490.0,6.0,0,0,0,0.000000,0
604436,1787843496.0,6.0,0,0,0,0.000000,0
604437,1787843502.0,6.0,0,0,0,0.000000,0
604438,1787843508.0,6.0,0,0,0,0.000000,0
604439,1787843514.0,6.0,0,0,0,0.000000,0
604440,1787843520.0,6.0,0,0,0,0.000000,0
604441,1787843526.001,6.000999927520752,0,0,0,0.000000,0
604442,1787843532.0,5.999000072479248,0,0,0,0.000000,0
604443,1787843538.001,6.000999927520752,0,0,0,0.000000,0
604444,1787843544.0,5.999000072479248,0,0,0,0.000000,0
604445,1787843550.0,6.0,0,0,0,0.000000,0
604446,1787843556.0,6.0,0,0,0,0.000000,0
604447,1787843562.0,6.0,0,0,0,0.000000,0
604448,1787843568.0,6.0,0,0,0,0.000000,0
604449,1787843574.001,6.000999927520752,0,0,0,0.000000,0
604450,1787843580.0,5.999000072479248,0,0,0,0.000000,0
604451,1787843586.0,6.0,0,0,0,0.000000,0
604452,1787843592.0,6.0,0,0,0,0.000000,0
604453,1787843598.0,6.0,0,0,0,0.000000,0
604454,1787843604.0,6.0,0,0,0,0.000000,0
604455,1787843610.0,6.0,0,0,0,0.000000,0
604456,1787843616.0,6.0,0,0,0,0.000000,0
604457,1787843622.0,6.0,0,0,0,0.000000,0
604458,1787843628.0,6.0,0,0,0,0.000000,0
604459,1787843634.0,6.0,0,0,0,0.000000,0
604460,1787843640.001,6.000999927520752,0,0,0,0.000000,0
604461,1787843646.001,6.0,0,0,0,0.000000,0
604462,1787843652.0,5.999000072479248,0,0,0,0.000000,0
604463,1787843658.0,6.0,0,0,0,0.000000,0
604464,1787843664.0,6.0,0,0,0,0.000000,0
604465,1787843670.001,6.000999927520752,0,0,0,0.000000,0
604466,1787843676.0,5.999000072479248,0,0,0,0.000000,0
604467,1787843682.0,6.0,0,0,0,0.000000,0
604468,1787843688.001,6.000999927520752,0,0,0,0.000000,0
604469,1787843694.0,5.999000072479248,0,0,0,0.000000,0
604470,1787843700.0,6.0,0,0,0,0.000000,0
604471,1787843706.0,6.0,0,0,0,0.000000,0
604472,1787843712.0,6.0,0,0,0,0.000000,0
604473,1787843718.0,6.0,0,0,0,0.000000,0
604474,1787843724.0,6.0,0,0,0,0.000000,0
604475,1787843730.001,6.000999927520752,0,0,0,0.000000,0
604476,1787843736.0,5.999000072479248,0,0,0,0.000000,0
604477,1787843742.0,6.0,0,0,0,0.000000,0
604478,1787843748.0,6.0,0,0,0,0.000000,0
604479,1787843754.0,6.0,0,0,0,0.000000,0
604480,1787843760.0,6.0,0,0,0,0.000000,0
604481,1787843766.0,6.0,0,0,0,0.000000,0
604482,1787843772.0,6.0,1,1,6114,0.030570,1
604483,1787843778.0,6.0,0,0,0,0.000000,0
604484,1787843784.001,6.000999927520752,0,0,0,0.000000,0
604485,1787843790.0,5.999000072479248,0,0,0,0.000000,0
604486,1787843796.0,6.0,0,0,0,0.000000,0
604487,1787843802.0,6.0,0,0,0,0.000000,0
604488,1787843808.0,6.0,0,0,0,0.000000,0
604489,1787843814.0,6.0,0,0,0,0.000000,0
604490,1787843820.0,6.0,0,0,0,0.000000,0
604491,1787843826.0,6.0,0,0,0,0.000000,0
604492,1787843832.0,6.0,0,0,0,0.000000,0
604493,1787843838.0,6.0,0,0,0,0.000000,0
604494,1787843844.0,6.0,0,0,0,0.000000,0
604495,1787843850.001,6.000999927520752,0,0,0,0.000000,0
604496,1787843856.0,5.999000072479248,0,0,0,0.000000,0
604497,1787843862.0,6.0,0,0,0,0.000000,0
604498,1787843868.0,6.0,0,0,0,0.000000,0
604499,1787843874.001,6.000999927520752,1,1,14435,0.072175,1
604500,1787843880.001,6.0,0,0,0,0.000000,0
604501,1787843886.0,5.999000072479248,0,0,0,0.000000,0
604502,1787843892.0,6.0,0,0,0,0.000000,0
604503,1787843898.0,6.0,0,0,0,0.000000,0
604504,1787843904.0,6.0,0,0,0,0.000000,0
604505,1787843910.0,6.0,0,0,0,0.000000,0
604506,1787843916.0,6.0,0,0,0,0.000000,0
604507,1787843922.0,6.0,0,0,0,0.000000,0
604508,1787843928.0,6.0,0,0,0,0.000000,0
604509,1787843934.0,6.0,0,0,0,0.000000,0
604510,1787843940.001,6.000999927520752,0,0,0,0.000000,0
604511,1787843946.0,5.999000072479248,0,0,0,0.000000,0
604512,1787843952.0,6.0,0,0,0,0.000000,0
604513,1787843958.0,6.0,0,0,0,0.000000,0
604514,1787843964.0,6.0,0,0,0,0.000000,0
604515,1787843970.0,6.0,0,0,0,0.000000,0
604516,1787843976.001,6.000999927520752,0,0,0,0.000000,0
604517,1787843982.0,5.999000072479248,0,0,0,0.000000,0
604518,1787843988.0,6.0,0,0,0,0.000000,0
604519,1787843994.0,6.0,0,0,0,0.000000,0
604520,1787844000.0,6.0,0,0,0,0.000000,0
604521,1787844006.0,6.0,0,0,0,0.000000,0
604522,1787844012.001,6.000999927520752,0,0,0,0.000000,0
604523,1787844018.0,5.999000072479248,0,0,0,0.000000,0
604524,1787844024.0,6.0,0,0,0,0.000000,0
604525,1787844030.0,6.0,0,0,0,0.000000,0
604526,1787844036.0,6.0,0,0,0,0.000000,0
604527,1787844042.0,6.0,0,0,0,0.000000,0
604528,1787844048.001,6.000999927520752,0,0,0,0.000000,0
604529,1787844054.001,6.0,0,0,0,0.000000,0
604530,1787844060.001,6.0,0,0,0,0.000000,0
604531,1787844066.0,5.999000072479248,1,1,8518,0.042590,1
604532,1787844072.0,6.0,0,0,0,0.000000,0
604533,1787844078.0,6.0,0,0,0,0.000000,0
604534,1787844084.0,6.0,0,0,0,0.000000,0
604535,1787844090.001,6.000999927520752,0,0,0,0.000000,0
604536,1787844096.0,5.999000072479248,0,0,0,0.000000,0
604537,1787844102.0,6.0,0,0,0,0.000000,0
604538,1787844108.001,6.000999927520752,0,0,0,0.000000,0
604539,1787844114.0,5.999000072479248,1,1,10480,0.052400,1
604540,1787844120.0,6.0,0,0,0,0.000000,0
604541,1787844126.0,6.0,0,0,0,0.000000,0
604542,1787844132.0,6.0,0,0,0,0.000000,0
604543,1787844138.001,6.000999927520752,0,0,0,0.000000,0
604544,1787844144.001,6.0,0,0,0,0.000000,0
604545,1787844150.0,5.999000072479248,0,0,0,0.000000,0
604546,1787844156.0,6.0,0,0,0,0.000000,0
604547,1787844162.0,6.0,0,0,0,0.000000,0
604548,1787844168.0,6.0,0,0,0,0.000000,0
604549,1787844174.001,6.000999927520752,0,0,0,0.000000,0
604550,1787844180.001,6.0,1,1,60102,0.300510,1
604551,1787844186.001,6.0,0,0,0,0.000000,0
604552,1787844192.0,5.999000072479248,0,0,0,0.000000,0
604553,1787844198.001,6.000999927520752,0,0,0,0.000000,0
604554,1787844204.0,5.999000072479248,0,0,0,0.000000,0
604555,1787844210.001,6.000999927520752,0,0,0,0.000000,0
604556,1787844216.0,5.999000072479248,0,0,0,0.000000,0
604557,1787844222.001,6.000999927520752,0,0,0,0.000000,0
604558,1787844228.0,5.999000072479248,0,0,0,0.000000,0
604559,1787844234.0,6.0,0,0,0,0.000000,0
604560,1787844240.0,6.0,0,0,0,0.000000,0
604561,1787844246.0,6.0,0,0,0,0.000000,0
604562,1787844252.0,6.0,0,0,0,0.000000,0
604563,1787844258.001,6.000999927520752,1,1,11347,0.056735,1
604564,1787844264.0,5.999000072479248,0,0,0,0.000000,0
604565,1787844270.0,6.0,1,1,7479,0.037395,1
604566,1787844276.0,6.0,0,0,0,0.000000,0
604567,1787844282.0,6.0,0,0,0,0.000000,0
604568,1787844288.0,6.0,0,0,0,0.000000,0
604569,1787844294.0,6.0,0,0,0,0.000000,0
604570,1787844300.0,6.0,1,1,54952,0.274760,1
604571,1787844306.001,6.000999927520752,0,0,0,0.000000,0
604572,1787844312.0,5.999000072479248,0,0,0,0.000000,0
604573,1787844318.0,6.0,0,0,0,0.000000,0
604574,1787844324.001,6.000999927520752,1,1,11345,0.056725,1
604575,1787844330.001,6.0,0,0,0,0.000000,0
604576,1787844336.0,5.999000072479248,0,0,0,0.000000,0
604577,1787844342.0,6.0,0,0,0,0.000000,0
604578,1787844348.0,6.0,0,0,0,0.000000,0
604579,1787844354.001,6.000999927520752,0,0,0,0.000000,0
604580,1787844360.0,5.999000072479248,0,0,0,0.000000,0
604581,1787844366.001,6.000999927520752,0,0,0,0.000000,0
604582,1787844372.0,5.999000072479248,0,0,0,0.000000,0
604583,1787844378.001,6.000999927520752,0,0,0,0.000000,0
604584,1787844384.001,6.0,0,0,0,0.000000,0
604585,1787844390.0,5.999000072479248,0,0,0,0.000000,0
604586,1787844396.0,6.0,0,0,0,0.000000,0
604587,1787844402.001,6.000999927520752,0,0,0,0.000000,0
604588,1787844408.0,5.999000072479248,0,0,0,0.000000,0
604589,1787844414.0,6.0,0,0,0,0.000000,0
604590,1787844420.001,6.000999927520752,0,0,0,0.000000,0
604591,1787844426.0,5.999000072479248,0,0,0,0.000000,0
604592,1787844432.001,6.000999927520752,0,0,0,0.000000,0
604593,1787844438.001,6.0,0,0,0,0.000000,0
604594,1787844444.0,5.999000072479248,0,0,0,0.000000,0
604595,1787844450.0,6.0,0,0,0,0.000000,0
604596,1787844456.001,6.000999927520752,0,0,0,0.000000,0
604597,1787844462.0,5.999000072479248,0,0,0,0.000000,0
604598,1787844468.0,6.0,0,0,0,0.000000,0
604599,1787844474.0,6.0,0,0,0,0.000000,0
604600,1787844480.0,6.0,0,0,0,0.000000,0
604601,1787844486.0,6.0,0,0,0,0.000000,0
604602,1787844492.0,6.0,0,0,0,0.000000,0
604603,1787844498.0,6.0,0,0,0,0.000000,0
604604,1787844504.0,6.0,0,0,0,0.000000,0
604605,1787844510.0,6.0,1,1,14199,0.070995,1
604606,1787844516.001,6.000999927520752,0,0,0,0.000000,0
604607,1787844522.0,5.999000072479248,0,0,0,0.000000,0
604608,1787844528.0,6.0,0,0,0,0.000000,0
604609,1787844534.0,6.0,0,0,0,0.000000,0
604610,1787844540.0,6.0,0,0,0,0.000000,0
604611,1787844546.0,6.0,0,0,0,0.000000,0
604612,1787844552.0,6.0,1,1,9147,0.045735,1
604613,1787844558.001,6.000999927520752,1,1,13283,0.066415,1
604614,1787844564.0,5.999000072479248,0,0,0,0.000000,0
604615,1787844570.0,6.0,0,0,0,0.000000,0
604616,1787844576.0,6.0,0,0,0,0.000000,0
604617,1787844582.0,6.0,0,0,0,0.000000,0
604618,1787844588.0,6.0,1,1,11972,0.059860,1
604619,1787844594.0,6.0,0,0,0,0.000000,0
604620,1787844600.0,6.0,0,0,0,0.000000,0
604621,1787844606.0,6.0,0,0,0,0.000000,0
604622,1787844612.0,6.0,0,0,0,0.000000,0
604623,1787844618.0,6.0,0,0,0,0.000000,0
604624,1787844624.0,6.0,0,0,0,0.000000,0
604625,1787844630.0,6.0,0,0,0,0.000000,0
604626,1787844636.0,6.0,0,0,0,0.000000,0
604627,1787844642.0,6.0,1,1,9113,0.045565,1
604628,1787844648.0,6.0,0,0,0,0.000000,0
604629,1787844654.0,6.0,0,0,0,0.000000,0
604630,1787844660.001,6.000999927520752,0,0,0,0.000000,0
604631,1787844666.0,5.999000072479248,0,0,0,0.000000,0
604632,1787844672.0,6.0,0,0,0,0.000000,0
604633,1787844678.001,6.000999927520752,1,1,60126,0.300630,1
604634,1787844684.0,5.999000072479248,0,0,0,0.000000,0
604635,1787844690.0,6.0,0,0,0,0.000000,0
604636,1787844696.0,6.0,0,0,0,0.000000,0
604637,1787844702.0,6.0,0,0,0,0.000000,0
604638,1787844708.0,6.0,1,1,3820,0.019100,1
604639,1787844714.0,6.0,0,0,0,0.000000,0
604640,1787844720.0,6.0,0,0,0,0.000000,0
604641,1787844726.0,6.0,0,0,0,0.000000,0
604642,1787844732.0,6.0,0,0,0,0.000000,0
604643,1787844738.0,6.0,0,0,0,0.000000,0
604644,1787844744.0,6.0,0,0,0,0.000000,0
604645,1787844750.0,6.0,0,0,0,0.000000,0
604646,1787844756.0,6.0,0,0,0,0.000000,0
604647,1787844762.0,6.0,0,0,0,0.000000,0
604648,1787844768.0,6.0,0,0,0,0.000000,0
604649,1787844774.0,6.0,0,0,0,0.000000,0
604650,1787844780.001,6.000999927520752,0,0,0,0.000000,0
604651,1787844786.0,5.999000072479248,0,0,0,0.000000,0
604652,1787844792.0,6.0,0,0,0,0.000000,0
604653,1787844798.0,6.0,0,0,0,0.000000,0
604654,1787844804.0,6.0,0,0,0,0.000000,0
604655,1787844810.0,6.0,0,0,0,0.000000,0
604656,1787844816.0,6.0,0,0,0,0.000000,0
604657,1787844822.0,6.0,1,1,21792,0.108960,1
604658,1787844828.0,6.0,0,0,0,0.000000,0
604659,1787844834.001,6.000999927520752,0,0,0,0.000000,0
604660,1787844840.001,6.0,0,0,0,0.000000,0
604661,1787844846.0,5.999000072479248,0,0,0,0.000000,0
604662,1787844852.0,6.0,0,0,0,0.000000,0
604663,1787844858.0,6.0,0,0,0,0.000000,0
604664,1787844864.001,6.000999927520752,0,0,0,0.000000,0
604665,1787844870.0,5.999000072479248,0,0,0,0.000000,0
604666,1787844876.0,6.0,0,0,0,0.000000,0
604667,1787844882.0,6.0,0,0,0,0.000000,0
604668,1787844888.0,6.0,0,0,0,0.000000,0
604669,1787844894.0,6.0,0,0,0,0.000000,0
604670,1787844900.0,6.0,0,0,0,0.000000,0
604671,1787844906.0,6.0,0,0,0,0.000000,0
604672,1787844912.0,6.0,0,0,0,0.000000,0
604673,1787844918.0,6.0,0,0,0,0.000000,0
604674,1787844924.0,6.0,0,0,0,0.000000,0
604675,1787844930.0,6.0,0,0,0,0.000000,0
604676,1787844936.001,6.000999927520752,0,0,0,0.000000,0
604677,1787844942.0,5.999000072479248,0,0,0,0.000000,0
604678,1787844948.0,6.0,0,0,0,0.000000,0
604679,1787844954.0,6.0,0,0,0,0.000000,0
604680,1787844960.001,6.000999927520752,0,0,0,0.000000,0
604681,1787844966.001,6.0,0,0,0,0.000000,0
604682,1787844972.0,5.999000072479248,0,0,0,0.000000,0
604683,1787844978.0,6.0,0,0,0,0.000000,0
604684,1787844984.0,6.0,1,1,29453,0.147265,1
604685,1787844990.0,6.0,0,0,0,0.000000,0
604686,1787844996.001,6.000999927520752,0,0,0,0.000000,0
604687,1787845002.001,6.0,0,0,0,0.000000,0
604688,1787845008.0,5.999000072479248,0,0,0,0.000000,0
604689,1787845014.0,6.0,0,0,0,0.000000,0
604690,1787845020.0,6.0,0,0,0,0.000000,0
604691,1787845026.0,6.0,0,0,0,0.000000,0
604692,1787845032.0,6.0,0,0,0,0.000000,0
604693,1787845038.0,6.0,0,0,0,0.000000,0
604694,1787845044.0,6.0,0,0,0,0.000000,0
604695,1787845050.0,6.0,0,0,0,0.000000,0
604696,1787845056.0,6.0,0,0,0,0.000000,0
604697,1787845062.0,6.0,0,0,0,0.000000,0
604698,1787845068.0,6.0,0,0,0,0.000000,0
604699,1787845074.001,6.000999927520752,0,0,0,0.000000,0
604700,1787845080.001,6.0,0,0,0,0.000000,0
604701,1787845086.0,5.999000072479248,1,1,6113,0.030565,1
604702,1787845092.0,6.0,0,0,0,0.000000,0
604703,1787845098.0,6.0,0,0,0,0.000000,0
604704,1787845104.001,6.000999927520752,0,0,0,0.000000,0
604705,1787845110.001,6.0,0,0,0,0.000000,0
604706,1787845116.001,6.0,0,0,0,0.000000,0
604707,1787845122.0,5.999000072479248,0,0,0,0.000000,0
604708,1787845128.0,6.0,0,0,0,0.000000,0
604709,1787845134.0,6.0,1,1,14428,0.072140,1
604710,1787845140.0,6.0,0,0,0,0.000000,0
604711,1787845146.0,6.0,0,0,0,0.000000,0
604712,1787845152.0,6.0,0,0,0,0.000000,0
604713,1787845158.0,6.0,0,0,0,0.000000,0
604714,1787845164.0,6.0,0,0,0,0.000000,0
604715,1787845170.0,6.0,0,0,0,0.000000,0
604716,1787845176.0,6.0,0,0,0,0.000000,0
604717,1787845182.0,6.0,0,0,0,0.000000,0
604718,1787845188.0,6.0,0,0,0,0.000000,0
604719,1787845194.0,6.0,0,0,0,0.000000,0
604720,1787845200.0,6.0,0,0,0,0.000000,0
604721,1787845206.0,6.0,0,0,0,0.000000,0
604722,1787845212.0,6.0,0,0,0,0.000000,0
604723,1787845218.0,6.0,0,0,0,0.000000,0
604724,1787845224.001,6.000999927520752,0,0,0,0.000000,0
604725,1787845230.0,5.999000072479248,0,0,0,0.000000,0
604726,1787845236.0,6.0,0,0,0,0.000000,0
604727,1787845242.0,6.0,0,0,0,0.000000,0
604728,1787845248.0,6.0,0,0,0,0.000000,0
604729,1787845254.0,6.0,0,0,0,0.000000,0
604730,1787845260.0,6.0,0,0,0,0.000000,0
604731,1787845266.0,6.0,0,0,0,0.000000,0
604732,1787845272.0,6.0,0,0,0,0.000000,0
604733,1787845278.0,6.0,0,0,0,0.000000,0
604734,1787845284.0,6.0,0,0,0,0.000000,0
604735,1787845290.001,6.000999927520752,0,0,0,0.000000,0
604736,1787845296.0,5.999000072479248,0,0,0,0.000000,0
604737,1787845302.0,6.0,0,0,0,0.000000,0
604738,1787845308.0,6.0,0,0,0,0.000000,0
604739,1787845314.0,6.0,0,0,0,0.000000,0
604740,1787845320.001,6.000999927520752,0,0,0,0.000000,0
604741,1787845326.0,5.999000072479248,0,0,0,0.000000,0
604742,1787845332.001,6.000999927520752,0,0,0,0.000000,0
604743,1787845338.001,6.0,0,0,0,0.000000,0
604744,1787845344.0,5.999000072479248,0,0,0,0.000000,0
604745,1787845350.001,6.000999927520752,0,0,0,0.000000,0
604746,1787845356.0,5.999000072479248,0,0,0,0.000000,0
604747,1787845362.0,6.0,0,0,0,0.000000,0
604748,1787845368.0,6.0,0,0,0,0.000000,0
604749,1787845374.0,6.0,0,0,0,0.000000,0
604750,1787845380.0,6.0,0,0,0,0.000000,0
604751,1787845386.0,6.0,0,0,0,0.000000,0
604752,1787845392.001,6.000999927520752,0,0,0,0.000000,0
604753,1787845398.0,5.999000072479248,0,0,0,0.000000,0
604754,1787845404.0,6.0,0,0,0,0.000000,0
604755,1787845410.0,6.0,0,0,0,0.000000,0
604756,1787845416.0,6.0,0,0,0,0.000000,0
604757,1787845422.0,6.0,0,0,0,0.000000,0
604758,1787845428.0,6.0,0,0,0,0.000000,0
604759,1787845434.0,6.0,0,0,0,0.000000,0
604760,1787845440.001,6.000999927520752,0,0,0,0.000000,0
604761,1787845446.001,6.0,1,1,3820,0.019100,1
604762,1787845452.001,6.0,1,1,3820,0.019100,1
604763,1787845458.001,6.0,0,0,0,0.000000,0
604764,1787845464.0,5.999000072479248,1,1,709,0.003545,1
604765,1787845470.001,6.000999927520752,0,0,0,0.000000,0
604766,1787845476.001,6.0,0,0,0,0.000000,0
604767,1787845482.001,6.0,0,0,0,0.000000,0
604768,1787845488.0,5.999000072479248,0,0,0,0.000000,0
604769,1787845494.001,6.000999927520752,0,0,0,0.000000,0
604770,1787845500.0,5.999000072479248,0,0,0,0.000000,0
604771,1787845506.001,6.000999927520752,0,0,0,0.000000,0
604772,1787845512.0,5.999000072479248,0,0,0,0.000000,0
604773,1787845518.0,6.0,0,0,0,0.000000,0
604774,1787845524.001,6.000999927520752,0,0,0,0.000000,0
604775,1787845530.0,5.999000072479248,0,0,0,0.000000,0
604776,1787845536.0,6.0,0,0,0,0.000000,0
604777,1787845542.001,6.000999927520752,0,0,0,0.000000,0
604778,1787845548.0,5.999000072479248,0,0,0,0.000000,0
604779,1787845554.0,6.0,0,0,0,0.000000,0
604780,1787845560.0,6.0,0,0,0,0.000000,0
604781,1787845566.0,6.0,0,0,0,0.000000,0
604782,1787845572.001,6.000999927520752,1,1,6242,0.031210,1
604783,1787845578.0,5.999000072479248,0,0,0,0.000000,0
604784,1787845584.0,6.0,0,0,0,0.000000,0
604785,1787845590.0,6.0,0,0,0,0.000000,0
604786,1787845596.0,6.0,1,1,8584,0.042920,1
604787,1787845602.0,6.0,0,0,0,0.000000,0
604788,1787845608.0,6.0,0,0,0,0.000000,0
604789,1787845614.0,6.0,0,0,0,0.000000,0
604790,1787845620.0,6.0,0,0,0,0.000000,0
604791,1787845626.0,6.0,0,0,0,0.000000,0
604792,1787845632.0,6.0,0,0,0,0.000000,0
604793,1787845638.0,6.0,0,0,0,0.000000,0
604794,1787845644.0,6.0,0,0,0,0.000000,0
604795,1787845650.0,6.0,0,0,0,0.000000,0
604796,1787845656.001,6.000999927520752,0,0,0,0.000000,0
604797,1787845662.0,5.999000072479248,0,0,0,0.000000,0
604798,1787845668.0,6.0,0,0,0,0.000000,0
604799,1787845674.0,6.0,1,1,8997,0.044985,1
604800,1787845680.0,6.0,0,0,0,0.000000,0
604801,1787845686.0,6.0,0,0,0,0.000000,0
604802,1787845692.0,6.0,0,0,0,0.000000,0
604803,1787845698.0,6.0,0,0,0,0.000000,0
604804,1787845704.0,6.0,0,0,0,0.000000,0
604805,1787845710.0,6.0,0,0,0,0.000000,0
604806,1787845716.001,6.000999927520752,0,0,0,0.000000,0
604807,1787845722.0,5.999000072479248,0,0,0,0.000000,0
604808,1787845728.0,6.0,0,0,0,0.000000,0
604809,1787845734.0,6.0,0,0,0,0.000000,0
604810,1787845740.0,6.0,0,0,0,0.000000,0
604811,1787845746.0,6.0,0,0,0,0.000000,0
604812,1787845752.001,6.000999927520752,0,0,0,0.000000,0
604813,1787845758.001,6.0,1,1,8991,0.044955,1
604814,1787845764.0,5.999000072479248,0,0,0,0.000000,0
604815,1787845770.0,6.0,1,1,3820,0.019100,1
604816,1787845776.0,6.0,0,0,0,0.000000,0
604817,1787845782.0,6.0,0,0,0,0.000000,0
604818,1787845788.0,6.0,0,0,0,0.000000,0
604819,1787845794.001,6.000999927520752,0,0,0,0.000000,0
604820,1787845800.0,5.999000072479248,1,1,8998,0.044990,1
604821,1787845806.0,6.0,0,0,0,0.000000,0
604822,1787845812.0,6.0,0,0,0,0.000000,0
604823,1787845818.0,6.0,1,1,3820,0.019100,1
604824,1787845824.0,6.0,0,0,0,0.000000,0
604825,1787845830.0,6.0,0,0,0,0.000000,0
604826,1787845836.0,6.0,0,0,0,0.000000,0
604827,1787845842.0,6.0,0,0,0,0.000000,0
604828,1787845848.0,6.0,0,0,0,0.000000,0
604829,1787845854.0,6.0,0,0,0,0.000000,0
604830,1787845860.001,6.000999927520752,0,0,0,0.000000,0
604831,1787845866.0,5.999000072479248,1,1,60120,0.300600,1
604832,1787845872.001,6.000999927520752,0,0,0,0.000000,0
604833,1787845878.0,5.999000072479248,0,0,0,0.000000,0
604834,1787845884.0,6.0,0,0,0,0.000000,0
604835,1787845890.0,6.0,0,0,0,0.000000,0
604836,1787845896.0,6.0,0,0,0,0.000000,0
604837,1787845902.001,6.000999927520752,0,0,0,0.000000,0
604838,1787845908.001,6.0,0,0,0,0.000000,0
604839,1787845914.0,5.999000072479248,0,0,0,0.000000,0
604840,1787845920.0,6.0,0,0,0,0.000000,0
604841,1787845926.0,6.0,0,0,0,0.000000,0
604842,1787845932.0,6.0,0,0,0,0.000000,0
604843,1787845938.001,6.000999927520752,0,0,0,0.000000,0
604844,1787845944.0,5.999000072479248,0,0,0,0.000000,0
604845,1787845950.0,6.0,0,0,0,0.000000,0
604846,1787845956.0,6.0,0,0,0,0.000000,0
604847,1787845962.001,6.000999927520752,0,0,0,0.000000,0
604848,1787845968.0,5.999000072479248,0,0,0,0.000000,0
604849,1787845974.0,6.0,0,0,0,0.000000,0
604850,1787845980.0,6.0,0,0,0,0.000000,0
604851,1787845986.0,6.0,0,0,0,0.000000,0
604852,1787845992.0,6.0,0,0,0,0.000000,0
604853,1787845998.0,6.0,0,0,0,0.000000,0
604854,1787846004.0,6.0,0,0,0,0.000000,0
604855,1787846010.0,6.0,0,0,0,0.000000,0
604856,1787846016.0,6.0,1,1,60124,0.300620,1
604857,1787846022.0,6.0,0,0,0,0.000000,0
604858,1787846028.0,6.0,0,0,0,0.000000,0
604859,1787846034.0,6.0,0,0,0,0.000000,0
604860,1787846040.0,6.0,0,0,0,0.000000,0
604861,1787846046.0,6.0,0,0,0,0.000000,0
604862,1787846052.0,6.0,0,0,0,0.000000,0
604863,1787846058.0,6.0,0,0,0,0.000000,0
604864,1787846064.001,6.000999927520752,0,0,0,0.000000,0
604865,1787846070.0,5.999000072479248,0,0,0,0.000000,0
604866,1787846076.0,6.0,0,0,0,0.000000,0
604867,1787846082.0,6.0,0,0,0,0.000000,0
604868,1787846088.001,6.000999927520752,0,0,0,0.000000,0
604869,1787846094.0,5.999000072479248,0,0,0,0.000000,0
604870,1787846100.0,6.0,0,0,0,0.000000,0
604871,1787846106.0,6.0,0,0,0,0.000000,0
604872,1787846112.0,6.0,0,0,0,0.000000,0
604873,1787846118.0,6.0,0,0,0,0.000000,0
604874,1787846124.0,6.0,0,0,0,0.000000,0
604875,1787846130.0,6.0,0,0,0,0.000000,0
604876,1787846136.0,6.0,0,0,0,0.000000,0
604877,1787846142.0,6.0,0,0,0,0.000000,0
604878,1787846148.0,6.0,0,0,0,0.000000,0
604879,1787846154.001,6.000999927520752,0,0,0,0.000000,0
604880,1787846160.0,5.999000072479248,0,0,0,0.000000,0
604881,1787846166.0,6.0,0,0,0,0.000000,0
604882,1787846172.0,6.0,0,0,0,0.000000,0
604883,1787846178.0,6.0,0,0,0,0.000000,0
604884,1787846184.0,6.0,0,0,0,0.000000,0
604885,1787846190.0,6.0,0,0,0,0.000000,0
604886,1787846196.0,6.0,0,0,0,0.000000,0
604887,1787846202.0,6.0,0,0,0,0.000000,0
604888,1787846208.001,6.000999927520752,0,0,0,0.000000,0
604889,1787846214.0,5.999000072479248,0,0,0,0.000000,0
604890,1787846220.001,6.000999927520752,0,0,0,0.000000,0
604891,1787846226.0,5.999000072479248,0,0,0,0.000000,0
604892,1787846232.0,6.0,0,0,0,0.000000,0
604893,1787846238.0,6.0,0,0,0,0.000000,0
604894,1787846244.0,6.0,0,0,0,0.000000,0
604895,1787846250.0,6.0,0,0,0,0.000000,0
604896,1787846256.0,6.0,0,0,0,0.000000,0
604897,1787846262.0,6.0,0,0,0,0.000000,0
604898,1787846268.001,6.000999927520752,0,0,0,0.000000,0
604899,1787846274.0,5.999000072479248,0,0,0,0.000000,0
604900,1787846280.0,6.0,0,0,0,0.000000,0
604901,1787846286.0,6.0,0,0,0,0.000000,0
604902,1787846292.0,6.0,0,0,0,0.000000,0
604903,1787846298.0,6.0,0,0,0,0.000000,0
604904,1787846304.0,6.0,0,0,0,0.000000,0
604905,1787846310.001,6.000999927520752,2,2,7450,0.037250,2
604906,1787846316.0,5.999000072479248,1,1,3723,0.018615,1
604907,1787846322.0,6.0,2,2,7446,0.037230,2
604908,1787846328.0,6.0,2,2,7446,0.037230,2
604909,1787846334.0,6.0,2,2,7449,0.037245,2
604910,1787846340.0,6.0,2,2,7445,0.037225,2
604911,1787846346.0,6.0,1,1,3723,0.018615,1
604912,1787846352.0,6.0,3,3,11173,0.055865,3
604913,1787846358.001,6.000999927520752,1,1,3723,0.018615,1
604914,1787846364.0,5.999000072479248,2,2,7445,0.037225,2
604915,1787846370.0,6.0,1,1,3723,0.018615,1
604916,1787846376.0,6.0,2,2,7450,0.037250,2
604917,1787846382.0,6.0,2,2,7446,0.037230,2
604918,1787846388.0,6.0,1,1,3723,0.018615,1
604919,1787846394.001,6.000999927520752,2,2,7446,0.037230,2
604920,1787846400.001,6.0,0,0,0,0.000000,0
604921,1787846406.0,5.999000072479248,2,2,7450,0.037250,2
604922,1787846412.0,6.0,0,0,0,0.000000,0
604923,1787846418.0,6.0,0,0,0,0.000000,0
604924,1787846424.001,6.000999927520752,0,0,0,0.000000,0
604925,1787846430.001,6.0,1,1,3727,0.018635,1
604926,1787846436.0,5.999000072479248,0,0,0,0.000000,0
604927,1787846442.0,6.0,0,0,0,0.000000,0
604928,1787846448.0,6.0,0,0,0,0.000000,0
604929,1787846454.0,6.0,0,0,0,0.000000,0
604930,1787846460.0,6.0,0,0,0,0.000000,0
604931,1787846466.0,6.0,0,0,0,0.000000,0
604932,1787846472.0,6.0,1,1,3727,0.018635,1
604933,1787846478.001,6.000999927520752,0,0,0,0.000000,0
604934,1787846484.0,5.999000072479248,0,0,0,0.000000,0
604935,1787846490.001,6.000999927520752,0,0,0,0.000000,0
604936,1787846496.0,5.999000072479248,0,0,0,0.000000,0
604937,1787846502.0,6.0,0,0,0,0.000000,0
604938,1787846508.0,6.0,0,0,0,0.000000,0
604939,1787846514.001,6.000999927520752,0,0,0,0.000000,0
604940,1787846520.001,6.0,0,0,0,0.000000,0
604941,1787846526.0,5.999000072479248,0,0,0,0.000000,0
604942,1787846532.001,6.000999927520752,0,0,0,0.000000,0
604943,1787846538.0,5.999000072479248,0,0,0,0.000000,0
604944,1787846544.0,6.0,0,0,0,0.000000,0
604945,1787846550.001,6.000999927520752,0,0,0,0.000000,0
604946,1787846556.001,6.0,0,0,0,0.000000,0
604947,1787846562.0,5.999000072479248,0,0,0,0.000000,0
604948,1787846568.0,6.0,0,0,0,0.000000,0
604949,1787846574.0,6.0,0,0,0,0.000000,0
604950,1787846580.0,6.0,0,0,0,0.000000,0
604951,1787846586.0,6.0,0,0,0,0.000000,0
604952,1787846592.0,6.0,0,0,0,0.000000,0
604953,1787846598.0,6.0,0,0,0,0.000000,0
604954,1787846604.0,6.0,0,0,0,0.000000,0
604955,1787846610.0,6.0,0,0,0,0.000000,0
604956,1787846616.0,6.0,0,0,0,0.000000,0
604957,1787846622.0,6.0,0,0,0,0.000000,0
604958,1787846628.0,6.0,0,0,0,0.000000,0
604959,1787846634.0,6.0,0,0,0,0.000000,0
604960,1787846640.0,6.0,0,0,0,0.000000,0
604961,1787846646.0,6.0,0,0,0,0.000000,0
604962,1787846652.0,6.0,0,0,0,0.000000,0
604963,1787846658.001,6.000999927520752,0,0,0,0.000000,0
604964,1787846664.0,5.999000072479248,0,0,0,0.000000,0
604965,1787846670.0,6.0,0,0,0,0.000000,0
604966,1787846676.0,6.0,0,0,0,0.000000,0
604967,1787846682.0,6.0,0,0,0,0.000000,0
604968,1787846688.0,6.0,0,0,0,0.000000,0
604969,1787846694.001,6.000999927520752,0,0,0,0.000000,0
604970,1787846700.001,6.0,0,0,0,0.000000,0
604971,1787846706.0,5.999000072479248,0,0,0,0.000000,0
604972,1787846712.0,6.0,0,0,0,0.000000,0
604973,1787846718.0,6.0,0,0,0,0.000000,0
604974,1787846724.0,6.0,0,0,0,0.000000,0
604975,1787846730.0,6.0,0,0,0,0.000000,0
604976,1787846736.001,6.000999927520752,0,0,0,0.000000,0
604977,1787846742.001,6.0,0,0,0,0.000000,0
604978,1787846748.0,5.999000072479248,0,0,0,0.000000,0
604979,1787846754.0,6.0,0,0,0,0.000000,0
604980,1787846760.0,6.0,0,0,0,0.000000,0
604981,1787846766.0,6.0,0,0,0,0.000000,0
604982,1787846772.0,6.0,0,0,0,0.000000,0
604983,1787846778.0,6.0,0,0,0,0.000000,0
604984,1787846784.0,6.0,0,0,0,0.000000,0
604985,1787846790.0,6.0,0,0,0,0.000000,0
604986,1787846796.0,6.0,0,0,0,0.000000,0
604987,1787846802.0,6.0,0,0,0,0.000000,0
604988,1787846808.0,6.0,0,0,0,0.000000,0
604989,1787846814.001,6.000999927520752,0,0,0,0.000000,0
604990,1787846820.0,5.999000072479248,0,0,0,0.000000,0
604991,1787846826.0,6.0,0,0,0,0.000000,0
604992,1787846832.0,6.0,0,0,0,0.000000,0
604993,1787846838.0,6.0,0,0,0,0.000000,0
604994,1787846844.0,6.0,0,0,0,0.000000,0
604995,1787846850.0,6.0,0,0,0,0.000000,0
604996,1787846856.0,6.0,0,0,0,0.000000,0
604997,1787846862.0,6.0,0,0,0,0.000000,0
604998,1787846868.0,6.0,0,0,0,0.000000,0
604999,1787846874.0,6.0,0,0,0,0.000000,0
605000,1787846880.0,6.0,0,0,0,0.000000,0
605001,1787846886.0,6.0,0,0,0,0.000000,0
605002,1787846892.001,6.000999927520752,0,0,0,0.000000,0
605003,1787846898.0,5.999000072479248,0,0,0,0.000000,0
605004,1787846904.0,6.0,0,0,0,0.000000,0
605005,1787846910.001,6.000999927520752,0,0,0,0.000000,0
605006,1787846916.0,5.999000072479248,0,0,0,0.000000,0
605007,1787846922.0,6.0,0,0,0,0.000000,0
605008,1787846928.001,6.000999927520752,0,0,0,0.000000,0
605009,1787846934.0,5.999000072479248,0,0,0,0.000000,0
605010,1787846940.0,6.0,0,0,0,0.000000,0
605011,1787846946.001,6.000999927520752,0,0,0,0.000000,0
605012,1787846952.0,5.999000072479248,0,0,0,0.000000,0
605013,1787846958.0,6.0,0,0,0,0.000000,0
605014,1787846964.001,6.000999927520752,0,0,0,0.000000,0
605015,1787846970.0,5.999000072479248,2,2,7448,0.037240,2
605016,1787846976.0,6.0,2,2,7445,0.037225,2
605017,1787846982.0,6.0,2,2,7446,0.037230,2
605018,1787846988.001,6.000999927520752,1,1,3723,0.018615,1
605019,1787846994.0,5.999000072479248,3,3,11171,0.055855,3
605020,1787847000.0,6.0,1,1,3722,0.018610,1
605021,1787847006.0,6.0,2,2,7446,0.037230,2
605022,1787847012.001,6.000999927520752,2,2,7444,0.037220,2
605023,1787847018.0,5.999000072479248,2,2,7450,0.037250,2
605024,1787847024.0,6.0,2,2,7446,0.037230,2
605025,1787847030.0,6.0,0,0,0,0.000000,0
605026,1787847036.0,6.0,0,0,0,0.000000,0
605027,1787847042.0,6.0,1,1,3727,0.018635,1
605028,1787847048.0,6.0,0,0,0,0.000000,0
605029,1787847054.0,6.0,0,0,0,0.000000,0
605030,1787847060.0,6.0,0,0,0,0.000000,0
605031,1787847066.0,6.0,1,1,3727,0.018635,1
605032,1787847072.0,6.0,0,0,0,0.000000,0
605033,1787847078.001,6.000999927520752,0,0,0,0.000000,0
605034,1787847084.0,5.999000072479248,0,0,0,0.000000,0
605035,1787847090.0,6.0,0,0,0,0.000000,0
605036,1787847096.0,6.0,0,0,0,0.000000,0
605037,1787847102.001,6.000999927520752,0,0,0,0.000000,0
605038,1787847108.0,5.999000072479248,0,0,0,0.000000,0
605039,1787847114.0,6.0,0,0,0,0.000000,0
605040,1787847120.0,6.0,0,0,0,0.000000,0
605041,1787847126.0,6.0,0,0,0,0.000000,0
605042,1787847132.001,6.000999927520752,0,0,0,0.000000,0
605043,1787847138.0,5.999000072479248,0,0,0,0.000000,0
605044,1787847144.0,6.0,0,0,0,0.000000,0
605045,1787847150.0,6.0,0,0,0,0.000000,0
605046,1787847156.0,6.0,0,0,0,0.000000,0
605047,1787847162.0,6.0,0,0,0,0.000000,0
605048,1787847168.0,6.0,1,1,3727,0.018635,1
605049,1787847174.0,6.0,0,0,0,0.000000,0
605050,1787847180.0,6.0,0,0,0,0.000000,0
605051,1787847186.001,6.000999927520752,0,0,0,0.000000,0
605052,1787847192.0,5.999000072479248,0,0,0,0.000000,0
605053,1787847198.0,6.0,0,0,0,0.000000,0
605054,1787847204.001,6.000999927520752,0,0,0,0.000000,0
605055,1787847210.0,5.999000072479248,0,0,0,0.000000,0
605056,1787847216.001,6.000999927520752,0,0,0,0.000000,0
605057,1787847222.001,6.0,0,0,0,0.000000,0
605058,1787847228.0,5.999000072479248,0,0,0,0.000000,0
605059,1787847234.0,6.0,0,0,0,0.000000,0
605060,1787847240.001,6.000999927520752,0,0,0,0.000000,0
605061,1787847246.001,6.0,2,2,7450,0.037250,2
605062,1787847252.0,5.999000072479248,1,1,3723,0.018615,1
605063,1787847258.001,6.000999927520752,2,2,7446,0.037230,2
605064,1787847264.0,5.999000072479248,2,2,7446,0.037230,2
605065,1787847270.0,6.0,2,2,7450,0.037250,2
605066,1787847276.001,6.000999927520752,2,2,7446,0.037230,2
605067,1787847282.0,5.999000072479248,2,2,7444,0.037220,2
605068,1787847288.0,6.0,1,1,3723,0.018615,1
605069,1787847294.0,6.0,3,3,11172,0.055860,3
605070,1787847300.0,6.0,1,1,3723,0.018615,1
605071,1787847306.0,6.0,2,2,7445,0.037225,2
605072,1787847312.0,6.0,1,1,3723,0.018615,1
605073,1787847318.001,6.000999927520752,3,3,11172,0.055860,3
605074,1787847324.0,5.999000072479248,1,1,3723,0.018615,1
605075,1787847330.0,6.0,2,2,7445,0.037225,2
605076,1787847336.0,6.0,2,2,7445,0.037225,2
605077,1787847342.0,6.0,2,2,7450,0.037250,2
605078,1787847348.0,6.0,2,2,7446,0.037230,2
605079,1787847354.0,6.0,2,2,7446,0.037230,2
605080,1787847360.0,6.0,1,1,3723,0.018615,1
605081,1787847366.001,6.000999927520752,3,3,11172,0.055860,3
605082,1787847372.001,6.0,1,1,3722,0.018610,1
605083,1787847378.0,5.999000072479248,1,1,3723,0.018615,1
605084,1787847384.0,6.0,1,1,3723,0.018615,1
605085,1787847390.0,6.0,2,2,7450,0.037250,2
605086,1787847396.0,6.0,1,1,3723,0.018615,1
605087,1787847402.0,6.0,2,2,7445,0.037225,2
605088,1787847408.0,6.0,2,2,7446,0.037230,2
605089,1787847414.0,6.0,2,2,7450,0.037250,2
605090,1787847420.0,6.0,2,2,7446,0.037230,2
605091,1787847426.0,6.0,1,1,3723,0.018615,1
605092,1787847432.0,6.0,0,0,0,0.000000,0
605093,1787847438.0,6.0,0,0,0,0.000000,0
605094,1787847444.0,6.0,0,0,0,0.000000,0
605095,1787847450.0,6.0,0,0,0,0.000000,0
605096,1787847456.0,6.0,0,0,0,0.000000,0
605097,1787847462.001,6.000999927520752,0,0,0,0.000000,0
605098,1787847468.001,6.0,0,0,0,0.000000,0
605099,1787847474.0,5.999000072479248,0,0,0,0.000000,0
605100,1787847480.0,6.0,0,0,0,0.000000,0
605101,1787847486.0,6.0,0,0,0,0.000000,0
605102,1787847492.0,6.0,0,0,0,0.000000,0
605103,1787847498.0,6.0,0,0,0,0.000000,0
605104,1787847504.001,6.000999927520752,0,0,0,0.000000,0
605105,1787847510.0,5.999000072479248,1,1,710,0.003550,1
605106,1787847516.0,6.0,0,0,0,0.000000,0
605107,1787847522.0,6.0,0,0,0,0.000000,0
605108,1787847528.0,6.0,0,0,0,0.000000,0
605109,1787847534.0,6.0,0,0,0,0.000000,0
605110,1787847540.0,6.0,0,0,0,0.000000,0
605111,1787847546.0,6.0,0,0,0,0.000000,0
605112,1787847552.001,6.000999927520752,0,0,0,0.000000,0
605113,1787847558.0,5.999000072479248,0,0,0,0.000000,0
605114,1787847564.0,6.0,0,0,0,0.000000,0
605115,1787847570.0,6.0,0,0,0,0.000000,0
605116,1787847576.0,6.0,0,0,0,0.000000,0
605117,1787847582.0,6.0,0,0,0,0.000000,0
605118,1787847588.0,6.0,0,0,0,0.000000,0
605119,1787847594.0,6.0,0,0,0,0.000000,0
605120,1787847600.001,6.000999927520752,0,0,0,0.000000,0
605121,1787847606.0,5.999000072479248,0,0,0,0.000000,0
605122,1787847612.0,6.0,0,0,0,0.000000,0
605123,1787847618.0,6.0,0,0,0,0.000000,0
605124,1787847624.001,6.000999927520752,0,0,0,0.000000,0
605125,1787847630.0,5.999000072479248,0,0,0,0.000000,0
605126,1787847636.0,6.0,0,0,0,0.000000,0
605127,1787847642.001,6.000999927520752,0,0,0,0.000000,0
605128,1787847648.0,5.999000072479248,0,0,0,0.000000,0
605129,1787847654.0,6.0,0,0,0,0.000000,0
605130,1787847660.001,6.000999927520752,0,0,0,0.000000,0
605131,1787847666.0,5.999000072479248,0,0,0,0.000000,0
605132,1787847672.0,6.0,0,0,0,0.000000,0
605133,1787847678.0,6.0,0,0,0,0.000000,0
605134,1787847684.0,6.0,0,0,0,0.000000,0
605135,1787847690.0,6.0,0,0,0,0.000000,0
605136,1787847696.0,6.0,0,0,0,0.000000,0
605137,1787847702.0,6.0,0,0,0,0.000000,0
605138,1787847708.0,6.0,0,0,0,0.000000,0
605139,1787847714.0,6.0,0,0,0,0.000000,0
605140,1787847720.001,6.000999927520752,0,0,0,0.000000,0
605141,1787847726.001,6.0,0,0,0,0.000000,0
605142,1787847732.0,5.999000072479248,0,0,0,0.000000,0
605143,1787847738.0,6.0,0,0,0,0.000000,0
605144,1787847744.0,6.0,0,0,0,0.000000,0
605145,1787847750.0,6.0,0,0,0,0.000000,0
605146,1787847756.0,6.0,0,0,0,0.000000,0
605147,1787847762.0,6.0,0,0,0,0.000000,0
605148,1787847768.0,6.0,0,0,0,0.000000,0
605149,1787847774.0,6.0,0,0,0,0.000000,0
605150,1787847780.001,6.000999927520752,0,0,0,0.000000,0
605151,1787847786.0,5.999000072479248,0,0,0,0.000000,0
605152,1787847792.0,6.0,0,0,0,0.000000,0
605153,1787847798.001,6.000999927520752,0,0,0,0.000000,0
605154,1787847804.0,5.999000072479248,0,0,0,0.000000,0
605155,1787847810.0,6.0,0,0,0,0.000000,0
605156,1787847816.0,6.0,0,0,0,0.000000,0
605157,1787847822.001,6.000999927520752,0,0,0,0.000000,0
605158,1787847828.001,6.0,0,0,0,0.000000,0
605159,1787847834.001,6.0,0,0,0,0.000000,0
605160,1787847840.001,6.0,0,0,0,0.000000,0
605161,1787847846.0,5.999000072479248,0,0,0,0.000000,0
605162,1787847852.0,6.0,0,0,0,0.000000,0
605163,1787847858.001,6.000999927520752,0,0,0,0.000000,0
605164,1787847864.0,5.999000072479248,0,0,0,0.000000,0
605165,1787847870.0,6.0,0,0,0,0.000000,0
605166,1787847876.0,6.0,0,0,0,0.000000,0
605167,1787847882.0,6.0,0,0,0,0.000000,0
605168,1787847888.0,6.0,0,0,0,0.000000,0
605169,1787847894.001,6.000999927520752,0,0,0,0.000000,0
605170,1787847900.001,6.0,0,0,0,0.000000,0
605171,1787847906.0,5.999000072479248,0,0,0,0.000000,0
605172,1787847912.0,6.0,0,0,0,0.000000,0
605173,1787847918.0,6.0,0,0,0,0.000000,0
605174,1787847924.0,6.0,0,0,0,0.000000,0
605175,1787847930.0,6.0,0,0,0,0.000000,0
605176,1787847936.0,6.0,0,0,0,0.000000,0
605177,1787847942.001,6.000999927520752,0,0,0,0.000000,0
605178,1787847948.0,5.999000072479248,0,0,0,0.000000,0
605179,1787847954.0,6.0,0,0,0,0.000000,0
605180,1787847960.001,6.000999927520752,0,0,0,0.000000,0
605181,1787847966.001,6.0,0,0,0,0.000000,0
605182,1787847972.0,5.999000072479248,0,0,0,0.000000,0
605183,1787847978.001,6.000999927520752,0,0,0,0.000000,0
605184,1787847984.0,5.999000072479248,0,0,0,0.000000,0
605185,1787847990.0,6.0,0,0,0,0.000000,0
605186,1787847996.001,6.000999927520752,0,0,0,0.000000,0
605187,1787848002.0,5.999000072479248,0,0,0,0.000000,0
605188,1787848008.0,6.0,0,0,0,0.000000,0
605189,1787848014.0,6.0,0,0,0,0.000000,0
605190,1787848020.0,6.0,0,0,0,0.000000,0
605191,1787848026.0,6.0,0,0,0,0.000000,0
605192,1787848032.0,6.0,0,0,0,0.000000,0
605193,1787848038.0,6.0,0,0,0,0.000000,0
605194,1787848044.0,6.0,0,0,0,0.000000,0
605195,1787848050.0,6.0,0,0,0,0.000000,0
605196,1787848056.0,6.0,0,0,0,0.000000,0
605197,1787848062.0,6.0,0,0,0,0.000000,0
605198,1787848068.0,6.0,0,0,0,0.000000,0
605199,1787848074.001,6.000999927520752,0,0,0,0.000000,0
605200,1787848080.0,5.999000072479248,0,0,0,0.000000,0
605201,1787848086.0,6.0,0,0,0,0.000000,0
605202,1787848092.0,6.0,0,0,0,0.000000,0
605203,1787848098.0,6.0,0,0,0,0.000000,0
605204,1787848104.0,6.0,0,0,0,0.000000,0
605205,1787848110.0,6.0,0,0,0,0.000000,0
605206,1787848116.0,6.0,0,0,0,0.000000,0
605207,1787848122.0,6.0,0,0,0,0.000000,0
605208,1787848128.0,6.0,0,0,0,0.000000,0
605209,1787848134.0,6.0,0,0,0,0.000000,0
605210,1787848140.0,6.0,0,0,0,0.000000,0
605211,1787848146.0,6.0,1,1,3727,0.018635,1
605212,1787848152.0,6.0,0,0,0,0.000000,0
605213,1787848158.0,6.0,0,0,0,0.000000,0
605214,1787848164.0,6.0,0,0,0,0.000000,0
605215,1787848170.001,6.000999927520752,1,1,3727,0.018635,1
605216,1787848176.0,5.999000072479248,0,0,0,0.000000,0
605217,1787848182.0,6.0,0,0,0,0.000000,0
605218,1787848188.001,6.000999927520752,1,1,3727,0.018635,1
605219,1787848194.0,5.999000072479248,0,0,0,0.000000,0
605220,1787848200.0,6.0,0,0,0,0.000000,0
605221,1787848206.0,6.0,0,0,0,0.000000,0
605222,1787848212.001,6.000999927520752,0,0,0,0.000000,0
605223,1787848218.0,5.999000072479248,0,0,0,0.000000,0
605224,1787848224.0,6.0,0,0,0,0.000000,0
605225,1787848230.0,6.0,0,0,0,0.000000,0
605226,1787848236.001,6.000999927520752,0,0,0,0.000000,0
605227,1787848242.001,6.0,0,0,0,0.000000,0
605228,1787848248.0,5.999000072479248,0,0,0,0.000000,0
605229,1787848254.0,6.0,0,0,0,0.000000,0
605230,1787848260.0,6.0,0,0,0,0.000000,0
605231,1787848266.0,6.0,0,0,0,0.000000,0
605232,1787848272.0,6.0,0,0,0,0.000000,0
605233,1787848278.0,6.0,0,0,0,0.000000,0
605234,1787848284.0,6.0,0,0,0,0.000000,0
605235,1787848290.0,6.0,0,0,0,0.000000,0
605236,1787848296.0,6.0,0,0,0,0.000000,0
605237,1787848302.0,6.0,0,0,0,0.000000,0
605238,1787848308.0,6.0,0,0,0,0.000000,0
605239,1787848314.0,6.0,0,0,0,0.000000,0
605240,1787848320.0,6.0,0,0,0,0.000000,0
605241,1787848326.0,6.0,0,0,0,0.000000,0
605242,1787848332.0,6.0,0,0,0,0.000000,0
605243,1787848338.0,6.0,0,0,0,0.000000,0
605244,1787848344.0,6.0,0,0,0,0.000000,0
605245,1787848350.0,6.0,0,0,0,0.000000,0
605246,1787848356.0,6.0,0,0,0,0.000000,0
605247,1787848362.0,6.0,0,0,0,0.000000,0
605248,1787848368.001,6.000999927520752,0,0,0,0.000000,0
605249,1787848374.0,5.999000072479248,0,0,0,0.000000,0
605250,1787848380.001,6.000999927520752,0,0,0,0.000000,0
605251,1787848386.0,5.999000072479248,0,0,0,0.000000,0
605252,1787848392.001,6.000999927520752,0,0,0,0.000000,0
605253,1787848398.0,5.999000072479248,0,0,0,0.000000,0
605254,1787848404.0,6.0,0,0,0,0.000000,0
605255,1787848410.0,6.0,0,0,0,0.000000,0
605256,1787848416.001,6.000999927520752,0,0,0,0.000000,0
605257,1787848422.001,6.0,0,0,0,0.000000,0
605258,1787848428.0,5.999000072479248,0,0,0,0.000000,0
605259,1787848434.0,6.0,0,0,0,0.000000,0
605260,1787848440.0,6.0,0,0,0,0.000000,0
605261,1787848446.0,6.0,0,0,0,0.000000,0
605262,1787848452.001,6.000999927520752,0,0,0,0.000000,0
605263,1787848458.001,6.0,0,0,0,0.000000,0
605264,1787848464.0,5.999000072479248,0,0,0,0.000000,0
605265,1787848470.0,6.0,0,0,0,0.000000,0
605266,1787848476.0,6.0,0,0,0,0.000000,0
605267,1787848482.0,6.0,0,0,0,0.000000,0
605268,1787848488.0,6.0,0,0,0,0.000000,0
605269,1787848494.0,6.0,0,0,0,0.000000,0
605270,1787848500.001,6.000999927520752,0,0,0,0.000000,0
605271,1787848506.0,5.999000072479248,0,0,0,0.000000,0
605272,1787848512.0,6.0,0,0,0,0.000000,0
605273,1787848518.0,6.0,0,0,0,0.000000,0
605274,1787848524.001,6.000999927520752,0,0,0,0.000000,0
605275,1787848530.0,5.999000072479248,0,0,0,0.000000,0
605276,1787848536.001,6.000999927520752,0,0,0,0.000000,0
605277,1787848542.0,5.999000072479248,0,0,0,0.000000,0
605278,1787848548.0,6.0,0,0,0,0.000000,0
605279,1787848554.0,6.0,0,0,0,0.000000,0
605280,1787848560.001,6.000999927520752,0,0,0,0.000000,0
605281,1787848566.0,5.999000072479248,0,0,0,0.000000,0
605282,1787848572.0,6.0,0,0,0,0.000000,0
605283,1787848578.0,6.0,0,0,0,0.000000,0
605284,1787848584.001,6.000999927520752,0,0,0,0.000000,0
605285,1787848590.0,5.999000072479248,0,0,0,0.000000,0
605286,1787848596.0,6.0,0,0,0,0.000000,0
605287,1787848602.0,6.0,0,0,0,0.000000,0
605288,1787848608.0,6.0,0,0,0,0.000000,0
605289,1787848614.0,6.0,0,0,0,0.000000,0
605290,1787848620.0,6.0,0,0,0,0.000000,0
605291,1787848626.0,6.0,0,0,0,0.000000,0
605292,1787848632.0,6.0,0,0,0,0.000000,0
605293,1787848638.001,6.000999927520752,0,0,0,0.000000,0
605294,1787848644.0,5.999000072479248,0,0,0,0.000000,0
605295,1787848650.0,6.0,0,0,0,0.000000,0
605296,1787848656.0,6.0,0,0,0,0.000000,0
605297,1787848662.0,6.0,0,0,0,0.000000,0
605298,1787848668.0,6.0,0,0,0,0.000000,0
605299,1787848674.001,6.000999927520752,0,0,0,0.000000,0
605300,1787848680.0,5.999000072479248,0,0,0,0.000000,0
605301,1787848686.0,6.0,0,0,0,0.000000,0
605302,1787848692.0,6.0,0,0,0,0.000000,0
605303,1787848698.0,6.0,0,0,0,0.000000,0
605304,1787848704.0,6.0,0,0,0,0.000000,0
605305,1787848710.0,6.0,0,0,0,0.000000,0
605306,1787848716.0,6.0,0,0,0,0.000000,0
605307,1787848722.0,6.0,0,0,0,0.000000,0
605308,1787848728.0,6.0,0,0,0,0.000000,0
605309,1787848734.0,6.0,0,0,0,0.000000,0
605310,1787848740.0,6.0,0,0,0,0.000000,0
605311,1787848746.0,6.0,0,0,0,0.000000,0
605312,1787848752.001,6.000999927520752,0,0,0,0.000000,0
605313,1787848758.0,5.999000072479248,0,0,0,0.000000,0
605314,1787848764.0,6.0,0,0,0,0.000000,0
605315,1787848770.0,6.0,0,0,0,0.000000,0
605316,1787848776.0,6.0,0,0,0,0.000000,0
605317,1787848782.0,6.0,0,0,0,0.000000,0
605318,1787848788.001,6.000999927520752,0,0,0,0.000000,0
605319,1787848794.001,6.0,0,0,0,0.000000,0
605320,1787848800.001,6.0,0,0,0,0.000000,0
605321,1787848806.0,5.999000072479248,0,0,0,0.000000,0
605322,1787848812.0,6.0,0,0,0,0.000000,0
605323,1787848818.0,6.0,0,0,0,0.000000,0
605324,1787848824.001,6.000999927520752,0,0,0,0.000000,0
605325,1787848830.0,5.999000072479248,0,0,0,0.000000,0
605326,1787848836.0,6.0,0,0,0,0.000000,0
605327,1787848842.0,6.0,0,0,0,0.000000,0
605328,1787848848.0,6.0,0,0,0,0.000000,0
605329,1787848854.0,6.0,0,0,0,0.000000,0
605330,1787848860.0,6.0,0,0,0,0.000000,0
605331,1787848866.0,6.0,0,0,0,0.000000,0
605332,1787848872.0,6.0,0,0,0,0.000000,0
605333,1787848878.0,6.0,0,0,0,0.000000,0
605334,1787848884.0,6.0,0,0,0,0.000000,0
605335,1787848890.001,6.000999927520752,0,0,0,0.000000,0
605336,1787848896.0,5.999000072479248,0,0,0,0.000000,0
605337,1787848902.0,6.0,0,0,0,0.000000,0
605338,1787848908.0,6.0,0,0,0,0.000000,0
605339,1787848914.0,6.0,0,0,0,0.000000,0
605340,1787848920.0,6.0,0,0,0,0.000000,0
605341,1787848926.0,6.0,0,0,0,0.000000,0
605342,1787848932.0,6.0,0,0,0,0.000000,0
605343,1787848938.0,6.0,0,0,0,0.000000,0
605344,1787848944.001,6.000999927520752,0,0,0,0.000000,0
605345,1787848950.001,6.0,0,0,0,0.000000,0
605346,1787848956.0,5.999000072479248,0,0,0,0.000000,0
605347,1787848962.0,6.0,0,0,0,0.000000,0
605348,1787848968.0,6.0,0,0,0,0.000000,0
605349,1787848974.0,6.0,0,0,0,0.000000,0
605350,1787848980.0,6.0,0,0,0,0.000000,0
605351,1787848986.0,6.0,0,0,0,0.000000,0
605352,1787848992.0,6.0,0,0,0,0.000000,0
605353,1787848998.001,6.000999927520752,0,0,0,0.000000,0
605354,1787849004.0,5.999000072479248,0,0,0,0.000000,0
605355,1787849010.0,6.0,0,0,0,0.000000,0
605356,1787849016.001,6.000999927520752,0,0,0,0.000000,0
605357,1787849022.0,5.999000072479248,0,0,0,0.000000,0
605358,1787849028.0,6.0,0,0,0,0.000000,0
605359,1787849034.001,6.000999927520752,0,0,0,0.000000,0
605360,1787849040.0,5.999000072479248,0,0,0,0.000000,0
605361,1787849046.0,6.0,0,0,0,0.000000,0
605362,1787849052.0,6.0,0,0,0,0.000000,0
605363,1787849058.0,6.0,0,0,0,0.000000,0
605364,1787849064.001,6.000999927520752,0,0,0,0.000000,0
605365,1787849070.0,5.999000072479248,0,0,0,0.000000,0
605366,1787849076.0,6.0,0,0,0,0.000000,0
605367,1787849082.0,6.0,0,0,0,0.000000,0
605368,1787849088.0,6.0,0,0,0,0.000000,0
605369,1787849094.0,6.0,0,0,0,0.000000,0
605370,1787849100.0,6.0,0,0,0,0.000000,0
605371,1787849106.0,6.0,0,0,0,0.000000,0
605372,1787849112.0,6.0,0,0,0,0.000000,0
605373,1787849118.0,6.0,0,0,0,0.000000,0
605374,1787849124.0,6.0,1,1,5750,0.028750,1
605375,1787849130.001,6.000999927520752,0,0,0,0.000000,0
605376,1787849136.0,5.999000072479248,0,0,0,0.000000,0
605377,1787849142.0,6.0,0,0,0,0.000000,0
605378,1787849148.0,6.0,1,1,8229,0.041145,1
605379,1787849154.0,6.0,0,0,0,0.000000,0
605380,1787849160.001,6.000999927520752,0,0,0,0.000000,0
605381,1787849166.001,6.0,0,0,0,0.000000,0
605382,1787849172.0,5.999000072479248,1,1,8230,0.041150,1
605383,1787849178.0,6.0,0,0,0,0.000000,0
605384,1787849184.001,6.000999927520752,0,0,0,0.000000,0
605385,1787849190.001,6.0,0,0,0,0.000000,0
605386,1787849196.001,6.0,0,0,0,0.000000,0
605387,1787849202.0,5.999000072479248,0,0,0,0.000000,0
605388,1787849208.0,6.0,0,0,0,0.000000,0
605389,1787849214.001,6.000999927520752,0,0,0,0.000000,0
605390,1787849220.001,6.0,0,0,0,0.000000,0
605391,1787849226.0,5.999000072479248,0,0,0,0.000000,0
605392,1787849232.0,6.0,0,0,0,0.000000,0
605393,1787849238.0,6.0,0,0,0,0.000000,0
605394,1787849244.0,6.0,0,0,0,0.000000,0
605395,1787849250.001,6.000999927520752,0,0,0,0.000000,0
605396,1787849256.001,6.0,0,0,0,0.000000,0
605397,1787849262.001,6.0,0,0,0,0.000000,0
605398,1787849268.0,5.999000072479248,0,0,0,0.000000,0
605399,1787849274.0,6.0,0,0,0,0.000000,0
605400,1787849280.0,6.0,0,0,0,0.000000,0
605401,1787849286.0,6.0,0,0,0,0.000000,0
605402,1787849292.001,6.000999927520752,0,0,0,0.000000,0
605403,1787849298.0,5.999000072479248,0,0,0,0.000000,0
605404,1787849304.0,6.0,0,0,0,0.000000,0
605405,1787849310.0,6.0,0,0,0,0.000000,0
605406,1787849316.0,6.0,0,0,0,0.000000,0
605407,1787849322.0,6.0,0,0,0,0.000000,0
605408,1787849328.0,6.0,0,0,0,0.000000,0
605409,1787849334.0,6.0,0,0,0,0.000000,0
605410,1787849340.0,6.0,0,0,0,0.000000,0
605411,1787849346.0,6.0,0,0,0,0.000000,0
605412,1787849352.0,6.0,0,0,0,0.000000,0
605413,1787849358.0,6.0,0,0,0,0.000000,0
605414,1787849364.0,6.0,0,0,0,0.000000,0
605415,1787849370.001,6.000999927520752,0,0,0,0.000000,0
605416,1787849376.0,5.999000072479248,0,0,0,0.000000,0
605417,1787849382.0,6.0,0,0,0,0.000000,0
605418,1787849388.0,6.0,0,0,0,0.000000,0
605419,1787849394.0,6.0,0,0,0,0.000000,0
605420,1787849400.0,6.0,0,0,0,0.000000,0
605421,1787849406.0,6.0,0,0,0,0.000000,0
605422,1787849412.0,6.0,0,0,0,0.000000,0
605423,1787849418.0,6.0,0,0,0,0.000000,0
605424,1787849424.0,6.0,0,0,0,0.000000,0
605425,1787849430.0,6.0,0,0,0,0.000000,0
605426,1787849436.0,6.0,0,0,0,0.000000,0
605427,1787849442.001,6.000999927520752,0,0,0,0.000000,0
605428,1787849448.0,5.999000072479248,0,0,0,0.000000,0
605429,1787849454.001,6.000999927520752,0,0,0,0.000000,0
605430,1787849460.0,5.999000072479248,0,0,0,0.000000,0
605431,1787849466.0,6.0,0,0,0,0.000000,0
605432,1787849472.001,6.000999927520752,0,0,0,0.000000,0
605433,1787849478.0,5.999000072479248,0,0,0,0.000000,0
605434,1787849484.001,6.000999927520752,0,0,0,0.000000,0
605435,1787849490.0,5.999000072479248,0,0,0,0.000000,0
605436,1787849496.0,6.0,0,0,0,0.000000,0
605437,1787849502.0,6.0,0,0,0,0.000000,0
605438,1787849508.0,6.0,0,0,0,0.000000,0
605439,1787849514.0,6.0,0,0,0,0.000000,0
605440,1787849520.0,6.0,0,0,0,0.000000,0
605441,1787849526.0,6.0,0,0,0,0.000000,0
605442,1787849532.001,6.000999927520752,0,0,0,0.000000,0
605443,1787849538.0,5.999000072479248,0,0,0,0.000000,0
605444,1787849544.0,6.0,0,0,0,0.000000,0
605445,1787849550.0,6.0,0,0,0,0.000000,0
605446,1787849556.0,6.0,1,1,3853,0.019265,1
605447,1787849562.0,6.0,0,0,0,0.000000,0
605448,1787849568.0,6.0,0,0,0,0.000000,0
605449,1787849574.001,6.000999927520752,0,0,0,0.000000,0
605450,1787849580.0,5.999000072479248,0,0,0,0.000000,0
605451,1787849586.001,6.000999927520752,0,0,0,0.000000,0
605452,1787849592.001,6.0,0,0,0,0.000000,0
605453,1787849598.0,5.999000072479248,0,0,0,0.000000,0
605454,1787849604.0,6.0,0,0,0,0.000000,0
605455,1787849610.0,6.0,0,0,0,0.000000,0
605456,1787849616.0,6.0,0,0,0,0.000000,0
605457,1787849622.001,6.000999927520752,0,0,0,0.000000,0
605458,1787849628.0,5.999000072479248,0,0,0,0.000000,0
605459,1787849634.0,6.0,0,0,0,0.000000,0
605460,1787849640.0,6.0,0,0,0,0.000000,0
605461,1787849646.0,6.0,0,0,0,0.000000,0
605462,1787849652.0,6.0,0,0,0,0.000000,0
605463,1787849658.0,6.0,0,0,0,0.000000,0
605464,1787849664.001,6.000999927520752,0,0,0,0.000000,0
605465,1787849670.0,5.999000072479248,0,0,0,0.000000,0
605466,1787849676.001,6.000999927520752,0,0,0,0.000000,0
605467,1787849682.001,6.0,0,0,0,0.000000,0
605468,1787849688.0,5.999000072479248,0,0,0,0.000000,0
605469,1787849694.0,6.0,0,0,0,0.000000,0
605470,1787849700.0,6.0,0,0,0,0.000000,0
605471,1787849706.0,6.0,0,0,0,0.000000,0
605472,1787849712.001,6.000999927520752,0,0,0,0.000000,0
605473,1787849718.001,6.0,0,0,0,0.000000,0
605474,1787849724.0,5.999000072479248,0,0,0,0.000000,0
605475,1787849730.001,6.000999927520752,0,0,0,0.000000,0
605476,1787849736.001,6.0,0,0,0,0.000000,0
605477,1787849742.0,5.999000072479248,0,0,0,0.000000,0
605478,1787849748.001,6.000999927520752,0,0,0,0.000000,0
605479,1787849754.0,5.999000072479248,0,0,0,0.000000,0
605480,1787849760.0,6.0,0,0,0,0.000000,0
605481,1787849766.0,6.0,0,0,0,0.000000,0
605482,1787849772.0,6.0,0,0,0,0.000000,0
605483,1787849778.0,6.0,0,0,0,0.000000,0
605484,1787849784.0,6.0,0,0,0,0.000000,0
605485,1787849790.001,6.000999927520752,0,0,0,0.000000,0
605486,1787849796.0,5.999000072479248,0,0,0,0.000000,0
605487,1787849802.001,6.000999927520752,0,0,0,0.000000,0
605488,1787849808.0,5.999000072479248,0,0,0,0.000000,0
605489,1787849814.0,6.0,0,0,0,0.000000,0
605490,1787849820.001,6.000999927520752,0,0,0,0.000000,0
605491,1787849826.0,5.999000072479248,0,0,0,0.000000,0
605492,1787849832.0,6.0,0,0,0,0.000000,0
605493,1787849838.001,6.000999927520752,0,0,0,0.000000,0
605494,1787849844.0,5.999000072479248,0,0,0,0.000000,0
605495,1787849850.0,6.0,0,0,0,0.000000,0
605496,1787849856.001,6.000999927520752,0,0,0,0.000000,0
605497,1787849862.0,5.999000072479248,0,0,0,0.000000,0
605498,1787849868.0,6.0,0,0,0,0.000000,0
605499,1787849874.0,6.0,0,0,0,0.000000,0
605500,1787849880.001,6.000999927520752,0,0,0,0.000000,0
605501,1787849886.0,5.999000072479248,0,0,0,0.000000,0
605502,1787849892.0,6.0,0,0,0,0.000000,0
605503,1787849898.0,6.0,0,0,0,0.000000,0
605504,1787849904.001,6.000999927520752,0,0,0,0.000000,0
605505,1787849910.0,5.999000072479248,0,0,0,0.000000,0
605506,1787849916.0,6.0,0,0,0,0.000000,0
605507,1787849922.0,6.0,0,0,0,0.000000,0
605508,1787849928.0,6.0,0,0,0,0.000000,0
605509,1787849934.0,6.0,0,0,0,0.000000,0
605510,1787849940.0,6.0,0,0,0,0.000000,0
605511,1787849946.001,6.000999927520752,0,0,0,0.000000,0
605512,1787849952.0,5.999000072479248,0,0,0,0.000000,0
605513,1787849958.001,6.000999927520752,0,0,0,0.000000,0
605514,1787849964.0,5.999000072479248,0,0,0,0.000000,0
605515,1787849970.0,6.0,0,0,0,0.000000,0
605516,1787849976.0,6.0,2,2,7446,0.037230,2
605517,1787849982.001,6.000999927520752,2,2,7446,0.037230,2
605518,1787849988.001,6.0,4,4,14892,0.074460,4
605519,1787849994.0,5.999000072479248,2,2,7446,0.037230,2
605520,1787850000.0,6.0,0,0,0,0.000000,0
605521,1787850006.001,6.000999927520752,4,4,14891,0.074455,4
605522,1787850012.0,5.999000072479248,2,2,7446,0.037230,2
605523,1787850018.0,6.0,4,4,14891,0.074455,4
605524,1787850024.0,6.0,2,2,7446,0.037230,2
605525,1787850030.0,6.0,2,2,7445,0.037225,2
605526,1787850036.001,6.000999927520752,3,3,11169,0.055845,3
605527,1787850042.001,6.0,3,3,11167,0.055835,3
605528,1787850048.001,6.0,2,2,7445,0.037225,2
605529,1787850054.0,5.999000072479248,1,1,3723,0.018615,1
605530,1787850060.0,6.0,3,3,11169,0.055845,3
605531,1787850066.0,6.0,3,3,11169,0.055845,3
605532,1787850072.0,6.0,2,2,7445,0.037225,2
605533,1787850078.0,6.0,3,3,11169,0.055845,3
605534,1787850084.0,6.0,1,1,3723,0.018615,1
605535,1787850090.0,6.0,3,3,11167,0.055835,3
605536,1787850096.0,6.0,1,1,3723,0.018615,1
605537,1787850102.0,6.0,2,2,7446,0.037230,2
605538,1787850108.0,6.0,2,2,7445,0.037225,2
605539,1787850114.0,6.0,0,0,0,0.000000,0
605540,1787850120.0,6.0,0,0,0,0.000000,0
605541,1787850126.001,6.000999927520752,0,0,0,0.000000,0
605542,1787850132.0,5.999000072479248,0,0,0,0.000000,0
605543,1787850138.0,6.0,0,0,0,0.000000,0
605544,1787850144.0,6.0,0,0,0,0.000000,0
605545,1787850150.0,6.0,0,0,0,0.000000,0
605546,1787850156.0,6.0,0,0,0,0.000000,0
605547,1787850162.0,6.0,0,0,0,0.000000,0
605548,1787850168.001,6.000999927520752,0,0,0,0.000000,0
605549,1787850174.0,5.999000072479248,0,0,0,0.000000,0
605550,1787850180.0,6.0,0,0,0,0.000000,0
605551,1787850186.0,6.0,0,0,0,0.000000,0
605552,1787850192.0,6.0,0,0,0,0.000000,0
605553,1787850198.001,6.000999927520752,0,0,0,0.000000,0
605554,1787850204.001,6.0,0,0,0,0.000000,0
605555,1787850210.0,5.999000072479248,0,0,0,0.000000,0
605556,1787850216.0,6.0,0,0,0,0.000000,0
605557,1787850222.0,6.0,0,0,0,0.000000,0
605558,1787850228.0,6.0,0,0,0,0.000000,0
605559,1787850234.0,6.0,0,0,0,0.000000,0
605560,1787850240.0,6.0,0,0,0,0.000000,0
605561,1787850246.001,6.000999927520752,0,0,0,0.000000,0
605562,1787850252.0,5.999000072479248,0,0,0,0.000000,0
605563,1787850258.0,6.0,0,0,0,0.000000,0
605564,1787850264.001,6.000999927520752,0,0,0,0.000000,0
605565,1787850270.0,5.999000072479248,0,0,0,0.000000,0
605566,1787850276.0,6.0,0,0,0,0.000000,0
605567,1787850282.0,6.0,0,0,0,0.000000,0
605568,1787850288.0,6.0,0,0,0,0.000000,0
605569,1787850294.001,6.000999927520752,0,0,0,0.000000,0
605570,1787850300.001,6.0,0,0,0,0.000000,0
605571,1787850306.0,5.999000072479248,0,0,0,0.000000,0
605572,1787850312.0,6.0,0,0,0,0.000000,0
605573,1787850318.0,6.0,0,0,0,0.000000,0
605574,1787850324.001,6.000999927520752,0,0,0,0.000000,0
605575,1787850330.0,5.999000072479248,0,0,0,0.000000,0
605576,1787850336.0,6.0,0,0,0,0.000000,0
605577,1787850342.0,6.0,0,0,0,0.000000,0
605578,1787850348.0,6.0,0,0,0,0.000000,0
605579,1787850354.0,6.0,0,0,0,0.000000,0
605580,1787850360.0,6.0,0,0,0,0.000000,0
605581,1787850366.0,6.0,0,0,0,0.000000,0
605582,1787850372.001,6.000999927520752,0,0,0,0.000000,0
605583,1787850378.0,5.999000072479248,0,0,0,0.000000,0
605584,1787850384.0,6.0,0,0,0,0.000000,0
605585,1787850390.0,6.0,0,0,0,0.000000,0
605586,1787850396.0,6.0,0,0,0,0.000000,0
605587,1787850402.0,6.0,0,0,0,0.000000,0
605588,1787850408.001,6.000999927520752,0,0,0,0.000000,0
605589,1787850414.001,6.0,0,0,0,0.000000,0
605590,1787850420.0,5.999000072479248,0,0,0,0.000000,0
605591,1787850426.0,6.0,0,0,0,0.000000,0
605592,1787850432.0,6.0,0,0,0,0.000000,0
605593,1787850438.0,6.0,0,0,0,0.000000,0
605594,1787850444.0,6.0,0,0,0,0.000000,0
605595,1787850450.0,6.0,0,0,0,0.000000,0
605596,1787850456.001,6.000999927520752,0,0,0,0.000000,0
605597,1787850462.0,5.999000072479248,0,0,0,0.000000,0
605598,1787850468.0,6.0,0,0,0,0.000000,0
605599,1787850474.0,6.0,0,0,0,0.000000,0
605600,1787850480.0,6.0,0,0,0,0.000000,0
605601,1787850486.0,6.0,0,0,0,0.000000,0
605602,1787850492.0,6.0,0,0,0,0.000000,0
605603,1787850498.0,6.0,0,0,0,0.000000,0
605604,1787850504.001,6.000999927520752,0,0,0,0.000000,0
605605,1787850510.0,5.999000072479248,0,0,0,0.000000,0
605606,1787850516.0,6.0,0,0,0,0.000000,0
605607,1787850522.0,6.0,0,0,0,0.000000,0
605608,1787850528.001,6.000999927520752,0,0,0,0.000000,0
605609,1787850534.0,5.999000072479248,0,0,0,0.000000,0
605610,1787850540.0,6.0,0,0,0,0.000000,0
605611,1787850546.0,6.0,0,0,0,0.000000,0
605612,1787850552.0,6.0,0,0,0,0.000000,0
605613,1787850558.0,6.0,0,0,0,0.000000,0
605614,1787850564.0,6.0,0,0,0,0.000000,0
605615,1787850570.0,6.0,0,0,0,0.000000,0
605616,1787850576.0,6.0,0,0,0,0.000000,0
605617,1787850582.0,6.0,0,0,0,0.000000,0
605618,1787850588.0,6.0,0,0,0,0.000000,0
605619,1787850594.0,6.0,1,1,8344,0.041720,1
605620,1787850600.001,6.000999927520752,0,0,0,0.000000,0
605621,1787850606.0,5.999000072479248,1,1,3820,0.019100,1
605622,1787850612.001,6.000999927520752,0,0,0,0.000000,0
605623,1787850618.001,6.0,0,0,0,0.000000,0
605624,1787850624.001,6.0,0,0,0,0.000000,0
605625,1787850630.0,5.999000072479248,1,1,8343,0.041715,1
605626,1787850636.0,6.0,0,0,0,0.000000,0
605627,1787850642.0,6.0,0,0,0,0.000000,0
605628,1787850648.0,6.0,0,0,0,0.000000,0
605629,1787850654.001,6.000999927520752,0,0,0,0.000000,0
605630,1787850660.0,5.999000072479248,0,0,0,0.000000,0
605631,1787850666.0,6.0,1,1,8346,0.041730,1
605632,1787850672.0,6.0,0,0,0,0.000000,0
605633,1787850678.0,6.0,0,0,0,0.000000,0
605634,1787850684.0,6.0,0,0,0,0.000000,0
605635,1787850690.0,6.0,0,0,0,0.000000,0
605636,1787850696.0,6.0,0,0,0,0.000000,0
605637,1787850702.0,6.0,0,0,0,0.000000,0
605638,1787850708.0,6.0,0,0,0,0.000000,0
605639,1787850714.001,6.000999927520752,0,0,0,0.000000,0
605640,1787850720.001,6.0,0,0,0,0.000000,0
605641,1787850726.0,5.999000072479248,0,0,0,0.000000,0
605642,1787850732.001,6.000999927520752,0,0,0,0.000000,0
605643,1787850738.0,5.999000072479248,0,0,0,0.000000,0
605644,1787850744.0,6.0,0,0,0,0.000000,0
605645,1787850750.0,6.0,0,0,0,0.000000,0
605646,1787850756.0,6.0,0,0,0,0.000000,0
605647,1787850762.0,6.0,0,0,0,0.000000,0
605648,1787850768.0,6.0,0,0,0,0.000000,0
605649,1787850774.0,6.0,0,0,0,0.000000,0
605650,1787850780.0,6.0,0,0,0,0.000000,0
605651,1787850786.001,6.000999927520752,0,0,0,0.000000,0
605652,1787850792.0,5.999000072479248,0,0,0,0.000000,0
605653,1787850798.0,6.0,0,0,0,0.000000,0
605654,1787850804.0,6.0,0,0,0,0.000000,0
605655,1787850810.0,6.0,0,0,0,0.000000,0
605656,1787850816.001,6.000999927520752,0,0,0,0.000000,0
605657,1787850822.0,5.999000072479248,0,0,0,0.000000,0
605658,1787850828.0,6.0,0,0,0,0.000000,0
605659,1787850834.0,6.0,0,0,0,0.000000,0
605660,1787850840.0,6.0,0,0,0,0.000000,0
605661,1787850846.0,6.0,0,0,0,0.000000,0
605662,1787850852.001,6.000999927520752,0,0,0,0.000000,0
605663,1787850858.0,5.999000072479248,0,0,0,0.000000,0
605664,1787850864.001,6.000999927520752,0,0,0,0.000000,0
605665,1787850870.0,5.999000072479248,0,0,0,0.000000,0
605666,1787850876.0,6.0,0,0,0,0.000000,0
605667,1787850882.0,6.0,0,0,0,0.000000,0
605668,1787850888.001,6.000999927520752,0,0,0,0.000000,0
605669,1787850894.001,6.0,0,0,0,0.000000,0
605670,1787850900.0,5.999000072479248,0,0,0,0.000000,0
605671,1787850906.0,6.0,0,0,0,0.000000,0
605672,1787850912.0,6.0,0,0,0,0.000000,0
605673,1787850918.0,6.0,0,0,0,0.000000,0
605674,1787850924.0,6.0,0,0,0,0.000000,0
605675,1787850930.0,6.0,0,0,0,0.000000,0
605676,1787850936.0,6.0,0,0,0,0.000000,0
605677,1787850942.0,6.0,0,0,0,0.000000,0
605678,1787850948.0,6.0,0,0,0,0.000000,0
605679,1787850954.0,6.0,0,0,0,0.000000,0
605680,1787850960.0,6.0,0,0,0,0.000000,0
605681,1787850966.0,6.0,0,0,0,0.000000,0
605682,1787850972.0,6.0,0,0,0,0.000000,0
605683,1787850978.0,6.0,0,0,0,0.000000,0
605684,1787850984.001,6.000999927520752,0,0,0,0.000000,0
605685,1787850990.0,5.999000072479248,0,0,0,0.000000,0
605686,1787850996.0,6.0,0,0,0,0.000000,0
605687,1787851002.0,6.0,0,0,0,0.000000,0
605688,1787851008.001,6.000999927520752,0,0,0,0.000000,0
605689,1787851014.0,5.999000072479248,0,0,0,0.000000,0
605690,1787851020.0,6.0,0,0,0,0.000000,0
605691,1787851026.0,6.0,0,0,0,0.000000,0
605692,1787851032.001,6.000999927520752,0,0,0,0.000000,0
605693,1787851038.0,5.999000072479248,0,0,0,0.000000,0
605694,1787851044.0,6.0,0,0,0,0.000000,0
605695,1787851050.0,6.0,0,0,0,0.000000,0
605696,1787851056.0,6.0,0,0,0,0.000000,0
605697,1787851062.0,6.0,0,0,0,0.000000,0
605698,1787851068.001,6.000999927520752,0,0,0,0.000000,0
605699,1787851074.0,5.999000072479248,0,0,0,0.000000,0
605700,1787851080.0,6.0,0,0,0,0.000000,0
605701,1787851086.0,6.0,0,0,0,0.000000,0
605702,1787851092.001,6.000999927520752,0,0,0,0.000000,0
605703,1787851098.001,6.0,0,0,0,0.000000,0
605704,1787851104.0,5.999000072479248,0,0,0,0.000000,0
605705,1787851110.001,6.000999927520752,0,0,0,0.000000,0
605706,1787851116.0,5.999000072479248,0,0,0,0.000000,0
605707,1787851122.0,6.0,0,0,0,0.000000,0
605708,1787851128.0,6.0,0,0,0,0.000000,0
605709,1787851134.0,6.0,0,0,0,0.000000,0
605710,1787851140.0,6.0,0,0,0,0.000000,0
605711,1787851146.001,6.000999927520752,0,0,0,0.000000,0
605712,1787851152.0,5.999000072479248,0,0,0,0.000000,0
605713,1787851158.0,6.0,0,0,0,0.000000,0
605714,1787851164.0,6.0,0,0,0,0.000000,0
605715,1787851170.0,6.0,0,0,0,0.000000,0
605716,1787851176.0,6.0,0,0,0,0.000000,0
605717,1787851182.0,6.0,0,0,0,0.000000,0
605718,1787851188.0,6.0,0,0,0,0.000000,0
605719,1787851194.001,6.000999927520752,0,0,0,0.000000,0
605720,1787851200.0,5.999000072479248,0,0,0,0.000000,0
605721,1787851206.0,6.0,0,0,0,0.000000,0
605722,1787851212.0,6.0,0,0,0,0.000000,0
605723,1787851218.0,6.0,0,0,0,0.000000,0
605724,1787851224.0,6.0,0,0,0,0.000000,0
605725,1787851230.001,6.000999927520752,0,0,0,0.000000,0
605726,1787851236.0,5.999000072479248,0,0,0,0.000000,0
605727,1787851242.0,6.0,0,0,0,0.000000,0
605728,1787851248.0,6.0,0,0,0,0.000000,0
605729,1787851254.0,6.0,0,0,0,0.000000,0
605730,1787851260.001,6.000999927520752,0,0,0,0.000000,0
605731,1787851266.001,6.0,0,0,0,0.000000,0
605732,1787851272.0,5.999000072479248,0,0,0,0.000000,0
605733,1787851278.001,6.000999927520752,0,0,0,0.000000,0
605734,1787851284.001,6.0,0,0,0,0.000000,0
605735,1787851290.0,5.999000072479248,0,0,0,0.000000,0
605736,1787851296.0,6.0,0,0,0,0.000000,0
605737,1787851302.001,6.000999927520752,0,0,0,0.000000,0
605738,1787851308.001,6.0,0,0,0,0.000000,0
605739,1787851314.001,6.0,0,0,0,0.000000,0
605740,1787851320.001,6.0,0,0,0,0.000000,0
605741,1787851326.0,5.999000072479248,0,0,0,0.000000,0
605742,1787851332.0,6.0,0,0,0,0.000000,0
605743,1787851338.001,6.000999927520752,0,0,0,0.000000,0
605744,1787851344.0,5.999000072479248,0,0,0,0.000000,0
605745,1787851350.0,6.0,0,0,0,0.000000,0
605746,1787851356.0,6.0,0,0,0,0.000000,0
605747,1787851362.0,6.0,0,0,0,0.000000,0
605748,1787851368.0,6.0,0,0,0,0.000000,0
605749,1787851374.0,6.0,0,0,0,0.000000,0
605750,1787851380.0,6.0,0,0,0,0.000000,0
605751,1787851386.0,6.0,0,0,0,0.000000,0
605752,1787851392.001,6.000999927520752,0,0,0,0.000000,0
605753,1787851398.0,5.999000072479248,0,0,0,0.000000,0
605754,1787851404.0,6.0,0,0,0,0.000000,0
605755,1787851410.0,6.0,0,0,0,0.000000,0
605756,1787851416.0,6.0,0,0,0,0.000000,0
605757,1787851422.0,6.0,0,0,0,0.000000,0
605758,1787851428.001,6.000999927520752,0,0,0,0.000000,0
605759,1787851434.001,6.0,0,0,0,0.000000,0
605760,1787851440.0,5.999000072479248,0,0,0,0.000000,0
605761,1787851446.0,6.0,0,0,0,0.000000,0
605762,1787851452.001,6.000999927520752,0,0,0,0.000000,0
605763,1787851458.0,5.999000072479248,0,0,0,0.000000,0
605764,1787851464.001,6.000999927520752,0,0,0,0.000000,0
605765,1787851470.0,5.999000072479248,0,0,0,0.000000,0
605766,1787851476.0,6.0,0,0,0,0.000000,0
605767,1787851482.0,6.0,0,0,0,0.000000,0
605768,1787851488.0,6.0,0,0,0,0.000000,0
605769,1787851494.0,6.0,0,0,0,0.000000,0
605770,1787851500.0,6.0,0,0,0,0.000000,0
605771,1787851506.001,6.000999927520752,0,0,0,0.000000,0
605772,1787851512.001,6.0,0,0,0,0.000000,0
605773,1787851518.0,5.999000072479248,0,0,0,0.000000,0
605774,1787851524.001,6.000999927520752,0,0,0,0.000000,0
605775,1787851530.0,5.999000072479248,0,0,0,0.000000,0
605776,1787851536.001,6.000999927520752,0,0,0,0.000000,0
605777,1787851542.0,5.999000072479248,0,0,0,0.000000,0
605778,1787851548.001,6.000999927520752,0,0,0,0.000000,0
605779,1787851554.001,6.0,0,0,0,0.000000,0
605780,1787851560.0,5.999000072479248,0,0,0,0.000000,0
605781,1787851566.0,6.0,0,0,0,0.000000,0
605782,1787851572.001,6.000999927520752,0,0,0,0.000000,0
605783,1787851578.0,5.999000072479248,1,1,3816,0.019080,1
605784,1787851584.0,6.0,0,0,0,0.000000,0
605785,1787851590.001,6.000999927520752,0,0,0,0.000000,0
605786,1787851596.0,5.999000072479248,0,0,0,0.000000,0
605787,1787851602.0,6.0,0,0,0,0.000000,0
605788,1787851608.0,6.0,0,0,0,0.000000,0
605789,1787851614.0,6.0,0,0,0,0.000000,0
605790,1787851620.0,6.0,0,0,0,0.000000,0
605791,1787851626.0,6.0,0,0,0,0.000000,0
605792,1787851632.0,6.0,0,0,0,0.000000,0
605793,1787851638.001,6.000999927520752,0,0,0,0.000000,0
605794,1787851644.0,5.999000072479248,0,0,0,0.000000,0
605795,1787851650.0,6.0,0,0,0,0.000000,0
605796,1787851656.0,6.0,0,0,0,0.000000,0
605797,1787851662.0,6.0,0,0,0,0.000000,0
605798,1787851668.001,6.000999927520752,0,0,0,0.000000,0
605799,1787851674.0,5.999000072479248,0,0,0,0.000000,0
605800,1787851680.001,6.000999927520752,0,0,0,0.000000,0
605801,1787851686.0,5.999000072479248,0,0,0,0.000000,0
605802,1787851692.001,6.000999927520752,0,0,0,0.000000,0
605803,1787851698.0,5.999000072479248,0,0,0,0.000000,0
605804,1787851704.0,6.0,0,0,0,0.000000,0
605805,1787851710.0,6.0,0,0,0,0.000000,0
605806,1787851716.0,6.0,0,0,0,0.000000,0
605807,1787851722.0,6.0,0,0,0,0.000000,0
605808,1787851728.001,6.000999927520752,0,0,0,0.000000,0
605809,1787851734.0,5.999000072479248,0,0,0,0.000000,0
605810,1787851740.001,6.000999927520752,0,0,0,0.000000,0
605811,1787851746.0,5.999000072479248,0,0,0,0.000000,0
605812,1787851752.0,6.0,0,0,0,0.000000,0
605813,1787851758.001,6.000999927520752,0,0,0,0.000000,0
605814,1787851764.0,5.999000072479248,0,0,0,0.000000,0
605815,1787851770.0,6.0,0,0,0,0.000000,0
605816,1787851776.0,6.0,0,0,0,0.000000,0
605817,1787851782.0,6.0,0,0,0,0.000000,0
605818,1787851788.0,6.0,0,0,0,0.000000,0
605819,1787851794.0,6.0,0,0,0,0.000000,0
605820,1787851800.001,6.000999927520752,0,0,0,0.000000,0
605821,1787851806.0,5.999000072479248,0,0,0,0.000000,0
605822,1787851812.0,6.0,0,0,0,0.000000,0
605823,1787851818.0,6.0,0,0,0,0.000000,0
605824,1787851824.0,6.0,0,0,0,0.000000,0
605825,1787851830.0,6.0,0,0,0,0.000000,0
605826,1787851836.001,6.000999927520752,0,0,0,0.000000,0
605827,1787851842.0,5.999000072479248,0,0,0,0.000000,0
605828,1787851848.0,6.0,0,0,0,0.000000,0
605829,1787851854.0,6.0,0,0,0,0.000000,0
605830,1787851860.0,6.0,0,0,0,0.000000,0
605831,1787851866.0,6.0,0,0,0,0.000000,0
605832,1787851872.001,6.000999927520752,0,0,0,0.000000,0
605833,1787851878.0,5.999000072479248,0,0,0,0.000000,0
605834,1787851884.0,6.0,0,0,0,0.000000,0
605835,1787851890.0,6.0,0,0,0,0.000000,0
605836,1787851896.0,6.0,0,0,0,0.000000,0
605837,1787851902.0,6.0,0,0,0,0.000000,0
605838,1787851908.001,6.000999927520752,0,0,0,0.000000,0
605839,1787851914.0,5.999000072479248,0,0,0,0.000000,0
605840,1787851920.0,6.0,0,0,0,0.000000,0
605841,1787851926.001,6.000999927520752,0,0,0,0.000000,0
605842,1787851932.0,5.999000072479248,0,0,0,0.000000,0
605843,1787851938.0,6.0,0,0,0,0.000000,0
605844,1787851944.001,6.000999927520752,0,0,0,0.000000,0
605845,1787851950.0,5.999000072479248,0,0,0,0.000000,0
605846,1787851956.001,6.000999927520752,0,0,0,0.000000,0
605847,1787851962.001,6.0,0,0,0,0.000000,0
605848,1787851968.0,5.999000072479248,0,0,0,0.000000,0
605849,1787851974.0,6.0,0,0,0,0.000000,0
605850,1787851980.0,6.0,0,0,0,0.000000,0
605851,1787851986.0,6.0,0,0,0,0.000000,0
605852,1787851992.0,6.0,0,0,0,0.000000,0
605853,1787851998.0,6.0,0,0,0,0.000000,0
605854,1787852004.0,6.0,0,0,0,0.000000,0
605855,1787852010.0,6.0,0,0,0,0.000000,0
605856,1787852016.0,6.0,0,0,0,0.000000,0
605857,1787852022.001,6.000999927520752,0,0,0,0.000000,0
605858,1787852028.0,5.999000072479248,0,0,0,0.000000,0
605859,1787852034.0,6.0,0,0,0,0.000000,0
605860,1787852040.0,6.0,0,0,0,0.000000,0
605861,1787852046.001,6.000999927520752,0,0,0,0.000000,0
605862,1787852052.0,5.999000072479248,0,0,0,0.000000,0
605863,1787852058.0,6.0,0,0,0,0.000000,0
605864,1787852064.0,6.0,0,0,0,0.000000,0
605865,1787852070.0,6.0,0,0,0,0.000000,0
605866,1787852076.0,6.0,0,0,0,0.000000,0
605867,1787852082.0,6.0,0,0,0,0.000000,0
605868,1787852088.0,6.0,0,0,0,0.000000,0
605869,1787852094.0,6.0,0,0,0,0.000000,0
605870,1787852100.0,6.0,0,0,0,0.000000,0
605871,1787852106.0,6.0,0,0,0,0.000000,0
605872,1787852112.0,6.0,0,0,0,0.000000,0
605873,1787852118.0,6.0,0,0,0,0.000000,0
605874,1787852124.0,6.0,0,0,0,0.000000,0
605875,1787852130.001,6.000999927520752,0,0,0,0.000000,0
605876,1787852136.0,5.999000072479248,0,0,0,0.000000,0
605877,1787852142.0,6.0,0,0,0,0.000000,0
605878,1787852148.0,6.0,0,0,0,0.000000,0
605879,1787852154.0,6.0,0,0,0,0.000000,0
605880,1787852160.0,6.0,0,0,0,0.000000,0
605881,1787852166.0,6.0,0,0,0,0.000000,0
605882,1787852172.0,6.0,0,0,0,0.000000,0
605883,1787852178.0,6.0,0,0,0,0.000000,0
605884,1787852184.0,6.0,0,0,0,0.000000,0
605885,1787852190.0,6.0,0,0,0,0.000000,0
605886,1787852196.0,6.0,0,0,0,0.000000,0
605887,1787852202.0,6.0,0,0,0,0.000000,0
605888,1787852208.0,6.0,0,0,0,0.000000,0
605889,1787852214.001,6.000999927520752,0,0,0,0.000000,0
605890,1787852220.0,5.999000072479248,0,0,0,0.000000,0
605891,1787852226.0,6.0,0,0,0,0.000000,0
605892,1787852232.0,6.0,0,0,0,0.000000,0
605893,1787852238.0,6.0,0,0,0,0.000000,0
605894,1787852244.001,6.000999927520752,0,0,0,0.000000,0
605895,1787852250.0,5.999000072479248,0,0,0,0.000000,0
605896,1787852256.0,6.0,0,0,0,0.000000,0
605897,1787852262.001,6.000999927520752,0,0,0,0.000000,0
605898,1787852268.0,5.999000072479248,0,0,0,0.000000,0
605899,1787852274.001,6.000999927520752,0,0,0,0.000000,0
605900,1787852280.0,5.999000072479248,0,0,0,0.000000,0
605901,1787852286.001,6.000999927520752,0,0,0,0.000000,0
605902,1787852292.0,5.999000072479248,0,0,0,0.000000,0
605903,1787852298.0,6.0,0,0,0,0.000000,0
605904,1787852304.0,6.0,0,0,0,0.000000,0
605905,1787852310.0,6.0,0,0,0,0.000000,0
605906,1787852316.0,6.0,0,0,0,0.000000,0
605907,1787852322.0,6.0,0,0,0,0.000000,0
605908,1787852328.0,6.0,0,0,0,0.000000,0
605909,1787852334.0,6.0,0,0,0,0.000000,0
605910,1787852340.0,6.0,0,0,0,0.000000,0
605911,1787852346.0,6.0,0,0,0,0.000000,0
605912,1787852352.0,6.0,0,0,0,0.000000,0
605913,1787852358.0,6.0,0,0,0,0.000000,0
605914,1787852364.0,6.0,0,0,0,0.000000,0
605915,1787852370.0,6.0,0,0,0,0.000000,0
605916,1787852376.0,6.0,0,0,0,0.000000,0
605917,1787852382.0,6.0,0,0,0,0.000000,0
605918,1787852388.0,6.0,0,0,0,0.000000,0
605919,1787852394.0,6.0,0,0,0,0.000000,0
605920,1787852400.001,6.000999927520752,0,0,0,0.000000,0
605921,1787852406.0,5.999000072479248,0,0,0,0.000000,0
605922,1787852412.0,6.0,0,0,0,0.000000,0
605923,1787852418.001,6.000999927520752,0,0,0,0.000000,0
605924,1787852424.0,5.999000072479248,0,0,0,0.000000,0
605925,1787852430.0,6.0,0,0,0,0.000000,0
605926,1787852436.0,6.0,0,0,0,0.000000,0
605927,1787852442.001,6.000999927520752,0,0,0,0.000000,0
605928,1787852448.0,5.999000072479248,0,0,0,0.000000,0
605929,1787852454.0,6.0,0,0,0,0.000000,0
605930,1787852460.001,6.000999927520752,0,0,0,0.000000,0
605931,1787852466.0,5.999000072479248,0,0,0,0.000000,0
605932,1787852472.0,6.0,0,0,0,0.000000,0
605933,1787852478.0,6.0,0,0,0,0.000000,0
605934,1787852484.0,6.0,0,0,0,0.000000,0
605935,1787852490.001,6.000999927520752,0,0,0,0.000000,0
605936,1787852496.0,5.999000072479248,0,0,0,0.000000,0
605937,1787852502.0,6.0,0,0,0,0.000000,0
605938,1787852508.0,6.0,0,0,0,0.000000,0
605939,1787852514.001,6.000999927520752,0,0,0,0.000000,0
605940,1787852520.0,5.999000072479248,1,1,14199,0.070995,1
605941,1787852526.0,6.0,0,0,0,0.000000,0
605942,1787852532.0,6.0,0,0,0,0.000000,0
605943,1787852538.0,6.0,0,0,0,0.000000,0
605944,1787852544.0,6.0,1,1,7968,0.039840,1
605945,1787852556.001,12.000999927520752,0,0,0,0.000000,0
605946,1787852562.0,5.999000072479248,0,0,0,0.000000,0
605947,1787852568.0,6.0,0,0,0,0.000000,0
605948,1787852580.0,12.0,0,0,0,0.000000,0
605949,1787852586.001,6.000999927520752,1,1,13284,0.066420,1
605950,1787852592.001,6.0,0,0,0,0.000000,0
605951,1787852598.0,5.999000072479248,0,0,0,0.000000,0
605952,1787852604.0,6.0,0,0,0,0.000000,0
605953,1787852610.0,6.0,0,0,0,0.000000,0
605954,1787852616.0,6.0,0,0,0,0.000000,0
605955,1787852622.001,6.000999927520752,0,0,0,0.000000,0
605956,1787852628.0,5.999000072479248,0,0,0,0.000000,0
605957,1787852634.0,6.0,0,0,0,0.000000,0
605958,1787852640.001,6.000999927520752,0,0,0,0.000000,0
605959,1787852646.0,5.999000072479248,0,0,0,0.000000,0
605960,1787852652.0,6.0,0,0,0,0.000000,0
605961,1787852658.0,6.0,2,2,44043,0.220215,2
605962,1787852664.0,6.0,0,0,0,0.000000,0
605963,1787852670.0,6.0,0,0,0,0.000000,0
605964,1787852676.0,6.0,0,0,0,0.000000,0
605965,1787852682.0,6.0,0,0,0,0.000000,0
605966,1787852688.0,6.0,0,0,0,0.000000,0
605967,1787852694.0,6.0,0,0,0,0.000000,0
605968,1787852700.0,6.0,0,0,0,0.000000,0
605969,1787852706.0,6.0,0,0,0,0.000000,0
605970,1787852712.0,6.0,0,0,0,0.000000,0
605971,1787852718.0,6.0,0,0,0,0.000000,0
605972,1787852724.0,6.0,0,0,0,0.000000,0
605973,1787852730.0,6.0,0,0,0,0.000000,0
605974,1787852736.0,6.0,0,0,0,0.000000,0
605975,1787852742.0,6.0,1,1,7968,0.039840,1
605976,1787852748.001,6.000999927520752,0,0,0,0.000000,0
605977,1787852754.0,5.999000072479248,0,0,0,0.000000,0
605978,1787852760.0,6.0,0,0,0,0.000000,0
605979,1787852766.0,6.0,0,0,0,0.000000,0
605980,1787852772.0,6.0,0,0,0,0.000000,0
605981,1787852778.001,6.000999927520752,0,0,0,0.000000,0
605982,1787852784.0,5.999000072479248,0,0,0,0.000000,0
605983,1787852790.0,6.0,1,1,9113,0.045565,1
605984,1787852796.0,6.0,0,0,0,0.000000,0
605985,1787852802.0,6.0,0,0,0,0.000000,0
605986,1787852808.0,6.0,0,0,0,0.000000,0
605987,1787852814.0,6.0,0,0,0,0.000000,0
605988,1787852820.0,6.0,0,0,0,0.000000,0
605989,1787852826.0,6.0,0,0,0,0.000000,0
605990,1787852832.0,6.0,0,0,0,0.000000,0
605991,1787852838.0,6.0,0,0,0,0.000000,0
605992,1787852844.0,6.0,0,0,0,0.000000,0
605993,1787852850.0,6.0,0,0,0,0.000000,0
605994,1787852856.001,6.000999927520752,0,0,0,0.000000,0
605995,1787852862.0,5.999000072479248,0,0,0,0.000000,0
605996,1787852868.0,6.0,0,0,0,0.000000,0
605997,1787852874.0,6.0,0,0,0,0.000000,0
605998,1787852880.0,6.0,0,0,0,0.000000,0
605999,1787852886.001,6.000999927520752,0,0,0,0.000000,0
606000,1787852892.0,5.999000072479248,0,0,0,0.000000,0
606001,1787852898.001,6.000999927520752,1,1,32087,0.160435,1
606002,1787852904.001,6.0,0,0,0,0.000000,0
606003,1787852910.0,5.999000072479248,0,0,0,0.000000,0
606004,1787852916.0,6.0,1,1,32069,0.160345,1
606005,1787852922.001,6.000999927520752,0,0,0,0.000000,0
606006,1787852928.0,5.999000072479248,0,0,0,0.000000,0
606007,1787852934.0,6.0,0,0,0,0.000000,0
606008,1787852940.0,6.0,0,0,0,0.000000,0
606009,1787852946.0,6.0,0,0,0,0.000000,0
606010,1787852952.0,6.0,0,0,0,0.000000,0
606011,1787852958.001,6.000999927520752,0,0,0,0.000000,0
606012,1787852964.0,5.999000072479248,0,0,0,0.000000,0
606013,1787852970.0,6.0,0,0,0,0.000000,0
606014,1787852976.001,6.000999927520752,0,0,0,0.000000,0
606015,1787852982.0,5.999000072479248,0,0,0,0.000000,0
606016,1787852988.0,6.0,0,0,0,0.000000,0
606017,1787852994.001,6.000999927520752,0,0,0,0.000000,0
606018,1787853000.0,5.999000072479248,0,0,0,0.000000,0
606019,1787853006.0,6.0,0,0,0,0.000000,0
606020,1787853012.0,6.0,0,0,0,0.000000,0
606021,1787853018.0,6.0,0,0,0,0.000000,0
606022,1787853024.0,6.0,0,0,0,0.000000,0
606023,1787853030.0,6.0,0,0,0,0.000000,0
606024,1787853036.0,6.0,0,0,0,0.000000,0
606025,1787853042.0,6.0,0,0,0,0.000000,0
606026,1787853048.0,6.0,0,0,0,0.000000,0
606027,1787853054.0,6.0,0,0,0,0.000000,0
606028,1787853060.0,6.0,0,0,0,0.000000,0
606029,1787853066.0,6.0,0,0,0,0.000000,0
606030,1787853072.0,6.0,0,0,0,0.000000,0
606031,1787853078.0,6.0,0,0,0,0.000000,0
606032,1787853084.0,6.0,0,0,0,0.000000,0
606033,1787853090.0,6.0,0,0,0,0.000000,0
606034,1787853096.0,6.0,0,0,0,0.000000,0
606035,1787853102.0,6.0,0,0,0,0.000000,0
606036,1787853108.0,6.0,0,0,0,0.000000,0
606037,1787853114.001,6.000999927520752,0,0,0,0.000000,0
606038,1787853120.0,5.999000072479248,0,0,0,0.000000,0
606039,1787853126.0,6.0,0,0,0,0.000000,0
606040,1787853132.0,6.0,0,0,0,0.000000,0
606041,1787853138.0,6.0,0,0,0,0.000000,0
606042,1787853144.0,6.0,0,0,0,0.000000,0
606043,1787853150.0,6.0,0,0,0,0.000000,0
606044,1787853156.0,6.0,1,1,5750,0.028750,1
606045,1787853162.0,6.0,0,0,0,0.000000,0
606046,1787853168.0,6.0,0,0,0,0.000000,0
606047,1787853174.0,6.0,0,0,0,0.000000,0
606048,1787853180.0,6.0,1,1,8228,0.041140,1
606049,1787853186.0,6.0,0,0,0,0.000000,0
606050,1787853192.001,6.000999927520752,0,0,0,0.000000,0
606051,1787853198.0,5.999000072479248,0,0,0,0.000000,0
606052,1787853204.0,6.0,0,0,0,0.000000,0
606053,1787853210.0,6.0,0,0,0,0.000000,0
606054,1787853216.0,6.0,0,0,0,0.000000,0
606055,1787853222.0,6.0,0,0,0,0.000000,0
606056,1787853228.0,6.0,0,0,0,0.000000,0
606057,1787853234.001,6.000999927520752,0,0,0,0.000000,0
606058,1787853240.0,5.999000072479248,0,0,0,0.000000,0
606059,1787853246.0,6.0,0,0,0,0.000000,0
606060,1787853252.001,6.000999927520752,0,0,0,0.000000,0
606061,1787853258.0,5.999000072479248,0,0,0,0.000000,0
606062,1787853264.0,6.0,0,0,0,0.000000,0
606063,1787853270.001,6.000999927520752,0,0,0,0.000000,0
606064,1787853276.0,5.999000072479248,0,0,0,0.000000,0
606065,1787853282.0,6.0,0,0,0,0.000000,0
606066,1787853288.0,6.0,0,0,0,0.000000,0
606067,1787853294.0,6.0,0,0,0,0.000000,0
606068,1787853300.0,6.0,0,0,0,0.000000,0
606069,1787853306.001,6.000999927520752,0,0,0,0.000000,0
606070,1787853312.0,5.999000072479248,0,0,0,0.000000,0
606071,1787853318.0,6.0,1,1,21794,0.108970,1
606072,1787853324.0,6.0,0,0,0,0.000000,0
606073,1787853330.0,6.0,0,0,0,0.000000,0
606074,1787853336.0,6.0,0,0,0,0.000000,0
606075,1787853342.0,6.0,0,0,0,0.000000,0
606076,1787853348.0,6.0,0,0,0,0.000000,0
606077,1787853354.0,6.0,0,0,0,0.000000,0
606078,1787853360.0,6.0,0,0,0,0.000000,0
606079,1787853366.0,6.0,0,0,0,0.000000,0
606080,1787853372.0,6.0,0,0,0,0.000000,0
606081,1787853378.0,6.0,0,0,0,0.000000,0
606082,1787853384.0,6.0,0,0,0,0.000000,0
606083,1787853390.0,6.0,0,0,0,0.000000,0
606084,1787853396.0,6.0,0,0,0,0.000000,0
606085,1787853402.0,6.0,0,0,0,0.000000,0
606086,1787853408.001,6.000999927520752,0,0,0,0.000000,0
606087,1787853414.0,5.999000072479248,0,0,0,0.000000,0
606088,1787853420.0,6.0,0,0,0,0.000000,0
606089,1787853426.0,6.0,0,0,0,0.000000,0
606090,1787853432.0,6.0,0,0,0,0.000000,0
606091,1787853438.0,6.0,0,0,0,0.000000,0
606092,1787853444.0,6.0,0,0,0,0.000000,0
606093,1787853450.0,6.0,0,0,0,0.000000,0
606094,1787853456.0,6.0,0,0,0,0.000000,0
606095,1787853462.0,6.0,0,0,0,0.000000,0
606096,1787853468.001,6.000999927520752,0,0,0,0.000000,0
606097,1787853474.0,5.999000072479248,0,0,0,0.000000,0
606098,1787853480.0,6.0,0,0,0,0.000000,0
606099,1787853486.001,6.000999927520752,0,0,0,0.000000,0
606100,1787853492.0,5.999000072479248,0,0,0,0.000000,0
606101,1787853498.0,6.0,0,0,0,0.000000,0
606102,1787853504.0,6.0,0,0,0,0.000000,0
606103,1787853510.0,6.0,0,0,0,0.000000,0
606104,1787853516.0,6.0,0,0,0,0.000000,0
606105,1787853522.001,6.000999927520752,0,0,0,0.000000,0
606106,1787853528.0,5.999000072479248,0,0,0,0.000000,0
606107,1787853534.0,6.0,0,0,0,0.000000,0
606108,1787853540.0,6.0,0,0,0,0.000000,0
606109,1787853546.0,6.0,0,0,0,0.000000,0
606110,1787853552.0,6.0,0,0,0,0.000000,0
606111,1787853558.001,6.000999927520752,0,0,0,0.000000,0
606112,1787853564.0,5.999000072479248,0,0,0,0.000000,0
606113,1787853570.0,6.0,0,0,0,0.000000,0
606114,1787853576.0,6.0,0,0,0,0.000000,0
606115,1787853582.0,6.0,0,0,0,0.000000,0
606116,1787853588.0,6.0,0,0,0,0.000000,0
606117,1787853594.0,6.0,0,0,0,0.000000,0
606118,1787853600.0,6.0,0,0,0,0.000000,0
606119,1787853606.0,6.0,0,0,0,0.000000,0
606120,1787853612.0,6.0,0,0,0,0.000000,0
606121,1787853618.001,6.000999927520752,0,0,0,0.000000,0
606122,1787853624.0,5.999000072479248,0,0,0,0.000000,0
606123,1787853630.0,6.0,0,0,0,0.000000,0
606124,1787853636.0,6.0,0,0,0,0.000000,0
606125,1787853642.0,6.0,0,0,0,0.000000,0
606126,1787853648.001,6.000999927520752,0,0,0,0.000000,0
606127,1787853654.0,5.999000072479248,0,0,0,0.000000,0
606128,1787853660.0,6.0,0,0,0,0.000000,0
606129,1787853666.001,6.000999927520752,1,1,29452,0.147260,1
606130,1787853672.0,5.999000072479248,0,0,0,0.000000,0
606131,1787853678.0,6.0,0,0,0,0.000000,0
606132,1787853684.0,6.0,0,0,0,0.000000,0
606133,1787853690.0,6.0,0,0,0,0.000000,0
606134,1787853696.0,6.0,0,0,0,0.000000,0
606135,1787853702.001,6.000999927520752,0,0,0,0.000000,0
606136,1787853708.0,5.999000072479248,0,0,0,0.000000,0
606137,1787853714.0,6.0,0,0,0,0.000000,0
606138,1787853720.0,6.0,0,0,0,0.000000,0
606139,1787853726.0,6.0,0,0,0,0.000000,0
606140,1787853732.0,6.0,0,0,0,0.000000,0
606141,1787853738.0,6.0,0,0,0,0.000000,0
606142,1787853744.0,6.0,0,0,0,0.000000,0
606143,1787853750.0,6.0,0,0,0,0.000000,0
606144,1787853756.0,6.0,0,0,0,0.000000,0
606145,1787853762.0,6.0,0,0,0,0.000000,0
606146,1787853768.0,6.0,0,0,0,0.000000,0
606147,1787853774.0,6.0,0,0,0,0.000000,0
606148,1787853780.001,6.000999927520752,1,1,710,0.003550,1
606149,1787853786.0,5.999000072479248,0,0,0,0.000000,0
606150,1787853792.001,6.000999927520752,0,0,0,0.000000,0
606151,1787853798.0,5.999000072479248,0,0,0,0.000000,0
606152,1787853804.0,6.0,1,1,14684,0.073420,1
606153,1787853810.0,6.0,0,0,0,0.000000,0
606154,1787853816.0,6.0,0,0,0,0.000000,0
606155,1787853822.001,6.000999927520752,0,0,0,0.000000,0
606156,1787853828.0,5.999000072479248,0,0,0,0.000000,0
606157,1787853834.001,6.000999927520752,1,1,8351,0.041755,1
606158,1787853840.0,5.999000072479248,0,0,0,0.000000,0
606159,1787853846.001,6.000999927520752,0,0,0,0.000000,0
606160,1787853852.0,5.999000072479248,0,0,0,0.000000,0
606161,1787853858.001,6.000999927520752,0,0,0,0.000000,0
606162,1787853864.0,5.999000072479248,0,0,0,0.000000,0
606163,1787853870.0,6.0,0,0,0,0.000000,0
606164,1787853876.0,6.0,0,0,0,0.000000,0
606165,1787853882.0,6.0,0,0,0,0.000000,0
606166,1787853888.0,6.0,0,0,0,0.000000,0
606167,1787853894.001,6.000999927520752,0,0,0,0.000000,0
606168,1787853900.0,5.999000072479248,0,0,0,0.000000,0
606169,1787853906.0,6.0,0,0,0,0.000000,0
606170,1787853912.0,6.0,0,0,0,0.000000,0
606171,1787853918.0,6.0,0,0,0,0.000000,0
606172,1787853924.0,6.0,0,0,0,0.000000,0
606173,1787853930.001,6.000999927520752,0,0,0,0.000000,0
606174,1787853936.0,5.999000072479248,0,0,0,0.000000,0
606175,1787853942.0,6.0,0,0,0,0.000000,0
606176,1787853948.0,6.0,0,0,0,0.000000,0
606177,1787853954.0,6.0,0,0,0,0.000000,0
606178,1787853960.0,6.0,0,0,0,0.000000,0
606179,1787853966.0,6.0,0,0,0,0.000000,0
606180,1787853972.0,6.0,0,0,0,0.000000,0
606181,1787853978.0,6.0,0,0,0,0.000000,0
606182,1787853984.0,6.0,0,0,0,0.000000,0
606183,1787853990.0,6.0,0,0,0,0.000000,0
606184,1787853996.001,6.000999927520752,0,0,0,0.000000,0
606185,1787854002.0,5.999000072479248,0,0,0,0.000000,0
606186,1787854008.0,6.0,0,0,0,0.000000,0
606187,1787854014.0,6.0,0,0,0,0.000000,0
606188,1787854020.0,6.0,0,0,0,0.000000,0
606189,1787854026.001,6.000999927520752,0,0,0,0.000000,0
606190,1787854032.0,5.999000072479248,0,0,0,0.000000,0
606191,1787854038.0,6.0,0,0,0,0.000000,0
606192,1787854044.0,6.0,0,0,0,0.000000,0
606193,1787854050.001,6.000999927520752,0,0,0,0.000000,0
606194,1787854056.0,5.999000072479248,0,0,0,0.000000,0
606195,1787854062.0,6.0,0,0,0,0.000000,0
606196,1787854068.0,6.0,0,0,0,0.000000,0
606197,1787854074.0,6.0,0,0,0,0.000000,0
606198,1787854080.0,6.0,0,0,0,0.000000,0
606199,1787854086.0,6.0,0,0,0,0.000000,0
606200,1787854092.0,6.0,0,0,0,0.000000,0
606201,1787854098.0,6.0,0,0,0,0.000000,0
606202,1787854104.0,6.0,0,0,0,0.000000,0
606203,1787854110.0,6.0,0,0,0,0.000000,0
606204,1787854116.0,6.0,0,0,0,0.000000,0
606205,1787854122.001,6.000999927520752,0,0,0,0.000000,0
606206,1787854128.0,5.999000072479248,0,0,0,0.000000,0
606207,1787854134.0,6.0,0,0,0,0.000000,0
606208,1787854140.0,6.0,0,0,0,0.000000,0
606209,1787854146.0,6.0,0,0,0,0.000000,0
606210,1787854152.0,6.0,0,0,0,0.000000,0
606211,1787854158.0,6.0,0,0,0,0.000000,0
606212,1787854164.0,6.0,0,0,0,0.000000,0
606213,1787854170.0,6.0,0,0,0,0.000000,0
606214,1787854176.0,6.0,0,0,0,0.000000,0
606215,1787854182.0,6.0,0,0,0,0.000000,0
606216,1787854188.0,6.0,0,0,0,0.000000,0
606217,1787854194.0,6.0,0,0,0,0.000000,0
606218,1787854200.0,6.0,0,0,0,0.000000,0
606219,1787854206.001,6.000999927520752,0,0,0,0.000000,0
606220,1787854212.0,5.999000072479248,0,0,0,0.000000,0
606221,1787854218.0,6.0,0,0,0,0.000000,0
606222,1787854224.0,6.0,0,0,0,0.000000,0
606223,1787854230.0,6.0,0,0,0,0.000000,0
606224,1787854236.0,6.0,0,0,0,0.000000,0
606225,1787854242.0,6.0,0,0,0,0.000000,0
606226,1787854248.0,6.0,0,0,0,0.000000,0
606227,1787854254.0,6.0,0,0,0,0.000000,0
606228,1787854260.001,6.000999927520752,0,0,0,0.000000,0
606229,1787854266.0,5.999000072479248,0,0,0,0.000000,0
606230,1787854272.0,6.0,0,0,0,0.000000,0
606231,1787854278.0,6.0,0,0,0,0.000000,0
606232,1787854284.0,6.0,0,0,0,0.000000,0
606233,1787854290.0,6.0,0,0,0,0.000000,0
606234,1787854296.0,6.0,0,0,0,0.000000,0
606235,1787854302.0,6.0,0,0,0,0.000000,0
606236,1787854308.0,6.0,0,0,0,0.000000,0
606237,1787854314.001,6.000999927520752,0,0,0,0.000000,0
606238,1787854320.0,5.999000072479248,0,0,0,0.000000,0
606239,1787854326.0,6.0,0,0,0,0.000000,0
606240,1787854332.0,6.0,0,0,0,0.000000,0
606241,1787854338.0,6.0,0,0,0,0.000000,0
606242,1787854344.0,6.0,0,0,0,0.000000,0
606243,1787854350.0,6.0,0,0,0,0.000000,0
606244,1787854356.0,6.0,0,0,0,0.000000,0
606245,1787854362.0,6.0,0,0,0,0.000000,0
606246,1787854368.0,6.0,0,0,0,0.000000,0
606247,1787854374.0,6.0,0,0,0,0.000000,0
606248,1787854380.0,6.0,0,0,0,0.000000,0
606249,1787854386.0,6.0,0,0,0,0.000000,0
606250,1787854392.0,6.0,0,0,0,0.000000,0
606251,1787854398.0,6.0,0,0,0,0.000000,0
606252,1787854404.0,6.0,0,0,0,0.000000,0
606253,1787854410.0,6.0,0,0,0,0.000000,0
606254,1787854416.0,6.0,0,0,0,0.000000,0
606255,1787854422.001,6.000999927520752,0,0,0,0.000000,0
606256,1787854428.0,5.999000072479248,0,0,0,0.000000,0
606257,1787854434.001,6.000999927520752,0,0,0,0.000000,0
606258,1787854440.001,6.0,0,0,0,0.000000,0
606259,1787854446.0,5.999000072479248,0,0,0,0.000000,0
606260,1787854452.0,6.0,0,0,0,0.000000,0
606261,1787854458.001,6.000999927520752,0,0,0,0.000000,0
606262,1787854464.0,5.999000072479248,0,0,0,0.000000,0
606263,1787854470.0,6.0,0,0,0,0.000000,0
606264,1787854476.0,6.0,0,0,0,0.000000,0
606265,1787854482.0,6.0,0,0,0,0.000000,0
606266,1787854488.001,6.000999927520752,0,0,0,0.000000,0
606267,1787854494.0,5.999000072479248,0,0,0,0.000000,0
606268,1787854500.0,6.0,0,0,0,0.000000,0
606269,1787854506.0,6.0,0,0,0,0.000000,0
606270,1787854512.001,6.000999927520752,0,0,0,0.000000,0
606271,1787854518.001,6.0,0,0,0,0.000000,0
606272,1787854524.0,5.999000072479248,0,0,0,0.000000,0
606273,1787854530.001,6.000999927520752,0,0,0,0.000000,0
606274,1787854536.001,6.0,0,0,0,0.000000,0
606275,1787854542.0,5.999000072479248,0,0,0,0.000000,0
606276,1787854548.0,6.0,0,0,0,0.000000,0
606277,1787854554.0,6.0,0,0,0,0.000000,0
606278,1787854560.0,6.0,0,0,0,0.000000,0
606279,1787854566.0,6.0,0,0,0,0.000000,0
606280,1787854572.001,6.000999927520752,0,0,0,0.000000,0
606281,1787854578.0,5.999000072479248,0,0,0,0.000000,0
606282,1787854584.0,6.0,0,0,0,0.000000,0
606283,1787854590.0,6.0,0,0,0,0.000000,0
606284,1787854596.0,6.0,0,0,0,0.000000,0
606285,1787854602.0,6.0,0,0,0,0.000000,0
606286,1787854608.0,6.0,0,0,0,0.000000,0
606287,1787854614.0,6.0,0,0,0,0.000000,0
606288,1787854620.0,6.0,0,0,0,0.000000,0
606289,1787854626.0,6.0,0,0,0,0.000000,0
606290,1787854632.0,6.0,0,0,0,0.000000,0
606291,1787854638.0,6.0,0,0,0,0.000000,0
606292,1787854644.0,6.0,0,0,0,0.000000,0
606293,1787854650.0,6.0,0,0,0,0.000000,0
606294,1787854656.0,6.0,1,1,18525,0.092625,1
606295,1787854662.001,6.000999927520752,0,0,0,0.000000,0
606296,1787854668.0,5.999000072479248,0,0,0,0.000000,0
606297,1787854674.0,6.0,0,0,0,0.000000,0
606298,1787854680.0,6.0,0,0,0,0.000000,0
606299,1787854686.001,6.000999927520752,0,0,0,0.000000,0
606300,1787854692.001,6.0,0,0,0,0.000000,0
606301,1787854698.0,5.999000072479248,0,0,0,0.000000,0
606302,1787854704.0,6.0,0,0,0,0.000000,0
606303,1787854710.0,6.0,0,0,0,0.000000,0
606304,1787854716.0,6.0,0,0,0,0.000000,0
606305,1787854722.001,6.000999927520752,0,0,0,0.000000,0
606306,1787854728.0,5.999000072479248,0,0,0,0.000000,0
606307,1787854734.0,6.0,0,0,0,0.000000,0
606308,1787854740.0,6.0,0,0,0,0.000000,0
606309,1787854746.0,6.0,0,0,0,0.000000,0
606310,1787854752.0,6.0,0,0,0,0.000000,0
606311,1787854758.0,6.0,0,0,0,0.000000,0
606312,1787854764.0,6.0,0,0,0,0.000000,0
606313,1787854770.0,6.0,0,0,0,0.000000,0
606314,1787854776.0,6.0,0,0,0,0.000000,0
606315,1787854782.001,6.000999927520752,0,0,0,0.000000,0
606316,1787854788.0,5.999000072479248,0,0,0,0.000000,0
606317,1787854794.0,6.0,0,0,0,0.000000,0
606318,1787854800.001,6.000999927520752,0,0,0,0.000000,0
606319,1787854806.0,5.999000072479248,0,0,0,0.000000,0
606320,1787854812.0,6.0,0,0,0,0.000000,0
606321,1787854818.001,6.000999927520752,0,0,0,0.000000,0
606322,1787854824.0,5.999000072479248,0,0,0,0.000000,0
606323,1787854830.0,6.0,0,0,0,0.000000,0
606324,1787854836.0,6.0,0,0,0,0.000000,0
606325,1787854842.0,6.0,1,1,3820,0.019100,1
606326,1787854848.001,6.000999927520752,0,0,0,0.000000,0
606327,1787854854.0,5.999000072479248,0,0,0,0.000000,0
606328,1787854860.001,6.000999927520752,0,0,0,0.000000,0
606329,1787854866.0,5.999000072479248,0,0,0,0.000000,0
606330,1787854872.0,6.0,0,0,0,0.000000,0
606331,1787854878.0,6.0,0,0,0,0.000000,0
606332,1787854884.001,6.000999927520752,0,0,0,0.000000,0
606333,1787854890.0,5.999000072479248,0,0,0,0.000000,0
606334,1787854896.001,6.000999927520752,0,0,0,0.000000,0
606335,1787854902.0,5.999000072479248,0,0,0,0.000000,0
606336,1787854908.001,6.000999927520752,1,1,709,0.003545,1
606337,1787854914.0,5.999000072479248,0,0,0,0.000000,0
606338,1787854920.0,6.0,0,0,0,0.000000,0
606339,1787854926.0,6.0,0,0,0,0.000000,0
606340,1787854932.001,6.000999927520752,0,0,0,0.000000,0
606341,1787854938.0,5.999000072479248,0,0,0,0.000000,0
606342,1787854944.0,6.0,0,0,0,0.000000,0
606343,1787854950.0,6.0,0,0,0,0.000000,0
606344,1787854956.0,6.0,0,0,0,0.000000,0
606345,1787854962.001,6.000999927520752,0,0,0,0.000000,0
606346,1787854968.001,6.0,0,0,0,0.000000,0
606347,1787854974.0,5.999000072479248,0,0,0,0.000000,0
606348,1787854980.0,6.0,0,0,0,0.000000,0
606349,1787854986.0,6.0,0,0,0,0.000000,0
606350,1787854992.0,6.0,0,0,0,0.000000,0
606351,1787854998.001,6.000999927520752,0,0,0,0.000000,0
606352,1787855004.0,5.999000072479248,0,0,0,0.000000,0
606353,1787855010.0,6.0,0,0,0,0.000000,0
606354,1787855016.0,6.0,0,0,0,0.000000,0
606355,1787855022.0,6.0,0,0,0,0.000000,0
606356,1787855028.0,6.0,0,0,0,0.000000,0
606357,1787855034.0,6.0,1,1,4871,0.024355,1
606358,1787855040.0,6.0,0,0,0,0.000000,0
606359,1787855046.0,6.0,0,0,0,0.000000,0
606360,1787855052.0,6.0,0,0,0,0.000000,0
606361,1787855058.0,6.0,0,0,0,0.000000,0
606362,1787855064.0,6.0,0,0,0,0.000000,0
606363,1787855070.0,6.0,0,0,0,0.000000,0
606364,1787855076.0,6.0,0,0,0,0.000000,0
606365,1787855082.0,6.0,0,0,0,0.000000,0
606366,1787855088.0,6.0,0,0,0,0.000000,0
606367,1787855094.0,6.0,0,0,0,0.000000,0
606368,1787855100.0,6.0,0,0,0,0.000000,0
606369,1787855106.0,6.0,0,0,0,0.000000,0
606370,1787855112.0,6.0,0,0,0,0.000000,0
606371,1787855118.001,6.000999927520752,0,0,0,0.000000,0
606372,1787855124.0,5.999000072479248,0,0,0,0.000000,0
606373,1787855130.0,6.0,0,0,0,0.000000,0
606374,1787855136.0,6.0,0,0,0,0.000000,0
606375,1787855142.0,6.0,0,0,0,0.000000,0
606376,1787855148.0,6.0,0,0,0,0.000000,0
606377,1787855154.001,6.000999927520752,0,0,0,0.000000,0
606378,1787855160.0,5.999000072479248,0,0,0,0.000000,0
606379,1787855166.0,6.0,0,0,0,0.000000,0
606380,1787855172.001,6.000999927520752,0,0,0,0.000000,0
606381,1787855178.0,5.999000072479248,0,0,0,0.000000,0
606382,1787855184.0,6.0,0,0,0,0.000000,0
606383,1787855190.0,6.0,0,0,0,0.000000,0
606384,1787855196.0,6.0,0,0,0,0.000000,0
606385,1787855202.0,6.0,0,0,0,0.000000,0
606386,1787855208.0,6.0,0,0,0,0.000000,0
606387,1787855214.001,6.000999927520752,0,0,0,0.000000,0
606388,1787855220.0,5.999000072479248,0,0,0,0.000000,0
606389,1787855226.0,6.0,0,0,0,0.000000,0
606390,1787855232.0,6.0,0,0,0,0.000000,0
606391,1787855238.0,6.0,0,0,0,0.000000,0
606392,1787855244.0,6.0,0,0,0,0.000000,0
606393,1787855250.001,6.000999927520752,0,0,0,0.000000,0
606394,1787855256.0,5.999000072479248,2,2,7763,0.038815,2
606395,1787855262.0,6.0,1,1,3817,0.019085,1
606396,1787855268.0,6.0,1,1,3723,0.018615,1
606397,1787855274.0,6.0,2,2,7445,0.037225,2
606398,1787855280.001,6.000999927520752,1,1,3716,0.018580,1
606399,1787855286.0,5.999000072479248,2,2,7432,0.037160,2
606400,1787855292.0,6.0,2,2,7446,0.037230,2
606401,1787855298.0,6.0,1,1,3723,0.018615,1
606402,1787855304.0,6.0,1,1,3723,0.018615,1
606403,1787855310.0,6.0,2,2,7433,0.037165,2
606404,1787855316.0,6.0,3,3,11162,0.055810,3
606405,1787855322.0,6.0,2,2,7446,0.037230,2
606406,1787855328.0,6.0,3,3,11168,0.055840,3
606407,1787855334.0,6.0,3,3,11157,0.055785,3
606408,1787855340.0,6.0,3,3,11162,0.055810,3
606409,1787855346.0,6.0,2,2,7446,0.037230,2
606410,1787855352.0,6.0,4,4,25403,0.127015,4
606411,1787855358.0,6.0,3,3,11156,0.055780,3
606412,1787855364.0,6.0,2,2,7440,0.037200,2
606413,1787855370.0,6.0,3,3,11167,0.055835,3
606414,1787855376.0,6.0,3,3,11167,0.055835,3
606415,1787855382.0,6.0,3,3,11157,0.055785,3
606416,1787855388.0,6.0,3,3,11163,0.055815,3
606417,1787855394.0,6.0,2,2,7445,0.037225,2
606418,1787855400.001,6.000999927520752,0,0,0,0.000000,0
606419,1787855406.0,5.999000072479248,6,6,22324,0.111620,6
606420,1787855412.0,6.0,3,3,11163,0.055815,3
606421,1787855418.0,6.0,4,4,32962,0.164810,4
606422,1787855424.0,6.0,4,4,33936,0.169680,4
606423,1787855430.0,6.0,1,1,3723,0.018615,1
606424,1787855436.0,6.0,0,0,0,0.000000,0
606425,1787855442.0,6.0,0,0,0,0.000000,0
606426,1787855448.0,6.0,0,0,0,0.000000,0
606427,1787855454.0,6.0,0,0,0,0.000000,0
606428,1787855460.0,6.0,0,0,0,0.000000,0
606429,1787855466.0,6.0,0,0,0,0.000000,0
606430,1787855472.0,6.0,0,0,0,0.000000,0
606431,1787855478.0,6.0,0,0,0,0.000000,0
606432,1787855484.0,6.0,0,0,0,0.000000,0
606433,1787855490.0,6.0,0,0,0,0.000000,0
606434,1787855496.0,6.0,0,0,0,0.000000,0
606435,1787855502.0,6.0,0,0,0,0.000000,0
606436,1787855508.0,6.0,1,1,14202,0.071010,1
606437,1787855514.0,6.0,0,0,0,0.000000,0
606438,1787855520.0,6.0,0,0,0,0.000000,0
606439,1787855526.0,6.0,0,0,0,0.000000,0
606440,1787855532.0,6.0,0,0,0,0.000000,0
606441,1787855538.001,6.000999927520752,0,0,0,0.000000,0
606442,1787855544.0,5.999000072479248,0,0,0,0.000000,0
606443,1787855550.0,6.0,0,0,0,0.000000,0
606444,1787855556.0,6.0,0,0,0,0.000000,0
606445,1787855562.0,6.0,0,0,0,0.000000,0
606446,1787855568.0,6.0,0,0,0,0.000000,0
606447,1787855574.0,6.0,0,0,0,0.000000,0
606448,1787855580.0,6.0,0,0,0,0.000000,0
606449,1787855586.001,6.000999927520752,0,0,0,0.000000,0
606450,1787855592.0,5.999000072479248,1,1,63611,0.318055,1
606451,1787855598.0,6.0,0,0,0,0.000000,0
606452,1787855604.0,6.0,0,0,0,0.000000,0
606453,1787855610.001,6.000999927520752,0,0,0,0.000000,0
606454,1787855616.0,5.999000072479248,0,0,0,0.000000,0
606455,1787855622.0,6.0,0,0,0,0.000000,0
606456,1787855628.0,6.0,0,0,0,0.000000,0
606457,1787855634.0,6.0,0,0,0,0.000000,0
606458,1787855640.0,6.0,0,0,0,0.000000,0
606459,1787855646.0,6.0,0,0,0,0.000000,0
606460,1787855652.0,6.0,0,0,0,0.000000,0
606461,1787855658.0,6.0,0,0,0,0.000000,0
606462,1787855664.001,6.000999927520752,0,0,0,0.000000,0
606463,1787855670.0,5.999000072479248,0,0,0,0.000000,0
606464,1787855676.0,6.0,0,0,0,0.000000,0
606465,1787855682.0,6.0,0,0,0,0.000000,0
606466,1787855688.0,6.0,0,0,0,0.000000,0
606467,1787855694.001,6.000999927520752,0,0,0,0.000000,0
606468,1787855700.0,5.999000072479248,0,0,0,0.000000,0
606469,1787855706.0,6.0,0,0,0,0.000000,0
606470,1787855712.0,6.0,0,0,0,0.000000,0
606471,1787855718.0,6.0,0,0,0,0.000000,0
606472,1787855724.0,6.0,0,0,0,0.000000,0
606473,1787855730.001,6.000999927520752,0,0,0,0.000000,0
606474,1787855736.0,5.999000072479248,0,0,0,0.000000,0
606475,1787855742.0,6.0,0,0,0,0.000000,0
606476,1787855748.0,6.0,0,0,0,0.000000,0
606477,1787855754.0,6.0,0,0,0,0.000000,0
606478,1787855760.001,6.000999927520752,0,0,0,0.000000,0
606479,1787855766.001,6.0,0,0,0,0.000000,0
606480,1787855772.0,5.999000072479248,0,0,0,0.000000,0
606481,1787855778.0,6.0,0,0,0,0.000000,0
606482,1787855784.0,6.0,0,0,0,0.000000,0
606483,1787855790.0,6.0,0,0,0,0.000000,0
606484,1787855796.0,6.0,0,0,0,0.000000,0
606485,1787855802.0,6.0,0,0,0,0.000000,0
606486,1787855808.0,6.0,0,0,0,0.000000,0
606487,1787855814.0,6.0,0,0,0,0.000000,0
606488,1787855820.001,6.000999927520752,0,0,0,0.000000,0
606489,1787855826.0,5.999000072479248,0,0,0,0.000000,0
606490,1787855832.0,6.0,0,0,0,0.000000,0
606491,1787855838.0,6.0,0,0,0,0.000000,0
606492,1787855844.0,6.0,0,0,0,0.000000,0
606493,1787855850.0,6.0,0,0,0,0.000000,0
606494,1787855856.0,6.0,0,0,0,0.000000,0
606495,1787855862.0,6.0,0,0,0,0.000000,0
606496,1787855868.0,6.0,0,0,0,0.000000,0
606497,1787855874.0,6.0,0,0,0,0.000000,0
606498,1787855880.001,6.000999927520752,0,0,0,0.000000,0
606499,1787855886.0,5.999000072479248,0,0,0,0.000000,0
606500,1787855892.0,6.0,0,0,0,0.000000,0
606501,1787855898.001,6.000999927520752,2,2,7434,0.037170,2
606502,1787855904.0,5.999000072479248,2,2,7440,0.037200,2
606503,1787855910.001,6.000999927520752,1,1,3723,0.018615,1
606504,1787855916.001,6.0,2,2,7446,0.037230,2
606505,1787855922.0,5.999000072479248,3,3,15792,0.078960,3
606506,1787855928.0,6.0,2,2,7537,0.037685,2
606507,1787855934.0,6.0,2,2,7445,0.037225,2
606508,1787855940.0,6.0,2,2,7440,0.037200,2
606509,1787855946.0,6.0,1,1,3717,0.018585,1
606510,1787855952.0,6.0,2,2,7440,0.037200,2
606511,1787855958.0,6.0,1,1,3723,0.018615,1
606512,1787855964.0,6.0,2,2,7440,0.037200,2
606513,1787855970.0,6.0,2,2,7431,0.037155,2
606514,1787855976.0,6.0,1,1,3723,0.018615,1
606515,1787855982.0,6.0,2,2,7446,0.037230,2
606516,1787855988.0,6.0,1,1,3717,0.018585,1
606517,1787855994.001,6.000999927520752,2,2,12061,0.060305,2
606518,1787856000.001,6.0,0,0,0,0.000000,0
606519,1787856006.0,5.999000072479248,0,0,0,0.000000,0
606520,1787856012.0,6.0,0,0,0,0.000000,0
606521,1787856018.0,6.0,0,0,0,0.000000,0
606522,1787856024.0,6.0,1,1,8347,0.041735,1
606523,1787856030.0,6.0,0,0,0,0.000000,0
606524,1787856036.0,6.0,0,0,0,0.000000,0
606525,1787856042.0,6.0,1,1,8528,0.042640,1
606526,1787856048.0,6.0,0,0,0,0.000000,0
606527,1787856054.0,6.0,1,1,8343,0.041715,1
606528,1787856060.0,6.0,0,0,0,0.000000,0
606529,1787856066.0,6.0,0,0,0,0.000000,0
606530,1787856072.001,6.000999927520752,0,0,0,0.000000,0
606531,1787856078.0,5.999000072479248,0,0,0,0.000000,0
606532,1787856084.0,6.0,0,0,0,0.000000,0
606533,1787856090.0,6.0,0,0,0,0.000000,0
606534,1787856096.0,6.0,0,0,0,0.000000,0
606535,1787856102.0,6.0,0,0,0,0.000000,0
606536,1787856108.0,6.0,0,0,0,0.000000,0
606537,1787856114.0,6.0,0,0,0,0.000000,0
606538,1787856120.0,6.0,0,0,0,0.000000,0
606539,1787856126.0,6.0,0,0,0,0.000000,0
606540,1787856132.0,6.0,0,0,0,0.000000,0
606541,1787856138.0,6.0,0,0,0,0.000000,0
606542,1787856144.001,6.000999927520752,0,0,0,0.000000,0
606543,1787856150.001,6.0,0,0,0,0.000000,0
606544,1787856156.0,5.999000072479248,0,0,0,0.000000,0
606545,1787856162.0,6.0,0,0,0,0.000000,0
606546,1787856168.0,6.0,1,1,7968,0.039840,1
606547,1787856174.0,6.0,0,0,0,0.000000,0
606548,1787856180.001,6.000999927520752,0,0,0,0.000000,0
606549,1787856186.0,5.999000072479248,0,0,0,0.000000,0
606550,1787856192.0,6.0,0,0,0,0.000000,0
606551,1787856198.0,6.0,0,0,0,0.000000,0
606552,1787856204.0,6.0,0,0,0,0.000000,0
606553,1787856210.001,6.000999927520752,0,0,0,0.000000,0
606554,1787856216.0,5.999000072479248,0,0,0,0.000000,0
606555,1787856222.0,6.0,0,0,0,0.000000,0
606556,1787856228.0,6.0,0,0,0,0.000000,0
606557,1787856234.0,6.0,0,0,0,0.000000,0
606558,1787856240.0,6.0,0,0,0,0.000000,0
606559,1787856246.0,6.0,0,0,0,0.000000,0
606560,1787856252.0,6.0,0,0,0,0.000000,0
606561,1787856258.0,6.0,1,1,32068,0.160340,1
606562,1787856264.0,6.0,0,0,0,0.000000,0
606563,1787856270.0,6.0,0,0,0,0.000000,0
606564,1787856276.0,6.0,0,0,0,0.000000,0
606565,1787856282.0,6.0,0,0,0,0.000000,0
606566,1787856288.0,6.0,0,0,0,0.000000,0
606567,1787856294.001,6.000999927520752,0,0,0,0.000000,0
606568,1787856300.0,5.999000072479248,0,0,0,0.000000,0
606569,1787856306.0,6.0,0,0,0,0.000000,0
606570,1787856312.0,6.0,0,0,0,0.000000,0
606571,1787856318.0,6.0,0,0,0,0.000000,0
606572,1787856324.0,6.0,0,0,0,0.000000,0
606573,1787856330.0,6.0,0,0,0,0.000000,0
606574,1787856336.001,6.000999927520752,0,0,0,0.000000,0
606575,1787856342.001,6.0,0,0,0,0.000000,0
606576,1787856348.0,5.999000072479248,0,0,0,0.000000,0
606577,1787856354.0,6.0,1,1,9452,0.047260,1
606578,1787856360.0,6.0,0,0,0,0.000000,0
606579,1787856366.0,6.0,0,0,0,0.000000,0
606580,1787856372.001,6.000999927520752,0,0,0,0.000000,0
606581,1787856378.0,5.999000072479248,0,0,0,0.000000,0
606582,1787856384.0,6.0,0,0,0,0.000000,0
606583,1787856390.0,6.0,0,0,0,0.000000,0
606584,1787856396.0,6.0,1,1,7968,0.039840,1
606585,1787856402.0,6.0,0,0,0,0.000000,0
606586,1787856408.001,6.000999927520752,0,0,0,0.000000,0
606587,1787856414.001,6.0,0,0,0,0.000000,0
606588,1787856420.001,6.0,0,0,0,0.000000,0
606589,1787856426.0,5.999000072479248,0,0,0,0.000000,0
606590,1787856432.0,6.0,0,0,0,0.000000,0
606591,1787856438.0,6.0,0,0,0,0.000000,0
606592,1787856444.0,6.0,1,1,11355,0.056775,0
606593,1787856450.001,6.000999927520752,0,0,0,0.000000,0
606594,1787856456.001,6.0,0,0,0,0.000000,0
606595,1787856462.001,6.0,0,0,0,0.000000,0
606596,1787856468.0,5.999000072479248,0,0,0,0.000000,0
606597,1787856474.0,6.0,0,0,0,0.000000,0
606598,1787856480.0,6.0,0,0,0,0.000000,0
606599,1787856486.0,6.0,0,0,0,0.000000,0
606600,1787856492.0,6.0,0,0,0,0.000000,0
606601,1787856498.0,6.0,0,0,0,0.000000,0
606602,1787856504.001,6.000999927520752,0,0,0,0.000000,0
606603,1787856510.0,5.999000072479248,0,0,0,0.000000,0
606604,1787856516.0,6.0,0,0,0,0.000000,0
606605,1787856522.0,6.0,0,0,0,0.000000,0
606606,1787856528.0,6.0,0,0,0,0.000000,0
606607,1787856534.0,6.0,0,0,0,0.000000,0
606608,1787856540.001,6.000999927520752,1,1,63634,0.318170,1
606609,1787856546.001,6.0,0,0,0,0.000000,0
606610,1787856552.0,5.999000072479248,0,0,0,0.000000,0
606611,1787856558.0,6.0,0,0,0,0.000000,0
606612,1787856564.0,6.0,0,0,0,0.000000,0
606613,1787856570.0,6.0,0,0,0,0.000000,0
606614,1787856576.001,6.000999927520752,0,0,0,0.000000,0
606615,1787856582.0,5.999000072479248,0,0,0,0.000000,0
606616,1787856588.0,6.0,0,0,0,0.000000,0
606617,1787856594.0,6.0,0,0,0,0.000000,0
606618,1787856600.0,6.0,0,0,0,0.000000,0
606619,1787856606.0,6.0,0,0,0,0.000000,0
606620,1787856612.0,6.0,0,0,0,0.000000,0
606621,1787856618.0,6.0,0,0,0,0.000000,0
606622,1787856624.0,6.0,0,0,0,0.000000,0
606623,1787856630.0,6.0,0,0,0,0.000000,0
606624,1787856636.0,6.0,0,0,0,0.000000,0
606625,1787856642.0,6.0,0,0,0,0.000000,0
606626,1787856648.0,6.0,0,0,0,0.000000,0
606627,1787856654.0,6.0,0,0,0,0.000000,0
606628,1787856660.0,6.0,0,0,0,0.000000,0
606629,1787856666.0,6.0,0,0,0,0.000000,0
606630,1787856672.0,6.0,0,0,0,0.000000,0
606631,1787856678.001,6.000999927520752,0,0,0,0.000000,0
606632,1787856684.0,5.999000072479248,0,0,0,0.000000,0
606633,1787856690.001,6.000999927520752,0,0,0,0.000000,0
606634,1787856696.0,5.999000072479248,0,0,0,0.000000,0
606635,1787856702.0,6.0,0,0,0,0.000000,0
606636,1787856708.0,6.0,0,0,0,0.000000,0
606637,1787856714.0,6.0,0,0,0,0.000000,0
606638,1787856720.001,6.000999927520752,0,0,0,0.000000,0
606639,1787856726.0,5.999000072479248,0,0,0,0.000000,0
606640,1787856732.0,6.0,0,0,0,0.000000,0
606641,1787856738.0,6.0,0,0,0,0.000000,0
606642,1787856744.001,6.000999927520752,0,0,0,0.000000,0
606643,1787856750.0,5.999000072479248,0,0,0,0.000000,0
606644,1787856756.0,6.0,0,0,0,0.000000,0
606645,1787856762.0,6.0,0,0,0,0.000000,0
606646,1787856768.0,6.0,0,0,0,0.000000,0
606647,1787856774.0,6.0,0,0,0,0.000000,0
606648,1787856780.001,6.000999927520752,0,0,0,0.000000,0
606649,1787856786.0,5.999000072479248,0,0,0,0.000000,0
606650,1787856792.001,6.000999927520752,0,0,0,0.000000,0
606651,1787856798.0,5.999000072479248,0,0,0,0.000000,0
606652,1787856804.0,6.0,0,0,0,0.000000,0
606653,1787856810.0,6.0,0,0,0,0.000000,0
606654,1787856816.001,6.000999927520752,0,0,0,0.000000,0
606655,1787856822.0,5.999000072479248,0,0,0,0.000000,0
606656,1787856828.0,6.0,0,0,0,0.000000,0
606657,1787856834.001,6.000999927520752,0,0,0,0.000000,0
606658,1787856840.0,5.999000072479248,0,0,0,0.000000,0
606659,1787856846.001,6.000999927520752,0,0,0,0.000000,0
606660,1787856852.001,6.0,1,1,9452,0.047260,1
606661,1787856858.0,5.999000072479248,0,0,0,0.000000,0
606662,1787856864.0,6.0,0,0,0,0.000000,0
606663,1787856870.0,6.0,0,0,0,0.000000,0
606664,1787856876.0,6.0,0,0,0,0.000000,0
606665,1787856882.001,6.000999927520752,0,0,0,0.000000,0
606666,1787856888.0,5.999000072479248,0,0,0,0.000000,0
606667,1787856894.0,6.0,0,0,0,0.000000,0
606668,1787856900.0,6.0,0,0,0,0.000000,0
606669,1787856906.0,6.0,0,0,0,0.000000,0
606670,1787856912.0,6.0,0,0,0,0.000000,0
606671,1787856918.001,6.000999927520752,0,0,0,0.000000,0
606672,1787856924.001,6.0,0,0,0,0.000000,0
606673,1787856930.0,5.999000072479248,0,0,0,0.000000,0
606674,1787856936.0,6.0,0,0,0,0.000000,0
606675,1787856942.001,6.000999927520752,0,0,0,0.000000,0
606676,1787856948.0,5.999000072479248,0,0,0,0.000000,0
606677,1787856954.001,6.000999927520752,0,0,0,0.000000,0
606678,1787856960.001,6.0,0,0,0,0.000000,0
606679,1787856966.001,6.0,0,0,0,0.000000,0
606680,1787856972.0,5.999000072479248,0,0,0,0.000000,0
606681,1787856978.0,6.0,0,0,0,0.000000,0
606682,1787856984.0,6.0,0,0,0,0.000000,0
606683,1787856990.0,6.0,0,0,0,0.000000,0
606684,1787856996.0,6.0,0,0,0,0.000000,0
606685,1787857002.001,6.000999927520752,0,0,0,0.000000,0
606686,1787857008.0,5.999000072479248,0,0,0,0.000000,0
606687,1787857014.001,6.000999927520752,0,0,0,0.000000,0
606688,1787857020.0,5.999000072479248,0,0,0,0.000000,0
606689,1787857026.0,6.0,0,0,0,0.000000,0
606690,1787857032.0,6.0,0,0,0,0.000000,0
606691,1787857038.0,6.0,0,0,0,0.000000,0
606692,1787857044.0,6.0,0,0,0,0.000000,0
606693,1787857050.0,6.0,0,0,0,0.000000,0
606694,1787857056.001,6.000999927520752,0,0,0,0.000000,0
606695,1787857062.0,5.999000072479248,0,0,0,0.000000,0
606696,1787857068.0,6.0,0,0,0,0.000000,0
606697,1787857074.0,6.0,0,0,0,0.000000,0
606698,1787857080.0,6.0,0,0,0,0.000000,0
606699,1787857086.0,6.0,0,0,0,0.000000,0
606700,1787857092.0,6.0,0,0,0,0.000000,0
606701,1787857098.0,6.0,0,0,0,0.000000,0
606702,1787857104.0,6.0,0,0,0,0.000000,0
606703,1787857110.0,6.0,0,0,0,0.000000,0
606704,1787857116.001,6.000999927520752,0,0,0,0.000000,0
606705,1787857122.0,5.999000072479248,0,0,0,0.000000,0
606706,1787857128.0,6.0,0,0,0,0.000000,0
606707,1787857134.0,6.0,0,0,0,0.000000,0
606708,1787857140.001,6.000999927520752,0,0,0,0.000000,0
606709,1787857146.001,6.0,0,0,0,0.000000,0
606710,1787857152.0,5.999000072479248,0,0,0,0.000000,0
606711,1787857158.001,6.000999927520752,0,0,0,0.000000,0
606712,1787857164.0,5.999000072479248,0,0,0,0.000000,0
606713,1787857170.0,6.0,0,0,0,0.000000,0
606714,1787857176.0,6.0,0,0,0,0.000000,0
606715,1787857182.0,6.0,0,0,0,0.000000,0
606716,1787857188.0,6.0,0,0,0,0.000000,0
606717,1787857194.0,6.0,0,0,0,0.000000,0
606718,1787857200.0,6.0,0,0,0,0.000000,0
606719,1787857206.0,6.0,0,0,0,0.000000,0
606720,1787857212.0,6.0,0,0,0,0.000000,0
606721,1787857218.001,6.000999927520752,0,0,0,0.000000,0
606722,1787857224.0,5.999000072479248,0,0,0,0.000000,0
606723,1787857230.001,6.000999927520752,0,0,0,0.000000,0
606724,1787857236.001,6.0,0,0,0,0.000000,0
606725,1787857242.0,5.999000072479248,0,0,0,0.000000,0
606726,1787857248.0,6.0,0,0,0,0.000000,0
606727,1787857254.001,6.000999927520752,0,0,0,0.000000,0
606728,1787857260.0,5.999000072479248,0,0,0,0.000000,0
606729,1787857266.0,6.0,0,0,0,0.000000,0
606730,1787857272.0,6.0,0,0,0,0.000000,0
606731,1787857278.0,6.0,0,0,0,0.000000,0
606732,1787857284.0,6.0,0,0,0,0.000000,0
606733,1787857290.0,6.0,0,0,0,0.000000,0
606734,1787857296.0,6.0,0,0,0,0.000000,0
606735,1787857302.001,6.000999927520752,0,0,0,0.000000,0
606736,1787857308.0,5.999000072479248,0,0,0,0.000000,0
606737,1787857314.0,6.0,0,0,0,0.000000,0
606738,1787857320.0,6.0,0,0,0,0.000000,0
606739,1787857326.0,6.0,0,0,0,0.000000,0
606740,1787857332.0,6.0,0,0,0,0.000000,0
606741,1787857338.0,6.0,0,0,0,0.000000,0
606742,1787857344.0,6.0,0,0,0,0.000000,0
606743,1787857350.0,6.0,0,0,0,0.000000,0
606744,1787857356.0,6.0,0,0,0,0.000000,0
606745,1787857362.0,6.0,0,0,0,0.000000,0
606746,1787857368.0,6.0,0,0,0,0.000000,0
606747,1787857374.001,6.000999927520752,0,0,0,0.000000,0
606748,1787857380.0,5.999000072479248,0,0,0,0.000000,0
606749,1787857386.0,6.0,0,0,0,0.000000,0
606750,1787857392.0,6.0,0,0,0,0.000000,0
606751,1787857398.0,6.0,0,0,0,0.000000,0
606752,1787857404.0,6.0,0,0,0,0.000000,0
606753,1787857410.0,6.0,0,0,0,0.000000,0
606754,1787857416.0,6.0,0,0,0,0.000000,0
606755,1787857422.0,6.0,0,0,0,0.000000,0
606756,1787857428.001,6.000999927520752,0,0,0,0.000000,0
606757,1787857434.0,5.999000072479248,0,0,0,0.000000,0
606758,1787857440.0,6.0,0,0,0,0.000000,0
606759,1787857446.0,6.0,0,0,0,0.000000,0
606760,1787857452.001,6.000999927520752,0,0,0,0.000000,0
606761,1787857458.0,5.999000072479248,0,0,0,0.000000,0
606762,1787857464.001,6.000999927520752,0,0,0,0.000000,0
606763,1787857470.0,5.999000072479248,0,0,0,0.000000,0
606764,1787857476.0,6.0,0,0,0,0.000000,0
606765,1787857482.0,6.0,0,0,0,0.000000,0
606766,1787857488.001,6.000999927520752,0,0,0,0.000000,0
606767,1787857494.001,6.0,0,0,0,0.000000,0
606768,1787857500.001,6.0,0,0,0,0.000000,0
606769,1787857506.0,5.999000072479248,0,0,0,0.000000,0
606770,1787857512.0,6.0,0,0,0,0.000000,0
606771,1787857518.0,6.0,0,0,0,0.000000,0
606772,1787857524.0,6.0,0,0,0,0.000000,0
606773,1787857530.0,6.0,0,0,0,0.000000,0
606774,1787857536.0,6.0,0,0,0,0.000000,0
606775,1787857542.0,6.0,0,0,0,0.000000,0
606776,1787857548.0,6.0,0,0,0,0.000000,0
606777,1787857554.001,6.000999927520752,0,0,0,0.000000,0
606778,1787857560.0,5.999000072479248,0,0,0,0.000000,0
606779,1787857566.0,6.0,0,0,0,0.000000,0
606780,1787857572.0,6.0,0,0,0,0.000000,0
606781,1787857578.0,6.0,0,0,0,0.000000,0
606782,1787857584.0,6.0,0,0,0,0.000000,0
606783,1787857590.001,6.000999927520752,0,0,0,0.000000,0
606784,1787857596.0,5.999000072479248,0,0,0,0.000000,0
606785,1787857602.001,6.000999927520752,0,0,0,0.000000,0
606786,1787857608.0,5.999000072479248,0,0,0,0.000000,0
606787,1787857614.0,6.0,0,0,0,0.000000,0
606788,1787857620.001,6.000999927520752,0,0,0,0.000000,0
606789,1787857626.001,6.0,0,0,0,0.000000,0
606790,1787857632.0,5.999000072479248,0,0,0,0.000000,0
606791,1787857638.0,6.0,0,0,0,0.000000,0
606792,1787857644.0,6.0,0,0,0,0.000000,0
606793,1787857650.0,6.0,0,0,0,0.000000,0
606794,1787857656.0,6.0,0,0,0,0.000000,0
606795,1787857662.0,6.0,0,0,0,0.000000,0
606796,1787857668.0,6.0,0,0,0,0.000000,0
606797,1787857674.0,6.0,0,0,0,0.000000,0
606798,1787857680.0,6.0,0,0,0,0.000000,0
606799,1787857686.0,6.0,0,0,0,0.000000,0
606800,1787857692.0,6.0,0,0,0,0.000000,0
606801,1787857698.0,6.0,0,0,0,0.000000,0
606802,1787857704.0,6.0,0,0,0,0.000000,0
606803,1787857710.0,6.0,0,0,0,0.000000,0
606804,1787857716.0,6.0,0,0,0,0.000000,0
606805,1787857722.001,6.000999927520752,0,0,0,0.000000,0
606806,1787857728.0,5.999000072479248,0,0,0,0.000000,0
606807,1787857734.0,6.0,0,0,0,0.000000,0
606808,1787857740.0,6.0,0,0,0,0.000000,0
606809,1787857746.0,6.0,0,0,0,0.000000,0
606810,1787857752.0,6.0,0,0,0,0.000000,0
606811,1787857758.001,6.000999927520752,0,0,0,0.000000,0
606812,1787857764.001,6.0,0,0,0,0.000000,0
606813,1787857770.0,5.999000072479248,0,0,0,0.000000,0
606814,1787857776.0,6.0,0,0,0,0.000000,0
606815,1787857782.0,6.0,0,0,0,0.000000,0
606816,1787857788.0,6.0,0,0,0,0.000000,0
606817,1787857794.0,6.0,0,0,0,0.000000,0
606818,1787857800.0,6.0,0,0,0,0.000000,0
606819,1787857806.0,6.0,0,0,0,0.000000,0
606820,1787857812.001,6.000999927520752,0,0,0,0.000000,0
606821,1787857818.0,5.999000072479248,0,0,0,0.000000,0
606822,1787857824.001,6.000999927520752,0,0,0,0.000000,0
606823,1787857830.0,5.999000072479248,0,0,0,0.000000,0
606824,1787857836.0,6.0,0,0,0,0.000000,0
606825,1787857842.0,6.0,0,0,0,0.000000,0
606826,1787857848.0,6.0,0,0,0,0.000000,0
606827,1787857854.0,6.0,0,0,0,0.000000,0
606828,1787857860.0,6.0,0,0,0,0.000000,0
606829,1787857866.0,6.0,0,0,0,0.000000,0
606830,1787857872.0,6.0,0,0,0,0.000000,0
606831,1787857878.0,6.0,0,0,0,0.000000,0
606832,1787857884.0,6.0,0,0,0,0.000000,0
606833,1787857890.001,6.000999927520752,0,0,0,0.000000,0
606834,1787857896.0,5.999000072479248,0,0,0,0.000000,0
606835,1787857902.0,6.0,0,0,0,0.000000,0
606836,1787857908.0,6.0,0,0,0,0.000000,0
606837,1787857914.0,6.0,0,0,0,0.000000,0
606838,1787857920.0,6.0,0,0,0,0.000000,0
606839,1787857926.0,6.0,0,0,0,0.000000,0
606840,1787857932.0,6.0,0,0,0,0.000000,0
606841,1787857938.0,6.0,0,0,0,0.000000,0
606842,1787857944.0,6.0,0,0,0,0.000000,0
606843,1787857950.0,6.0,0,0,0,0.000000,0
606844,1787857956.0,6.0,0,0,0,0.000000,0
606845,1787857962.0,6.0,0,0,0,0.000000,0
606846,1787857968.0,6.0,0,0,0,0.000000,0
606847,1787857974.0,6.0,0,0,0,0.000000,0
606848,1787857980.0,6.0,0,0,0,0.000000,0
606849,1787857986.0,6.0,0,0,0,0.000000,0
606850,1787857992.0,6.0,0,0,0,0.000000,0
606851,1787857998.001,6.000999927520752,0,0,0,0.000000,0
606852,1787858004.0,5.999000072479248,0,0,0,0.000000,0
606853,1787858010.001,6.000999927520752,0,0,0,0.000000,0
606854,1787858016.0,5.999000072479248,0,0,0,0.000000,0
606855,1787858022.001,6.000999927520752,0,0,0,0.000000,0
606856,1787858028.0,5.999000072479248,0,0,0,0.000000,0
606857,1787858034.001,6.000999927520752,0,0,0,0.000000,0
606858,1787858040.0,5.999000072479248,0,0,0,0.000000,0
606859,1787858046.0,6.0,0,0,0,0.000000,0
606860,1787858052.0,6.0,0,0,0,0.000000,0
606861,1787858058.0,6.0,0,0,0,0.000000,0
606862,1787858064.0,6.0,0,0,0,0.000000,0
606863,1787858070.0,6.0,0,0,0,0.000000,0
606864,1787858076.001,6.000999927520752,0,0,0,0.000000,0
606865,1787858082.0,5.999000072479248,0,0,0,0.000000,0
606866,1787858088.0,6.0,0,0,0,0.000000,0
606867,1787858094.0,6.0,0,0,0,0.000000,0
606868,1787858100.0,6.0,0,0,0,0.000000,0
606869,1787858106.001,6.000999927520752,0,0,0,0.000000,0
606870,1787858112.0,5.999000072479248,0,0,0,0.000000,0
606871,1787858118.0,6.0,0,0,0,0.000000,0
606872,1787858124.0,6.0,0,0,0,0.000000,0
606873,1787858130.0,6.0,0,0,0,0.000000,0
606874,1787858136.001,6.000999927520752,0,0,0,0.000000,0
606875,1787858142.0,5.999000072479248,0,0,0,0.000000,0
606876,1787858148.0,6.0,0,0,0,0.000000,0
606877,1787858154.0,6.0,0,0,0,0.000000,0
606878,1787858160.0,6.0,0,0,0,0.000000,0
606879,1787858166.0,6.0,0,0,0,0.000000,0
606880,1787858172.001,6.000999927520752,0,0,0,0.000000,0
606881,1787858178.0,5.999000072479248,0,0,0,0.000000,0
606882,1787858184.0,6.0,0,0,0,0.000000,0
606883,1787858190.0,6.0,0,0,0,0.000000,0
606884,1787858196.0,6.0,0,0,0,0.000000,0
606885,1787858202.0,6.0,0,0,0,0.000000,0
606886,1787858208.0,6.0,0,0,0,0.000000,0
606887,1787858214.0,6.0,0,0,0,0.000000,0
606888,1787858220.001,6.000999927520752,0,0,0,0.000000,0
606889,1787858226.001,6.0,1,1,20257,0.101285,1
606890,1787858232.0,5.999000072479248,0,0,0,0.000000,0
606891,1787858238.0,6.0,0,0,0,0.000000,0
606892,1787858244.0,6.0,0,0,0,0.000000,0
606893,1787858250.0,6.0,0,0,0,0.000000,0
606894,1787858256.001,6.000999927520752,0,0,0,0.000000,0
606895,1787858262.0,5.999000072479248,0,0,0,0.000000,0
606896,1787858268.0,6.0,0,0,0,0.000000,0
606897,1787858274.0,6.0,0,0,0,0.000000,0
606898,1787858280.001,6.000999927520752,0,0,0,0.000000,0
606899,1787858286.0,5.999000072479248,0,0,0,0.000000,0
606900,1787858292.0,6.0,0,0,0,0.000000,0
606901,1787858298.0,6.0,0,0,0,0.000000,0
606902,1787858304.0,6.0,0,0,0,0.000000,0
606903,1787858310.0,6.0,0,0,0,0.000000,0
606904,1787858316.0,6.0,0,0,0,0.000000,0
606905,1787858322.0,6.0,0,0,0,0.000000,0
606906,1787858328.0,6.0,0,0,0,0.000000,0
606907,1787858334.0,6.0,0,0,0,0.000000,0
606908,1787858340.0,6.0,0,0,0,0.000000,0
606909,1787858346.0,6.0,0,0,0,0.000000,0
606910,1787858352.0,6.0,0,0,0,0.000000,0
606911,1787858358.0,6.0,0,0,0,0.000000,0
606912,1787858364.0,6.0,0,0,0,0.000000,0
606913,1787858370.0,6.0,0,0,0,0.000000,0
606914,1787858376.0,6.0,1,1,9100,0.045500,1
606915,1787858382.0,6.0,0,0,0,0.000000,0
606916,1787858388.0,6.0,0,0,0,0.000000,0
606917,1787858394.0,6.0,0,0,0,0.000000,0
606918,1787858400.0,6.0,0,0,0,0.000000,0
606919,1787858406.0,6.0,0,0,0,0.000000,0
606920,1787858412.0,6.0,0,0,0,0.000000,0
606921,1787858418.0,6.0,0,0,0,0.000000,0
606922,1787858424.0,6.0,0,0,0,0.000000,0
606923,1787858430.0,6.0,1,1,7345,0.036725,1
606924,1787858436.0,6.0,0,0,0,0.000000,0
606925,1787858442.0,6.0,0,0,0,0.000000,0
606926,1787858448.0,6.0,0,0,0,0.000000,0
606927,1787858454.0,6.0,0,0,0,0.000000,0
606928,1787858460.0,6.0,0,0,0,0.000000,0
606929,1787858466.0,6.0,0,0,0,0.000000,0
606930,1787858472.0,6.0,0,0,0,0.000000,0
606931,1787858478.0,6.0,0,0,0,0.000000,0
606932,1787858484.0,6.0,0,0,0,0.000000,0
606933,1787858490.0,6.0,0,0,0,0.000000,0
606934,1787858496.0,6.0,0,0,0,0.000000,0
606935,1787858502.0,6.0,0,0,0,0.000000,0
606936,1787858508.0,6.0,0,0,0,0.000000,0
606937,1787858514.0,6.0,0,0,0,0.000000,0
606938,1787858520.0,6.0,0,0,0,0.000000,0
606939,1787858526.0,6.0,0,0,0,0.000000,0
606940,1787858532.0,6.0,0,0,0,0.000000,0
606941,1787858538.001,6.000999927520752,0,0,0,0.000000,0
606942,1787858544.0,5.999000072479248,0,0,0,0.000000,0
606943,1787858550.0,6.0,0,0,0,0.000000,0
606944,1787858556.0,6.0,0,0,0,0.000000,0
606945,1787858562.0,6.0,0,0,0,0.000000,0
606946,1787858568.0,6.0,0,0,0,0.000000,0
606947,1787858574.0,6.0,0,0,0,0.000000,0
606948,1787858580.001,6.000999927520752,0,0,0,0.000000,0
606949,1787858586.0,5.999000072479248,0,0,0,0.000000,0
606950,1787858592.0,6.0,0,0,0,0.000000,0
606951,1787858598.0,6.0,0,0,0,0.000000,0
606952,1787858604.001,6.000999927520752,0,0,0,0.000000,0
606953,1787858610.0,5.999000072479248,1,1,7446,0.037230,1
606954,1787858616.0,6.0,0,0,0,0.000000,0
606955,1787858622.001,6.000999927520752,0,0,0,0.000000,0
606956,1787858628.0,5.999000072479248,0,0,0,0.000000,0
606957,1787858634.0,6.0,0,0,0,0.000000,0
606958,1787858640.001,6.000999927520752,0,0,0,0.000000,0
606959,1787858646.001,6.0,0,0,0,0.000000,0
606960,1787858652.0,5.999000072479248,0,0,0,0.000000,0
606961,1787858658.001,6.000999927520752,0,0,0,0.000000,0
606962,1787858664.0,5.999000072479248,0,0,0,0.000000,0
606963,1787858670.001,6.000999927520752,0,0,0,0.000000,0
606964,1787858676.0,5.999000072479248,0,0,0,0.000000,0
606965,1787858682.001,6.000999927520752,0,0,0,0.000000,0
606966,1787858688.0,5.999000072479248,0,0,0,0.000000,0
606967,1787858694.0,6.0,0,0,0,0.000000,0
606968,1787858700.0,6.0,0,0,0,0.000000,0
606969,1787858706.0,6.0,0,0,0,0.000000,0
606970,1787858712.0,6.0,0,0,0,0.000000,0
606971,1787858718.0,6.0,0,0,0,0.000000,0
606972,1787858724.0,6.0,0,0,0,0.000000,0
606973,1787858730.001,6.000999927520752,0,0,0,0.000000,0
606974,1787858736.0,5.999000072479248,0,0,0,0.000000,0
606975,1787858742.0,6.0,0,0,0,0.000000,0
606976,1787858748.0,6.0,0,0,0,0.000000,0
606977,1787858754.0,6.0,0,0,0,0.000000,0
606978,1787858760.0,6.0,0,0,0,0.000000,0
606979,1787858766.001,6.000999927520752,0,0,0,0.000000,0
606980,1787858772.0,5.999000072479248,0,0,0,0.000000,0
606981,1787858778.0,6.0,0,0,0,0.000000,0
606982,1787858784.0,6.0,0,0,0,0.000000,0
606983,1787858790.0,6.0,0,0,0,0.000000,0
606984,1787858796.0,6.0,0,0,0,0.000000,0
606985,1787858802.0,6.0,0,0,0,0.000000,0
606986,1787858808.0,6.0,0,0,0,0.000000,0
606987,1787858814.0,6.0,0,0,0,0.000000,0
606988,1787858820.0,6.0,0,0,0,0.000000,0
606989,1787858826.0,6.0,0,0,0,0.000000,0
606990,1787858832.001,6.000999927520752,0,0,0,0.000000,0
606991,1787858838.0,5.999000072479248,0,0,0,0.000000,0
606992,1787858844.0,6.0,0,0,0,0.000000,0
606993,1787858850.0,6.0,0,0,0,0.000000,0
606994,1787858856.0,6.0,0,0,0,0.000000,0
606995,1787858862.0,6.0,0,0,0,0.000000,0
606996,1787858868.0,6.0,0,0,0,0.000000,0
606997,1787858874.0,6.0,0,0,0,0.000000,0
606998,1787858880.0,6.0,0,0,0,0.000000,0
606999,1787858886.0,6.0,0,0,0,0.000000,0
607000,1787858892.0,6.0,0,0,0,0.000000,0
607001,1787858898.001,6.000999927520752,0,0,0,0.000000,0
607002,1787858904.0,5.999000072479248,0,0,0,0.000000,0
607003,1787858910.0,6.0,0,0,0,0.000000,0
607004,1787858916.0,6.0,0,0,0,0.000000,0
607005,1787858922.0,6.0,0,0,0,0.000000,0
607006,1787858928.0,6.0,0,0,0,0.000000,0
607007,1787858934.0,6.0,0,0,0,0.000000,0
607008,1787858940.0,6.0,0,0,0,0.000000,0
607009,1787858946.001,6.000999927520752,0,0,0,0.000000,0
607010,1787858952.0,5.999000072479248,0,0,0,0.000000,0
607011,1787858958.001,6.000999927520752,0,0,0,0.000000,0
607012,1787858964.001,6.0,0,0,0,0.000000,0
607013,1787858970.0,5.999000072479248,0,0,0,0.000000,0
607014,1787858976.0,6.0,0,0,0,0.000000,0
607015,1787858982.001,6.000999927520752,0,0,0,0.000000,0
607016,1787858988.0,5.999000072479248,0,0,0,0.000000,0
607017,1787858994.0,6.0,0,0,0,0.000000,0
607018,1787859000.0,6.0,0,0,0,0.000000,0
607019,1787859006.0,6.0,0,0,0,0.000000,0
607020,1787859012.0,6.0,0,0,0,0.000000,0
607021,1787859018.0,6.0,0,0,0,0.000000,0
607022,1787859024.0,6.0,0,0,0,0.000000,0
607023,1787859030.001,6.000999927520752,0,0,0,0.000000,0
607024,1787859036.0,5.999000072479248,0,0,0,0.000000,0
607025,1787859042.0,6.0,0,0,0,0.000000,0
607026,1787859048.0,6.0,0,0,0,0.000000,0
607027,1787859054.0,6.0,0,0,0,0.000000,0
607028,1787859060.0,6.0,0,0,0,0.000000,0
607029,1787859066.001,6.000999927520752,0,0,0,0.000000,0
607030,1787859072.001,6.0,0,0,0,0.000000,0
607031,1787859078.0,5.999000072479248,0,0,0,0.000000,0
607032,1787859084.0,6.0,0,0,0,0.000000,0
607033,1787859090.001,6.000999927520752,0,0,0,0.000000,0
607034,1787859096.0,5.999000072479248,0,0,0,0.000000,0
607035,1787859102.001,6.000999927520752,0,0,0,0.000000,0
607036,1787859108.0,5.999000072479248,0,0,0,0.000000,0
607037,1787859114.0,6.0,0,0,0,0.000000,0
607038,1787859120.0,6.0,0,0,0,0.000000,0
607039,1787859126.0,6.0,0,0,0,0.000000,0
607040,1787859132.0,6.0,0,0,0,0.000000,0
607041,1787859138.001,6.000999927520752,0,0,0,0.000000,0
607042,1787859144.0,5.999000072479248,0,0,0,0.000000,0
607043,1787859150.0,6.0,0,0,0,0.000000,0
607044,1787859156.0,6.0,0,0,0,0.000000,0
607045,1787859162.0,6.0,0,0,0,0.000000,0
607046,1787859168.001,6.000999927520752,0,0,0,0.000000,0
607047,1787859174.0,5.999000072479248,0,0,0,0.000000,0
607048,1787859180.0,6.0,0,0,0,0.000000,0
607049,1787859186.0,6.0,0,0,0,0.000000,0
607050,1787859192.001,6.000999927520752,0,0,0,0.000000,0
607051,1787859198.0,5.999000072479248,0,0,0,0.000000,0
607052,1787859204.0,6.0,0,0,0,0.000000,0
607053,1787859210.0,6.0,1,1,6532,0.032660,1
607054,1787859216.0,6.0,0,0,0,0.000000,0
607055,1787859222.0,6.0,0,0,0,0.000000,0
607056,1787859228.0,6.0,0,0,0,0.000000,0
607057,1787859234.0,6.0,0,0,0,0.000000,0
607058,1787859240.0,6.0,0,0,0,0.000000,0
607059,1787859246.0,6.0,0,0,0,0.000000,0
607060,1787859252.0,6.0,1,1,3820,0.019100,1
607061,1787859258.0,6.0,0,0,0,0.000000,0
607062,1787859264.002,6.002000093460083,0,0,0,0.000000,0
607063,1787859270.0,5.997999906539917,1,1,3822,0.019110,1
607064,1787859276.0,6.0,0,0,0,0.000000,0
607065,1787859282.0,6.0,0,0,0,0.000000,0
607066,1787859288.0,6.0,0,0,0,0.000000,0
607067,1787859294.0,6.0,0,0,0,0.000000,0
607068,1787859300.0,6.0,0,0,0,0.000000,0
607069,1787859306.0,6.0,0,0,0,0.000000,0
607070,1787859312.0,6.0,0,0,0,0.000000,0
607071,1787859318.0,6.0,0,0,0,0.000000,0
607072,1787859324.001,6.000999927520752,0,0,0,0.000000,0
607073,1787859330.0,5.999000072479248,0,0,0,0.000000,0
607074,1787859336.0,6.0,0,0,0,0.000000,0
607075,1787859342.0,6.0,0,0,0,0.000000,0
607076,1787859348.0,6.0,0,0,0,0.000000,0
607077,1787859354.0,6.0,0,0,0,0.000000,0
607078,1787859360.001,6.000999927520752,0,0,0,0.000000,0
607079,1787859366.0,5.999000072479248,0,0,0,0.000000,0
607080,1787859372.0,6.0,0,0,0,0.000000,0
607081,1787859378.0,6.0,0,0,0,0.000000,0
607082,1787859384.0,6.0,0,0,0,0.000000,0
607083,1787859390.0,6.0,0,0,0,0.000000,0
607084,1787859396.0,6.0,0,0,0,0.000000,0
607085,1787859402.0,6.0,0,0,0,0.000000,0
607086,1787859408.0,6.0,0,0,0,0.000000,0
607087,1787859414.0,6.0,0,0,0,0.000000,0
607088,1787859420.0,6.0,0,0,0,0.000000,0
607089,1787859426.0,6.0,0,0,0,0.000000,0
607090,1787859432.0,6.0,0,0,0,0.000000,0
607091,1787859438.0,6.0,0,0,0,0.000000,0
607092,1787859444.0,6.0,0,0,0,0.000000,0
607093,1787859450.0,6.0,0,0,0,0.000000,0
607094,1787859456.0,6.0,1,1,3820,0.019100,1
607095,1787859462.0,6.0,0,0,0,0.000000,0
607096,1787859468.0,6.0,0,0,0,0.000000,0
607097,1787859474.0,6.0,0,0,0,0.000000,0
607098,1787859480.0,6.0,0,0,0,0.000000,0
607099,1787859486.0,6.0,0,0,0,0.000000,0
607100,1787859492.001,6.000999927520752,0,0,0,0.000000,0
607101,1787859498.0,5.999000072479248,1,1,3820,0.019100,1
607102,1787859504.001,6.000999927520752,0,0,0,0.000000,0
607103,1787859510.001,6.0,0,0,0,0.000000,0
607104,1787859516.0,5.999000072479248,0,0,0,0.000000,0
607105,1787859522.0,6.0,0,0,0,0.000000,0
607106,1787859528.001,6.000999927520752,0,0,0,0.000000,0
607107,1787859534.001,6.0,0,0,0,0.000000,0
607108,1787859540.0,5.999000072479248,0,0,0,0.000000,0
607109,1787859546.0,6.0,0,0,0,0.000000,0
607110,1787859552.0,6.0,0,0,0,0.000000,0
607111,1787859558.0,6.0,0,0,0,0.000000,0
607112,1787859564.001,6.000999927520752,0,0,0,0.000000,0
607113,1787859570.0,5.999000072479248,0,0,0,0.000000,0
607114,1787859576.0,6.0,0,0,0,0.000000,0
607115,1787859582.0,6.0,0,0,0,0.000000,0
607116,1787859588.0,6.0,0,0,0,0.000000,0
607117,1787859594.0,6.0,0,0,0,0.000000,0
607118,1787859600.001,6.000999927520752,0,0,0,0.000000,0
607119,1787859606.0,5.999000072479248,0,0,0,0.000000,0
607120,1787859612.0,6.0,0,0,0,0.000000,0
607121,1787859618.0,6.0,0,0,0,0.000000,0
607122,1787859624.0,6.0,0,0,0,0.000000,0
607123,1787859630.0,6.0,0,0,0,0.000000,0
607124,1787859636.0,6.0,0,0,0,0.000000,0
607125,1787859642.0,6.0,0,0,0,0.000000,0
607126,1787859648.0,6.0,0,0,0,0.000000,0
607127,1787859654.001,6.000999927520752,0,0,0,0.000000,0
607128,1787859660.0,5.999000072479248,0,0,0,0.000000,0
607129,1787859666.0,6.0,0,0,0,0.000000,0
607130,1787859672.0,6.0,0,0,0,0.000000,0
607131,1787859678.0,6.0,0,0,0,0.000000,0
607132,1787859684.001,6.000999927520752,0,0,0,0.000000,0
607133,1787859690.0,5.999000072479248,0,0,0,0.000000,0
607134,1787859696.001,6.000999927520752,0,0,0,0.000000,0
607135,1787859702.0,5.999000072479248,0,0,0,0.000000,0
607136,1787859708.0,6.0,0,0,0,0.000000,0
607137,1787859714.0,6.0,0,0,0,0.000000,0
607138,1787859720.001,6.000999927520752,0,0,0,0.000000,0
607139,1787859726.0,5.999000072479248,0,0,0,0.000000,0
607140,1787859732.001,6.000999927520752,1,1,6568,0.032840,1
607141,1787859738.0,5.999000072479248,0,0,0,0.000000,0
607142,1787859744.0,6.0,0,0,0,0.000000,0
607143,1787859750.0,6.0,0,0,0,0.000000,0
607144,1787859756.0,6.0,0,0,0,0.000000,0
607145,1787859762.0,6.0,0,0,0,0.000000,0
607146,1787859768.0,6.0,0,0,0,0.000000,0
607147,1787859774.001,6.000999927520752,0,0,0,0.000000,0
607148,1787859780.0,5.999000072479248,0,0,0,0.000000,0
607149,1787859786.001,6.000999927520752,0,0,0,0.000000,0
607150,1787859792.0,5.999000072479248,0,0,0,0.000000,0
607151,1787859798.0,6.0,0,0,0,0.000000,0
607152,1787859804.0,6.0,0,0,0,0.000000,0
607153,1787859810.0,6.0,0,0,0,0.000000,0
607154,1787859816.001,6.000999927520752,0,0,0,0.000000,0
607155,1787859822.001,6.0,0,0,0,0.000000,0
607156,1787859828.0,5.999000072479248,0,0,0,0.000000,0
607157,1787859834.0,6.0,0,0,0,0.000000,0
607158,1787859840.001,6.000999927520752,0,0,0,0.000000,0
607159,1787859846.0,5.999000072479248,0,0,0,0.000000,0
607160,1787859852.0,6.0,1,1,3845,0.019225,1
607161,1787859858.0,6.0,0,0,0,0.000000,0
607162,1787859864.0,6.0,0,0,0,0.000000,0
607163,1787859870.0,6.0,1,1,3845,0.019225,1
607164,1787859876.0,6.0,0,0,0,0.000000,0
607165,1787859882.001,6.000999927520752,0,0,0,0.000000,0
607166,1787859888.0,5.999000072479248,1,1,3845,0.019225,1
607167,1787859894.001,6.000999927520752,0,0,0,0.000000,0
607168,1787859900.001,6.0,0,0,0,0.000000,0
607169,1787859906.0,5.999000072479248,1,1,3844,0.019220,1
607170,1787859912.0,6.0,0,0,0,0.000000,0
607171,1787859918.0,6.0,0,0,0,0.000000,0
607172,1787859924.0,6.0,0,0,0,0.000000,0
607173,1787859930.001,6.000999927520752,0,0,0,0.000000,0
607174,1787859936.0,5.999000072479248,0,0,0,0.000000,0
607175,1787859942.0,6.0,0,0,0,0.000000,0
607176,1787859948.0,6.0,0,0,0,0.000000,0
607177,1787859954.0,6.0,0,0,0,0.000000,0
607178,1787859960.0,6.0,0,0,0,0.000000,0
607179,1787859966.001,6.000999927520752,0,0,0,0.000000,0
607180,1787859972.001,6.0,0,0,0,0.000000,0
607181,1787859978.0,5.999000072479248,0,0,0,0.000000,0
607182,1787859984.001,6.000999927520752,0,0,0,0.000000,0
607183,1787859990.0,5.999000072479248,0,0,0,0.000000,0
607184,1787859996.0,6.0,0,0,0,0.000000,0
607185,1787860002.0,6.0,0,0,0,0.000000,0
607186,1787860008.0,6.0,0,0,0,0.000000,0
607187,1787860014.0,6.0,0,0,0,0.000000,0
607188,1787860020.001,6.000999927520752,0,0,0,0.000000,0
607189,1787860026.0,5.999000072479248,0,0,0,0.000000,0
607190,1787860032.0,6.0,0,0,0,0.000000,0
607191,1787860038.0,6.0,0,0,0,0.000000,0
607192,1787860044.0,6.0,0,0,0,0.000000,0
607193,1787860050.001,6.000999927520752,0,0,0,0.000000,0
607194,1787860056.0,5.999000072479248,0,0,0,0.000000,0
607195,1787860062.0,6.0,0,0,0,0.000000,0
607196,1787860068.0,6.0,0,0,0,0.000000,0
607197,1787860074.001,6.000999927520752,0,0,0,0.000000,0
607198,1787860080.0,5.999000072479248,0,0,0,0.000000,0
607199,1787860086.001,6.000999927520752,0,0,0,0.000000,0
607200,1787860092.0,5.999000072479248,0,0,0,0.000000,0
607201,1787860098.0,6.0,0,0,0,0.000000,0
607202,1787860104.001,6.000999927520752,0,0,0,0.000000,0
607203,1787860110.001,6.0,0,0,0,0.000000,0
607204,1787860116.0,5.999000072479248,0,0,0,0.000000,0
607205,1787860122.0,6.0,0,0,0,0.000000,0
607206,1787860128.0,6.0,0,0,0,0.000000,0
607207,1787860134.0,6.0,0,0,0,0.000000,0
607208,1787860140.0,6.0,0,0,0,0.000000,0
607209,1787860146.001,6.000999927520752,0,0,0,0.000000,0
607210,1787860152.0,5.999000072479248,0,0,0,0.000000,0
607211,1787860158.001,6.000999927520752,0,0,0,0.000000,0
607212,1787860164.0,5.999000072479248,0,0,0,0.000000,0
607213,1787860170.001,6.000999927520752,0,0,0,0.000000,0
607214,1787860176.0,5.999000072479248,0,0,0,0.000000,0
607215,1787860182.0,6.0,0,0,0,0.000000,0
607216,1787860188.0,6.0,0,0,0,0.000000,0
607217,1787860194.0,6.0,0,0,0,0.000000,0
607218,1787860200.0,6.0,0,0,0,0.000000,0
607219,1787860206.0,6.0,0,0,0,0.000000,0
607220,1787860212.0,6.0,0,0,0,0.000000,0
607221,1787860218.001,6.000999927520752,0,0,0,0.000000,0
607222,1787860224.0,5.999000072479248,0,0,0,0.000000,0
607223,1787860230.0,6.0,0,0,0,0.000000,0
607224,1787860236.0,6.0,0,0,0,0.000000,0
607225,1787860242.0,6.0,0,0,0,0.000000,0
607226,1787860248.0,6.0,0,0,0,0.000000,0
607227,1787860254.0,6.0,0,0,0,0.000000,0
607228,1787860260.0,6.0,0,0,0,0.000000,0
607229,1787860266.0,6.0,0,0,0,0.000000,0
607230,1787860272.0,6.0,0,0,0,0.000000,0
607231,1787860278.001,6.000999927520752,0,0,0,0.000000,0
607232,1787860284.0,5.999000072479248,0,0,0,0.000000,0
607233,1787860290.0,6.0,0,0,0,0.000000,0
607234,1787860296.0,6.0,0,0,0,0.000000,0
607235,1787860302.001,6.000999927520752,0,0,0,0.000000,0
607236,1787860308.0,5.999000072479248,0,0,0,0.000000,0
607237,1787860314.0,6.0,0,0,0,0.000000,0
607238,1787860320.0,6.0,0,0,0,0.000000,0
607239,1787860326.001,6.000999927520752,0,0,0,0.000000,0
607240,1787860332.0,5.999000072479248,0,0,0,0.000000,0
607241,1787860338.0,6.0,0,0,0,0.000000,0
607242,1787860344.001,6.000999927520752,0,0,0,0.000000,0
607243,1787860350.0,5.999000072479248,0,0,0,0.000000,0
607244,1787860356.0,6.0,0,0,0,0.000000,0
607245,1787860362.0,6.0,0,0,0,0.000000,0
607246,1787860368.0,6.0,0,0,0,0.000000,0
607247,1787860374.0,6.0,0,0,0,0.000000,0
607248,1787860380.0,6.0,0,0,0,0.000000,0
607249,1787860386.0,6.0,1,1,6709,0.033545,1
607250,1787860392.0,6.0,0,0,0,0.000000,0
607251,1787860398.0,6.0,0,0,0,0.000000,0
607252,1787860404.0,6.0,0,0,0,0.000000,0
607253,1787860410.001,6.000999927520752,0,0,0,0.000000,0
607254,1787860416.0,5.999000072479248,0,0,0,0.000000,0
607255,1787860422.0,6.0,0,0,0,0.000000,0
607256,1787860428.0,6.0,0,0,0,0.000000,0
607257,1787860434.0,6.0,0,0,0,0.000000,0
607258,1787860440.0,6.0,1,1,12139,0.060695,1
607259,1787860446.0,6.0,0,0,0,0.000000,0
607260,1787860452.0,6.0,0,0,0,0.000000,0
607261,1787860458.001,6.000999927520752,0,0,0,0.000000,0
607262,1787860464.0,5.999000072479248,0,0,0,0.000000,0
607263,1787860470.0,6.0,0,0,0,0.000000,0
607264,1787860476.0,6.0,0,0,0,0.000000,0
607265,1787860482.001,6.000999927520752,0,0,0,0.000000,0
607266,1787860488.0,5.999000072479248,0,0,0,0.000000,0
607267,1787860494.0,6.0,0,0,0,0.000000,0
607268,1787860500.0,6.0,0,0,0,0.000000,0
607269,1787860506.0,6.0,0,0,0,0.000000,0
607270,1787860512.001,6.000999927520752,0,0,0,0.000000,0
607271,1787860518.0,5.999000072479248,0,0,0,0.000000,0
607272,1787860524.0,6.0,0,0,0,0.000000,0
607273,1787860530.0,6.0,0,0,0,0.000000,0
607274,1787860536.0,6.0,0,0,0,0.000000,0
607275,1787860542.001,6.000999927520752,0,0,0,0.000000,0
607276,1787860548.001,6.0,0,0,0,0.000000,0
607277,1787860554.0,5.999000072479248,0,0,0,0.000000,0
607278,1787860560.0,6.0,0,0,0,0.000000,0
607279,1787860566.0,6.0,0,0,0,0.000000,0
607280,1787860572.001,6.000999927520752,0,0,0,0.000000,0
607281,1787860578.001,6.0,0,0,0,0.000000,0
607282,1787860584.0,5.999000072479248,0,0,0,0.000000,0
607283,1787860590.0,6.0,0,0,0,0.000000,0
607284,1787860596.001,6.000999927520752,0,0,0,0.000000,0
607285,1787860602.0,5.999000072479248,0,0,0,0.000000,0
607286,1787860608.0,6.0,0,0,0,0.000000,0
607287,1787860614.0,6.0,0,0,0,0.000000,0
607288,1787860620.0,6.0,0,0,0,0.000000,0
607289,1787860626.0,6.0,0,0,0,0.000000,0
607290,1787860632.0,6.0,0,0,0,0.000000,0
607291,1787860638.0,6.0,0,0,0,0.000000,0
607292,1787860644.0,6.0,0,0,0,0.000000,0
607293,1787860650.0,6.0,0,0,0,0.000000,0
607294,1787860656.0,6.0,0,0,0,0.000000,0
607295,1787860662.0,6.0,0,0,0,0.000000,0
607296,1787860668.0,6.0,0,0,0,0.000000,0
607297,1787860674.0,6.0,0,0,0,0.000000,0
607298,1787860680.0,6.0,1,1,3845,0.019225,1
607299,1787860686.0,6.0,0,0,0,0.000000,0
607300,1787860692.0,6.0,0,0,0,0.000000,0
607301,1787860698.0,6.0,0,0,0,0.000000,0
607302,1787860704.001,6.000999927520752,1,1,3845,0.019225,1
607303,1787860710.0,5.999000072479248,0,0,0,0.000000,0
607304,1787860716.0,6.0,0,0,0,0.000000,0
607305,1787860722.0,6.0,1,1,3845,0.019225,1
607306,1787860728.0,6.0,0,0,0,0.000000,0
607307,1787860734.0,6.0,0,0,0,0.000000,0
607308,1787860740.0,6.0,0,0,0,0.000000,0
607309,1787860746.0,6.0,0,0,0,0.000000,0
607310,1787860752.0,6.0,0,0,0,0.000000,0
607311,1787860758.0,6.0,0,0,0,0.000000,0
607312,1787860764.001,6.000999927520752,0,0,0,0.000000,0
607313,1787860770.001,6.0,0,0,0,0.000000,0
607314,1787860776.0,5.999000072479248,0,0,0,0.000000,0
607315,1787860782.0,6.0,0,0,0,0.000000,0
607316,1787860788.0,6.0,0,0,0,0.000000,0
607317,1787860794.0,6.0,0,0,0,0.000000,0
607318,1787860800.0,6.0,0,0,0,0.000000,0
607319,1787860806.0,6.0,0,0,0,0.000000,0
607320,1787860812.0,6.0,0,0,0,0.000000,0
607321,1787860818.0,6.0,0,0,0,0.000000,0
607322,1787860824.0,6.0,0,0,0,0.000000,0
607323,1787860830.0,6.0,0,0,0,0.000000,0
607324,1787860836.0,6.0,0,0,0,0.000000,0
607325,1787860842.001,6.000999927520752,0,0,0,0.000000,0
607326,1787860848.0,5.999000072479248,0,0,0,0.000000,0
607327,1787860854.0,6.0,0,0,0,0.000000,0
607328,1787860860.0,6.0,0,0,0,0.000000,0
607329,1787860866.0,6.0,0,0,0,0.000000,0
607330,1787860872.0,6.0,0,0,0,0.000000,0
607331,1787860878.0,6.0,0,0,0,0.000000,0
607332,1787860884.0,6.0,0,0,0,0.000000,0
607333,1787860890.0,6.0,0,0,0,0.000000,0
607334,1787860896.0,6.0,0,0,0,0.000000,0
607335,1787860902.001,6.000999927520752,0,0,0,0.000000,0
607336,1787860908.0,5.999000072479248,0,0,0,0.000000,0
607337,1787860914.001,6.000999927520752,0,0,0,0.000000,0
607338,1787860920.0,5.999000072479248,0,0,0,0.000000,0
607339,1787860926.0,6.0,1,1,9216,0.046080,1
607340,1787860932.0,6.0,0,0,0,0.000000,0
607341,1787860938.0,6.0,0,0,0,0.000000,0
607342,1787860944.0,6.0,0,0,0,0.000000,0
607343,1787860950.001,6.000999927520752,0,0,0,0.000000,0
607344,1787860956.001,6.0,0,0,0,0.000000,0
607345,1787860962.001,6.0,1,1,9091,0.045455,1
607346,1787860968.001,6.0,0,0,0,0.000000,0
607347,1787860974.0,5.999000072479248,0,0,0,0.000000,0
607348,1787860980.0,6.0,0,0,0,0.000000,0
607349,1787860986.0,6.0,0,0,0,0.000000,0
607350,1787860992.001,6.000999927520752,0,0,0,0.000000,0
607351,1787860998.0,5.999000072479248,0,0,0,0.000000,0
607352,1787861004.0,6.0,1,1,8527,0.042635,0
607353,1787861010.0,6.0,0,0,0,0.000000,0
607354,1787861016.0,6.0,0,0,0,0.000000,0
607355,1787861022.0,6.0,0,0,0,0.000000,0
607356,1787861028.001,6.000999927520752,0,0,0,0.000000,0
607357,1787861034.0,5.999000072479248,0,0,0,0.000000,0
607358,1787861040.0,6.0,0,0,0,0.000000,0
607359,1787861046.001,6.000999927520752,0,0,0,0.000000,0
607360,1787861052.0,5.999000072479248,0,0,0,0.000000,0
607361,1787861058.0,6.0,0,0,0,0.000000,0
607362,1787861064.0,6.0,0,0,0,0.000000,0
607363,1787861070.0,6.0,0,0,0,0.000000,0
607364,1787861076.0,6.0,0,0,0,0.000000,0
607365,1787861082.0,6.0,0,0,0,0.000000,0
607366,1787861088.0,6.0,0,0,0,0.000000,0
607367,1787861094.0,6.0,0,0,0,0.000000,0
607368,1787861100.001,6.000999927520752,0,0,0,0.000000,0
607369,1787861106.0,5.999000072479248,0,0,0,0.000000,0
607370,1787861112.0,6.0,0,0,0,0.000000,0
607371,1787861118.0,6.0,0,0,0,0.000000,0
607372,1787861124.0,6.0,0,0,0,0.000000,0
607373,1787861130.0,6.0,0,0,0,0.000000,0
607374,1787861136.001,6.000999927520752,0,0,0,0.000000,0
607375,1787861142.0,5.999000072479248,0,0,0,0.000000,0
607376,1787861148.001,6.000999927520752,0,0,0,0.000000,0
607377,1787861154.0,5.999000072479248,0,0,0,0.000000,0
607378,1787861160.0,6.0,0,0,0,0.000000,0
607379,1787861166.0,6.0,0,0,0,0.000000,0
607380,1787861172.0,6.0,0,0,0,0.000000,0
607381,1787861178.0,6.0,0,0,0,0.000000,0
607382,1787861184.001,6.000999927520752,1,1,6620,0.033100,1
607383,1787861190.0,5.999000072479248,0,0,0,0.000000,0
607384,1787861196.0,6.0,0,0,0,0.000000,0
607385,1787861202.001,6.000999927520752,0,0,0,0.000000,0
607386,1787861208.001,6.0,0,0,0,0.000000,0
607387,1787861214.0,5.999000072479248,0,0,0,0.000000,0
607388,1787861220.0,6.0,0,0,0,0.000000,0
607389,1787861226.0,6.0,0,0,0,0.000000,0
607390,1787861232.001,6.000999927520752,0,0,0,0.000000,0
607391,1787861238.001,6.0,0,0,0,0.000000,0
607392,1787861244.001,6.0,0,0,0,0.000000,0
607393,1787861250.0,5.999000072479248,0,0,0,0.000000,0
607394,1787861256.0,6.0,0,0,0,0.000000,0
607395,1787861262.0,6.0,0,0,0,0.000000,0
607396,1787861268.0,6.0,0,0,0,0.000000,0
607397,1787861274.001,6.000999927520752,0,0,0,0.000000,0
607398,1787861280.0,5.999000072479248,0,0,0,0.000000,0
607399,1787861286.001,6.000999927520752,1,1,6621,0.033105,1
607400,1787861292.0,5.999000072479248,0,0,0,0.000000,0
607401,1787861298.0,6.0,0,0,0,0.000000,0
607402,1787861304.0,6.0,0,0,0,0.000000,0
607403,1787861310.0,6.0,1,1,6673,0.033365,1
607404,1787861316.0,6.0,0,0,0,0.000000,0
607405,1787861322.0,6.0,0,0,0,0.000000,0
607406,1787861328.0,6.0,0,0,0,0.000000,0
607407,1787861334.0,6.0,0,0,0,0.000000,0
607408,1787861340.001,6.000999927520752,0,0,0,0.000000,0
607409,1787861346.0,5.999000072479248,0,0,0,0.000000,0
607410,1787861352.0,6.0,0,0,0,0.000000,0
607411,1787861358.0,6.0,0,0,0,0.000000,0
607412,1787861364.0,6.0,0,0,0,0.000000,0
607413,1787861370.0,6.0,0,0,0,0.000000,0
607414,1787861376.001,6.000999927520752,0,0,0,0.000000,0
607415,1787861382.0,5.999000072479248,0,0,0,0.000000,0
607416,1787861388.0,6.0,0,0,0,0.000000,0
607417,1787861394.0,6.0,0,0,0,0.000000,0
607418,1787861400.0,6.0,0,0,0,0.000000,0
607419,1787861406.0,6.0,0,0,0,0.000000,0
607420,1787861412.001,6.000999927520752,0,0,0,0.000000,0
607421,1787861418.001,6.0,0,0,0,0.000000,0
607422,1787861424.001,6.0,0,0,0,0.000000,0
607423,1787861430.0,5.999000072479248,0,0,0,0.000000,0
607424,1787861436.0,6.0,0,0,0,0.000000,0
607425,1787861442.0,6.0,0,0,0,0.000000,0
607426,1787861448.0,6.0,0,0,0,0.000000,0
607427,1787861454.0,6.0,0,0,0,0.000000,0
607428,1787861460.0,6.0,0,0,0,0.000000,0
607429,1787861466.001,6.000999927520752,0,0,0,0.000000,0
607430,1787861472.0,5.999000072479248,0,0,0,0.000000,0
607431,1787861478.0,6.0,1,1,3820,0.019100,1
607432,1787861484.0,6.0,0,0,0,0.000000,0
607433,1787861490.0,6.0,0,0,0,0.000000,0
607434,1787861496.0,6.0,0,0,0,0.000000,0
607435,1787861502.001,6.000999927520752,0,0,0,0.000000,0
607436,1787861508.001,6.0,0,0,0,0.000000,0
607437,1787861514.0,5.999000072479248,0,0,0,0.000000,0
607438,1787861520.0,6.0,0,0,0,0.000000,0
607439,1787861526.0,6.0,0,0,0,0.000000,0
607440,1787861532.0,6.0,1,1,3845,0.019225,1
607441,1787861538.0,6.0,0,0,0,0.000000,0
607442,1787861544.0,6.0,0,0,0,0.000000,0
607443,1787861550.0,6.0,1,1,3845,0.019225,1
607444,1787861556.0,6.0,0,0,0,0.000000,0
607445,1787861562.0,6.0,0,0,0,0.000000,0
607446,1787861568.0,6.0,1,1,3845,0.019225,1
607447,1787861574.0,6.0,0,0,0,0.000000,0
607448,1787861580.0,6.0,0,0,0,0.000000,0
607449,1787861586.001,6.000999927520752,1,1,3845,0.019225,1
607450,1787861592.0,5.999000072479248,0,0,0,0.000000,0
607451,1787861598.0,6.0,0,0,0,0.000000,0
607452,1787861604.0,6.0,0,0,0,0.000000,0
607453,1787861610.0,6.0,0,0,0,0.000000,0
607454,1787861616.0,6.0,0,0,0,0.000000,0
607455,1787861622.0,6.0,0,0,0,0.000000,0
607456,1787861628.0,6.0,0,0,0,0.000000,0
607457,1787861634.0,6.0,0,0,0,0.000000,0
607458,1787861640.0,6.0,0,0,0,0.000000,0
607459,1787861646.0,6.0,0,0,0,0.000000,0
607460,1787861652.0,6.0,0,0,0,0.000000,0
607461,1787861658.0,6.0,0,0,0,0.000000,0
607462,1787861664.0,6.0,0,0,0,0.000000,0
607463,1787861670.0,6.0,0,0,0,0.000000,0
607464,1787861676.0,6.0,0,0,0,0.000000,0
607465,1787861682.001,6.000999927520752,0,0,0,0.000000,0
607466,1787861688.0,5.999000072479248,0,0,0,0.000000,0
607467,1787861694.0,6.0,0,0,0,0.000000,0
607468,1787861700.0,6.0,0,0,0,0.000000,0
607469,1787861706.0,6.0,0,0,0,0.000000,0
607470,1787861712.001,6.000999927520752,0,0,0,0.000000,0
607471,1787861718.001,6.0,0,0,0,0.000000,0
607472,1787861724.0,5.999000072479248,0,0,0,0.000000,0
607473,1787861730.0,6.0,0,0,0,0.000000,0
607474,1787861736.0,6.0,0,0,0,0.000000,0
607475,1787861742.0,6.0,0,0,0,0.000000,0
607476,1787861748.001,6.000999927520752,0,0,0,0.000000,0
607477,1787861754.001,6.0,0,0,0,0.000000,0
607478,1787861760.0,5.999000072479248,0,0,0,0.000000,0
607479,1787861766.0,6.0,0,0,0,0.000000,0
607480,1787861772.0,6.0,0,0,0,0.000000,0
607481,1787861778.0,6.0,0,0,0,0.000000,0
607482,1787861784.0,6.0,0,0,0,0.000000,0
607483,1787861790.0,6.0,0,0,0,0.000000,0
607484,1787861796.0,6.0,0,0,0,0.000000,0
607485,1787861802.0,6.0,0,0,0,0.000000,0
607486,1787861808.001,6.000999927520752,0,0,0,0.000000,0
607487,1787861814.001,6.0,0,0,0,0.000000,0
607488,1787861820.001,6.0,0,0,0,0.000000,0
607489,1787861826.0,5.999000072479248,0,0,0,0.000000,0
607490,1787861832.0,6.0,0,0,0,0.000000,0
607491,1787861838.0,6.0,0,0,0,0.000000,0
607492,1787861844.0,6.0,0,0,0,0.000000,0
607493,1787861850.0,6.0,0,0,0,0.000000,0
607494,1787861856.001,6.000999927520752,0,0,0,0.000000,0
607495,1787861862.0,5.999000072479248,0,0,0,0.000000,0
607496,1787861868.0,6.0,0,0,0,0.000000,0
607497,1787861874.0,6.0,0,0,0,0.000000,0
607498,1787861880.001,6.000999927520752,0,0,0,0.000000,0
607499,1787861886.0,5.999000072479248,0,0,0,0.000000,0
607500,1787861892.001,6.000999927520752,0,0,0,0.000000,0
607501,1787861898.0,5.999000072479248,0,0,0,0.000000,0
607502,1787861904.0,6.0,0,0,0,0.000000,0
607503,1787861910.0,6.0,0,0,0,0.000000,0
607504,1787861916.001,6.000999927520752,0,0,0,0.000000,0
607505,1787861922.001,6.0,0,0,0,0.000000,0
607506,1787861928.0,5.999000072479248,0,0,0,0.000000,0
607507,1787861934.0,6.0,0,0,0,0.000000,0
607508,1787861940.0,6.0,0,0,0,0.000000,0
607509,1787861946.0,6.0,0,0,0,0.000000,0
607510,1787861952.0,6.0,0,0,0,0.000000,0
607511,1787861958.001,6.000999927520752,0,0,0,0.000000,0
607512,1787861964.0,5.999000072479248,0,0,0,0.000000,0
607513,1787861970.0,6.0,0,0,0,0.000000,0
607514,1787861976.0,6.0,0,0,0,0.000000,0
607515,1787861982.0,6.0,0,0,0,0.000000,0
607516,1787861988.0,6.0,0,0,0,0.000000,0
607517,1787861994.001,6.000999927520752,0,0,0,0.000000,0
607518,1787862000.0,5.999000072479248,0,0,0,0.000000,0
607519,1787862006.0,6.0,1,1,6568,0.032840,1
607520,1787862012.0,6.0,0,0,0,0.000000,0
607521,1787862018.0,6.0,0,0,0,0.000000,0
607522,1787862024.0,6.0,0,0,0,0.000000,0
607523,1787862030.0,6.0,0,0,0,0.000000,0
607524,1787862036.0,6.0,0,0,0,0.000000,0
607525,1787862042.0,6.0,0,0,0,0.000000,0
607526,1787862048.0,6.0,0,0,0,0.000000,0
607527,1787862054.0,6.0,0,0,0,0.000000,0
607528,1787862060.0,6.0,1,1,3845,0.019225,1
607529,1787862066.0,6.0,0,0,0,0.000000,0
607530,1787862072.0,6.0,1,1,6532,0.032660,1
607531,1787862078.0,6.0,1,1,3845,0.019225,1
607532,1787862084.0,6.0,0,0,0,0.000000,0
607533,1787862090.0,6.0,0,0,0,0.000000,0
607534,1787862096.001,6.000999927520752,0,0,0,0.000000,0
607535,1787862102.001,6.0,0,0,0,0.000000,0
607536,1787862108.0,5.999000072479248,0,0,0,0.000000,0
607537,1787862114.0,6.0,0,0,0,0.000000,0
607538,1787862120.0,6.0,0,0,0,0.000000,0
607539,1787862126.0,6.0,0,0,0,0.000000,0
607540,1787862132.0,6.0,0,0,0,0.000000,0
607541,1787862138.0,6.0,0,0,0,0.000000,0
607542,1787862144.001,6.000999927520752,0,0,0,0.000000,0
607543,1787862150.001,6.0,0,0,0,0.000000,0
607544,1787862156.0,5.999000072479248,0,0,0,0.000000,0
607545,1787862162.0,6.0,0,0,0,0.000000,0
607546,1787862168.0,6.0,0,0,0,0.000000,0
607547,1787862174.0,6.0,0,0,0,0.000000,0
607548,1787862180.0,6.0,0,0,0,0.000000,0
607549,1787862186.0,6.0,1,1,6621,0.033105,1
607550,1787862192.001,6.000999927520752,0,0,0,0.000000,0
607551,1787862198.0,5.999000072479248,0,0,0,0.000000,0
607552,1787862204.001,6.000999927520752,0,0,0,0.000000,0
607553,1787862210.0,5.999000072479248,0,0,0,0.000000,0
607554,1787862216.0,6.0,0,0,0,0.000000,0
607555,1787862222.0,6.0,0,0,0,0.000000,0
607556,1787862228.0,6.0,0,0,0,0.000000,0
607557,1787862234.0,6.0,0,0,0,0.000000,0
607558,1787862240.0,6.0,0,0,0,0.000000,0
607559,1787862246.0,6.0,0,0,0,0.000000,0
607560,1787862252.0,6.0,0,0,0,0.000000,0
607561,1787862258.0,6.0,0,0,0,0.000000,0
607562,1787862264.0,6.0,0,0,0,0.000000,0
607563,1787862270.0,6.0,0,0,0,0.000000,0
607564,1787862276.0,6.0,0,0,0,0.000000,0
607565,1787862282.0,6.0,0,0,0,0.000000,0
607566,1787862288.0,6.0,0,0,0,0.000000,0
607567,1787862294.0,6.0,0,0,0,0.000000,0
607568,1787862300.0,6.0,0,0,0,0.000000,0
607569,1787862306.0,6.0,0,0,0,0.000000,0
607570,1787862312.0,6.0,0,0,0,0.000000,0
607571,1787862318.0,6.0,0,0,0,0.000000,0
607572,1787862324.0,6.0,0,0,0,0.000000,0
607573,1787862330.001,6.000999927520752,0,0,0,0.000000,0
607574,1787862336.0,5.999000072479248,0,0,0,0.000000,0
607575,1787862342.0,6.0,0,0,0,0.000000,0
607576,1787862348.0,6.0,0,0,0,0.000000,0
607577,1787862354.0,6.0,0,0,0,0.000000,0
607578,1787862360.001,6.000999927520752,0,0,0,0.000000,0
607579,1787862366.0,5.999000072479248,0,0,0,0.000000,0
607580,1787862372.001,6.000999927520752,0,0,0,0.000000,0
607581,1787862378.0,5.999000072479248,0,0,0,0.000000,0
607582,1787862384.0,6.0,0,0,0,0.000000,0
607583,1787862390.0,6.0,0,0,0,0.000000,0
607584,1787862396.0,6.0,0,0,0,0.000000,0
607585,1787862402.0,6.0,0,0,0,0.000000,0
607586,1787862408.0,6.0,0,0,0,0.000000,0
607587,1787862414.0,6.0,0,0,0,0.000000,0
607588,1787862420.001,6.000999927520752,0,0,0,0.000000,0
607589,1787862426.0,5.999000072479248,0,0,0,0.000000,0
607590,1787862432.0,6.0,0,0,0,0.000000,0
607591,1787862438.0,6.0,0,0,0,0.000000,0
607592,1787862444.0,6.0,0,0,0,0.000000,0
607593,1787862450.0,6.0,0,0,0,0.000000,0
607594,1787862456.0,6.0,0,0,0,0.000000,0
607595,1787862462.0,6.0,0,0,0,0.000000,0
607596,1787862468.0,6.0,0,0,0,0.000000,0
607597,1787862474.0,6.0,0,0,0,0.000000,0
607598,1787862480.0,6.0,0,0,0,0.000000,0
607599,1787862486.0,6.0,0,0,0,0.000000,0
607600,1787862492.0,6.0,0,0,0,0.000000,0
607601,1787862498.001,6.000999927520752,0,0,0,0.000000,0
607602,1787862504.0,5.999000072479248,0,0,0,0.000000,0
607603,1787862510.0,6.0,0,0,0,0.000000,0
607604,1787862516.0,6.0,0,0,0,0.000000,0
607605,1787862522.0,6.0,0,0,0,0.000000,0
607606,1787862528.0,6.0,0,0,0,0.000000,0
607607,1787862534.0,6.0,0,0,0,0.000000,0
607608,1787862540.0,6.0,0,0,0,0.000000,0
607609,1787862546.0,6.0,0,0,0,0.000000,0
607610,1787862552.001,6.000999927520752,0,0,0,0.000000,0
607611,1787862558.001,6.0,0,0,0,0.000000,0
607612,1787862564.0,5.999000072479248,0,0,0,0.000000,0
607613,1787862570.0,6.0,1,1,7968,0.039840,1
607614,1787862576.0,6.0,0,0,0,0.000000,0
607615,1787862582.0,6.0,0,0,0,0.000000,0
607616,1787862588.0,6.0,0,0,0,0.000000,0
607617,1787862594.0,6.0,0,0,0,0.000000,0
607618,1787862600.0,6.0,0,0,0,0.000000,0
607619,1787862606.0,6.0,0,0,0,0.000000,0
607620,1787862612.0,6.0,0,0,0,0.000000,0
607621,1787862618.0,6.0,0,0,0,0.000000,0
607622,1787862624.0,6.0,0,0,0,0.000000,0
607623,1787862630.0,6.0,0,0,0,0.000000,0
607624,1787862636.0,6.0,0,0,0,0.000000,0
607625,1787862642.0,6.0,0,0,0,0.000000,0
607626,1787862648.001,6.000999927520752,1,1,32071,0.160355,1
607627,1787862654.0,5.999000072479248,0,0,0,0.000000,0
607628,1787862660.0,6.0,0,0,0,0.000000,0
607629,1787862666.001,6.000999927520752,0,0,0,0.000000,0
607630,1787862672.0,5.999000072479248,0,0,0,0.000000,0
607631,1787862678.0,6.0,0,0,0,0.000000,0
607632,1787862684.0,6.0,0,0,0,0.000000,0
607633,1787862690.0,6.0,0,0,0,0.000000,0
607634,1787862696.0,6.0,0,0,0,0.000000,0
607635,1787862702.001,6.000999927520752,0,0,0,0.000000,0
607636,1787862708.0,5.999000072479248,0,0,0,0.000000,0
607637,1787862714.0,6.0,0,0,0,0.000000,0
607638,1787862720.001,6.000999927520752,1,1,7968,0.039840,1
607639,1787862726.001,6.0,0,0,0,0.000000,0
607640,1787862732.0,5.999000072479248,0,0,0,0.000000,0
607641,1787862738.0,6.0,0,0,0,0.000000,0
607642,1787862744.0,6.0,0,0,0,0.000000,0
607643,1787862750.0,6.0,0,0,0,0.000000,0
607644,1787862756.001,6.000999927520752,0,0,0,0.000000,0
607645,1787862762.001,6.0,0,0,0,0.000000,0
607646,1787862768.0,5.999000072479248,0,0,0,0.000000,0
607647,1787862774.001,6.000999927520752,0,0,0,0.000000,0
607648,1787862780.001,6.0,0,0,0,0.000000,0
607649,1787862786.0,5.999000072479248,0,0,0,0.000000,0
607650,1787862792.0,6.0,0,0,0,0.000000,0
607651,1787862798.0,6.0,0,0,0,0.000000,0
607652,1787862804.0,6.0,0,0,0,0.000000,0
607653,1787862810.0,6.0,0,0,0,0.000000,0
607654,1787862816.0,6.0,0,0,0,0.000000,0
607655,1787862822.0,6.0,0,0,0,0.000000,0
607656,1787862828.0,6.0,0,0,0,0.000000,0
607657,1787862834.0,6.0,0,0,0,0.000000,0
607658,1787862840.0,6.0,0,0,0,0.000000,0
607659,1787862846.001,6.000999927520752,0,0,0,0.000000,0
607660,1787862852.0,5.999000072479248,0,0,0,0.000000,0
607661,1787862858.0,6.0,0,0,0,0.000000,0
607662,1787862864.0,6.0,1,1,63592,0.317960,1
607663,1787862870.0,6.0,0,0,0,0.000000,0
607664,1787862876.0,6.0,0,0,0,0.000000,0
607665,1787862882.0,6.0,0,0,0,0.000000,0
607666,1787862888.0,6.0,0,0,0,0.000000,0
607667,1787862894.001,6.000999927520752,0,0,0,0.000000,0
607668,1787862900.001,6.0,0,0,0,0.000000,0
607669,1787862906.0,5.999000072479248,0,0,0,0.000000,0
607670,1787862912.0,6.0,0,0,0,0.000000,0
607671,1787862918.0,6.0,0,0,0,0.000000,0
607672,1787862924.0,6.0,0,0,0,0.000000,0
607673,1787862930.0,6.0,1,1,8230,0.041150,1
607674,1787862936.0,6.0,0,0,0,0.000000,0
607675,1787862942.0,6.0,0,0,0,0.000000,0
607676,1787862948.0,6.0,0,0,0,0.000000,0
607677,1787862954.0,6.0,0,0,0,0.000000,0
607678,1787862960.001,6.000999927520752,0,0,0,0.000000,0
607679,1787862966.0,5.999000072479248,1,1,6621,0.033105,1
607680,1787862972.0,6.0,0,0,0,0.000000,0
607681,1787862978.001,6.000999927520752,0,0,0,0.000000,0
607682,1787862984.0,5.999000072479248,0,0,0,0.000000,0
607683,1787862990.0,6.0,0,0,0,0.000000,0
607684,1787862996.0,6.0,0,0,0,0.000000,0
607685,1787863002.0,6.0,0,0,0,0.000000,0
607686,1787863008.0,6.0,0,0,0,0.000000,0
607687,1787863014.0,6.0,0,0,0,0.000000,0
607688,1787863020.0,6.0,0,0,0,0.000000,0
607689,1787863026.0,6.0,0,0,0,0.000000,0
607690,1787863032.0,6.0,1,1,6672,0.033360,1
607691,1787863038.001,6.000999927520752,0,0,0,0.000000,0
607692,1787863044.0,5.999000072479248,0,0,0,0.000000,0
607693,1787863050.0,6.0,0,0,0,0.000000,0
607694,1787863056.0,6.0,0,0,0,0.000000,0
607695,1787863062.001,6.000999927520752,0,0,0,0.000000,0
607696,1787863068.001,6.0,0,0,0,0.000000,0
607697,1787863074.0,5.999000072479248,0,0,0,0.000000,0
607698,1787863080.0,6.0,0,0,0,0.000000,0
607699,1787863086.0,6.0,0,0,0,0.000000,0
607700,1787863092.0,6.0,0,0,0,0.000000,0
607701,1787863098.0,6.0,0,0,0,0.000000,0
607702,1787863104.0,6.0,0,0,0,0.000000,0
607703,1787863110.0,6.0,0,0,0,0.000000,0
607704,1787863116.0,6.0,0,0,0,0.000000,0
607705,1787863122.0,6.0,0,0,0,0.000000,0
607706,1787863128.0,6.0,0,0,0,0.000000,0
607707,1787863134.0,6.0,0,0,0,0.000000,0
607708,1787863140.0,6.0,0,0,0,0.000000,0
607709,1787863146.0,6.0,0,0,0,0.000000,0
607710,1787863152.0,6.0,0,0,0,0.000000,0
607711,1787863158.0,6.0,0,0,0,0.000000,0
607712,1787863164.0,6.0,0,0,0,0.000000,0
607713,1787863170.0,6.0,0,0,0,0.000000,0
607714,1787863176.0,6.0,0,0,0,0.000000,0
607715,1787863182.0,6.0,0,0,0,0.000000,0
607716,1787863188.0,6.0,0,0,0,0.000000,0
607717,1787863194.0,6.0,0,0,0,0.000000,0
607718,1787863200.0,6.0,0,0,0,0.000000,0
607719,1787863206.0,6.0,0,0,0,0.000000,0
607720,1787863212.0,6.0,0,0,0,0.000000,0
607721,1787863218.0,6.0,0,0,0,0.000000,0
607722,1787863224.001,6.000999927520752,0,0,0,0.000000,0
607723,1787863230.0,5.999000072479248,0,0,0,0.000000,0
607724,1787863236.0,6.0,0,0,0,0.000000,0
607725,1787863242.0,6.0,0,0,0,0.000000,0
607726,1787863248.0,6.0,0,0,0,0.000000,0
607727,1787863254.0,6.0,0,0,0,0.000000,0
607728,1787863260.0,6.0,0,0,0,0.000000,0
607729,1787863266.0,6.0,0,0,0,0.000000,0
607730,1787863272.001,6.000999927520752,0,0,0,0.000000,0
607731,1787863278.0,5.999000072479248,0,0,0,0.000000,0
607732,1787863284.0,6.0,0,0,0,0.000000,0
607733,1787863290.0,6.0,0,0,0,0.000000,0
607734,1787863296.0,6.0,0,0,0,0.000000,0
607735,1787863302.001,6.000999927520752,0,0,0,0.000000,0
607736,1787863308.0,5.999000072479248,0,0,0,0.000000,0
607737,1787863314.0,6.0,0,0,0,0.000000,0
607738,1787863320.0,6.0,0,0,0,0.000000,0
607739,1787863326.0,6.0,0,0,0,0.000000,0
607740,1787863332.0,6.0,0,0,0,0.000000,0
607741,1787863338.0,6.0,0,0,0,0.000000,0
607742,1787863344.001,6.000999927520752,0,0,0,0.000000,0
607743,1787863350.001,6.0,0,0,0,0.000000,0
607744,1787863356.0,5.999000072479248,0,0,0,0.000000,0
607745,1787863362.0,6.0,0,0,0,0.000000,0
607746,1787863368.0,6.0,0,0,0,0.000000,0
607747,1787863374.001,6.000999927520752,0,0,0,0.000000,0
607748,1787863380.0,5.999000072479248,0,0,0,0.000000,0
607749,1787863386.0,6.0,0,0,0,0.000000,0
607750,1787863392.0,6.0,0,0,0,0.000000,0
607751,1787863398.0,6.0,0,0,0,0.000000,0
607752,1787863404.0,6.0,0,0,0,0.000000,0
607753,1787863410.0,6.0,0,0,0,0.000000,0
607754,1787863416.0,6.0,0,0,0,0.000000,0
607755,1787863422.0,6.0,0,0,0,0.000000,0
607756,1787863428.0,6.0,0,0,0,0.000000,0
607757,1787863434.0,6.0,0,0,0,0.000000,0
607758,1787863440.0,6.0,0,0,0,0.000000,0
607759,1787863446.0,6.0,0,0,0,0.000000,0
607760,1787863452.0,6.0,0,0,0,0.000000,0
607761,1787863458.0,6.0,0,0,0,0.000000,0
607762,1787863464.0,6.0,0,0,0,0.000000,0
607763,1787863470.0,6.0,0,0,0,0.000000,0
607764,1787863476.0,6.0,0,0,0,0.000000,0
607765,1787863482.0,6.0,0,0,0,0.000000,0
607766,1787863488.001,6.000999927520752,0,0,0,0.000000,0
607767,1787863494.0,5.999000072479248,0,0,0,0.000000,0
607768,1787863500.0,6.0,0,0,0,0.000000,0
607769,1787863506.001,6.000999927520752,0,0,0,0.000000,0
607770,1787863512.0,5.999000072479248,0,0,0,0.000000,0
607771,1787863518.0,6.0,0,0,0,0.000000,0
607772,1787863524.0,6.0,0,0,0,0.000000,0
607773,1787863530.001,6.000999927520752,0,0,0,0.000000,0
607774,1787863536.001,6.0,0,0,0,0.000000,0
607775,1787863542.0,5.999000072479248,0,0,0,0.000000,0
607776,1787863548.001,6.000999927520752,0,0,0,0.000000,0
607777,1787863554.0,5.999000072479248,0,0,0,0.000000,0
607778,1787863560.0,6.0,0,0,0,0.000000,0
607779,1787863566.0,6.0,0,0,0,0.000000,0
607780,1787863572.0,6.0,0,0,0,0.000000,0
607781,1787863578.0,6.0,0,0,0,0.000000,0
607782,1787863584.001,6.000999927520752,0,0,0,0.000000,0
607783,1787863590.0,5.999000072479248,0,0,0,0.000000,0
607784,1787863596.001,6.000999927520752,0,0,0,0.000000,0
607785,1787863602.0,5.999000072479248,0,0,0,0.000000,0
607786,1787863608.0,6.0,0,0,0,0.000000,0
607787,1787863614.0,6.0,0,0,0,0.000000,0
607788,1787863620.0,6.0,0,0,0,0.000000,0
607789,1787863626.001,6.000999927520752,0,0,0,0.000000,0
607790,1787863632.001,6.0,0,0,0,0.000000,0
607791,1787863638.0,5.999000072479248,0,0,0,0.000000,0
607792,1787863644.0,6.0,0,0,0,0.000000,0
607793,1787863650.0,6.0,0,0,0,0.000000,0
607794,1787863656.0,6.0,0,0,0,0.000000,0
607795,1787863662.001,6.000999927520752,0,0,0,0.000000,0
607796,1787863668.001,6.0,0,0,0,0.000000,0
607797,1787863674.0,5.999000072479248,0,0,0,0.000000,0
607798,1787863680.0,6.0,0,0,0,0.000000,0
607799,1787863686.0,6.0,0,0,0,0.000000,0
607800,1787863692.0,6.0,0,0,0,0.000000,0
607801,1787863698.0,6.0,0,0,0,0.000000,0
607802,1787863704.0,6.0,0,0,0,0.000000,0
607803,1787863710.0,6.0,0,0,0,0.000000,0
607804,1787863716.0,6.0,0,0,0,0.000000,0
607805,1787863722.0,6.0,0,0,0,0.000000,0
607806,1787863728.0,6.0,0,0,0,0.000000,0
607807,1787863734.001,6.000999927520752,0,0,0,0.000000,0
607808,1787863740.0,5.999000072479248,0,0,0,0.000000,0
607809,1787863746.0,6.0,0,0,0,0.000000,0
607810,1787863752.0,6.0,0,0,0,0.000000,0
607811,1787863758.0,6.0,0,0,0,0.000000,0
607812,1787863764.0,6.0,0,0,0,0.000000,0
607813,1787863770.0,6.0,0,0,0,0.000000,0
607814,1787863776.001,6.000999927520752,0,0,0,0.000000,0
607815,1787863782.0,5.999000072479248,0,0,0,0.000000,0
607816,1787863788.0,6.0,0,0,0,0.000000,0
607817,1787863794.0,6.0,0,0,0,0.000000,0
607818,1787863800.0,6.0,0,0,0,0.000000,0
607819,1787863806.0,6.0,0,0,0,0.000000,0
607820,1787863812.0,6.0,0,0,0,0.000000,0
607821,1787863818.0,6.0,0,0,0,0.000000,0
607822,1787863824.0,6.0,0,0,0,0.000000,0
607823,1787863830.0,6.0,0,0,0,0.000000,0
607824,1787863836.0,6.0,0,0,0,0.000000,0
607825,1787863842.0,6.0,0,0,0,0.000000,0
607826,1787863848.001,6.000999927520752,0,0,0,0.000000,0
607827,1787863854.0,5.999000072479248,0,0,0,0.000000,0
607828,1787863860.0,6.0,0,0,0,0.000000,0
607829,1787863866.0,6.0,0,0,0,0.000000,0
607830,1787863872.0,6.0,0,0,0,0.000000,0
607831,1787863878.0,6.0,0,0,0,0.000000,0
607832,1787863884.001,6.000999927520752,0,0,0,0.000000,0
607833,1787863890.0,5.999000072479248,0,0,0,0.000000,0
607834,1787863896.001,6.000999927520752,0,0,0,0.000000,0
607835,1787863902.001,6.0,0,0,0,0.000000,0
607836,1787863908.0,5.999000072479248,0,0,0,0.000000,0
607837,1787863914.0,6.0,0,0,0,0.000000,0
607838,1787863920.001,6.000999927520752,0,0,0,0.000000,0
607839,1787863926.0,5.999000072479248,0,0,0,0.000000,0
607840,1787863932.001,6.000999927520752,0,0,0,0.000000,0
607841,1787863938.001,6.0,0,0,0,0.000000,0
607842,1787863944.0,5.999000072479248,0,0,0,0.000000,0
607843,1787863950.0,6.0,0,0,0,0.000000,0
607844,1787863956.001,6.000999927520752,0,0,0,0.000000,0
607845,1787863962.0,5.999000072479248,0,0,0,0.000000,0
607846,1787863968.0,6.0,0,0,0,0.000000,0
607847,1787863974.001,6.000999927520752,0,0,0,0.000000,0
607848,1787863980.0,5.999000072479248,0,0,0,0.000000,0
607849,1787863986.0,6.0,0,0,0,0.000000,0
607850,1787863992.0,6.0,0,0,0,0.000000,0
607851,1787863998.0,6.0,0,0,0,0.000000,0
607852,1787864004.0,6.0,0,0,0,0.000000,0
607853,1787864010.0,6.0,0,0,0,0.000000,0
607854,1787864016.0,6.0,0,0,0,0.000000,0
607855,1787864022.001,6.000999927520752,0,0,0,0.000000,0
607856,1787864028.0,5.999000072479248,0,0,0,0.000000,0
607857,1787864034.0,6.0,0,0,0,0.000000,0
607858,1787864040.0,6.0,0,0,0,0.000000,0
607859,1787864046.001,6.000999927520752,0,0,0,0.000000,0
607860,1787864052.001,6.0,0,0,0,0.000000,0
607861,1787864058.0,5.999000072479248,0,0,0,0.000000,0
607862,1787864064.0,6.0,0,0,0,0.000000,0
607863,1787864070.0,6.0,0,0,0,0.000000,0
607864,1787864076.001,6.000999927520752,0,0,0,0.000000,0
607865,1787864082.001,6.0,0,0,0,0.000000,0
607866,1787864088.0,5.999000072479248,0,0,0,0.000000,0
607867,1787864094.0,6.0,0,0,0,0.000000,0
607868,1787864100.0,6.0,0,0,0,0.000000,0
607869,1787864106.0,6.0,0,0,0,0.000000,0
607870,1787864112.001,6.000999927520752,0,0,0,0.000000,0
607871,1787864118.0,5.999000072479248,0,0,0,0.000000,0
607872,1787864124.0,6.0,0,0,0,0.000000,0
607873,1787864130.0,6.0,0,0,0,0.000000,0
607874,1787864136.001,6.000999927520752,0,0,0,0.000000,0
607875,1787864142.001,6.0,0,0,0,0.000000,0
607876,1787864148.0,5.999000072479248,0,0,0,0.000000,0
607877,1787864154.0,6.0,0,0,0,0.000000,0
607878,1787864160.0,6.0,0,0,0,0.000000,0
607879,1787864166.0,6.0,0,0,0,0.000000,0
607880,1787864172.0,6.0,0,0,0,0.000000,0
607881,1787864178.0,6.0,0,0,0,0.000000,0
607882,1787864184.0,6.0,0,0,0,0.000000,0
607883,1787864190.0,6.0,0,0,0,0.000000,0
607884,1787864196.0,6.0,0,0,0,0.000000,0
607885,1787864202.0,6.0,0,0,0,0.000000,0
607886,1787864208.001,6.000999927520752,0,0,0,0.000000,0
607887,1787864214.001,6.0,0,0,0,0.000000,0
607888,1787864220.0,5.999000072479248,0,0,0,0.000000,0
607889,1787864226.0,6.0,0,0,0,0.000000,0
607890,1787864232.0,6.0,0,0,0,0.000000,0
607891,1787864238.0,6.0,1,1,7968,0.039840,1
607892,1787864244.0,6.0,0,0,0,0.000000,0
607893,1787864250.0,6.0,0,0,0,0.000000,0
607894,1787864256.0,6.0,0,0,0,0.000000,0
607895,1787864262.0,6.0,0,0,0,0.000000,0
607896,1787864268.0,6.0,0,0,0,0.000000,0
607897,1787864274.001,6.000999927520752,0,0,0,0.000000,0
607898,1787864280.0,5.999000072479248,0,0,0,0.000000,0
607899,1787864286.0,6.0,0,0,0,0.000000,0
607900,1787864292.0,6.0,0,0,0,0.000000,0
607901,1787864298.0,6.0,0,0,0,0.000000,0
607902,1787864304.0,6.0,0,0,0,0.000000,0
607903,1787864310.0,6.0,0,0,0,0.000000,0
607904,1787864316.0,6.0,0,0,0,0.000000,0
607905,1787864322.0,6.0,1,1,32087,0.160435,1
607906,1787864328.0,6.0,0,0,0,0.000000,0
607907,1787864334.0,6.0,0,0,0,0.000000,0
607908,1787864340.0,6.0,0,0,0,0.000000,0
607909,1787864346.0,6.0,0,0,0,0.000000,0
607910,1787864352.001,6.000999927520752,0,0,0,0.000000,0
607911,1787864358.0,5.999000072479248,0,0,0,0.000000,0
607912,1787864364.0,6.0,0,0,0,0.000000,0
607913,1787864370.001,6.000999927520752,0,0,0,0.000000,0
607914,1787864376.001,6.0,0,0,0,0.000000,0
607915,1787864382.0,5.999000072479248,0,0,0,0.000000,0
607916,1787864388.0,6.0,1,1,7968,0.039840,1
607917,1787864394.001,6.000999927520752,0,0,0,0.000000,0
607918,1787864400.0,5.999000072479248,0,0,0,0.000000,0
607919,1787864406.0,6.0,0,0,0,0.000000,0
607920,1787864412.001,6.000999927520752,0,0,0,0.000000,0
607921,1787864418.0,5.999000072479248,0,0,0,0.000000,0
607922,1787864424.001,6.000999927520752,0,0,0,0.000000,0
607923,1787864430.0,5.999000072479248,0,0,0,0.000000,0
607924,1787864436.0,6.0,0,0,0,0.000000,0
607925,1787864442.0,6.0,0,0,0,0.000000,0
607926,1787864448.001,6.000999927520752,0,0,0,0.000000,0
607927,1787864454.0,5.999000072479248,0,0,0,0.000000,0
607928,1787864460.001,6.000999927520752,0,0,0,0.000000,0
607929,1787864466.0,5.999000072479248,0,0,0,0.000000,0
607930,1787864472.0,6.0,0,0,0,0.000000,0
607931,1787864478.0,6.0,0,0,0,0.000000,0
607932,1787864484.0,6.0,0,0,0,0.000000,0
607933,1787864490.0,6.0,0,0,0,0.000000,0
607934,1787864496.0,6.0,0,0,0,0.000000,0
607935,1787864502.0,6.0,0,0,0,0.000000,0
607936,1787864508.0,6.0,4,4,14868,0.074340,4
607937,1787864514.0,6.0,3,3,11169,0.055845,3
607938,1787864520.001,6.000999927520752,3,3,11169,0.055845,3
607939,1787864526.0,5.999000072479248,4,4,14889,0.074445,4
607940,1787864532.0,6.0,2,2,7446,0.037230,2
607941,1787864538.0,6.0,5,5,78513,0.392565,5
607942,1787864544.001,6.000999927520752,2,2,7445,0.037225,2
607943,1787864550.0,5.999000072479248,4,4,14892,0.074460,4
607944,1787864556.0,6.0,3,3,11169,0.055845,3
607945,1787864562.0,6.0,3,3,11166,0.055830,3
607946,1787864568.0,6.0,3,3,11148,0.055740,3
607947,1787864574.0,6.0,3,3,11160,0.055800,3
607948,1787864580.0,6.0,4,4,14891,0.074455,4
607949,1787864586.001,6.000999927520752,2,2,7445,0.037225,2
607950,1787864592.0,5.999000072479248,3,3,11168,0.055840,3
607951,1787864598.0,6.0,2,2,7440,0.037200,2
607952,1787864604.001,6.000999927520752,4,4,14874,0.074370,4
607953,1787864610.0,5.999000072479248,2,2,7446,0.037230,2
607954,1787864616.0,6.0,3,3,11169,0.055845,3
607955,1787864622.0,6.0,3,3,11168,0.055840,3
607956,1787864628.0,6.0,3,3,11162,0.055810,3
607957,1787864634.0,6.0,2,2,7434,0.037170,2
607958,1787864640.0,6.0,2,2,7446,0.037230,2
607959,1787864646.0,6.0,2,2,7438,0.037190,2
607960,1787864652.0,6.0,0,0,0,0.000000,0
607961,1787864658.0,6.0,0,0,0,0.000000,0
607962,1787864664.0,6.0,0,0,0,0.000000,0
607963,1787864670.0,6.0,0,0,0,0.000000,0
607964,1787864676.0,6.0,0,0,0,0.000000,0
607965,1787864682.0,6.0,0,0,0,0.000000,0
607966,1787864688.0,6.0,0,0,0,0.000000,0
607967,1787864694.0,6.0,0,0,0,0.000000,0
607968,1787864700.001,6.000999927520752,0,0,0,0.000000,0
607969,1787864706.0,5.999000072479248,0,0,0,0.000000,0
607970,1787864712.0,6.0,0,0,0,0.000000,0
607971,1787864718.0,6.0,0,0,0,0.000000,0
607972,1787864724.0,6.0,0,0,0,0.000000,0
607973,1787864730.0,6.0,0,0,0,0.000000,0
607974,1787864736.001,6.000999927520752,0,0,0,0.000000,0
607975,1787864742.0,5.999000072479248,0,0,0,0.000000,0
607976,1787864748.0,6.0,0,0,0,0.000000,0
607977,1787864754.0,6.0,0,0,0,0.000000,0
607978,1787864760.0,6.0,0,0,0,0.000000,0
607979,1787864766.0,6.0,0,0,0,0.000000,0
607980,1787864772.001,6.000999927520752,0,0,0,0.000000,0
607981,1787864778.001,6.0,0,0,0,0.000000,0
607982,1787864784.0,5.999000072479248,0,0,0,0.000000,0
607983,1787864790.0,6.0,0,0,0,0.000000,0
607984,1787864796.001,6.000999927520752,0,0,0,0.000000,0
607985,1787864802.0,5.999000072479248,0,0,0,0.000000,0
607986,1787864808.0,6.0,0,0,0,0.000000,0
607987,1787864814.0,6.0,0,0,0,0.000000,0
607988,1787864820.001,6.000999927520752,0,0,0,0.000000,0
607989,1787864826.0,5.999000072479248,0,0,0,0.000000,0
607990,1787864832.0,6.0,0,0,0,0.000000,0
607991,1787864838.0,6.0,0,0,0,0.000000,0
607992,1787864844.001,6.000999927520752,0,0,0,0.000000,0
607993,1787864850.001,6.0,0,0,0,0.000000,0
607994,1787864856.0,5.999000072479248,0,0,0,0.000000,0
607995,1787864862.0,6.0,0,0,0,0.000000,0
607996,1787864868.0,6.0,0,0,0,0.000000,0
607997,1787864874.0,6.0,0,0,0,0.000000,0
607998,1787864880.001,6.000999927520752,0,0,0,0.000000,0
607999,1787864886.001,6.0,0,0,0,0.000000,0
608000,1787864892.0,5.999000072479248,0,0,0,0.000000,0
608001,1787864898.0,6.0,0,0,0,0.000000,0
608002,1787864904.0,6.0,0,0,0,0.000000,0
608003,1787864910.0,6.0,0,0,0,0.000000,0
608004,1787864916.001,6.000999927520752,0,0,0,0.000000,0
608005,1787864922.0,5.999000072479248,0,0,0,0.000000,0
608006,1787864928.0,6.0,1,1,7968,0.039840,1
608007,1787864934.0,6.0,0,0,0,0.000000,0
608008,1787864940.0,6.0,0,0,0,0.000000,0
608009,1787864946.0,6.0,0,0,0,0.000000,0
608010,1787864952.0,6.0,0,0,0,0.000000,0
608011,1787864958.0,6.0,0,0,0,0.000000,0
608012,1787864964.0,6.0,0,0,0,0.000000,0
608013,1787864970.0,6.0,0,0,0,0.000000,0
608014,1787864976.001,6.000999927520752,0,0,0,0.000000,0
608015,1787864982.0,5.999000072479248,0,0,0,0.000000,0
608016,1787864988.0,6.0,0,0,0,0.000000,0
608017,1787864994.0,6.0,0,0,0,0.000000,0
608018,1787865000.0,6.0,0,0,0,0.000000,0
608019,1787865006.001,6.000999927520752,1,1,32069,0.160345,1
608020,1787865012.0,5.999000072479248,0,0,0,0.000000,0
608021,1787865018.001,6.000999927520752,0,0,0,0.000000,0
608022,1787865024.001,6.0,0,0,0,0.000000,0
608023,1787865030.0,5.999000072479248,0,0,0,0.000000,0
608024,1787865036.0,6.0,0,0,0,0.000000,0
608025,1787865042.001,6.000999927520752,0,0,0,0.000000,0
608026,1787865048.0,5.999000072479248,0,0,0,0.000000,0
608027,1787865054.0,6.0,0,0,0,0.000000,0
608028,1787865060.001,6.000999927520752,0,0,0,0.000000,0
608029,1787865066.0,5.999000072479248,0,0,0,0.000000,0
608030,1787865072.0,6.0,0,0,0,0.000000,0
608031,1787865078.0,6.0,0,0,0,0.000000,0
608032,1787865084.001,6.000999927520752,0,0,0,0.000000,0
608033,1787865090.0,5.999000072479248,0,0,0,0.000000,0
608034,1787865096.0,6.0,0,0,0,0.000000,0
608035,1787865102.001,6.000999927520752,0,0,0,0.000000,0
608036,1787865108.0,5.999000072479248,0,0,0,0.000000,0
608037,1787865114.0,6.0,0,0,0,0.000000,0
608038,1787865120.0,6.0,0,0,0,0.000000,0
608039,1787865126.0,6.0,0,0,0,0.000000,0
608040,1787865132.0,6.0,0,0,0,0.000000,0
608041,1787865138.001,6.000999927520752,1,1,7968,0.039840,1
608042,1787865144.0,5.999000072479248,0,0,0,0.000000,0
608043,1787865150.0,6.0,0,0,0,0.000000,0
608044,1787865156.0,6.0,0,0,0,0.000000,0
608045,1787865162.0,6.0,0,0,0,0.000000,0
608046,1787865168.0,6.0,0,0,0,0.000000,0
608047,1787865174.001,6.000999927520752,0,0,0,0.000000,0
608048,1787865180.0,5.999000072479248,0,0,0,0.000000,0
608049,1787865186.0,6.0,0,0,0,0.000000,0
608050,1787865192.0,6.0,0,0,0,0.000000,0
608051,1787865198.0,6.0,0,0,0,0.000000,0
608052,1787865204.0,6.0,0,0,0,0.000000,0
608053,1787865210.0,6.0,0,0,0,0.000000,0
608054,1787865216.0,6.0,0,0,0,0.000000,0
608055,1787865222.0,6.0,0,0,0,0.000000,0
608056,1787865228.0,6.0,0,0,0,0.000000,0
608057,1787865234.0,6.0,0,0,0,0.000000,0
608058,1787865240.0,6.0,0,0,0,0.000000,0
608059,1787865246.001,6.000999927520752,0,0,0,0.000000,0
608060,1787865252.0,5.999000072479248,0,0,0,0.000000,0
608061,1787865258.0,6.0,0,0,0,0.000000,0
608062,1787865264.0,6.0,0,0,0,0.000000,0
608063,1787865270.0,6.0,0,0,0,0.000000,0
608064,1787865276.0,6.0,0,0,0,0.000000,0
608065,1787865282.0,6.0,1,1,63620,0.318100,1
608066,1787865288.0,6.0,0,0,0,0.000000,0
608067,1787865294.0,6.0,0,0,0,0.000000,0
608068,1787865300.0,6.0,0,0,0,0.000000,0
608069,1787865306.0,6.0,0,0,0,0.000000,0
608070,1787865312.0,6.0,0,0,0,0.000000,0
608071,1787865318.0,6.0,0,0,0,0.000000,0
608072,1787865324.0,6.0,0,0,0,0.000000,0
608073,1787865330.0,6.0,0,0,0,0.000000,0
608074,1787865336.0,6.0,0,0,0,0.000000,0
608075,1787865342.0,6.0,0,0,0,0.000000,0
608076,1787865348.0,6.0,0,0,0,0.000000,0
608077,1787865354.001,6.000999927520752,0,0,0,0.000000,0
608078,1787865360.0,5.999000072479248,0,0,0,0.000000,0
608079,1787865366.0,6.0,0,0,0,0.000000,0
608080,1787865372.001,6.000999927520752,0,0,0,0.000000,0
608081,1787865378.0,5.999000072479248,0,0,0,0.000000,0
608082,1787865384.001,6.000999927520752,0,0,0,0.000000,0
608083,1787865390.0,5.999000072479248,0,0,0,0.000000,0
608084,1787865396.0,6.0,0,0,0,0.000000,0
608085,1787865402.0,6.0,0,0,0,0.000000,0
608086,1787865408.001,6.000999927520752,0,0,0,0.000000,0
608087,1787865414.0,5.999000072479248,0,0,0,0.000000,0
608088,1787865420.0,6.0,0,0,0,0.000000,0
608089,1787865426.0,6.0,0,0,0,0.000000,0
608090,1787865432.0,6.0,0,0,0,0.000000,0
608091,1787865438.0,6.0,0,0,0,0.000000,0
608092,1787865444.0,6.0,0,0,0,0.000000,0
608093,1787865450.0,6.0,0,0,0,0.000000,0
608094,1787865456.0,6.0,0,0,0,0.000000,0
608095,1787865462.001,6.000999927520752,0,0,0,0.000000,0
608096,1787865468.0,5.999000072479248,0,0,0,0.000000,0
608097,1787865474.0,6.0,0,0,0,0.000000,0
608098,1787865480.0,6.0,0,0,0,0.000000,0
608099,1787865486.0,6.0,0,0,0,0.000000,0
608100,1787865492.0,6.0,0,0,0,0.000000,0
608101,1787865498.0,6.0,0,0,0,0.000000,0
608102,1787865504.0,6.0,0,0,0,0.000000,0
608103,1787865510.0,6.0,0,0,0,0.000000,0
608104,1787865516.0,6.0,0,0,0,0.000000,0
608105,1787865522.001,6.000999927520752,0,0,0,0.000000,0
608106,1787865528.0,5.999000072479248,0,0,0,0.000000,0
608107,1787865534.0,6.0,0,0,0,0.000000,0
608108,1787865540.0,6.0,0,0,0,0.000000,0
608109,1787865546.001,6.000999927520752,0,0,0,0.000000,0
608110,1787865552.0,5.999000072479248,0,0,0,0.000000,0
608111,1787865558.0,6.0,0,0,0,0.000000,0
608112,1787865564.0,6.0,0,0,0,0.000000,0
608113,1787865570.0,6.0,0,0,0,0.000000,0
608114,1787865576.0,6.0,0,0,0,0.000000,0
608115,1787865582.0,6.0,0,0,0,0.000000,0
608116,1787865588.001,6.000999927520752,0,0,0,0.000000,0
608117,1787865594.0,5.999000072479248,0,0,0,0.000000,0
608118,1787865600.0,6.0,0,0,0,0.000000,0
608119,1787865606.0,6.0,0,0,0,0.000000,0
608120,1787865612.0,6.0,0,0,0,0.000000,0
608121,1787865618.0,6.0,0,0,0,0.000000,0
608122,1787865624.001,6.000999927520752,0,0,0,0.000000,0
608123,1787865630.0,5.999000072479248,0,0,0,0.000000,0
608124,1787865636.0,6.0,0,0,0,0.000000,0
608125,1787865642.001,6.000999927520752,0,0,0,0.000000,0
608126,1787865648.0,5.999000072479248,0,0,0,0.000000,0
608127,1787865654.0,6.0,0,0,0,0.000000,0
608128,1787865660.001,6.000999927520752,0,0,0,0.000000,0
608129,1787865666.0,5.999000072479248,0,0,0,0.000000,0
608130,1787865672.0,6.0,0,0,0,0.000000,0
608131,1787865678.001,6.000999927520752,0,0,0,0.000000,0
608132,1787865684.001,6.0,0,0,0,0.000000,0
608133,1787865690.0,5.999000072479248,0,0,0,0.000000,0
608134,1787865696.0,6.0,0,0,0,0.000000,0
608135,1787865702.0,6.0,0,0,0,0.000000,0
608136,1787865708.001,6.000999927520752,0,0,0,0.000000,0
608137,1787865714.0,5.999000072479248,0,0,0,0.000000,0
608138,1787865720.001,6.000999927520752,0,0,0,0.000000,0
608139,1787865726.0,5.999000072479248,0,0,0,0.000000,0
608140,1787865732.0,6.0,0,0,0,0.000000,0
608141,1787865738.0,6.0,0,0,0,0.000000,0
608142,1787865744.0,6.0,0,0,0,0.000000,0
608143,1787865750.0,6.0,0,0,0,0.000000,0
608144,1787865756.0,6.0,0,0,0,0.000000,0
608145,1787865762.0,6.0,0,0,0,0.000000,0
608146,1787865768.0,6.0,0,0,0,0.000000,0
608147,1787865774.0,6.0,0,0,0,0.000000,0
608148,1787865780.001,6.000999927520752,0,0,0,0.000000,0
608149,1787865786.0,5.999000072479248,0,0,0,0.000000,0
608150,1787865792.001,6.000999927520752,0,0,0,0.000000,0
608151,1787865798.0,5.999000072479248,0,0,0,0.000000,0
608152,1787865804.0,6.0,0,0,0,0.000000,0
608153,1787865810.0,6.0,0,0,0,0.000000,0
608154,1787865816.0,6.0,0,0,0,0.000000,0
608155,1787865822.0,6.0,0,0,0,0.000000,0
608156,1787865828.0,6.0,0,0,0,0.000000,0
608157,1787865834.0,6.0,0,0,0,0.000000,0
608158,1787865840.0,6.0,0,0,0,0.000000,0
608159,1787865846.0,6.0,0,0,0,0.000000,0
608160,1787865852.0,6.0,0,0,0,0.000000,0
608161,1787865858.0,6.0,0,0,0,0.000000,0
608162,1787865864.001,6.000999927520752,0,0,0,0.000000,0
608163,1787865870.001,6.0,0,0,0,0.000000,0
608164,1787865876.0,5.999000072479248,0,0,0,0.000000,0
608165,1787865882.0,6.0,0,0,0,0.000000,0
608166,1787865888.0,6.0,0,0,0,0.000000,0
608167,1787865894.0,6.0,0,0,0,0.000000,0
608168,1787865900.0,6.0,0,0,0,0.000000,0
608169,1787865906.001,6.000999927520752,0,0,0,0.000000,0
608170,1787865912.0,5.999000072479248,0,0,0,0.000000,0
608171,1787865918.0,6.0,0,0,0,0.000000,0
608172,1787865924.001,6.000999927520752,0,0,0,0.000000,0
608173,1787865930.001,6.0,0,0,0,0.000000,0
608174,1787865936.0,5.999000072479248,0,0,0,0.000000,0
608175,1787865942.001,6.000999927520752,0,0,0,0.000000,0
608176,1787865948.0,5.999000072479248,1,1,7968,0.039840,1
608177,1787865954.0,6.0,0,0,0,0.000000,0
608178,1787865960.0,6.0,0,0,0,0.000000,0
608179,1787865966.001,6.000999927520752,0,0,0,0.000000,0
608180,1787865972.0,5.999000072479248,0,0,0,0.000000,0
608181,1787865978.001,6.000999927520752,0,0,0,0.000000,0
608182,1787865984.0,5.999000072479248,0,0,0,0.000000,0
608183,1787865990.0,6.0,0,0,0,0.000000,0
608184,1787865996.001,6.000999927520752,0,0,0,0.000000,0
608185,1787866002.0,5.999000072479248,0,0,0,0.000000,0
608186,1787866008.0,6.0,0,0,0,0.000000,0
608187,1787866014.0,6.0,0,0,0,0.000000,0
608188,1787866020.001,6.000999927520752,0,0,0,0.000000,0
608189,1787866026.0,5.999000072479248,1,1,32070,0.160350,1
608190,1787866032.0,6.0,0,0,0,0.000000,0
608191,1787866038.0,6.0,0,0,0,0.000000,0
608192,1787866044.001,6.000999927520752,0,0,0,0.000000,0
608193,1787866050.001,6.0,0,0,0,0.000000,0
608194,1787866056.0,5.999000072479248,0,0,0,0.000000,0
608195,1787866062.0,6.0,0,0,0,0.000000,0
608196,1787866068.0,6.0,0,0,0,0.000000,0
608197,1787866074.0,6.0,0,0,0,0.000000,0
608198,1787866080.001,6.000999927520752,0,0,0,0.000000,0
608199,1787866086.001,6.0,0,0,0,0.000000,0
608200,1787866092.001,6.0,1,1,7967,0.039835,1
608201,1787866098.001,6.0,0,0,0,0.000000,0
608202,1787866104.0,5.999000072479248,0,0,0,0.000000,0
608203,1787866110.0,6.0,0,0,0,0.000000,0
608204,1787866116.0,6.0,0,0,0,0.000000,0
608205,1787866122.001,6.000999927520752,0,0,0,0.000000,0
608206,1787866128.0,5.999000072479248,0,0,0,0.000000,0
608207,1787866134.0,6.0,0,0,0,0.000000,0
608208,1787866140.0,6.0,0,0,0,0.000000,0
608209,1787866146.0,6.0,0,0,0,0.000000,0
608210,1787866152.001,6.000999927520752,0,0,0,0.000000,0
608211,1787866158.001,6.0,0,0,0,0.000000,0
608212,1787866164.0,5.999000072479248,0,0,0,0.000000,0
608213,1787866170.0,6.0,0,0,0,0.000000,0
608214,1787866176.0,6.0,0,0,0,0.000000,0
608215,1787866182.001,6.000999927520752,0,0,0,0.000000,0
608216,1787866188.0,5.999000072479248,0,0,0,0.000000,0
608217,1787866194.0,6.0,0,0,0,0.000000,0
608218,1787866200.001,6.000999927520752,0,0,0,0.000000,0
608219,1787866206.001,6.0,0,0,0,0.000000,0
608220,1787866212.0,5.999000072479248,0,0,0,0.000000,0
608221,1787866218.0,6.0,0,0,0,0.000000,0
608222,1787866224.001,6.000999927520752,0,0,0,0.000000,0
608223,1787866230.001,6.0,0,0,0,0.000000,0
608224,1787866236.0,5.999000072479248,1,1,63599,0.317995,1
608225,1787866242.001,6.000999927520752,0,0,0,0.000000,0
608226,1787866248.0,5.999000072479248,0,0,0,0.000000,0
608227,1787866254.001,6.000999927520752,0,0,0,0.000000,0
608228,1787866260.001,6.0,0,0,0,0.000000,0
608229,1787866266.001,6.0,0,0,0,0.000000,0
608230,1787866272.0,5.999000072479248,0,0,0,0.000000,0
608231,1787866278.0,6.0,0,0,0,0.000000,0
608232,1787866284.001,6.000999927520752,0,0,0,0.000000,0
608233,1787866290.0,5.999000072479248,0,0,0,0.000000,0
608234,1787866296.001,6.000999927520752,0,0,0,0.000000,0
608235,1787866302.0,5.999000072479248,0,0,0,0.000000,0
608236,1787866308.0,6.0,0,0,0,0.000000,0
608237,1787866314.0,6.0,0,0,0,0.000000,0
608238,1787866320.0,6.0,0,0,0,0.000000,0
608239,1787866326.001,6.000999927520752,0,0,0,0.000000,0
608240,1787866332.001,6.0,0,0,0,0.000000,0
608241,1787866338.0,5.999000072479248,0,0,0,0.000000,0
608242,1787866344.0,6.0,0,0,0,0.000000,0
608243,1787866350.0,6.0,0,0,0,0.000000,0
608244,1787866356.0,6.0,0,0,0,0.000000,0
608245,1787866362.0,6.0,0,0,0,0.000000,0
608246,1787866368.001,6.000999927520752,0,0,0,0.000000,0
608247,1787866374.0,5.999000072479248,0,0,0,0.000000,0
608248,1787866380.0,6.0,0,0,0,0.000000,0
608249,1787866386.0,6.0,0,0,0,0.000000,0
608250,1787866392.0,6.0,0,0,0,0.000000,0
608251,1787866398.0,6.0,0,0,0,0.000000,0
608252,1787866404.0,6.0,0,0,0,0.000000,0
608253,1787866410.0,6.0,0,0,0,0.000000,0
608254,1787866416.0,6.0,0,0,0,0.000000,0
608255,1787866422.0,6.0,0,0,0,0.000000,0
608256,1787866428.0,6.0,0,0,0,0.000000,0
608257,1787866434.001,6.000999927520752,0,0,0,0.000000,0
608258,1787866440.0,5.999000072479248,0,0,0,0.000000,0
608259,1787866446.0,6.0,0,0,0,0.000000,0
608260,1787866452.0,6.0,0,0,0,0.000000,0
608261,1787866458.001,6.000999927520752,0,0,0,0.000000,0
608262,1787866464.001,6.0,0,0,0,0.000000,0
608263,1787866470.001,6.0,0,0,0,0.000000,0
608264,1787866476.0,5.999000072479248,0,0,0,0.000000,0
608265,1787866482.0,6.0,0,0,0,0.000000,0
608266,1787866488.0,6.0,0,0,0,0.000000,0
608267,1787866494.0,6.0,0,0,0,0.000000,0
608268,1787866500.0,6.0,0,0,0,0.000000,0
608269,1787866506.0,6.0,0,0,0,0.000000,0
608270,1787866512.0,6.0,0,0,0,0.000000,0
608271,1787866518.0,6.0,0,0,0,0.000000,0
608272,1787866524.001,6.000999927520752,0,0,0,0.000000,0
608273,1787866530.0,5.999000072479248,0,0,0,0.000000,0
608274,1787866536.001,6.000999927520752,0,0,0,0.000000,0
608275,1787866542.0,5.999000072479248,0,0,0,0.000000,0
608276,1787866548.0,6.0,0,0,0,0.000000,0
608277,1787866554.0,6.0,0,0,0,0.000000,0
608278,1787866560.0,6.0,0,0,0,0.000000,0
608279,1787866566.0,6.0,0,0,0,0.000000,0
608280,1787866572.0,6.0,0,0,0,0.000000,0
608281,1787866578.0,6.0,0,0,0,0.000000,0
608282,1787866584.0,6.0,0,0,0,0.000000,0
608283,1787866590.0,6.0,0,0,0,0.000000,0
608284,1787866596.001,6.000999927520752,0,0,0,0.000000,0
608285,1787866602.0,5.999000072479248,0,0,0,0.000000,0
608286,1787866608.0,6.0,0,0,0,0.000000,0
608287,1787866614.0,6.0,0,0,0,0.000000,0
608288,1787866620.001,6.000999927520752,0,0,0,0.000000,0
608289,1787866626.001,6.0,0,0,0,0.000000,0
608290,1787866632.0,5.999000072479248,0,0,0,0.000000,0
608291,1787866638.0,6.0,0,0,0,0.000000,0
608292,1787866644.0,6.0,0,0,0,0.000000,0
608293,1787866650.0,6.0,0,0,0,0.000000,0
608294,1787866656.0,6.0,0,0,0,0.000000,0
608295,1787866662.0,6.0,0,0,0,0.000000,0
608296,1787866668.0,6.0,0,0,0,0.000000,0
608297,1787866674.0,6.0,0,0,0,0.000000,0
608298,1787866680.001,6.000999927520752,0,0,0,0.000000,0
608299,1787866686.0,5.999000072479248,1,1,8230,0.041150,1
608300,1787866692.001,6.000999927520752,0,0,0,0.000000,0
608301,1787866698.0,5.999000072479248,0,0,0,0.000000,0
608302,1787866704.0,6.0,0,0,0,0.000000,0
608303,1787866710.0,6.0,0,0,0,0.000000,0
608304,1787866716.001,6.000999927520752,0,0,0,0.000000,0
608305,1787866722.0,5.999000072479248,0,0,0,0.000000,0
608306,1787866728.0,6.0,0,0,0,0.000000,0
608307,1787866734.0,6.0,0,0,0,0.000000,0
608308,1787866740.0,6.0,0,0,0,0.000000,0
608309,1787866746.001,6.000999927520752,0,0,0,0.000000,0
608310,1787866752.0,5.999000072479248,0,0,0,0.000000,0
608311,1787866758.0,6.0,0,0,0,0.000000,0
608312,1787866764.0,6.0,0,0,0,0.000000,0
608313,1787866770.001,6.000999927520752,0,0,0,0.000000,0
608314,1787866776.0,5.999000072479248,0,0,0,0.000000,0
608315,1787866782.0,6.0,0,0,0,0.000000,0
608316,1787866788.0,6.0,0,0,0,0.000000,0
608317,1787866794.0,6.0,0,0,0,0.000000,0
608318,1787866800.0,6.0,0,0,0,0.000000,0
608319,1787866806.001,6.000999927520752,0,0,0,0.000000,0
608320,1787866812.001,6.0,0,0,0,0.000000,0
608321,1787866818.0,5.999000072479248,0,0,0,0.000000,0
608322,1787866824.0,6.0,0,0,0,0.000000,0
608323,1787866830.0,6.0,0,0,0,0.000000,0
608324,1787866836.0,6.0,0,0,0,0.000000,0
608325,1787866842.0,6.0,0,0,0,0.000000,0
608326,1787866848.0,6.0,0,0,0,0.000000,0
608327,1787866854.0,6.0,0,0,0,0.000000,0
608328,1787866860.0,6.0,0,0,0,0.000000,0
608329,1787866866.0,6.0,0,0,0,0.000000,0
608330,1787866872.0,6.0,0,0,0,0.000000,0
608331,1787866878.0,6.0,0,0,0,0.000000,0
608332,1787866884.0,6.0,0,0,0,0.000000,0
608333,1787866890.0,6.0,0,0,0,0.000000,0
608334,1787866896.0,6.0,0,0,0,0.000000,0
608335,1787866902.0,6.0,0,0,0,0.000000,0
608336,1787866908.0,6.0,0,0,0,0.000000,0
608337,1787866914.0,6.0,0,0,0,0.000000,0
608338,1787866920.001,6.000999927520752,0,0,0,0.000000,0
608339,1787866926.0,5.999000072479248,0,0,0,0.000000,0
608340,1787866932.0,6.0,0,0,0,0.000000,0
608341,1787866938.0,6.0,0,0,0,0.000000,0
608342,1787866944.001,6.000999927520752,0,0,0,0.000000,0
608343,1787866950.0,5.999000072479248,0,0,0,0.000000,0
608344,1787866956.0,6.0,0,0,0,0.000000,0
608345,1787866962.001,6.000999927520752,0,0,0,0.000000,0
608346,1787866968.0,5.999000072479248,0,0,0,0.000000,0
608347,1787866974.0,6.0,1,1,9453,0.047265,1
608348,1787866980.001,6.000999927520752,0,0,0,0.000000,0
608349,1787866986.0,5.999000072479248,0,0,0,0.000000,0
608350,1787866992.0,6.0,0,0,0,0.000000,0
608351,1787866998.0,6.0,0,0,0,0.000000,0
608352,1787867004.0,6.0,0,0,0,0.000000,0
608353,1787867010.0,6.0,0,0,0,0.000000,0
608354,1787867016.0,6.0,0,0,0,0.000000,0
608355,1787867022.0,6.0,0,0,0,0.000000,0
608356,1787867028.0,6.0,0,0,0,0.000000,0
608357,1787867034.0,6.0,0,0,0,0.000000,0
608358,1787867040.0,6.0,0,0,0,0.000000,0
608359,1787867046.0,6.0,0,0,0,0.000000,0
608360,1787867052.001,6.000999927520752,0,0,0,0.000000,0
608361,1787867058.0,5.999000072479248,0,0,0,0.000000,0
608362,1787867064.0,6.0,0,0,0,0.000000,0
608363,1787867070.0,6.0,0,0,0,0.000000,0
608364,1787867076.0,6.0,0,0,0,0.000000,0
608365,1787867082.0,6.0,0,0,0,0.000000,0
608366,1787867088.001,6.000999927520752,0,0,0,0.000000,0
608367,1787867094.0,5.999000072479248,0,0,0,0.000000,0
608368,1787867100.0,6.0,0,0,0,0.000000,0
608369,1787867106.0,6.0,0,0,0,0.000000,0
608370,1787867112.001,6.000999927520752,0,0,0,0.000000,0
608371,1787867118.0,5.999000072479248,0,0,0,0.000000,0
608372,1787867124.001,6.000999927520752,0,0,0,0.000000,0
608373,1787867130.0,5.999000072479248,0,0,0,0.000000,0
608374,1787867136.0,6.0,0,0,0,0.000000,0
608375,1787867142.0,6.0,0,0,0,0.000000,0
608376,1787867148.0,6.0,0,0,0,0.000000,0
608377,1787867154.0,6.0,0,0,0,0.000000,0
608378,1787867160.001,6.000999927520752,0,0,0,0.000000,0
608379,1787867166.0,5.999000072479248,0,0,0,0.000000,0
608380,1787867172.0,6.0,0,0,0,0.000000,0
608381,1787867178.0,6.0,0,0,0,0.000000,0
608382,1787867184.0,6.0,0,0,0,0.000000,0
608383,1787867190.0,6.0,0,0,0,0.000000,0
608384,1787867196.0,6.0,0,0,0,0.000000,0
608385,1787867202.0,6.0,0,0,0,0.000000,0
608386,1787867208.0,6.0,0,0,0,0.000000,0
608387,1787867214.0,6.0,0,0,0,0.000000,0
608388,1787867220.0,6.0,0,0,0,0.000000,0
608389,1787867226.0,6.0,0,0,0,0.000000,0
608390,1787867232.0,6.0,0,0,0,0.000000,0
608391,1787867238.0,6.0,0,0,0,0.000000,0
608392,1787867244.0,6.0,0,0,0,0.000000,0
608393,1787867250.0,6.0,0,0,0,0.000000,0
608394,1787867256.001,6.000999927520752,0,0,0,0.000000,0
608395,1787867262.0,5.999000072479248,0,0,0,0.000000,0
608396,1787867268.0,6.0,0,0,0,0.000000,0
608397,1787867274.0,6.0,0,0,0,0.000000,0
608398,1787867280.0,6.0,0,0,0,0.000000,0
608399,1787867286.0,6.0,0,0,0,0.000000,0
608400,1787867292.0,6.0,0,0,0,0.000000,0
608401,1787867298.0,6.0,0,0,0,0.000000,0
608402,1787867304.0,6.0,0,0,0,0.000000,0
608403,1787867310.0,6.0,0,0,0,0.000000,0
608404,1787867316.0,6.0,0,0,0,0.000000,0
608405,1787867322.0,6.0,0,0,0,0.000000,0
608406,1787867328.0,6.0,0,0,0,0.000000,0
608407,1787867334.0,6.0,0,0,0,0.000000,0
608408,1787867340.0,6.0,0,0,0,0.000000,0
608409,1787867346.0,6.0,0,0,0,0.000000,0
608410,1787867352.0,6.0,0,0,0,0.000000,0
608411,1787867358.0,6.0,0,0,0,0.000000,0
608412,1787867364.0,6.0,0,0,0,0.000000,0
608413,1787867370.0,6.0,0,0,0,0.000000,0
608414,1787867376.0,6.0,0,0,0,0.000000,0
608415,1787867382.0,6.0,0,0,0,0.000000,0
608416,1787867388.0,6.0,0,0,0,0.000000,0
608417,1787867394.0,6.0,0,0,0,0.000000,0
608418,1787867400.0,6.0,0,0,0,0.000000,0
608419,1787867406.0,6.0,0,0,0,0.000000,0
608420,1787867412.0,6.0,0,0,0,0.000000,0
608421,1787867418.0,6.0,0,0,0,0.000000,0
608422,1787867424.001,6.000999927520752,0,0,0,0.000000,0
608423,1787867430.0,5.999000072479248,0,0,0,0.000000,0
608424,1787867436.001,6.000999927520752,0,0,0,0.000000,0
608425,1787867442.001,6.0,0,0,0,0.000000,0
608426,1787867448.001,6.0,0,0,0,0.000000,0
608427,1787867454.001,6.0,0,0,0,0.000000,0
608428,1787867460.0,5.999000072479248,0,0,0,0.000000,0
608429,1787867466.001,6.000999927520752,0,0,0,0.000000,0
608430,1787867472.0,5.999000072479248,0,0,0,0.000000,0
608431,1787867478.001,6.000999927520752,0,0,0,0.000000,0
608432,1787867484.001,6.0,0,0,0,0.000000,0
608433,1787867490.001,6.0,0,0,0,0.000000,0
608434,1787867496.0,5.999000072479248,0,0,0,0.000000,0
608435,1787867502.0,6.0,0,0,0,0.000000,0
608436,1787867508.001,6.000999927520752,0,0,0,0.000000,0
608437,1787867514.001,6.0,0,0,0,0.000000,0
608438,1787867520.001,6.0,0,0,0,0.000000,0
608439,1787867526.0,5.999000072479248,0,0,0,0.000000,0
608440,1787867532.0,6.0,0,0,0,0.000000,0
608441,1787867538.0,6.0,0,0,0,0.000000,0
608442,1787867544.0,6.0,0,0,0,0.000000,0
608443,1787867550.0,6.0,0,0,0,0.000000,0
608444,1787867556.0,6.0,0,0,0,0.000000,0
608445,1787867562.0,6.0,0,0,0,0.000000,0
608446,1787867568.001,6.000999927520752,0,0,0,0.000000,0
608447,1787867574.0,5.999000072479248,0,0,0,0.000000,0
608448,1787867580.0,6.0,0,0,0,0.000000,0
608449,1787867586.0,6.0,0,0,0,0.000000,0
608450,1787867592.0,6.0,0,0,0,0.000000,0
608451,1787867598.0,6.0,0,0,0,0.000000,0
608452,1787867604.001,6.000999927520752,0,0,0,0.000000,0
608453,1787867610.0,5.999000072479248,0,0,0,0.000000,0
608454,1787867616.0,6.0,0,0,0,0.000000,0
608455,1787867622.001,6.000999927520752,0,0,0,0.000000,0
608456,1787867628.0,5.999000072479248,0,0,0,0.000000,0
608457,1787867634.0,6.0,0,0,0,0.000000,0
608458,1787867640.001,6.000999927520752,0,0,0,0.000000,0
608459,1787867646.0,5.999000072479248,0,0,0,0.000000,0
608460,1787867652.001,6.000999927520752,0,0,0,0.000000,0
608461,1787867658.0,5.999000072479248,0,0,0,0.000000,0
608462,1787867664.001,6.000999927520752,0,0,0,0.000000,0
608463,1787867670.0,5.999000072479248,0,0,0,0.000000,0
608464,1787867676.0,6.0,0,0,0,0.000000,0
608465,1787867682.0,6.0,0,0,0,0.000000,0
608466,1787867688.0,6.0,0,0,0,0.000000,0
608467,1787867694.0,6.0,0,0,0,0.000000,0
608468,1787867700.0,6.0,0,0,0,0.000000,0
608469,1787867706.0,6.0,0,0,0,0.000000,0
608470,1787867712.0,6.0,0,0,0,0.000000,0
608471,1787867718.0,6.0,0,0,0,0.000000,0
608472,1787867724.0,6.0,0,0,0,0.000000,0
608473,1787867730.0,6.0,0,0,0,0.000000,0
608474,1787867736.0,6.0,0,0,0,0.000000,0
608475,1787867742.0,6.0,0,0,0,0.000000,0
608476,1787867748.0,6.0,0,0,0,0.000000,0
608477,1787867754.0,6.0,0,0,0,0.000000,0
608478,1787867760.0,6.0,0,0,0,0.000000,0
608479,1787867766.0,6.0,0,0,0,0.000000,0
608480,1787867772.0,6.0,0,0,0,0.000000,0
608481,1787867778.0,6.0,0,0,0,0.000000,0
608482,1787867784.0,6.0,0,0,0,0.000000,0
608483,1787867790.0,6.0,0,0,0,0.000000,0
608484,1787867796.0,6.0,0,0,0,0.000000,0
608485,1787867802.0,6.0,0,0,0,0.000000,0
608486,1787867808.0,6.0,0,0,0,0.000000,0
608487,1787867814.0,6.0,0,0,0,0.000000,0
608488,1787867820.001,6.000999927520752,0,0,0,0.000000,0
608489,1787867826.0,5.999000072479248,0,0,0,0.000000,0
608490,1787867832.0,6.0,0,0,0,0.000000,0
608491,1787867838.0,6.0,0,0,0,0.000000,0
608492,1787867844.0,6.0,0,0,0,0.000000,0
608493,1787867850.0,6.0,0,0,0,0.000000,0
608494,1787867856.0,6.0,0,0,0,0.000000,0
608495,1787867862.001,6.000999927520752,0,0,0,0.000000,0
608496,1787867868.0,5.999000072479248,0,0,0,0.000000,0
608497,1787867874.0,6.0,0,0,0,0.000000,0
608498,1787867880.0,6.0,0,0,0,0.000000,0
608499,1787867886.0,6.0,0,0,0,0.000000,0
608500,1787867892.0,6.0,0,0,0,0.000000,0
608501,1787867898.0,6.0,0,0,0,0.000000,0
608502,1787867904.0,6.0,0,0,0,0.000000,0
608503,1787867910.0,6.0,0,0,0,0.000000,0
608504,1787867916.0,6.0,0,0,0,0.000000,0
608505,1787867922.0,6.0,0,0,0,0.000000,0
608506,1787867928.001,6.000999927520752,0,0,0,0.000000,0
608507,1787867934.0,5.999000072479248,0,0,0,0.000000,0
608508,1787867940.0,6.0,0,0,0,0.000000,0
608509,1787867946.0,6.0,0,0,0,0.000000,0
608510,1787867952.0,6.0,0,0,0,0.000000,0
608511,1787867958.0,6.0,0,0,0,0.000000,0
608512,1787867964.0,6.0,0,0,0,0.000000,0
608513,1787867970.0,6.0,0,0,0,0.000000,0
608514,1787867976.001,6.000999927520752,0,0,0,0.000000,0
608515,1787867982.0,5.999000072479248,0,0,0,0.000000,0
608516,1787867988.0,6.0,0,0,0,0.000000,0
608517,1787867994.0,6.0,0,0,0,0.000000,0
608518,1787868000.0,6.0,0,0,0,0.000000,0
608519,1787868006.0,6.0,0,0,0,0.000000,0
608520,1787868012.0,6.0,0,0,0,0.000000,0
608521,1787868018.001,6.000999927520752,0,0,0,0.000000,0
608522,1787868024.001,6.0,0,0,0,0.000000,0
608523,1787868030.0,5.999000072479248,0,0,0,0.000000,0
608524,1787868036.0,6.0,0,0,0,0.000000,0
608525,1787868042.0,6.0,0,0,0,0.000000,0
608526,1787868048.0,6.0,0,0,0,0.000000,0
608527,1787868054.001,6.000999927520752,0,0,0,0.000000,0
608528,1787868060.0,5.999000072479248,0,0,0,0.000000,0
608529,1787868066.0,6.0,0,0,0,0.000000,0
608530,1787868072.0,6.0,0,0,0,0.000000,0
608531,1787868078.0,6.0,0,0,0,0.000000,0
608532,1787868084.0,6.0,0,0,0,0.000000,0
608533,1787868090.001,6.000999927520752,0,0,0,0.000000,0
608534,1787868096.0,5.999000072479248,0,0,0,0.000000,0
608535,1787868102.0,6.0,0,0,0,0.000000,0
608536,1787868108.0,6.0,0,0,0,0.000000,0
608537,1787868114.0,6.0,0,0,0,0.000000,0
608538,1787868120.001,6.000999927520752,0,0,0,0.000000,0
608539,1787868126.0,5.999000072479248,0,0,0,0.000000,0
608540,1787868132.0,6.0,0,0,0,0.000000,0
608541,1787868138.0,6.0,0,0,0,0.000000,0
608542,1787868144.0,6.0,0,0,0,0.000000,0
608543,1787868150.0,6.0,0,0,0,0.000000,0
608544,1787868156.0,6.0,0,0,0,0.000000,0
608545,1787868162.0,6.0,0,0,0,0.000000,0
608546,1787868168.0,6.0,0,0,0,0.000000,0
608547,1787868174.0,6.0,0,0,0,0.000000,0
608548,1787868180.0,6.0,0,0,0,0.000000,0
608549,1787868186.0,6.0,0,0,0,0.000000,0
608550,1787868192.0,6.0,0,0,0,0.000000,0
608551,1787868198.0,6.0,0,0,0,0.000000,0
608552,1787868204.001,6.000999927520752,0,0,0,0.000000,0
608553,1787868210.0,5.999000072479248,0,0,0,0.000000,0
608554,1787868216.0,6.0,0,0,0,0.000000,0
608555,1787868222.0,6.0,0,0,0,0.000000,0
608556,1787868228.0,6.0,0,0,0,0.000000,0
608557,1787868234.0,6.0,0,0,0,0.000000,0
608558,1787868240.001,6.000999927520752,0,0,0,0.000000,0
608559,1787868246.0,5.999000072479248,0,0,0,0.000000,0
608560,1787868252.001,6.000999927520752,0,0,0,0.000000,0
608561,1787868258.0,5.999000072479248,0,0,0,0.000000,0
608562,1787868264.0,6.0,0,0,0,0.000000,0
608563,1787868270.001,6.000999927520752,0,0,0,0.000000,0
608564,1787868276.0,5.999000072479248,0,0,0,0.000000,0
608565,1787868282.0,6.0,0,0,0,0.000000,0
608566,1787868288.001,6.000999927520752,0,0,0,0.000000,0
608567,1787868294.0,5.999000072479248,0,0,0,0.000000,0
608568,1787868300.0,6.0,0,0,0,0.000000,0
608569,1787868306.001,6.000999927520752,0,0,0,0.000000,0
608570,1787868312.0,5.999000072479248,0,0,0,0.000000,0
608571,1787868318.0,6.0,0,0,0,0.000000,0
608572,1787868324.0,6.0,0,0,0,0.000000,0
608573,1787868330.0,6.0,0,0,0,0.000000,0
608574,1787868336.001,6.000999927520752,0,0,0,0.000000,0
608575,1787868342.0,5.999000072479248,0,0,0,0.000000,0
608576,1787868348.0,6.0,0,0,0,0.000000,0
608577,1787868354.0,6.0,0,0,0,0.000000,0
608578,1787868360.0,6.0,0,0,0,0.000000,0
608579,1787868366.0,6.0,0,0,0,0.000000,0
608580,1787868372.0,6.0,0,0,0,0.000000,0
608581,1787868378.0,6.0,0,0,0,0.000000,0
608582,1787868384.0,6.0,0,0,0,0.000000,0
608583,1787868390.0,6.0,0,0,0,0.000000,0
608584,1787868396.0,6.0,0,0,0,0.000000,0
608585,1787868402.0,6.0,0,0,0,0.000000,0
608586,1787868408.0,6.0,0,0,0,0.000000,0
608587,1787868414.0,6.0,0,0,0,0.000000,0
608588,1787868420.0,6.0,0,0,0,0.000000,0
608589,1787868426.001,6.000999927520752,0,0,0,0.000000,0
608590,1787868432.001,6.0,0,0,0,0.000000,0
608591,1787868438.0,5.999000072479248,0,0,0,0.000000,0
608592,1787868444.0,6.0,0,0,0,0.000000,0
608593,1787868450.0,6.0,0,0,0,0.000000,0
608594,1787868456.0,6.0,0,0,0,0.000000,0
608595,1787868462.001,6.000999927520752,0,0,0,0.000000,0
608596,1787868468.0,5.999000072479248,0,0,0,0.000000,0
608597,1787868474.0,6.0,0,0,0,0.000000,0
608598,1787868480.0,6.0,0,0,0,0.000000,0
608599,1787868486.0,6.0,0,0,0,0.000000,0
608600,1787868492.001,6.000999927520752,0,0,0,0.000000,0
608601,1787868498.0,5.999000072479248,0,0,0,0.000000,0
608602,1787868504.001,6.000999927520752,0,0,0,0.000000,0
608603,1787868510.0,5.999000072479248,0,0,0,0.000000,0
608604,1787868516.001,6.000999927520752,0,0,0,0.000000,0
608605,1787868522.0,5.999000072479248,0,0,0,0.000000,0
608606,1787868528.0,6.0,0,0,0,0.000000,0
608607,1787868534.0,6.0,0,0,0,0.000000,0
608608,1787868540.001,6.000999927520752,0,0,0,0.000000,0
608609,1787868546.0,5.999000072479248,0,0,0,0.000000,0
608610,1787868552.0,6.0,0,0,0,0.000000,0
608611,1787868558.0,6.0,0,0,0,0.000000,0
608612,1787868564.0,6.0,0,0,0,0.000000,0
608613,1787868570.0,6.0,0,0,0,0.000000,0
608614,1787868576.0,6.0,0,0,0,0.000000,0
608615,1787868582.0,6.0,0,0,0,0.000000,0
608616,1787868588.0,6.0,0,0,0,0.000000,0
608617,1787868594.0,6.0,0,0,0,0.000000,0
608618,1787868600.0,6.0,0,0,0,0.000000,0
608619,1787868606.0,6.0,0,0,0,0.000000,0
608620,1787868612.0,6.0,0,0,0,0.000000,0
608621,1787868618.0,6.0,0,0,0,0.000000,0
608622,1787868624.0,6.0,0,0,0,0.000000,0
608623,1787868630.0,6.0,0,0,0,0.000000,0
608624,1787868636.0,6.0,0,0,0,0.000000,0
608625,1787868642.0,6.0,0,0,0,0.000000,0
608626,1787868648.001,6.000999927520752,0,0,0,0.000000,0
608627,1787868654.0,5.999000072479248,0,0,0,0.000000,0
608628,1787868660.0,6.0,0,0,0,0.000000,0
608629,1787868666.001,6.000999927520752,0,0,0,0.000000,0
608630,1787868672.001,6.0,0,0,0,0.000000,0
608631,1787868678.001,6.0,0,0,0,0.000000,0
608632,1787868684.0,5.999000072479248,0,0,0,0.000000,0
608633,1787868690.0,6.0,0,0,0,0.000000,0
608634,1787868696.0,6.0,0,0,0,0.000000,0
608635,1787868702.0,6.0,0,0,0,0.000000,0
608636,1787868708.0,6.0,0,0,0,0.000000,0
608637,1787868714.0,6.0,0,0,0,0.000000,0
608638,1787868720.0,6.0,0,0,0,0.000000,0
608639,1787868726.0,6.0,0,0,0,0.000000,0
608640,1787868732.0,6.0,0,0,0,0.000000,0
608641,1787868738.0,6.0,0,0,0,0.000000,0
608642,1787868744.0,6.0,0,0,0,0.000000,0
608643,1787868750.0,6.0,0,0,0,0.000000,0
608644,1787868756.0,6.0,1,1,3819,0.019095,1
608645,1787868762.0,6.0,0,0,0,0.000000,0
608646,1787868768.0,6.0,0,0,0,0.000000,0
608647,1787868774.0,6.0,1,1,710,0.003550,1
608648,1787868780.0,6.0,0,0,0,0.000000,0
608649,1787868786.0,6.0,0,0,0,0.000000,0
608650,1787868792.0,6.0,0,0,0,0.000000,0
608651,1787868798.0,6.0,0,0,0,0.000000,0
608652,1787868804.0,6.0,0,0,0,0.000000,0
608653,1787868810.0,6.0,0,0,0,0.000000,0
608654,1787868816.0,6.0,0,0,0,0.000000,0
608655,1787868822.0,6.0,0,0,0,0.000000,0
608656,1787868828.0,6.0,0,0,0,0.000000,0
608657,1787868834.001,6.000999927520752,0,0,0,0.000000,0
608658,1787868840.0,5.999000072479248,0,0,0,0.000000,0
608659,1787868846.0,6.0,0,0,0,0.000000,0
608660,1787868852.0,6.0,0,0,0,0.000000,0
608661,1787868858.0,6.0,0,0,0,0.000000,0
608662,1787868864.0,6.0,0,0,0,0.000000,0
608663,1787868870.001,6.000999927520752,0,0,0,0.000000,0
608664,1787868876.0,5.999000072479248,0,0,0,0.000000,0
608665,1787868882.001,6.000999927520752,0,0,0,0.000000,0
608666,1787868888.0,5.999000072479248,0,0,0,0.000000,0
608667,1787868894.0,6.0,0,0,0,0.000000,0
608668,1787868900.001,6.000999927520752,0,0,0,0.000000,0
608669,1787868906.0,5.999000072479248,0,0,0,0.000000,0
608670,1787868912.0,6.0,0,0,0,0.000000,0
608671,1787868918.0,6.0,0,0,0,0.000000,0
608672,1787868924.0,6.0,0,0,0,0.000000,0
608673,1787868930.0,6.0,1,1,3818,0.019090,1
608674,1787868936.001,6.000999927520752,0,0,0,0.000000,0
608675,1787868942.0,5.999000072479248,0,0,0,0.000000,0
608676,1787868948.0,6.0,0,0,0,0.000000,0
608677,1787868954.0,6.0,0,0,0,0.000000,0
608678,1787868960.001,6.000999927520752,0,0,0,0.000000,0
608679,1787868966.001,6.0,0,0,0,0.000000,0
608680,1787868972.0,5.999000072479248,0,0,0,0.000000,0
608681,1787868978.001,6.000999927520752,0,0,0,0.000000,0
608682,1787868984.0,5.999000072479248,0,0,0,0.000000,0
608683,1787868990.0,6.0,4,4,14872,0.074360,4
608684,1787868996.0,6.0,3,3,11169,0.055845,3
608685,1787869002.0,6.0,3,3,11169,0.055845,3
608686,1787869008.0,6.0,3,3,11168,0.055840,3
608687,1787869014.001,6.000999927520752,4,4,14889,0.074445,4
608688,1787869020.0,5.999000072479248,0,0,0,0.000000,0
608689,1787869026.0,6.0,0,0,0,0.000000,0
608690,1787869032.001,6.000999927520752,0,0,0,0.000000,0
608691,1787869038.0,5.999000072479248,1,1,3820,0.019100,1
608692,1787869044.0,6.0,0,0,0,0.000000,0
608693,1787869050.001,6.000999927520752,0,0,0,0.000000,0
608694,1787869056.0,5.999000072479248,0,0,0,0.000000,0
608695,1787869062.0,6.0,0,0,0,0.000000,0
608696,1787869068.0,6.0,0,0,0,0.000000,0
608697,1787869074.0,6.0,0,0,0,0.000000,0
608698,1787869080.001,6.000999927520752,1,1,3820,0.019100,1
608699,1787869086.0,5.999000072479248,0,0,0,0.000000,0
608700,1787869092.0,6.0,0,0,0,0.000000,0
608701,1787869098.0,6.0,0,0,0,0.000000,0
608702,1787869104.0,6.0,0,0,0,0.000000,0
608703,1787869110.0,6.0,0,0,0,0.000000,0
608704,1787869116.0,6.0,0,0,0,0.000000,0
608705,1787869122.0,6.0,0,0,0,0.000000,0
608706,1787869128.0,6.0,0,0,0,0.000000,0
608707,1787869134.001,6.000999927520752,0,0,0,0.000000,0
608708,1787869140.0,5.999000072479248,0,0,0,0.000000,0
608709,1787869146.0,6.0,0,0,0,0.000000,0
608710,1787869152.0,6.0,0,0,0,0.000000,0
608711,1787869158.0,6.0,0,0,0,0.000000,0
608712,1787869164.0,6.0,1,1,3820,0.019100,1
608713,1787869170.0,6.0,0,0,0,0.000000,0
608714,1787869176.0,6.0,0,0,0,0.000000,0
608715,1787869182.0,6.0,0,0,0,0.000000,0
608716,1787869188.0,6.0,0,0,0,0.000000,0
608717,1787869194.001,6.000999927520752,0,0,0,0.000000,0
608718,1787869200.001,6.0,0,0,0,0.000000,0
608719,1787869206.0,5.999000072479248,0,0,0,0.000000,0
608720,1787869212.0,6.0,0,0,0,0.000000,0
608721,1787869218.0,6.0,0,0,0,0.000000,0
608722,1787869224.0,6.0,0,0,0,0.000000,0
608723,1787869230.0,6.0,1,1,3820,0.019100,1
608724,1787869236.0,6.0,0,0,0,0.000000,0
608725,1787869242.0,6.0,0,0,0,0.000000,0
608726,1787869248.0,6.0,0,0,0,0.000000,0
608727,1787869254.0,6.0,0,0,0,0.000000,0
608728,1787869260.0,6.0,0,0,0,0.000000,0
608729,1787869266.0,6.0,0,0,0,0.000000,0
608730,1787869272.0,6.0,0,0,0,0.000000,0
608731,1787869278.0,6.0,0,0,0,0.000000,0
608732,1787869284.001,6.000999927520752,0,0,0,0.000000,0
608733,1787869290.0,5.999000072479248,1,1,3820,0.019100,1
608734,1787869296.0,6.0,0,0,0,0.000000,0
608735,1787869302.0,6.0,0,0,0,0.000000,0
608736,1787869308.0,6.0,0,0,0,0.000000,0
608737,1787869314.0,6.0,0,0,0,0.000000,0
608738,1787869320.0,6.0,0,0,0,0.000000,0
608739,1787869326.0,6.0,0,0,0,0.000000,0
608740,1787869332.0,6.0,0,0,0,0.000000,0
608741,1787869338.0,6.0,0,0,0,0.000000,0
608742,1787869344.0,6.0,1,1,3819,0.019095,1
608743,1787869350.0,6.0,0,0,0,0.000000,0
608744,1787869356.0,6.0,0,0,0,0.000000,0
608745,1787869362.0,6.0,0,0,0,0.000000,0
608746,1787869368.0,6.0,0,0,0,0.000000,0
608747,1787869374.0,6.0,0,0,0,0.000000,0
608748,1787869380.0,6.0,0,0,0,0.000000,0
608749,1787869386.0,6.0,0,0,0,0.000000,0
608750,1787869392.0,6.0,0,0,0,0.000000,0
608751,1787869398.0,6.0,0,0,0,0.000000,0
608752,1787869404.001,6.000999927520752,0,0,0,0.000000,0
608753,1787869410.0,5.999000072479248,0,0,0,0.000000,0
608754,1787869416.0,6.0,0,0,0,0.000000,0
608755,1787869422.0,6.0,0,0,0,0.000000,0
608756,1787869428.0,6.0,0,0,0,0.000000,0
608757,1787869434.0,6.0,0,0,0,0.000000,0
608758,1787869440.0,6.0,0,0,0,0.000000,0
608759,1787869446.0,6.0,0,0,0,0.000000,0
608760,1787869452.0,6.0,0,0,0,0.000000,0
608761,1787869458.0,6.0,0,0,0,0.000000,0
608762,1787869464.001,6.000999927520752,0,0,0,0.000000,0
608763,1787869470.0,5.999000072479248,0,0,0,0.000000,0
608764,1787869476.0,6.0,1,1,3716,0.018580,1
608765,1787869482.0,6.0,3,3,15407,0.077035,3
608766,1787869488.0,6.0,2,2,7445,0.037225,2
608767,1787869494.001,6.000999927520752,1,1,3722,0.018610,1
608768,1787869500.0,5.999000072479248,2,2,7446,0.037230,2
608769,1787869506.0,6.0,2,2,7739,0.038695,2
608770,1787869512.0,6.0,2,2,7739,0.038695,2
608771,1787869518.0,6.0,1,1,3722,0.018610,1
608772,1787869524.001,6.000999927520752,2,2,7446,0.037230,2
608773,1787869530.0,5.999000072479248,2,2,7445,0.037225,2
608774,1787869536.0,6.0,2,2,7868,0.039340,2
608775,1787869542.0,6.0,2,2,7439,0.037195,2
608776,1787869548.0,6.0,1,1,3723,0.018615,1
608777,1787869554.0,6.0,2,2,7573,0.037865,2
608778,1787869560.0,6.0,3,3,39937,0.199685,3
608779,1787869566.0,6.0,2,2,7656,0.038280,2
608780,1787869572.0,6.0,2,2,7445,0.037225,2
608781,1787869578.0,6.0,2,2,7446,0.037230,2
608782,1787869584.0,6.0,1,1,3850,0.019250,1
608783,1787869590.0,6.0,2,2,7656,0.038280,2
608784,1787869596.0,6.0,2,2,7738,0.038690,2
608785,1787869602.001,6.000999927520752,2,2,7446,0.037230,2
608786,1787869608.0,5.999000072479248,2,2,7445,0.037225,2
608787,1787869614.0,6.0,1,1,3933,0.019665,1
608788,1787869620.001,6.000999927520752,2,2,7784,0.038920,2
608789,1787869626.001,6.0,2,2,7446,0.037230,2
608790,1787869632.0,5.999000072479248,2,2,7446,0.037230,2
608791,1787869638.0,6.0,2,2,7657,0.038285,2
608792,1787869644.0,6.0,1,1,32069,0.160345,1
608793,1787869650.0,6.0,0,0,0,0.000000,0
608794,1787869656.0,6.0,0,0,0,0.000000,0
608795,1787869662.001,6.000999927520752,0,0,0,0.000000,0
608796,1787869668.0,5.999000072479248,0,0,0,0.000000,0
608797,1787869674.0,6.0,0,0,0,0.000000,0
608798,1787869680.0,6.0,0,0,0,0.000000,0
608799,1787869686.0,6.0,0,0,0,0.000000,0
608800,1787869692.001,6.000999927520752,0,0,0,0.000000,0
608801,1787869698.001,6.0,0,0,0,0.000000,0
608802,1787869704.001,6.0,0,0,0,0.000000,0
608803,1787869710.0,5.999000072479248,0,0,0,0.000000,0
608804,1787869716.001,6.000999927520752,0,0,0,0.000000,0
608805,1787869722.0,5.999000072479248,0,0,0,0.000000,0
608806,1787869728.001,6.000999927520752,0,0,0,0.000000,0
608807,1787869734.0,5.999000072479248,0,0,0,0.000000,0
608808,1787869740.0,6.0,0,0,0,0.000000,0
608809,1787869746.0,6.0,0,0,0,0.000000,0
608810,1787869752.0,6.0,0,0,0,0.000000,0
608811,1787869758.0,6.0,0,0,0,0.000000,0
608812,1787869764.001,6.000999927520752,0,0,0,0.000000,0
608813,1787869770.0,5.999000072479248,0,0,0,0.000000,0
608814,1787869776.0,6.0,0,0,0,0.000000,0
608815,1787869782.0,6.0,0,0,0,0.000000,0
608816,1787869788.0,6.0,1,1,7336,0.036680,1
608817,1787869794.0,6.0,0,0,0,0.000000,0
608818,1787869800.0,6.0,0,0,0,0.000000,0
608819,1787869806.0,6.0,0,0,0,0.000000,0
608820,1787869812.0,6.0,0,0,0,0.000000,0
608821,1787869818.0,6.0,0,0,0,0.000000,0
608822,1787869824.0,6.0,0,0,0,0.000000,0
608823,1787869830.0,6.0,0,0,0,0.000000,0
608824,1787869836.0,6.0,0,0,0,0.000000,0
608825,1787869842.0,6.0,0,0,0,0.000000,0
608826,1787869848.001,6.000999927520752,0,0,0,0.000000,0
608827,1787869854.001,6.0,0,0,0,0.000000,0
608828,1787869860.0,5.999000072479248,0,0,0,0.000000,0
608829,1787869866.0,6.0,0,0,0,0.000000,0
608830,1787869872.0,6.0,0,0,0,0.000000,0
608831,1787869878.0,6.0,0,0,0,0.000000,0
608832,1787869884.0,6.0,0,0,0,0.000000,0
608833,1787869890.0,6.0,0,0,0,0.000000,0
608834,1787869896.0,6.0,1,1,6620,0.033100,1
608835,1787869902.001,6.000999927520752,0,0,0,0.000000,0
608836,1787869908.0,5.999000072479248,0,0,0,0.000000,0
608837,1787869914.001,6.000999927520752,0,0,0,0.000000,0
608838,1787869920.001,6.0,0,0,0,0.000000,0
608839,1787869926.0,5.999000072479248,0,0,0,0.000000,0
608840,1787869932.0,6.0,0,0,0,0.000000,0
608841,1787869938.0,6.0,0,0,0,0.000000,0
608842,1787869944.001,6.000999927520752,0,0,0,0.000000,0
608843,1787869950.0,5.999000072479248,0,0,0,0.000000,0
608844,1787869956.0,6.0,0,0,0,0.000000,0
608845,1787869962.0,6.0,0,0,0,0.000000,0
608846,1787869968.0,6.0,0,0,0,0.000000,0
608847,1787869974.0,6.0,0,0,0,0.000000,0
608848,1787869980.0,6.0,0,0,0,0.000000,0
608849,1787869986.0,6.0,0,0,0,0.000000,0
608850,1787869992.0,6.0,0,0,0,0.000000,0
608851,1787869998.0,6.0,0,0,0,0.000000,0
608852,1787870004.0,6.0,0,0,0,0.000000,0
608853,1787870010.0,6.0,0,0,0,0.000000,0
608854,1787870016.0,6.0,0,0,0,0.000000,0
608855,1787870022.0,6.0,0,0,0,0.000000,0
608856,1787870028.0,6.0,0,0,0,0.000000,0
608857,1787870034.0,6.0,0,0,0,0.000000,0
608858,1787870040.0,6.0,0,0,0,0.000000,0
608859,1787870046.0,6.0,0,0,0,0.000000,0
608860,1787870052.0,6.0,0,0,0,0.000000,0
608861,1787870058.0,6.0,0,0,0,0.000000,0
608862,1787870064.0,6.0,0,0,0,0.000000,0
608863,1787870070.0,6.0,0,0,0,0.000000,0
608864,1787870076.0,6.0,0,0,0,0.000000,0
608865,1787870082.0,6.0,1,1,7968,0.039840,1
608866,1787870088.0,6.0,0,0,0,0.000000,0
608867,1787870094.0,6.0,1,1,8148,0.040740,1
608868,1787870100.0,6.0,1,1,8149,0.040745,1
608869,1787870106.0,6.0,0,0,0,0.000000,0
608870,1787870112.001,6.000999927520752,0,0,0,0.000000,0
608871,1787870118.0,5.999000072479248,0,0,0,0.000000,0
608872,1787870124.0,6.0,1,1,8149,0.040745,1
608873,1787870130.0,6.0,1,1,8149,0.040745,1
608874,1787870136.0,6.0,0,0,0,0.000000,0
608875,1787870142.0,6.0,0,0,0,0.000000,0
608876,1787870148.001,6.000999927520752,0,0,0,0.000000,0
608877,1787870154.0,5.999000072479248,1,1,8148,0.040740,1
608878,1787870160.0,6.0,2,2,40218,0.201090,2
608879,1787870166.001,6.000999927520752,0,0,0,0.000000,0
608880,1787870172.0,5.999000072479248,0,0,0,0.000000,0
608881,1787870178.0,6.0,0,0,0,0.000000,0
608882,1787870184.0,6.0,1,1,8149,0.040745,1
608883,1787870190.0,6.0,1,1,8155,0.040775,1
608884,1787870196.0,6.0,0,0,0,0.000000,0
608885,1787870202.0,6.0,0,0,0,0.000000,0
608886,1787870208.0,6.0,1,1,8154,0.040770,1
608887,1787870214.0,6.0,0,0,0,0.000000,0
608888,1787870220.0,6.0,0,0,0,0.000000,0
608889,1787870226.001,6.000999927520752,0,0,0,0.000000,0
608890,1787870232.0,5.999000072479248,0,0,0,0.000000,0
608891,1787870238.0,6.0,0,0,0,0.000000,0
608892,1787870244.0,6.0,0,0,0,0.000000,0
608893,1787870250.0,6.0,0,0,0,0.000000,0
608894,1787870256.0,6.0,0,0,0,0.000000,0
608895,1787870262.0,6.0,0,0,0,0.000000,0
608896,1787870268.0,6.0,0,0,0,0.000000,0
608897,1787870274.0,6.0,0,0,0,0.000000,0
608898,1787870280.0,6.0,0,0,0,0.000000,0
608899,1787870286.0,6.0,1,1,32090,0.160450,1
608900,1787870292.0,6.0,0,0,0,0.000000,0
608901,1787870298.0,6.0,0,0,0,0.000000,0
608902,1787870304.0,6.0,0,0,0,0.000000,0
608903,1787870310.0,6.0,0,0,0,0.000000,0
608904,1787870316.0,6.0,0,0,0,0.000000,0
608905,1787870322.0,6.0,0,0,0,0.000000,0
608906,1787870328.0,6.0,0,0,0,0.000000,0
608907,1787870334.0,6.0,0,0,0,0.000000,0
608908,1787870340.001,6.000999927520752,0,0,0,0.000000,0
608909,1787870346.0,5.999000072479248,0,0,0,0.000000,0
608910,1787870352.0,6.0,0,0,0,0.000000,0
608911,1787870358.0,6.0,0,0,0,0.000000,0
608912,1787870364.0,6.0,0,0,0,0.000000,0
608913,1787870370.0,6.0,0,0,0,0.000000,0
608914,1787870376.0,6.0,0,0,0,0.000000,0
608915,1787870382.0,6.0,0,0,0,0.000000,0
608916,1787870388.0,6.0,0,0,0,0.000000,0
608917,1787870394.0,6.0,0,0,0,0.000000,0
608918,1787870400.0,6.0,0,0,0,0.000000,0
608919,1787870406.001,6.000999927520752,0,0,0,0.000000,0
608920,1787870412.0,5.999000072479248,0,0,0,0.000000,0
608921,1787870418.001,6.000999927520752,0,0,0,0.000000,0
608922,1787870424.0,5.999000072479248,0,0,0,0.000000,0
608923,1787870430.0,6.0,0,0,0,0.000000,0
608924,1787870436.0,6.0,0,0,0,0.000000,0
608925,1787870442.0,6.0,0,0,0,0.000000,0
608926,1787870448.0,6.0,0,0,0,0.000000,0
608927,1787870454.001,6.000999927520752,0,0,0,0.000000,0
608928,1787870460.0,5.999000072479248,1,1,24810,0.124050,1
608929,1787870466.0,6.0,0,0,0,0.000000,0
608930,1787870472.0,6.0,0,0,0,0.000000,0
608931,1787870478.0,6.0,0,0,0,0.000000,0
608932,1787870484.0,6.0,0,0,0,0.000000,0
608933,1787870490.001,6.000999927520752,0,0,0,0.000000,0
608934,1787870496.0,5.999000072479248,0,0,0,0.000000,0
608935,1787870502.0,6.0,2,2,7440,0.037200,2
608936,1787870508.0,6.0,1,1,3723,0.018615,1
608937,1787870514.0,6.0,1,1,3723,0.018615,1
608938,1787870520.001,6.000999927520752,1,1,3723,0.018615,1
608939,1787870526.0,5.999000072479248,1,1,3934,0.019670,1
608940,1787870532.0,6.0,2,2,7446,0.037230,2
608941,1787870538.0,6.0,1,1,3722,0.018610,1
608942,1787870544.0,6.0,1,1,3723,0.018615,1
608943,1787870550.0,6.0,1,1,3934,0.019670,1
608944,1787870556.001,6.000999927520752,1,1,3722,0.018610,1
608945,1787870562.001,6.0,1,1,3723,0.018615,1
608946,1787870568.0,5.999000072479248,0,0,0,0.000000,0
608947,1787870574.001,6.000999927520752,0,0,0,0.000000,0
608948,1787870580.0,5.999000072479248,0,0,0,0.000000,0
608949,1787870586.0,6.0,0,0,0,0.000000,0
608950,1787870592.001,6.000999927520752,0,0,0,0.000000,0
608951,1787870598.0,5.999000072479248,0,0,0,0.000000,0
608952,1787870604.0,6.0,0,0,0,0.000000,0
608953,1787870610.0,6.0,0,0,0,0.000000,0
608954,1787870616.0,6.0,0,0,0,0.000000,0
608955,1787870622.0,6.0,0,0,0,0.000000,0
608956,1787870628.001,6.000999927520752,1,1,8418,0.042090,1
608957,1787870634.0,5.999000072479248,0,0,0,0.000000,0
608958,1787870640.0,6.0,0,0,0,0.000000,0
608959,1787870646.0,6.0,0,0,0,0.000000,0
608960,1787870652.0,6.0,0,0,0,0.000000,0
608961,1787870658.0,6.0,0,0,0,0.000000,0
608962,1787870664.0,6.0,1,1,7489,0.037445,1
608963,1787870670.0,6.0,1,1,32071,0.160355,1
608964,1787870676.0,6.0,0,0,0,0.000000,0
608965,1787870682.0,6.0,0,0,0,0.000000,0
608966,1787870688.001,6.000999927520752,0,0,0,0.000000,0
608967,1787870694.001,6.0,0,0,0,0.000000,0
608968,1787870700.0,5.999000072479248,0,0,0,0.000000,0
608969,1787870706.0,6.0,0,0,0,0.000000,0
608970,1787870712.0,6.0,0,0,0,0.000000,0
608971,1787870718.0,6.0,0,0,0,0.000000,0
608972,1787870724.0,6.0,0,0,0,0.000000,0
608973,1787870730.0,6.0,0,0,0,0.000000,0
608974,1787870736.0,6.0,0,0,0,0.000000,0
608975,1787870742.0,6.0,0,0,0,0.000000,0
608976,1787870748.0,6.0,0,0,0,0.000000,0
608977,1787870754.0,6.0,0,0,0,0.000000,0
608978,1787870760.0,6.0,0,0,0,0.000000,0
608979,1787870766.0,6.0,0,0,0,0.000000,0
608980,1787870772.0,6.0,0,0,0,0.000000,0
608981,1787870778.0,6.0,0,0,0,0.000000,0
608982,1787870784.0,6.0,0,0,0,0.000000,0
608983,1787870790.001,6.000999927520752,0,0,0,0.000000,0
608984,1787870796.0,5.999000072479248,0,0,0,0.000000,0
608985,1787870802.0,6.0,0,0,0,0.000000,0
608986,1787870808.0,6.0,0,0,0,0.000000,0
608987,1787870814.0,6.0,0,0,0,0.000000,0
608988,1787870820.0,6.0,0,0,0,0.000000,0
608989,1787870826.0,6.0,0,0,0,0.000000,0
608990,1787870832.0,6.0,0,0,0,0.000000,0
608991,1787870838.0,6.0,0,0,0,0.000000,0
608992,1787870844.0,6.0,0,0,0,0.000000,0
608993,1787870850.0,6.0,0,0,0,0.000000,0
608994,1787870856.0,6.0,0,0,0,0.000000,0
608995,1787870862.0,6.0,0,0,0,0.000000,0
608996,1787870868.0,6.0,0,0,0,0.000000,0
608997,1787870874.0,6.0,0,0,0,0.000000,0
608998,1787870880.0,6.0,0,0,0,0.000000,0
608999,1787870886.001,6.000999927520752,0,0,0,0.000000,0
609000,1787870892.0,5.999000072479248,0,0,0,0.000000,0
609001,1787870898.0,6.0,0,0,0,0.000000,0
609002,1787870904.0,6.0,0,0,0,0.000000,0
609003,1787870910.0,6.0,0,0,0,0.000000,0
609004,1787870916.0,6.0,0,0,0,0.000000,0
609005,1787870922.0,6.0,0,0,0,0.000000,0
609006,1787870928.0,6.0,0,0,0,0.000000,0
609007,1787870934.0,6.0,0,0,0,0.000000,0
609008,1787870940.0,6.0,1,1,32069,0.160345,1
609009,1787870946.001,6.000999927520752,0,0,0,0.000000,0
609010,1787870952.0,5.999000072479248,0,0,0,0.000000,0
609011,1787870958.0,6.0,0,0,0,0.000000,0
609012,1787870964.0,6.0,0,0,0,0.000000,0
609013,1787870970.001,6.000999927520752,0,0,0,0.000000,0
609014,1787870976.0,5.999000072479248,0,0,0,0.000000,0
609015,1787870982.0,6.0,0,0,0,0.000000,0
609016,1787870988.0,6.0,0,0,0,0.000000,0
609017,1787870994.0,6.0,0,0,0,0.000000,0
609018,1787871000.0,6.0,0,0,0,0.000000,0
609019,1787871006.0,6.0,0,0,0,0.000000,0
609020,1787871012.0,6.0,0,0,0,0.000000,0
609021,1787871018.0,6.0,0,0,0,0.000000,0
609022,1787871024.0,6.0,0,0,0,0.000000,0
609023,1787871030.0,6.0,0,0,0,0.000000,0
609024,1787871036.0,6.0,0,0,0,0.000000,0
609025,1787871042.001,6.000999927520752,0,0,0,0.000000,0
609026,1787871048.0,5.999000072479248,0,0,0,0.000000,0
609027,1787871054.001,6.000999927520752,0,0,0,0.000000,0
609028,1787871060.0,5.999000072479248,0,0,0,0.000000,0
609029,1787871066.001,6.000999927520752,0,0,0,0.000000,0
609030,1787871072.0,5.999000072479248,0,0,0,0.000000,0
609031,1787871078.0,6.0,0,0,0,0.000000,0
609032,1787871084.0,6.0,0,0,0,0.000000,0
609033,1787871090.0,6.0,0,0,0,0.000000,0
609034,1787871096.0,6.0,0,0,0,0.000000,0
609035,1787871102.0,6.0,0,0,0,0.000000,0
609036,1787871108.0,6.0,0,0,0,0.000000,0
609037,1787871114.0,6.0,0,0,0,0.000000,0
609038,1787871120.0,6.0,0,0,0,0.000000,0
609039,1787871126.0,6.0,0,0,0,0.000000,0
609040,1787871132.0,6.0,0,0,0,0.000000,0
609041,1787871138.0,6.0,0,0,0,0.000000,0
609042,1787871144.0,6.0,0,0,0,0.000000,0
609043,1787871150.0,6.0,0,0,0,0.000000,0
609044,1787871156.0,6.0,0,0,0,0.000000,0
609045,1787871162.001,6.000999927520752,0,0,0,0.000000,0
609046,1787871168.0,5.999000072479248,0,0,0,0.000000,0
609047,1787871174.0,6.0,0,0,0,0.000000,0
609048,1787871180.0,6.0,0,0,0,0.000000,0
609049,1787871186.0,6.0,0,0,0,0.000000,0
609050,1787871192.0,6.0,0,0,0,0.000000,0
609051,1787871198.0,6.0,0,0,0,0.000000,0
609052,1787871204.0,6.0,0,0,0,0.000000,0
609053,1787871210.001,6.000999927520752,0,0,0,0.000000,0
609054,1787871216.0,5.999000072479248,0,0,0,0.000000,0
609055,1787871222.0,6.0,0,0,0,0.000000,0
609056,1787871228.0,6.0,0,0,0,0.000000,0
609057,1787871234.001,6.000999927520752,0,0,0,0.000000,0
609058,1787871240.0,5.999000072479248,0,0,0,0.000000,0
609059,1787871246.001,6.000999927520752,0,0,0,0.000000,0
609060,1787871252.0,5.999000072479248,0,0,0,0.000000,0
609061,1787871258.001,6.000999927520752,0,0,0,0.000000,0
609062,1787871264.0,5.999000072479248,0,0,0,0.000000,0
609063,1787871270.0,6.0,0,0,0,0.000000,0
609064,1787871276.0,6.0,0,0,0,0.000000,0
609065,1787871282.0,6.0,0,0,0,0.000000,0
609066,1787871288.0,6.0,0,0,0,0.000000,0
609067,1787871294.0,6.0,0,0,0,0.000000,0
609068,1787871300.0,6.0,0,0,0,0.000000,0
609069,1787871306.0,6.0,0,0,0,0.000000,0
609070,1787871312.0,6.0,0,0,0,0.000000,0
609071,1787871318.0,6.0,0,0,0,0.000000,0
609072,1787871324.0,6.0,0,0,0,0.000000,0
609073,1787871330.0,6.0,0,0,0,0.000000,0
609074,1787871336.0,6.0,0,0,0,0.000000,0
609075,1787871342.0,6.0,0,0,0,0.000000,0
609076,1787871348.001,6.000999927520752,0,0,0,0.000000,0
609077,1787871354.0,5.999000072479248,0,0,0,0.000000,0
609078,1787871360.0,6.0,0,0,0,0.000000,0
609079,1787871366.001,6.000999927520752,0,0,0,0.000000,0
609080,1787871372.0,5.999000072479248,0,0,0,0.000000,0
609081,1787871378.0,6.0,0,0,0,0.000000,0
609082,1787871384.0,6.0,0,0,0,0.000000,0
609083,1787871390.0,6.0,0,0,0,0.000000,0
609084,1787871396.0,6.0,0,0,0,0.000000,0
609085,1787871402.0,6.0,0,0,0,0.000000,0
609086,1787871408.0,6.0,0,0,0,0.000000,0
609087,1787871414.0,6.0,0,0,0,0.000000,0
609088,1787871420.0,6.0,0,0,0,0.000000,0
609089,1787871426.0,6.0,0,0,0,0.000000,0
609090,1787871432.0,6.0,0,0,0,0.000000,0
609091,1787871438.0,6.0,0,0,0,0.000000,0
609092,1787871444.0,6.0,0,0,0,0.000000,0
609093,1787871450.0,6.0,0,0,0,0.000000,0
609094,1787871456.0,6.0,0,0,0,0.000000,0
609095,1787871462.0,6.0,0,0,0,0.000000,0
609096,1787871468.001,6.000999927520752,0,0,0,0.000000,0
609097,1787871474.001,6.0,0,0,0,0.000000,0
609098,1787871480.0,5.999000072479248,0,0,0,0.000000,0
609099,1787871486.0,6.0,0,0,0,0.000000,0
609100,1787871492.0,6.0,0,0,0,0.000000,0
609101,1787871498.0,6.0,0,0,0,0.000000,0
609102,1787871504.0,6.0,0,0,0,0.000000,0
609103,1787871510.0,6.0,0,0,0,0.000000,0
609104,1787871516.0,6.0,0,0,0,0.000000,0
609105,1787871522.001,6.000999927520752,0,0,0,0.000000,0
609106,1787871528.0,5.999000072479248,0,0,0,0.000000,0
609107,1787871534.0,6.0,0,0,0,0.000000,0
609108,1787871540.0,6.0,0,0,0,0.000000,0
609109,1787871546.0,6.0,0,0,0,0.000000,0
609110,1787871552.0,6.0,0,0,0,0.000000,0
609111,1787871558.0,6.0,0,0,0,0.000000,0
609112,1787871564.0,6.0,0,0,0,0.000000,0
609113,1787871570.0,6.0,0,0,0,0.000000,0
609114,1787871576.0,6.0,0,0,0,0.000000,0
609115,1787871582.0,6.0,0,0,0,0.000000,0
609116,1787871588.0,6.0,0,0,0,0.000000,0
609117,1787871594.001,6.000999927520752,0,0,0,0.000000,0
609118,1787871600.0,5.999000072479248,0,0,0,0.000000,0
609119,1787871614.531,14.530999898910522,0,0,0,0.000000,0
609120,1787871618.0,3.4690001010894775,0,0,0,0.000000,0
609121,1787871624.0,6.0,0,0,0,0.000000,0
609122,1787871630.001,6.000999927520752,0,0,0,0.000000,0
609123,1787871636.0,5.999000072479248,0,0,0,0.000000,0
609124,1787871642.0,6.0,0,0,0,0.000000,0
609125,1787871648.0,6.0,0,0,0,0.000000,0
609126,1787871654.0,6.0,0,0,0,0.000000,0
609127,1787871660.0,6.0,1,1,32069,0.160345,1
609128,1787871666.0,6.0,0,0,0,0.000000,0
609129,1787871672.0,6.0,0,0,0,0.000000,0
609130,1787871678.001,6.000999927520752,0,0,0,0.000000,0
609131,1787871684.0,5.999000072479248,0,0,0,0.000000,0
609132,1787871690.0,6.0,0,0,0,0.000000,0
609133,1787871696.0,6.0,0,0,0,0.000000,0
609134,1787871702.0,6.0,0,0,0,0.000000,0
609135,1787871708.001,6.000999927520752,0,0,0,0.000000,0
609136,1787871714.0,5.999000072479248,0,0,0,0.000000,0
609137,1787871720.001,6.000999927520752,0,0,0,0.000000,0
609138,1787871726.0,5.999000072479248,0,0,0,0.000000,0
609139,1787871732.0,6.0,0,0,0,0.000000,0
609140,1787871738.0,6.0,0,0,0,0.000000,0
609141,1787871744.001,6.000999927520752,0,0,0,0.000000,0
609142,1787871750.0,5.999000072479248,0,0,0,0.000000,0
609143,1787871756.001,6.000999927520752,0,0,0,0.000000,0
609144,1787871762.0,5.999000072479248,0,0,0,0.000000,0
609145,1787871768.001,6.000999927520752,0,0,0,0.000000,0
609146,1787871774.0,5.999000072479248,0,0,0,0.000000,0
609147,1787871780.0,6.0,0,0,0,0.000000,0
609148,1787871786.0,6.0,0,0,0,0.000000,0
609149,1787871792.0,6.0,0,0,0,0.000000,0
609150,1787871798.0,6.0,0,0,0,0.000000,0
609151,1787871804.0,6.0,0,0,0,0.000000,0
609152,1787871810.0,6.0,0,0,0,0.000000,0
609153,1787871816.001,6.000999927520752,0,0,0,0.000000,0
609154,1787871822.0,5.999000072479248,0,0,0,0.000000,0
609155,1787871828.0,6.0,0,0,0,0.000000,0
609156,1787871834.001,6.000999927520752,0,0,0,0.000000,0
609157,1787871840.0,5.999000072479248,0,0,0,0.000000,0
609158,1787871846.0,6.0,0,0,0,0.000000,0
609159,1787871852.001,6.000999927520752,0,0,0,0.000000,0
609160,1787871858.001,6.0,0,0,0,0.000000,0
609161,1787871864.0,5.999000072479248,0,0,0,0.000000,0
609162,1787871870.0,6.0,0,0,0,0.000000,0
609163,1787871876.001,6.000999927520752,0,0,0,0.000000,0
609164,1787871882.0,5.999000072479248,0,0,0,0.000000,0
609165,1787871888.0,6.0,1,1,24801,0.124005,1
609166,1787871894.0,6.0,1,1,63591,0.317955,1
609167,1787871900.0,6.0,0,0,0,0.000000,0
609168,1787871906.0,6.0,0,0,0,0.000000,0
609169,1787871912.001,6.000999927520752,0,0,0,0.000000,0
609170,1787871918.0,5.999000072479248,0,0,0,0.000000,0
609171,1787871924.0,6.0,0,0,0,0.000000,0
609172,1787871930.0,6.0,0,0,0,0.000000,0
609173,1787871936.0,6.0,0,0,0,0.000000,0
609174,1787871942.0,6.0,0,0,0,0.000000,0
609175,1787871948.0,6.0,1,1,6620,0.033100,1
609176,1787871954.0,6.0,0,0,0,0.000000,0
609177,1787871960.0,6.0,0,0,0,0.000000,0
609178,1787871966.0,6.0,0,0,0,0.000000,0
609179,1787871972.0,6.0,0,0,0,0.000000,0
609180,1787871978.0,6.0,0,0,0,0.000000,0
609181,1787871984.0,6.0,0,0,0,0.000000,0
609182,1787871990.0,6.0,1,1,24837,0.124185,1
609183,1787871996.0,6.0,0,0,0,0.000000,0
609184,1787872002.0,6.0,0,0,0,0.000000,0
609185,1787872008.001,6.000999927520752,0,0,0,0.000000,0
609186,1787872014.001,6.0,0,0,0,0.000000,0
609187,1787872020.0,5.999000072479248,0,0,0,0.000000,0
609188,1787872026.0,6.0,0,0,0,0.000000,0
609189,1787872032.0,6.0,0,0,0,0.000000,0
609190,1787872038.0,6.0,0,0,0,0.000000,0
609191,1787872044.0,6.0,0,0,0,0.000000,0
609192,1787872050.0,6.0,0,0,0,0.000000,0
609193,1787872056.0,6.0,1,1,7336,0.036680,1
609194,1787872062.0,6.0,0,0,0,0.000000,0
609195,1787872068.0,6.0,0,0,0,0.000000,0
609196,1787872074.0,6.0,0,0,0,0.000000,0
609197,1787872080.0,6.0,0,0,0,0.000000,0
609198,1787872086.0,6.0,1,1,24810,0.124050,1
609199,1787872092.001,6.000999927520752,0,0,0,0.000000,0
609200,1787872098.0,5.999000072479248,0,0,0,0.000000,0
609201,1787872104.0,6.0,0,0,0,0.000000,0
609202,1787872110.0,6.0,0,0,0,0.000000,0
609203,1787872116.0,6.0,1,1,8412,0.042060,1
609204,1787872122.0,6.0,0,0,0,0.000000,0
609205,1787872128.001,6.000999927520752,0,0,0,0.000000,0
609206,1787872134.0,5.999000072479248,0,0,0,0.000000,0
609207,1787872140.0,6.0,1,1,7517,0.037585,1
609208,1787872146.0,6.0,0,0,0,0.000000,0
609209,1787872152.0,6.0,0,0,0,0.000000,0
609210,1787872158.001,6.000999927520752,0,0,0,0.000000,0
609211,1787872164.001,6.0,0,0,0,0.000000,0
609212,1787872170.0,5.999000072479248,0,0,0,0.000000,0
609213,1787872176.001,6.000999927520752,0,0,0,0.000000,0
609214,1787872182.001,6.0,0,0,0,0.000000,0
609215,1787872188.0,5.999000072479248,0,0,0,0.000000,0
609216,1787872194.0,6.0,0,0,0,0.000000,0
609217,1787872200.001,6.000999927520752,0,0,0,0.000000,0
609218,1787872206.0,5.999000072479248,0,0,0,0.000000,0
609219,1787872212.001,6.000999927520752,0,0,0,0.000000,0
609220,1787872218.001,6.0,0,0,0,0.000000,0
609221,1787872224.0,5.999000072479248,0,0,0,0.000000,0
609222,1787872230.0,6.0,0,0,0,0.000000,0
609223,1787872236.0,6.0,0,0,0,0.000000,0
609224,1787872242.0,6.0,0,0,0,0.000000,0
609225,1787872248.001,6.000999927520752,0,0,0,0.000000,0
609226,1787872254.0,5.999000072479248,0,0,0,0.000000,0
609227,1787872260.0,6.0,0,0,0,0.000000,0
609228,1787872266.0,6.0,0,0,0,0.000000,0
609229,1787872272.0,6.0,0,0,0,0.000000,0
609230,1787872278.0,6.0,0,0,0,0.000000,0
609231,1787872284.0,6.0,0,0,0,0.000000,0
609232,1787872290.0,6.0,0,0,0,0.000000,0
609233,1787872296.0,6.0,0,0,0,0.000000,0
609234,1787872302.0,6.0,0,0,0,0.000000,0
609235,1787872308.0,6.0,0,0,0,0.000000,0
609236,1787872314.001,6.000999927520752,0,0,0,0.000000,0
609237,1787872320.0,5.999000072479248,0,0,0,0.000000,0
609238,1787872326.0,6.0,0,0,0,0.000000,0
609239,1787872332.0,6.0,0,0,0,0.000000,0
609240,1787872338.0,6.0,0,0,0,0.000000,0
609241,1787872344.001,6.000999927520752,0,0,0,0.000000,0
609242,1787872350.0,5.999000072479248,0,0,0,0.000000,0
609243,1787872356.001,6.000999927520752,0,0,0,0.000000,0
609244,1787872362.0,5.999000072479248,0,0,0,0.000000,0
609245,1787872368.001,6.000999927520752,0,0,0,0.000000,0
609246,1787872374.0,5.999000072479248,0,0,0,0.000000,0
609247,1787872380.001,6.000999927520752,0,0,0,0.000000,0
609248,1787872386.0,5.999000072479248,0,0,0,0.000000,0
609249,1787872392.001,6.000999927520752,0,0,0,0.000000,0
609250,1787872398.0,5.999000072479248,0,0,0,0.000000,0
609251,1787872404.0,6.0,0,0,0,0.000000,0
609252,1787872410.0,6.0,0,0,0,0.000000,0
609253,1787872416.0,6.0,0,0,0,0.000000,0
609254,1787872422.0,6.0,0,0,0,0.000000,0
609255,1787872428.0,6.0,0,0,0,0.000000,0
609256,1787872434.0,6.0,0,0,0,0.000000,0
609257,1787872440.0,6.0,0,0,0,0.000000,0
609258,1787872446.0,6.0,0,0,0,0.000000,0
609259,1787872452.0,6.0,0,0,0,0.000000,0
609260,1787872458.0,6.0,0,0,0,0.000000,0
609261,1787872464.0,6.0,0,0,0,0.000000,0
609262,1787872470.0,6.0,0,0,0,0.000000,0
609263,1787872476.0,6.0,0,0,0,0.000000,0
609264,1787872482.0,6.0,0,0,0,0.000000,0
609265,1787872488.0,6.0,0,0,0,0.000000,0
609266,1787872494.0,6.0,0,0,0,0.000000,0
609267,1787872500.0,6.0,0,0,0,0.000000,0
609268,1787872506.0,6.0,0,0,0,0.000000,0
609269,1787872512.0,6.0,0,0,0,0.000000,0
609270,1787872518.0,6.0,0,0,0,0.000000,0
609271,1787872524.0,6.0,0,0,0,0.000000,0
609272,1787872530.0,6.0,0,0,0,0.000000,0
609273,1787872536.0,6.0,0,0,0,0.000000,0
609274,1787872542.0,6.0,0,0,0,0.000000,0
609275,1787872548.0,6.0,0,0,0,0.000000,0
609276,1787872554.0,6.0,0,0,0,0.000000,0
609277,1787872560.0,6.0,0,0,0,0.000000,0
609278,1787872566.0,6.0,0,0,0,0.000000,0
609279,1787872572.0,6.0,0,0,0,0.000000,0
609280,1787872578.0,6.0,0,0,0,0.000000,0
609281,1787872584.0,6.0,0,0,0,0.000000,0
609282,1787872590.0,6.0,0,0,0,0.000000,0
609283,1787872596.001,6.000999927520752,0,0,0,0.000000,0
609284,1787872602.0,5.999000072479248,0,0,0,0.000000,0
609285,1787872608.0,6.0,0,0,0,0.000000,0
609286,1787872614.0,6.0,0,0,0,0.000000,0
609287,1787872620.0,6.0,0,0,0,0.000000,0
609288,1787872626.0,6.0,0,0,0,0.000000,0
609289,1787872632.0,6.0,0,0,0,0.000000,0
609290,1787872638.0,6.0,0,0,0,0.000000,0
609291,1787872644.0,6.0,0,0,0,0.000000,0
609292,1787872650.001,6.000999927520752,0,0,0,0.000000,0
609293,1787872656.0,5.999000072479248,0,0,0,0.000000,0
609294,1787872662.0,6.0,0,0,0,0.000000,0
609295,1787872668.0,6.0,0,0,0,0.000000,0
609296,1787872674.0,6.0,0,0,0,0.000000,0
609297,1787872680.001,6.000999927520752,0,0,0,0.000000,0
609298,1787872686.0,5.999000072479248,0,0,0,0.000000,0
609299,1787872692.0,6.0,0,0,0,0.000000,0
609300,1787872698.0,6.0,0,0,0,0.000000,0
609301,1787872704.001,6.000999927520752,0,0,0,0.000000,0
609302,1787872710.0,5.999000072479248,0,0,0,0.000000,0
609303,1787872716.001,6.000999927520752,0,0,0,0.000000,0
609304,1787872722.0,5.999000072479248,0,0,0,0.000000,0
609305,1787872728.0,6.0,0,0,0,0.000000,0
609306,1787872734.0,6.0,0,0,0,0.000000,0
609307,1787872740.0,6.0,0,0,0,0.000000,0
609308,1787872746.0,6.0,0,0,0,0.000000,0
609309,1787872752.0,6.0,0,0,0,0.000000,0
609310,1787872758.0,6.0,0,0,0,0.000000,0
609311,1787872764.0,6.0,0,0,0,0.000000,0
609312,1787872770.0,6.0,0,0,0,0.000000,0
609313,1787872776.0,6.0,0,0,0,0.000000,0
609314,1787872782.0,6.0,0,0,0,0.000000,0
609315,1787872788.0,6.0,0,0,0,0.000000,0
609316,1787872794.0,6.0,0,0,0,0.000000,0
609317,1787872800.0,6.0,0,0,0,0.000000,0
609318,1787872806.001,6.000999927520752,0,0,0,0.000000,0
609319,1787872812.001,6.0,0,0,0,0.000000,0
609320,1787872818.0,5.999000072479248,0,0,0,0.000000,0
609321,1787872824.0,6.0,0,0,0,0.000000,0
609322,1787872830.001,6.000999927520752,0,0,0,0.000000,0
609323,1787872836.0,5.999000072479248,0,0,0,0.000000,0
609324,1787872842.0,6.0,0,0,0,0.000000,0
609325,1787872848.0,6.0,0,0,0,0.000000,0
609326,1787872854.0,6.0,0,0,0,0.000000,0
609327,1787872860.0,6.0,0,0,0,0.000000,0
609328,1787872866.0,6.0,0,0,0,0.000000,0
609329,1787872872.0,6.0,0,0,0,0.000000,0
609330,1787872878.0,6.0,0,0,0,0.000000,0
609331,1787872884.001,6.000999927520752,0,0,0,0.000000,0
609332,1787872890.0,5.999000072479248,0,0,0,0.000000,0
609333,1787872896.0,6.0,0,0,0,0.000000,0
609334,1787872902.0,6.0,0,0,0,0.000000,0
609335,1787872908.0,6.0,0,0,0,0.000000,0
609336,1787872914.001,6.000999927520752,0,0,0,0.000000,0
609337,1787872920.001,6.0,0,0,0,0.000000,0
609338,1787872926.0,5.999000072479248,0,0,0,0.000000,0
609339,1787872932.001,6.000999927520752,0,0,0,0.000000,0
609340,1787872938.001,6.0,0,0,0,0.000000,0
609341,1787872944.001,6.0,0,0,0,0.000000,0
609342,1787872950.001,6.0,0,0,0,0.000000,0
609343,1787872956.0,5.999000072479248,1,1,7762,0.038810,1
609344,1787872962.0,6.0,0,0,0,0.000000,0
609345,1787872968.0,6.0,0,0,0,0.000000,0
609346,1787872974.0,6.0,0,0,0,0.000000,0
609347,1787872980.0,6.0,0,0,0,0.000000,0
609348,1787872986.0,6.0,0,0,0,0.000000,0
609349,1787872992.001,6.000999927520752,0,0,0,0.000000,0
609350,1787872998.0,5.999000072479248,0,0,0,0.000000,0
609351,1787873004.0,6.0,1,1,3816,0.019080,1
609352,1787873010.0,6.0,0,0,0,0.000000,0
609353,1787873016.0,6.0,0,0,0,0.000000,0
609354,1787873022.0,6.0,0,0,0,0.000000,0
609355,1787873028.001,6.000999927520752,0,0,0,0.000000,0
609356,1787873034.0,5.999000072479248,0,0,0,0.000000,0
609357,1787873040.0,6.0,0,0,0,0.000000,0
609358,1787873046.0,6.0,0,0,0,0.000000,0
609359,1787873052.0,6.0,1,1,3816,0.019080,1
609360,1787873058.0,6.0,0,0,0,0.000000,0
609361,1787873064.001,6.000999927520752,0,0,0,0.000000,0
609362,1787873070.0,5.999000072479248,0,0,0,0.000000,0
609363,1787873076.0,6.0,0,0,0,0.000000,0
609364,1787873082.0,6.0,0,0,0,0.000000,0
609365,1787873088.0,6.0,0,0,0,0.000000,0
609366,1787873094.001,6.000999927520752,0,0,0,0.000000,0
609367,1787873100.0,5.999000072479248,1,1,3816,0.019080,1
609368,1787873106.0,6.0,0,0,0,0.000000,0
609369,1787873112.0,6.0,0,0,0,0.000000,0
609370,1787873118.0,6.0,0,0,0,0.000000,0
609371,1787873124.0,6.0,0,0,0,0.000000,0
609372,1787873130.001,6.000999927520752,0,0,0,0.000000,0
609373,1787873136.0,5.999000072479248,0,0,0,0.000000,0
609374,1787873142.0,6.0,0,0,0,0.000000,0
609375,1787873148.0,6.0,1,1,3816,0.019080,1
609376,1787873154.0,6.0,0,0,0,0.000000,0
609377,1787873160.0,6.0,0,0,0,0.000000,0
609378,1787873166.0,6.0,0,0,0,0.000000,0
609379,1787873172.0,6.0,0,0,0,0.000000,0
609380,1787873178.0,6.0,0,0,0,0.000000,0
609381,1787873184.0,6.0,0,0,0,0.000000,0
609382,1787873190.0,6.0,0,0,0,0.000000,0
609383,1787873196.0,6.0,1,1,3816,0.019080,1
609384,1787873202.001,6.000999927520752,0,0,0,0.000000,0
609385,1787873208.0,5.999000072479248,0,0,0,0.000000,0
609386,1787873214.001,6.000999927520752,0,0,0,0.000000,0
609387,1787873220.0,5.999000072479248,0,0,0,0.000000,0
609388,1787873226.001,6.000999927520752,0,0,0,0.000000,0
609389,1787873232.0,5.999000072479248,0,0,0,0.000000,0
609390,1787873238.0,6.0,0,0,0,0.000000,0
609391,1787873244.001,6.000999927520752,1,1,3815,0.019075,1
609392,1787873250.001,6.0,0,0,0,0.000000,0
609393,1787873256.001,6.0,0,0,0,0.000000,0
609394,1787873262.001,6.0,0,0,0,0.000000,0
609395,1787873268.0,5.999000072479248,0,0,0,0.000000,0
609396,1787873274.0,6.0,0,0,0,0.000000,0
609397,1787873280.0,6.0,0,0,0,0.000000,0
609398,1787873286.001,6.000999927520752,0,0,0,0.000000,0
609399,1787873292.001,6.0,1,1,3813,0.019065,1
609400,1787873298.0,5.999000072479248,0,0,0,0.000000,0
609401,1787873304.0,6.0,0,0,0,0.000000,0
609402,1787873310.0,6.0,0,0,0,0.000000,0
609403,1787873316.0,6.0,0,0,0,0.000000,0
609404,1787873322.0,6.0,0,0,0,0.000000,0
609405,1787873328.0,6.0,0,0,0,0.000000,0
609406,1787873334.0,6.0,0,0,0,0.000000,0
609407,1787873340.0,6.0,1,1,3814,0.019070,1
609408,1787873346.0,6.0,0,0,0,0.000000,0
609409,1787873352.0,6.0,0,0,0,0.000000,0
609410,1787873358.0,6.0,0,0,0,0.000000,0
609411,1787873364.001,6.000999927520752,0,0,0,0.000000,0
609412,1787873370.001,6.0,0,0,0,0.000000,0
609413,1787873376.0,5.999000072479248,0,0,0,0.000000,0
609414,1787873382.001,6.000999927520752,0,0,0,0.000000,0
609415,1787873388.0,5.999000072479248,1,1,3814,0.019070,1
609416,1787873394.0,6.0,0,0,0,0.000000,0
609417,1787873400.001,6.000999927520752,0,0,0,0.000000,0
609418,1787873406.0,5.999000072479248,0,0,0,0.000000,0
609419,1787873412.001,6.000999927520752,0,0,0,0.000000,0
609420,1787873418.001,6.0,0,0,0,0.000000,0
609421,1787873424.0,5.999000072479248,0,0,0,0.000000,0
609422,1787873430.0,6.0,0,0,0,0.000000,0
609423,1787873436.0,6.0,1,1,3814,0.019070,1
609424,1787873442.001,6.000999927520752,0,0,0,0.000000,0
609425,1787873448.0,5.999000072479248,0,0,0,0.000000,0
609426,1787873454.0,6.0,0,0,0,0.000000,0
609427,1787873460.0,6.0,0,0,0,0.000000,0
609428,1787873466.0,6.0,0,0,0,0.000000,0
609429,1787873472.0,6.0,0,0,0,0.000000,0
609430,1787873478.0,6.0,0,0,0,0.000000,0
609431,1787873484.0,6.0,1,1,3812,0.019060,1
609432,1787873490.0,6.0,0,0,0,0.000000,0
609433,1787873496.0,6.0,0,0,0,0.000000,0
609434,1787873502.0,6.0,0,0,0,0.000000,0
609435,1787873508.001,6.000999927520752,0,0,0,0.000000,0
609436,1787873514.0,5.999000072479248,0,0,0,0.000000,0
609437,1787873520.0,6.0,0,0,0,0.000000,0
609438,1787873526.0,6.0,0,0,0,0.000000,0
609439,1787873532.001,6.000999927520752,1,1,3814,0.019070,1
609440,1787873538.0,5.999000072479248,0,0,0,0.000000,0
609441,1787873544.0,6.0,0,0,0,0.000000,0
609442,1787873550.0,6.0,0,0,0,0.000000,0
609443,1787873556.0,6.0,0,0,0,0.000000,0
609444,1787873562.0,6.0,0,0,0,0.000000,0
609445,1787873568.001,6.000999927520752,0,0,0,0.000000,0
609446,1787873574.0,5.999000072479248,0,0,0,0.000000,0
609447,1787873580.0,6.0,1,1,3814,0.019070,1
609448,1787873586.0,6.0,0,0,0,0.000000,0
609449,1787873592.0,6.0,0,0,0,0.000000,0
609450,1787873598.0,6.0,0,0,0,0.000000,0
609451,1787873604.001,6.000999927520752,0,0,0,0.000000,0
609452,1787873610.0,5.999000072479248,0,0,0,0.000000,0
609453,1787873616.0,6.0,0,0,0,0.000000,0
609454,1787873622.001,6.000999927520752,0,0,0,0.000000,0
609455,1787873628.0,5.999000072479248,1,1,3814,0.019070,1
609456,1787873634.0,6.0,0,0,0,0.000000,0
609457,1787873640.0,6.0,0,0,0,0.000000,0
609458,1787873646.0,6.0,0,0,0,0.000000,0
609459,1787873652.0,6.0,0,0,0,0.000000,0
609460,1787873658.001,6.000999927520752,0,0,0,0.000000,0
609461,1787873664.0,5.999000072479248,0,0,0,0.000000,0
609462,1787873670.0,6.0,0,0,0,0.000000,0
609463,1787873676.0,6.0,1,1,3814,0.019070,1
609464,1787873682.001,6.000999927520752,0,0,0,0.000000,0
609465,1787873688.001,6.0,0,0,0,0.000000,0
609466,1787873694.0,5.999000072479248,0,0,0,0.000000,0
609467,1787873700.0,6.0,0,0,0,0.000000,0
609468,1787873706.0,6.0,0,0,0,0.000000,0
609469,1787873712.0,6.0,0,0,0,0.000000,0
609470,1787873718.0,6.0,0,0,0,0.000000,0
609471,1787873724.0,6.0,1,1,3729,0.018645,1
609472,1787873730.0,6.0,0,0,0,0.000000,0
609473,1787873736.001,6.000999927520752,0,0,0,0.000000,0
609474,1787873742.0,5.999000072479248,0,0,0,0.000000,0
609475,1787873748.001,6.000999927520752,0,0,0,0.000000,0
609476,1787873754.0,5.999000072479248,0,0,0,0.000000,0
609477,1787873760.0,6.0,0,0,0,0.000000,0
609478,1787873766.0,6.0,0,0,0,0.000000,0
609479,1787873772.001,6.000999927520752,1,1,3816,0.019080,1
609480,1787873778.0,5.999000072479248,0,0,0,0.000000,0
609481,1787873784.0,6.0,0,0,0,0.000000,0
609482,1787873790.0,6.0,0,0,0,0.000000,0
609483,1787873796.0,6.0,0,0,0,0.000000,0
609484,1787873802.001,6.000999927520752,0,0,0,0.000000,0
609485,1787873808.0,5.999000072479248,0,0,0,0.000000,0
609486,1787873814.0,6.0,0,0,0,0.000000,0
609487,1787873820.0,6.0,1,1,3815,0.019075,1
609488,1787873826.0,6.0,0,0,0,0.000000,0
609489,1787873832.0,6.0,0,0,0,0.000000,0
609490,1787873838.0,6.0,0,0,0,0.000000,0
609491,1787873844.0,6.0,0,0,0,0.000000,0
609492,1787873850.0,6.0,0,0,0,0.000000,0
609493,1787873856.0,6.0,0,0,0,0.000000,0
609494,1787873862.0,6.0,0,0,0,0.000000,0
609495,1787873868.001,6.000999927520752,1,1,3816,0.019080,1
609496,1787873874.0,5.999000072479248,0,0,0,0.000000,0
609497,1787873880.0,6.0,0,0,0,0.000000,0
609498,1787873886.0,6.0,0,0,0,0.000000,0
609499,1787873892.0,6.0,0,0,0,0.000000,0
609500,1787873898.0,6.0,0,0,0,0.000000,0
609501,1787873904.0,6.0,0,0,0,0.000000,0
609502,1787873910.0,6.0,0,0,0,0.000000,0
609503,1787873916.0,6.0,1,1,3816,0.019080,1
609504,1787873922.0,6.0,0,0,0,0.000000,0
609505,1787873928.0,6.0,0,0,0,0.000000,0
609506,1787873934.0,6.0,0,0,0,0.000000,0
609507,1787873940.0,6.0,0,0,0,0.000000,0
609508,1787873946.0,6.0,0,0,0,0.000000,0
609509,1787873952.0,6.0,0,0,0,0.000000,0
609510,1787873958.001,6.000999927520752,0,0,0,0.000000,0
609511,1787873964.0,5.999000072479248,1,1,3816,0.019080,1
609512,1787873970.0,6.0,0,0,0,0.000000,0
609513,1787873976.001,6.000999927520752,0,0,0,0.000000,0
609514,1787873982.0,5.999000072479248,0,0,0,0.000000,0
609515,1787873988.001,6.000999927520752,0,0,0,0.000000,0
609516,1787873994.0,5.999000072479248,0,0,0,0.000000,0
609517,1787874000.0,6.0,0,0,0,0.000000,0
609518,1787874006.0,6.0,0,0,0,0.000000,0
609519,1787874012.0,6.0,1,1,3816,0.019080,1
609520,1787874018.0,6.0,0,0,0,0.000000,0
609521,1787874024.0,6.0,0,0,0,0.000000,0
609522,1787874030.0,6.0,0,0,0,0.000000,0
609523,1787874036.001,6.000999927520752,0,0,0,0.000000,0
609524,1787874042.0,5.999000072479248,0,0,0,0.000000,0
609525,1787874048.0,6.0,0,0,0,0.000000,0
609526,1787874054.0,6.0,0,0,0,0.000000,0
609527,1787874060.0,6.0,1,1,3816,0.019080,1
609528,1787874066.0,6.0,0,0,0,0.000000,0
609529,1787874072.001,6.000999927520752,0,0,0,0.000000,0
609530,1787874078.0,5.999000072479248,0,0,0,0.000000,0
609531,1787874084.0,6.0,0,0,0,0.000000,0
609532,1787874090.001,6.000999927520752,0,0,0,0.000000,0
609533,1787874096.0,5.999000072479248,0,0,0,0.000000,0
609534,1787874102.0,6.0,0,0,0,0.000000,0
609535,1787874108.0,6.0,1,1,3816,0.019080,1
609536,1787874114.0,6.0,0,0,0,0.000000,0
609537,1787874120.0,6.0,0,0,0,0.000000,0
609538,1787874126.0,6.0,0,0,0,0.000000,0
609539,1787874132.0,6.0,0,0,0,0.000000,0
609540,1787874138.0,6.0,1,1,709,0.003545,1
609541,1787874144.0,6.0,0,0,0,0.000000,0
609542,1787874150.001,6.000999927520752,0,0,0,0.000000,0
609543,1787874156.0,5.999000072479248,2,2,4525,0.022625,2
609544,1787874162.0,6.0,0,0,0,0.000000,0
609545,1787874168.001,6.000999927520752,0,0,0,0.000000,0
609546,1787874174.0,5.999000072479248,1,1,710,0.003550,1
609547,1787874180.0,6.0,0,0,0,0.000000,0
609548,1787874186.001,6.000999927520752,0,0,0,0.000000,0
609549,1787874192.0,5.999000072479248,1,1,710,0.003550,1
609550,1787874198.0,6.0,0,0,0,0.000000,0
609551,1787874204.001,6.000999927520752,1,1,3816,0.019080,1
609552,1787874210.0,5.999000072479248,1,1,710,0.003550,1
609553,1787874216.0,6.0,0,0,0,0.000000,0
609554,1787874222.0,6.0,0,0,0,0.000000,0
609555,1787874228.001,6.000999927520752,1,1,710,0.003550,1
609556,1787874234.0,5.999000072479248,0,0,0,0.000000,0
609557,1787874240.0,6.0,0,0,0,0.000000,0
609558,1787874246.0,6.0,1,1,710,0.003550,1
609559,1787874252.0,6.0,1,1,3816,0.019080,1
609560,1787874258.0,6.0,0,0,0,0.000000,0
609561,1787874264.001,6.000999927520752,0,0,0,0.000000,0
609562,1787874270.0,5.999000072479248,0,0,0,0.000000,0
609563,1787874276.0,6.0,0,0,0,0.000000,0
609564,1787874282.0,6.0,0,0,0,0.000000,0
609565,1787874288.0,6.0,0,0,0,0.000000,0
609566,1787874294.001,6.000999927520752,0,0,0,0.000000,0
609567,1787874300.001,6.0,1,1,3816,0.019080,1
609568,1787874306.0,5.999000072479248,0,0,0,0.000000,0
609569,1787874312.0,6.0,0,0,0,0.000000,0
609570,1787874318.0,6.0,0,0,0,0.000000,0
609571,1787874324.0,6.0,0,0,0,0.000000,0
609572,1787874330.001,6.000999927520752,0,0,0,0.000000,0
609573,1787874336.0,5.999000072479248,0,0,0,0.000000,0
609574,1787874342.0,6.0,0,0,0,0.000000,0
609575,1787874348.0,6.0,1,1,3816,0.019080,1
609576,1787874354.0,6.0,0,0,0,0.000000,0
609577,1787874360.0,6.0,0,0,0,0.000000,0
609578,1787874366.001,6.000999927520752,0,0,0,0.000000,0
609579,1787874372.0,5.999000072479248,0,0,0,0.000000,0
609580,1787874378.0,6.0,0,0,0,0.000000,0
609581,1787874384.0,6.0,0,0,0,0.000000,0
609582,1787874390.001,6.000999927520752,0,0,0,0.000000,0
609583,1787874396.0,5.999000072479248,1,1,3814,0.019070,1
609584,1787874402.0,6.0,0,0,0,0.000000,0
609585,1787874408.001,6.000999927520752,0,0,0,0.000000,0
609586,1787874414.0,5.999000072479248,0,0,0,0.000000,0
609587,1787874420.0,6.0,0,0,0,0.000000,0
609588,1787874426.0,6.0,0,0,0,0.000000,0
609589,1787874432.0,6.0,0,0,0,0.000000,0
609590,1787874438.0,6.0,0,0,0,0.000000,0
609591,1787874444.001,6.000999927520752,1,1,3814,0.019070,1
609592,1787874450.0,5.999000072479248,0,0,0,0.000000,0
609593,1787874456.001,6.000999927520752,0,0,0,0.000000,0
609594,1787874462.0,5.999000072479248,0,0,0,0.000000,0
609595,1787874468.0,6.0,0,0,0,0.000000,0
609596,1787874474.0,6.0,0,0,0,0.000000,0
609597,1787874480.001,6.000999927520752,0,0,0,0.000000,0
609598,1787874486.0,5.999000072479248,0,0,0,0.000000,0
609599,1787874492.0,6.0,1,1,3813,0.019065,1
609600,1787874498.0,6.0,0,0,0,0.000000,0
609601,1787874504.0,6.0,0,0,0,0.000000,0
609602,1787874510.0,6.0,0,0,0,0.000000,0
609603,1787874516.0,6.0,0,0,0,0.000000,0
609604,1787874522.0,6.0,0,0,0,0.000000,0
609605,1787874528.001,6.000999927520752,0,0,0,0.000000,0
609606,1787874534.0,5.999000072479248,0,0,0,0.000000,0
609607,1787874540.0,6.0,1,1,3814,0.019070,1
609608,1787874546.0,6.0,0,0,0,0.000000,0
609609,1787874552.0,6.0,0,0,0,0.000000,0
609610,1787874558.0,6.0,0,0,0,0.000000,0
609611,1787874564.001,6.000999927520752,0,0,0,0.000000,0
609612,1787874570.0,5.999000072479248,0,0,0,0.000000,0
609613,1787874576.0,6.0,0,0,0,0.000000,0
609614,1787874582.0,6.0,0,0,0,0.000000,0
609615,1787874588.0,6.0,1,1,3814,0.019070,1
609616,1787874594.0,6.0,0,0,0,0.000000,0
609617,1787874600.0,6.0,0,0,0,0.000000,0
609618,1787874606.0,6.0,0,0,0,0.000000,0
609619,1787874612.001,6.000999927520752,0,0,0,0.000000,0
609620,1787874618.0,5.999000072479248,0,0,0,0.000000,0
609621,1787874624.0,6.0,0,0,0,0.000000,0
609622,1787874630.0,6.0,0,0,0,0.000000,0
609623,1787874636.0,6.0,1,1,3814,0.019070,1
609624,1787874642.0,6.0,0,0,0,0.000000,0
609625,1787874648.0,6.0,0,0,0,0.000000,0
609626,1787874654.0,6.0,0,0,0,0.000000,0
609627,1787874660.0,6.0,0,0,0,0.000000,0
609628,1787874666.0,6.0,0,0,0,0.000000,0
609629,1787874672.0,6.0,0,0,0,0.000000,0
609630,1787874678.0,6.0,0,0,0,0.000000,0
609631,1787874684.0,6.0,1,1,3813,0.019065,1
609632,1787874690.0,6.0,0,0,0,0.000000,0
609633,1787874696.0,6.0,0,0,0,0.000000,0
609634,1787874702.0,6.0,0,0,0,0.000000,0
609635,1787874708.0,6.0,0,0,0,0.000000,0
609636,1787874714.001,6.000999927520752,0,0,0,0.000000,0
609637,1787874720.0,5.999000072479248,0,0,0,0.000000,0
609638,1787874726.0,6.0,0,0,0,0.000000,0
609639,1787874732.0,6.0,1,1,3814,0.019070,1
609640,1787874738.0,6.0,0,0,0,0.000000,0
609641,1787874744.0,6.0,0,0,0,0.000000,0
609642,1787874750.0,6.0,0,0,0,0.000000,0
609643,1787874756.0,6.0,0,0,0,0.000000,0
609644,1787874762.0,6.0,0,0,0,0.000000,0
609645,1787874768.0,6.0,0,0,0,0.000000,0
609646,1787874774.0,6.0,0,0,0,0.000000,0
609647,1787874780.0,6.0,1,1,3814,0.019070,1
609648,1787874786.0,6.0,0,0,0,0.000000,0
609649,1787874792.0,6.0,0,0,0,0.000000,0
609650,1787874798.0,6.0,0,0,0,0.000000,0
609651,1787874804.0,6.0,0,0,0,0.000000,0
609652,1787874810.0,6.0,0,0,0,0.000000,0
609653,1787874816.0,6.0,0,0,0,0.000000,0
609654,1787874822.001,6.000999927520752,0,0,0,0.000000,0
609655,1787874828.0,5.999000072479248,1,1,3814,0.019070,1
609656,1787874834.0,6.0,0,0,0,0.000000,0
609657,1787874840.0,6.0,0,0,0,0.000000,0
609658,1787874846.001,6.000999927520752,0,0,0,0.000000,0
609659,1787874852.001,6.0,0,0,0,0.000000,0
609660,1787874858.001,6.0,0,0,0,0.000000,0
609661,1787874864.001,6.0,0,0,0,0.000000,0
609662,1787874870.0,5.999000072479248,0,0,0,0.000000,0
609663,1787874876.0,6.0,1,1,3729,0.018645,1
609664,1787874882.0,6.0,0,0,0,0.000000,0
609665,1787874888.001,6.000999927520752,0,0,0,0.000000,0
609666,1787874894.001,6.0,0,0,0,0.000000,0
609667,1787874900.001,6.0,0,0,0,0.000000,0
609668,1787874906.001,6.0,0,0,0,0.000000,0
609669,1787874912.0,5.999000072479248,0,0,0,0.000000,0
609670,1787874918.0,6.0,0,0,0,0.000000,0
609671,1787874924.0,6.0,1,1,3818,0.019090,1
609672,1787874930.001,6.000999927520752,0,0,0,0.000000,0
609673,1787874936.0,5.999000072479248,0,0,0,0.000000,0
609674,1787874942.0,6.0,0,0,0,0.000000,0
609675,1787874948.0,6.0,0,0,0,0.000000,0
609676,1787874954.0,6.0,0,0,0,0.000000,0
609677,1787874960.0,6.0,0,0,0,0.000000,0
609678,1787874966.001,6.000999927520752,0,0,0,0.000000,0
609679,1787874972.0,5.999000072479248,1,1,3818,0.019090,1
609680,1787874978.0,6.0,0,0,0,0.000000,0
609681,1787874984.0,6.0,0,0,0,0.000000,0
609682,1787874990.0,6.0,0,0,0,0.000000,0
609683,1787874996.0,6.0,0,0,0,0.000000,0
609684,1787875002.001,6.000999927520752,0,0,0,0.000000,0
609685,1787875008.001,6.0,0,0,0,0.000000,0
609686,1787875014.0,5.999000072479248,0,0,0,0.000000,0
609687,1787875020.001,6.000999927520752,1,1,3818,0.019090,1
609688,1787875026.001,6.0,1,1,3845,0.019225,1
609689,1787875032.0,5.999000072479248,0,0,0,0.000000,0
609690,1787875038.001,6.000999927520752,0,0,0,0.000000,0
609691,1787875044.001,6.0,0,0,0,0.000000,0
609692,1787875050.0,5.999000072479248,1,1,3845,0.019225,1
609693,1787875056.0,6.0,0,0,0,0.000000,0
609694,1787875062.0,6.0,0,0,0,0.000000,0
609695,1787875068.0,6.0,2,2,7663,0.038315,2
609696,1787875074.001,6.000999927520752,0,0,0,0.000000,0
609697,1787875080.0,5.999000072479248,0,0,0,0.000000,0
609698,1787875086.0,6.0,0,0,0,0.000000,0
609699,1787875092.0,6.0,0,0,0,0.000000,0
609700,1787875098.001,6.000999927520752,0,0,0,0.000000,0
609701,1787875104.0,5.999000072479248,0,0,0,0.000000,0
609702,1787875110.001,6.000999927520752,0,0,0,0.000000,0
609703,1787875116.0,5.999000072479248,1,1,3818,0.019090,1
609704,1787875122.0,6.0,0,0,0,0.000000,0
609705,1787875128.0,6.0,0,0,0,0.000000,0
609706,1787875134.0,6.0,0,0,0,0.000000,0
609707,1787875140.0,6.0,0,0,0,0.000000,0
609708,1787875146.0,6.0,0,0,0,0.000000,0
609709,1787875152.0,6.0,0,0,0,0.000000,0
609710,1787875158.0,6.0,0,0,0,0.000000,0
609711,1787875164.0,6.0,1,1,3818,0.019090,1
609712,1787875170.0,6.0,0,0,0,0.000000,0
609713,1787875176.0,6.0,0,0,0,0.000000,0
609714,1787875182.0,6.0,0,0,0,0.000000,0
609715,1787875188.0,6.0,0,0,0,0.000000,0
609716,1787875194.0,6.0,0,0,0,0.000000,0
609717,1787875200.001,6.000999927520752,0,0,0,0.000000,0
609718,1787875206.0,5.999000072479248,0,0,0,0.000000,0
609719,1787875212.0,6.0,1,1,3818,0.019090,1
609720,1787875218.0,6.0,0,0,0,0.000000,0
609721,1787875224.0,6.0,0,0,0,0.000000,0
609722,1787875230.0,6.0,0,0,0,0.000000,0
609723,1787875236.001,6.000999927520752,0,0,0,0.000000,0
609724,1787875242.001,6.0,0,0,0,0.000000,0
609725,1787875248.0,5.999000072479248,0,0,0,0.000000,0
609726,1787875254.0,6.0,0,0,0,0.000000,0
609727,1787875260.0,6.0,1,1,3817,0.019085,1
609728,1787875266.0,6.0,0,0,0,0.000000,0
609729,1787875272.0,6.0,0,0,0,0.000000,0
609730,1787875278.0,6.0,1,1,14230,0.071150,1
609731,1787875284.001,6.000999927520752,0,0,0,0.000000,0
609732,1787875290.001,6.0,0,0,0,0.000000,0
609733,1787875296.0,5.999000072479248,0,0,0,0.000000,0
609734,1787875302.001,6.000999927520752,0,0,0,0.000000,0
609735,1787875308.0,5.999000072479248,1,1,3816,0.019080,1
609736,1787875314.001,6.000999927520752,0,0,0,0.000000,0
609737,1787875320.0,5.999000072479248,0,0,0,0.000000,0
609738,1787875326.001,6.000999927520752,0,0,0,0.000000,0
609739,1787875332.001,6.0,0,0,0,0.000000,0
609740,1787875338.0,5.999000072479248,0,0,0,0.000000,0
609741,1787875344.0,6.0,0,0,0,0.000000,0
609742,1787875350.0,6.0,1,1,13284,0.066420,1
609743,1787875356.001,6.000999927520752,1,1,3816,0.019080,1
609744,1787875362.001,6.0,0,0,0,0.000000,0
609745,1787875368.0,5.999000072479248,0,0,0,0.000000,0
609746,1787875374.0,6.0,0,0,0,0.000000,0
609747,1787875380.0,6.0,1,1,11974,0.059870,1
609748,1787875386.0,6.0,0,0,0,0.000000,0
609749,1787875392.0,6.0,0,0,0,0.000000,0
609750,1787875398.001,6.000999927520752,0,0,0,0.000000,0
609751,1787875404.0,5.999000072479248,1,1,3816,0.019080,1
609752,1787875410.0,6.0,0,0,0,0.000000,0
609753,1787875416.0,6.0,0,0,0,0.000000,0
609754,1787875422.0,6.0,0,0,0,0.000000,0
609755,1787875428.001,6.000999927520752,0,0,0,0.000000,0
609756,1787875434.0,5.999000072479248,0,0,0,0.000000,0
609757,1787875440.0,6.0,0,0,0,0.000000,0
609758,1787875446.001,6.000999927520752,0,0,0,0.000000,0
609759,1787875452.0,5.999000072479248,1,1,3816,0.019080,1
609760,1787875458.0,6.0,0,0,0,0.000000,0
609761,1787875464.001,6.000999927520752,0,0,0,0.000000,0
609762,1787875470.0,5.999000072479248,0,0,0,0.000000,0
609763,1787875476.0,6.0,0,0,0,0.000000,0
609764,1787875482.001,6.000999927520752,0,0,0,0.000000,0
609765,1787875488.0,5.999000072479248,0,0,0,0.000000,0
609766,1787875494.001,6.000999927520752,0,0,0,0.000000,0
609767,1787875500.0,5.999000072479248,1,1,3816,0.019080,1
609768,1787875506.0,6.0,0,0,0,0.000000,0
609769,1787875512.001,6.000999927520752,0,0,0,0.000000,0
609770,1787875518.0,5.999000072479248,0,0,0,0.000000,0
609771,1787875524.0,6.0,1,1,9106,0.045530,1
609772,1787875530.0,6.0,0,0,0,0.000000,0
609773,1787875536.0,6.0,0,0,0,0.000000,0
609774,1787875542.0,6.0,0,0,0,0.000000,0
609775,1787875548.001,6.000999927520752,1,1,3816,0.019080,1
609776,1787875554.0,5.999000072479248,0,0,0,0.000000,0
609777,1787875560.0,6.0,0,0,0,0.000000,0
609778,1787875566.0,6.0,0,0,0,0.000000,0
609779,1787875572.0,6.0,0,0,0,0.000000,0
609780,1787875578.0,6.0,0,0,0,0.000000,0
609781,1787875584.001,6.000999927520752,0,0,0,0.000000,0
609782,1787875590.0,5.999000072479248,0,0,0,0.000000,0
609783,1787875596.001,6.000999927520752,1,1,3816,0.019080,1
609784,1787875602.0,5.999000072479248,0,0,0,0.000000,0
609785,1787875608.001,6.000999927520752,0,0,0,0.000000,0
609786,1787875614.0,5.999000072479248,0,0,0,0.000000,0
609787,1787875620.001,6.000999927520752,0,0,0,0.000000,0
609788,1787875626.001,6.0,0,0,0,0.000000,0
609789,1787875632.0,5.999000072479248,0,0,0,0.000000,0
609790,1787875638.001,6.000999927520752,0,0,0,0.000000,0
609791,1787875644.0,5.999000072479248,1,1,3816,0.019080,1
609792,1787875650.0,6.0,0,0,0,0.000000,0
609793,1787875656.0,6.0,0,0,0,0.000000,0
609794,1787875662.0,6.0,0,0,0,0.000000,0
609795,1787875668.0,6.0,1,1,3845,0.019225,1
609796,1787875674.0,6.0,0,0,0,0.000000,0
609797,1787875680.0,6.0,0,0,0,0.000000,0
609798,1787875686.0,6.0,1,1,3844,0.019220,1
609799,1787875692.0,6.0,1,1,3816,0.019080,1
609800,1787875698.0,6.0,0,0,0,0.000000,0
609801,1787875704.0,6.0,0,0,0,0.000000,0
609802,1787875710.0,6.0,0,0,0,0.000000,0
609803,1787875716.001,6.000999927520752,0,0,0,0.000000,0
609804,1787875722.0,5.999000072479248,0,0,0,0.000000,0
609805,1787875728.0,6.0,0,0,0,0.000000,0
609806,1787875734.0,6.0,0,0,0,0.000000,0
609807,1787875740.0,6.0,1,1,3816,0.019080,1
609808,1787875746.0,6.0,0,0,0,0.000000,0
609809,1787875752.001,6.000999927520752,0,0,0,0.000000,0
609810,1787875758.0,5.999000072479248,0,0,0,0.000000,0
609811,1787875764.0,6.0,0,0,0,0.000000,0
609812,1787875770.001,6.000999927520752,0,0,0,0.000000,0
609813,1787875776.0,5.999000072479248,0,0,0,0.000000,0
609814,1787875782.0,6.0,0,0,0,0.000000,0
609815,1787875788.001,6.000999927520752,1,1,3816,0.019080,1
609816,1787875794.0,5.999000072479248,0,0,0,0.000000,0
609817,1787875800.0,6.0,0,0,0,0.000000,0
609818,1787875806.001,6.000999927520752,0,0,0,0.000000,0
609819,1787875812.0,5.999000072479248,0,0,0,0.000000,0
609820,1787875818.0,6.0,0,0,0,0.000000,0
609821,1787875824.0,6.0,0,0,0,0.000000,0
609822,1787875830.0,6.0,0,0,0,0.000000,0
609823,1787875836.0,6.0,1,1,3816,0.019080,1
609824,1787875842.001,6.000999927520752,0,0,0,0.000000,0
609825,1787875848.0,5.999000072479248,0,0,0,0.000000,0
609826,1787875854.0,6.0,0,0,0,0.000000,0
609827,1787875860.0,6.0,0,0,0,0.000000,0
609828,1787875866.0,6.0,0,0,0,0.000000,0
609829,1787875872.0,6.0,0,0,0,0.000000,0
609830,1787875878.0,6.0,0,0,0,0.000000,0
609831,1787875884.0,6.0,1,1,3816,0.019080,1
609832,1787875890.001,6.000999927520752,0,0,0,0.000000,0
609833,1787875896.0,5.999000072479248,0,0,0,0.000000,0
609834,1787875902.0,6.0,0,0,0,0.000000,0
609835,1787875908.0,6.0,0,0,0,0.000000,0
609836,1787875914.001,6.000999927520752,0,0,0,0.000000,0
609837,1787875920.0,5.999000072479248,0,0,0,0.000000,0
609838,1787875926.001,6.000999927520752,0,0,0,0.000000,0
609839,1787875932.0,5.999000072479248,1,1,3816,0.019080,1
609840,1787875938.0,6.0,1,1,3845,0.019225,1
609841,1787875944.0,6.0,0,0,0,0.000000,0
609842,1787875950.0,6.0,0,0,0,0.000000,0
609843,1787875956.0,6.0,0,0,0,0.000000,0
609844,1787875962.001,6.000999927520752,0,0,0,0.000000,0
609845,1787875968.0,5.999000072479248,0,0,0,0.000000,0
609846,1787875974.0,6.0,0,0,0,0.000000,0
609847,1787875980.0,6.0,1,1,3815,0.019075,1
609848,1787875986.0,6.0,0,0,0,0.000000,0
609849,1787875992.0,6.0,0,0,0,0.000000,0
609850,1787875998.001,6.000999927520752,0,0,0,0.000000,0
609851,1787876004.0,5.999000072479248,0,0,0,0.000000,0
609852,1787876010.0,6.0,0,0,0,0.000000,0
609853,1787876016.0,6.0,0,0,0,0.000000,0
609854,1787876022.0,6.0,0,0,0,0.000000,0
609855,1787876028.0,6.0,2,2,25610,0.128050,2
609856,1787876034.0,6.0,0,0,0,0.000000,0
609857,1787876040.0,6.0,0,0,0,0.000000,0
609858,1787876046.0,6.0,0,0,0,0.000000,0
609859,1787876052.0,6.0,0,0,0,0.000000,0
609860,1787876058.0,6.0,0,0,0,0.000000,0
609861,1787876064.0,6.0,0,0,0,0.000000,0
609862,1787876070.0,6.0,0,0,0,0.000000,0
609863,1787876076.0,6.0,1,1,3816,0.019080,1
609864,1787876082.0,6.0,0,0,0,0.000000,0
609865,1787876088.0,6.0,0,0,0,0.000000,0
609866,1787876094.001,6.000999927520752,0,0,0,0.000000,0
609867,1787876100.0,5.999000072479248,0,0,0,0.000000,0
609868,1787876106.0,6.0,0,0,0,0.000000,0
609869,1787876112.0,6.0,0,0,0,0.000000,0
609870,1787876118.001,6.000999927520752,0,0,0,0.000000,0
609871,1787876124.0,5.999000072479248,1,1,3816,0.019080,1
609872,1787876130.001,6.000999927520752,0,0,0,0.000000,0
609873,1787876136.001,6.0,0,0,0,0.000000,0
609874,1787876142.0,5.999000072479248,0,0,0,0.000000,0
609875,1787876148.001,6.000999927520752,0,0,0,0.000000,0
609876,1787876154.0,5.999000072479248,0,0,0,0.000000,0
609877,1787876160.0,6.0,0,0,0,0.000000,0
609878,1787876166.0,6.0,0,0,0,0.000000,0
609879,1787876172.0,6.0,1,1,3816,0.019080,1
609880,1787876178.0,6.0,0,0,0,0.000000,0
609881,1787876184.0,6.0,0,0,0,0.000000,0
609882,1787876190.0,6.0,0,0,0,0.000000,0
609883,1787876196.001,6.000999927520752,0,0,0,0.000000,0
609884,1787876202.0,5.999000072479248,0,0,0,0.000000,0
609885,1787876208.001,6.000999927520752,0,0,0,0.000000,0
609886,1787876214.0,5.999000072479248,0,0,0,0.000000,0
609887,1787876220.0,6.0,2,2,7661,0.038305,2
609888,1787876226.0,6.0,0,0,0,0.000000,0
609889,1787876232.001,6.000999927520752,0,0,0,0.000000,0
609890,1787876238.0,5.999000072479248,0,0,0,0.000000,0
609891,1787876244.0,6.0,0,0,0,0.000000,0
609892,1787876250.0,6.0,0,0,0,0.000000,0
609893,1787876256.0,6.0,0,0,0,0.000000,0
609894,1787876262.0,6.0,0,0,0,0.000000,0
609895,1787876268.001,6.000999927520752,1,1,3816,0.019080,1
609896,1787876274.0,5.999000072479248,0,0,0,0.000000,0
609897,1787876280.0,6.0,0,0,0,0.000000,0
609898,1787876286.0,6.0,0,0,0,0.000000,0
609899,1787876292.001,6.000999927520752,0,0,0,0.000000,0
609900,1787876298.0,5.999000072479248,0,0,0,0.000000,0
609901,1787876304.0,6.0,0,0,0,0.000000,0
609902,1787876310.001,6.000999927520752,0,0,0,0.000000,0
609903,1787876316.0,5.999000072479248,1,1,3816,0.019080,1
609904,1787876322.0,6.0,0,0,0,0.000000,0
609905,1787876328.001,6.000999927520752,0,0,0,0.000000,0
609906,1787876334.0,5.999000072479248,0,0,0,0.000000,0
609907,1787876340.0,6.0,0,0,0,0.000000,0
609908,1787876346.0,6.0,0,0,0,0.000000,0
609909,1787876352.0,6.0,0,0,0,0.000000,0
609910,1787876358.0,6.0,0,0,0,0.000000,0
609911,1787876364.0,6.0,1,1,3816,0.019080,1
609912,1787876370.0,6.0,0,0,0,0.000000,0
609913,1787876376.0,6.0,0,0,0,0.000000,0
609914,1787876382.0,6.0,0,0,0,0.000000,0
609915,1787876388.0,6.0,0,0,0,0.000000,0
609916,1787876394.001,6.000999927520752,1,1,29453,0.147265,1
609917,1787876400.0,5.999000072479248,0,0,0,0.000000,0
609918,1787876406.0,6.0,0,0,0,0.000000,0
609919,1787876412.0,6.0,1,1,3815,0.019075,1
609920,1787876418.0,6.0,0,0,0,0.000000,0
609921,1787876424.0,6.0,0,0,0,0.000000,0
609922,1787876430.001,6.000999927520752,0,0,0,0.000000,0
609923,1787876436.0,5.999000072479248,0,0,0,0.000000,0
609924,1787876442.0,6.0,0,0,0,0.000000,0
609925,1787876448.0,6.0,0,0,0,0.000000,0
609926,1787876454.0,6.0,0,0,0,0.000000,0
609927,1787876460.001,6.000999927520752,1,1,3816,0.019080,1
609928,1787876466.001,6.0,0,0,0,0.000000,0
609929,1787876472.0,5.999000072479248,0,0,0,0.000000,0
609930,1787876478.0,6.0,0,0,0,0.000000,0
609931,1787876484.001,6.000999927520752,0,0,0,0.000000,0
609932,1787876490.0,5.999000072479248,0,0,0,0.000000,0
609933,1787876496.0,6.0,0,0,0,0.000000,0
609934,1787876502.0,6.0,0,0,0,0.000000,0
609935,1787876508.0,6.0,1,1,3816,0.019080,1
609936,1787876514.0,6.0,0,0,0,0.000000,0
609937,1787876520.0,6.0,0,0,0,0.000000,0
609938,1787876526.0,6.0,0,0,0,0.000000,0
609939,1787876532.001,6.000999927520752,0,0,0,0.000000,0
609940,1787876538.001,6.0,0,0,0,0.000000,0
609941,1787876544.0,5.999000072479248,0,0,0,0.000000,0
609942,1787876550.0,6.0,0,0,0,0.000000,0
609943,1787876556.0,6.0,1,1,3816,0.019080,1
609944,1787876562.0,6.0,0,0,0,0.000000,0
609945,1787876568.0,6.0,0,0,0,0.000000,0
609946,1787876574.0,6.0,0,0,0,0.000000,0
609947,1787876580.0,6.0,0,0,0,0.000000,0
609948,1787876586.0,6.0,0,0,0,0.000000,0
609949,1787876592.0,6.0,0,0,0,0.000000,0
609950,1787876598.0,6.0,0,0,0,0.000000,0
609951,1787876604.001,6.000999927520752,1,1,3816,0.019080,1
609952,1787876610.0,5.999000072479248,0,0,0,0.000000,0
609953,1787876616.0,6.0,0,0,0,0.000000,0
609954,1787876622.0,6.0,0,0,0,0.000000,0
609955,1787876628.0,6.0,0,0,0,0.000000,0
609956,1787876634.0,6.0,0,0,0,0.000000,0
609957,1787876640.0,6.0,0,0,0,0.000000,0
609958,1787876646.001,6.000999927520752,0,0,0,0.000000,0
609959,1787876652.0,5.999000072479248,1,1,3815,0.019075,1
609960,1787876658.0,6.0,0,0,0,0.000000,0
609961,1787876664.0,6.0,0,0,0,0.000000,0
609962,1787876670.001,6.000999927520752,0,0,0,0.000000,0
609963,1787876676.0,5.999000072479248,0,0,0,0.000000,0
609964,1787876682.0,6.0,0,0,0,0.000000,0
609965,1787876688.001,6.000999927520752,0,0,0,0.000000,0
609966,1787876694.0,5.999000072479248,0,0,0,0.000000,0
609967,1787876700.0,6.0,1,1,3816,0.019080,1
609968,1787876706.001,6.000999927520752,0,0,0,0.000000,0
609969,1787876712.0,5.999000072479248,0,0,0,0.000000,0
609970,1787876718.0,6.0,0,0,0,0.000000,0
609971,1787876724.001,6.000999927520752,0,0,0,0.000000,0
609972,1787876730.0,5.999000072479248,0,0,0,0.000000,0
609973,1787876736.0,6.0,0,0,0,0.000000,0
609974,1787876742.0,6.0,0,0,0,0.000000,0
609975,1787876748.001,6.000999927520752,1,1,3816,0.019080,1
609976,1787876754.0,5.999000072479248,0,0,0,0.000000,0
609977,1787876760.0,6.0,0,0,0,0.000000,0
609978,1787876766.0,6.0,0,0,0,0.000000,0
609979,1787876772.0,6.0,0,0,0,0.000000,0
609980,1787876778.0,6.0,0,0,0,0.000000,0
609981,1787876784.0,6.0,0,0,0,0.000000,0
609982,1787876790.0,6.0,0,0,0,0.000000,0
609983,1787876796.0,6.0,1,1,3815,0.019075,1
609984,1787876802.0,6.0,0,0,0,0.000000,0
609985,1787876808.0,6.0,0,0,0,0.000000,0
609986,1787876814.0,6.0,0,0,0,0.000000,0
609987,1787876820.0,6.0,0,0,0,0.000000,0
609988,1787876826.0,6.0,0,0,0,0.000000,0
609989,1787876832.0,6.0,0,0,0,0.000000,0
609990,1787876838.0,6.0,0,0,0,0.000000,0
609991,1787876844.0,6.0,1,1,3814,0.019070,1
609992,1787876850.0,6.0,0,0,0,0.000000,0
609993,1787876856.0,6.0,0,0,0,0.000000,0
609994,1787876862.0,6.0,0,0,0,0.000000,0
609995,1787876868.0,6.0,0,0,0,0.000000,0
609996,1787876874.0,6.0,0,0,0,0.000000,0
609997,1787876880.0,6.0,0,0,0,0.000000,0
609998,1787876886.0,6.0,0,0,0,0.000000,0
609999,1787876892.0,6.0,1,1,3814,0.019070,1
610000,1787876898.0,6.0,0,0,0,0.000000,0
610001,1787876904.0,6.0,0,0,0,0.000000,0
610002,1787876910.0,6.0,0,0,0,0.000000,0
610003,1787876916.0,6.0,0,0,0,0.000000,0
610004,1787876922.0,6.0,0,0,0,0.000000,0
610005,1787876928.0,6.0,0,0,0,0.000000,0
610006,1787876934.001,6.000999927520752,0,0,0,0.000000,0
610007,1787876940.0,5.999000072479248,1,1,3814,0.019070,1
610008,1787876946.0,6.0,0,0,0,0.000000,0
610009,1787876952.0,6.0,0,0,0,0.000000,0
610010,1787876958.0,6.0,0,0,0,0.000000,0
610011,1787876964.001,6.000999927520752,0,0,0,0.000000,0
610012,1787876970.0,5.999000072479248,0,0,0,0.000000,0
610013,1787876976.0,6.0,0,0,0,0.000000,0
610014,1787876982.001,6.000999927520752,0,0,0,0.000000,0
610015,1787876988.0,5.999000072479248,1,1,3813,0.019065,1
610016,1787876994.0,6.0,0,0,0,0.000000,0
610017,1787877000.001,6.000999927520752,0,0,0,0.000000,0
610018,1787877006.0,5.999000072479248,0,0,0,0.000000,0
610019,1787877012.0,6.0,0,0,0,0.000000,0
610020,1787877018.0,6.0,0,0,0,0.000000,0
610021,1787877024.0,6.0,0,0,0,0.000000,0
610022,1787877030.0,6.0,0,0,0,0.000000,0
610023,1787877036.001,6.000999927520752,1,1,3813,0.019065,1
610024,1787877042.0,5.999000072479248,0,0,0,0.000000,0
610025,1787877048.0,6.0,0,0,0,0.000000,0
610026,1787877054.0,6.0,0,0,0,0.000000,0
610027,1787877060.0,6.0,0,0,0,0.000000,0
610028,1787877066.0,6.0,0,0,0,0.000000,0
610029,1787877072.0,6.0,0,0,0,0.000000,0
610030,1787877078.001,6.000999927520752,0,0,0,0.000000,0
610031,1787877084.0,5.999000072479248,0,0,0,0.000000,0
610032,1787877090.0,6.0,0,0,0,0.000000,0
610033,1787877096.0,6.0,0,0,0,0.000000,0
610034,1787877102.0,6.0,0,0,0,0.000000,0
610035,1787877108.0,6.0,0,0,0,0.000000,0
610036,1787877114.001,6.000999927520752,0,0,0,0.000000,0
610037,1787877120.0,5.999000072479248,0,0,0,0.000000,0
610038,1787877126.0,6.0,0,0,0,0.000000,0
610039,1787877132.0,6.0,0,0,0,0.000000,0
610040,1787877138.001,6.000999927520752,0,0,0,0.000000,0
610041,1787877144.0,5.999000072479248,0,0,0,0.000000,0
610042,1787877150.001,6.000999927520752,0,0,0,0.000000,0
610043,1787877156.0,5.999000072479248,0,0,0,0.000000,0
610044,1787877162.0,6.0,0,0,0,0.000000,0
610045,1787877168.0,6.0,0,0,0,0.000000,0
610046,1787877174.001,6.000999927520752,0,0,0,0.000000,0
610047,1787877180.0,5.999000072479248,0,0,0,0.000000,0
610048,1787877186.0,6.0,0,0,0,0.000000,0
610049,1787877192.0,6.0,0,0,0,0.000000,0
610050,1787877198.0,6.0,0,0,0,0.000000,0
610051,1787877204.0,6.0,0,0,0,0.000000,0
610052,1787877210.001,6.000999927520752,0,0,0,0.000000,0
610053,1787877216.001,6.0,0,0,0,0.000000,0
610054,1787877222.0,5.999000072479248,0,0,0,0.000000,0
610055,1787877228.0,6.0,0,0,0,0.000000,0
610056,1787877234.0,6.0,0,0,0,0.000000,0
610057,1787877240.0,6.0,0,0,0,0.000000,0
610058,1787877246.0,6.0,0,0,0,0.000000,0
610059,1787877252.0,6.0,0,0,0,0.000000,0
610060,1787877258.0,6.0,0,0,0,0.000000,0
610061,1787877264.0,6.0,0,0,0,0.000000,0
610062,1787877270.0,6.0,0,0,0,0.000000,0
610063,1787877276.0,6.0,0,0,0,0.000000,0
610064,1787877282.0,6.0,0,0,0,0.000000,0
610065,1787877288.0,6.0,0,0,0,0.000000,0
610066,1787877294.0,6.0,0,0,0,0.000000,0
610067,1787877300.0,6.0,0,0,0,0.000000,0
610068,1787877306.0,6.0,0,0,0,0.000000,0
610069,1787877312.0,6.0,0,0,0,0.000000,0
610070,1787877318.0,6.0,0,0,0,0.000000,0
610071,1787877324.0,6.0,0,0,0,0.000000,0
610072,1787877330.0,6.0,0,0,0,0.000000,0
610073,1787877336.0,6.0,0,0,0,0.000000,0
610074,1787877342.0,6.0,0,0,0,0.000000,0
610075,1787877348.0,6.0,0,0,0,0.000000,0
610076,1787877354.0,6.0,0,0,0,0.000000,0
610077,1787877360.0,6.0,0,0,0,0.000000,0
610078,1787877366.0,6.0,0,0,0,0.000000,0
610079,1787877372.0,6.0,0,0,0,0.000000,0
610080,1787877378.001,6.000999927520752,0,0,0,0.000000,0
610081,1787877384.0,5.999000072479248,0,0,0,0.000000,0
610082,1787877390.0,6.0,0,0,0,0.000000,0
610083,1787877396.0,6.0,0,0,0,0.000000,0
610084,1787877402.0,6.0,0,0,0,0.000000,0
610085,1787877408.001,6.000999927520752,0,0,0,0.000000,0
610086,1787877414.001,6.0,0,0,0,0.000000,0
610087,1787877420.001,6.0,0,0,0,0.000000,0
610088,1787877426.0,5.999000072479248,0,0,0,0.000000,0
610089,1787877432.0,6.0,0,0,0,0.000000,0
610090,1787877438.0,6.0,0,0,0,0.000000,0
610091,1787877444.001,6.000999927520752,0,0,0,0.000000,0
610092,1787877450.0,5.999000072479248,0,0,0,0.000000,0
610093,1787877456.0,6.0,0,0,0,0.000000,0
610094,1787877462.0,6.0,0,0,0,0.000000,0
610095,1787877468.0,6.0,0,0,0,0.000000,0
610096,1787877474.0,6.0,0,0,0,0.000000,0
610097,1787877480.0,6.0,0,0,0,0.000000,0
610098,1787877486.0,6.0,0,0,0,0.000000,0
610099,1787877492.001,6.000999927520752,0,0,0,0.000000,0
610100,1787877498.001,6.0,0,0,0,0.000000,0
610101,1787877504.001,6.0,0,0,0,0.000000,0
610102,1787877510.0,5.999000072479248,0,0,0,0.000000,0
610103,1787877516.0,6.0,0,0,0,0.000000,0
610104,1787877522.001,6.000999927520752,0,0,0,0.000000,0
610105,1787877528.0,5.999000072479248,0,0,0,0.000000,0
610106,1787877534.0,6.0,0,0,0,0.000000,0
610107,1787877540.001,6.000999927520752,0,0,0,0.000000,0
610108,1787877546.0,5.999000072479248,0,0,0,0.000000,0
610109,1787877552.0,6.0,0,0,0,0.000000,0
610110,1787877558.001,6.000999927520752,0,0,0,0.000000,0
610111,1787877564.001,6.0,0,0,0,0.000000,0
610112,1787877570.0,5.999000072479248,0,0,0,0.000000,0
610113,1787877576.001,6.000999927520752,0,0,0,0.000000,0
610114,1787877582.0,5.999000072479248,0,0,0,0.000000,0
610115,1787877588.0,6.0,0,0,0,0.000000,0
610116,1787877594.0,6.0,0,0,0,0.000000,0
610117,1787877600.0,6.0,0,0,0,0.000000,0
610118,1787877606.0,6.0,0,0,0,0.000000,0
610119,1787877612.001,6.000999927520752,0,0,0,0.000000,0
610120,1787877618.0,5.999000072479248,0,0,0,0.000000,0
610121,1787877624.0,6.0,0,0,0,0.000000,0
610122,1787877630.0,6.0,0,0,0,0.000000,0
610123,1787877636.0,6.0,0,0,0,0.000000,0
610124,1787877642.0,6.0,0,0,0,0.000000,0
610125,1787877648.001,6.000999927520752,0,0,0,0.000000,0
610126,1787877654.0,5.999000072479248,0,0,0,0.000000,0
610127,1787877660.0,6.0,0,0,0,0.000000,0
610128,1787877666.0,6.0,0,0,0,0.000000,0
610129,1787877672.0,6.0,0,0,0,0.000000,0
610130,1787877678.0,6.0,0,0,0,0.000000,0
610131,1787877684.001,6.000999927520752,0,0,0,0.000000,0
610132,1787877690.0,5.999000072479248,0,0,0,0.000000,0
610133,1787877696.001,6.000999927520752,0,0,0,0.000000,0
610134,1787877702.0,5.999000072479248,0,0,0,0.000000,0
610135,1787877708.0,6.0,0,0,0,0.000000,0
610136,1787877714.0,6.0,0,0,0,0.000000,0
610137,1787877720.0,6.0,0,0,0,0.000000,0
610138,1787877726.0,6.0,0,0,0,0.000000,0
610139,1787877732.0,6.0,0,0,0,0.000000,0
610140,1787877738.0,6.0,0,0,0,0.000000,0
610141,1787877744.001,6.000999927520752,0,0,0,0.000000,0
610142,1787877750.0,5.999000072479248,0,0,0,0.000000,0
610143,1787877756.001,6.000999927520752,0,0,0,0.000000,0
610144,1787877762.001,6.0,0,0,0,0.000000,0
610145,1787877768.0,5.999000072479248,0,0,0,0.000000,0
610146,1787877774.0,6.0,0,0,0,0.000000,0
610147,1787877780.0,6.0,0,0,0,0.000000,0
610148,1787877786.0,6.0,0,0,0,0.000000,0
610149,1787877792.0,6.0,0,0,0,0.000000,0
610150,1787877798.001,6.000999927520752,0,0,0,0.000000,0
610151,1787877804.0,5.999000072479248,0,0,0,0.000000,0
610152,1787877810.0,6.0,0,0,0,0.000000,0
610153,1787877816.001,6.000999927520752,0,0,0,0.000000,0
610154,1787877822.0,5.999000072479248,0,0,0,0.000000,0
610155,1787877828.0,6.0,0,0,0,0.000000,0
610156,1787877834.0,6.0,0,0,0,0.000000,0
610157,1787877840.0,6.0,0,0,0,0.000000,0
610158,1787877846.0,6.0,0,0,0,0.000000,0
610159,1787877852.0,6.0,0,0,0,0.000000,0
610160,1787877858.001,6.000999927520752,0,0,0,0.000000,0
610161,1787877864.001,6.0,0,0,0,0.000000,0
610162,1787877870.0,5.999000072479248,0,0,0,0.000000,0
610163,1787877876.0,6.0,0,0,0,0.000000,0
610164,1787877882.0,6.0,0,0,0,0.000000,0
610165,1787877888.0,6.0,0,0,0,0.000000,0
610166,1787877894.0,6.0,0,0,0,0.000000,0
610167,1787877900.0,6.0,0,0,0,0.000000,0
610168,1787877906.0,6.0,0,0,0,0.000000,0
610169,1787877912.0,6.0,0,0,0,0.000000,0
610170,1787877918.0,6.0,0,0,0,0.000000,0
610171,1787877924.001,6.000999927520752,0,0,0,0.000000,0
610172,1787877930.0,5.999000072479248,0,0,0,0.000000,0
610173,1787877936.001,6.000999927520752,0,0,0,0.000000,0
610174,1787877942.0,5.999000072479248,0,0,0,0.000000,0
610175,1787877948.0,6.0,0,0,0,0.000000,0
610176,1787877954.0,6.0,0,0,0,0.000000,0
610177,1787877960.001,6.000999927520752,0,0,0,0.000000,0
610178,1787877966.001,6.0,0,0,0,0.000000,0
610179,1787877972.0,5.999000072479248,0,0,0,0.000000,0
610180,1787877978.0,6.0,0,0,0,0.000000,0
610181,1787877984.0,6.0,0,0,0,0.000000,0
610182,1787877990.0,6.0,0,0,0,0.000000,0
610183,1787877996.001,6.000999927520752,0,0,0,0.000000,0
610184,1787878002.001,6.0,0,0,0,0.000000,0
610185,1787878008.0,5.999000072479248,0,0,0,0.000000,0
610186,1787878014.0,6.0,0,0,0,0.000000,0
610187,1787878020.0,6.0,0,0,0,0.000000,0
610188,1787878026.0,6.0,0,0,0,0.000000,0
610189,1787878032.0,6.0,0,0,0,0.000000,0
610190,1787878038.0,6.0,0,0,0,0.000000,0
610191,1787878044.0,6.0,0,0,0,0.000000,0
610192,1787878050.0,6.0,0,0,0,0.000000,0
610193,1787878056.0,6.0,0,0,0,0.000000,0
610194,1787878062.0,6.0,0,0,0,0.000000,0
610195,1787878068.0,6.0,0,0,0,0.000000,0
610196,1787878074.0,6.0,0,0,0,0.000000,0
610197,1787878080.0,6.0,0,0,0,0.000000,0
610198,1787878086.0,6.0,0,0,0,0.000000,0
610199,1787878092.0,6.0,0,0,0,0.000000,0
610200,1787878098.001,6.000999927520752,0,0,0,0.000000,0
610201,1787878104.0,5.999000072479248,0,0,0,0.000000,0
610202,1787878110.0,6.0,0,0,0,0.000000,0
610203,1787878116.0,6.0,0,0,0,0.000000,0
610204,1787878122.0,6.0,0,0,0,0.000000,0
610205,1787878128.001,6.000999927520752,0,0,0,0.000000,0
610206,1787878134.0,5.999000072479248,0,0,0,0.000000,0
610207,1787878140.0,6.0,0,0,0,0.000000,0
610208,1787878146.0,6.0,0,0,0,0.000000,0
610209,1787878152.0,6.0,0,0,0,0.000000,0
610210,1787878158.0,6.0,0,0,0,0.000000,0
610211,1787878164.001,6.000999927520752,0,0,0,0.000000,0
610212,1787878170.001,6.0,0,0,0,0.000000,0
610213,1787878176.0,5.999000072479248,0,0,0,0.000000,0
610214,1787878182.0,6.0,0,0,0,0.000000,0
610215,1787878188.0,6.0,0,0,0,0.000000,0
610216,1787878194.0,6.0,0,0,0,0.000000,0
610217,1787878200.0,6.0,0,0,0,0.000000,0
610218,1787878206.0,6.0,0,0,0,0.000000,0
610219,1787878212.0,6.0,0,0,0,0.000000,0
610220,1787878218.0,6.0,0,0,0,0.000000,0
610221,1787878224.0,6.0,0,0,0,0.000000,0
610222,1787878230.0,6.0,0,0,0,0.000000,0
610223,1787878236.0,6.0,0,0,0,0.000000,0
610224,1787878242.0,6.0,0,0,0,0.000000,0
610225,1787878248.0,6.0,0,0,0,0.000000,0
610226,1787878254.0,6.0,0,0,0,0.000000,0
610227,1787878260.0,6.0,0,0,0,0.000000,0
610228,1787878266.0,6.0,0,0,0,0.000000,0
610229,1787878272.0,6.0,0,0,0,0.000000,0
610230,1787878278.0,6.0,0,0,0,0.000000,0
610231,1787878284.0,6.0,0,0,0,0.000000,0
610232,1787878290.0,6.0,0,0,0,0.000000,0
610233,1787878296.0,6.0,0,0,0,0.000000,0
610234,1787878302.0,6.0,0,0,0,0.000000,0
610235,1787878308.001,6.000999927520752,0,0,0,0.000000,0
610236,1787878314.0,5.999000072479248,0,0,0,0.000000,0
610237,1787878320.0,6.0,0,0,0,0.000000,0
610238,1787878326.0,6.0,0,0,0,0.000000,0
610239,1787878332.0,6.0,0,0,0,0.000000,0
610240,1787878338.0,6.0,0,0,0,0.000000,0
610241,1787878344.0,6.0,0,0,0,0.000000,0
610242,1787878350.0,6.0,0,0,0,0.000000,0
610243,1787878356.0,6.0,0,0,0,0.000000,0
610244,1787878362.001,6.000999927520752,0,0,0,0.000000,0
610245,1787878368.0,5.999000072479248,0,0,0,0.000000,0
610246,1787878374.0,6.0,0,0,0,0.000000,0
610247,1787878380.0,6.0,0,0,0,0.000000,0
610248,1787878386.0,6.0,0,0,0,0.000000,0
610249,1787878392.0,6.0,0,0,0,0.000000,0
610250,1787878398.0,6.0,0,0,0,0.000000,0
610251,1787878404.0,6.0,0,0,0,0.000000,0
610252,1787878410.0,6.0,0,0,0,0.000000,0
610253,1787878416.0,6.0,0,0,0,0.000000,0
610254,1787878422.0,6.0,0,0,0,0.000000,0
610255,1787878428.0,6.0,0,0,0,0.000000,0
610256,1787878434.0,6.0,0,0,0,0.000000,0
610257,1787878440.0,6.0,0,0,0,0.000000,0
610258,1787878446.0,6.0,0,0,0,0.000000,0
610259,1787878452.0,6.0,0,0,0,0.000000,0
610260,1787878458.0,6.0,0,0,0,0.000000,0
610261,1787878464.0,6.0,0,0,0,0.000000,0
610262,1787878470.001,6.000999927520752,0,0,0,0.000000,0
610263,1787878476.0,5.999000072479248,0,0,0,0.000000,0
610264,1787878482.0,6.0,0,0,0,0.000000,0
610265,1787878488.0,6.0,0,0,0,0.000000,0
610266,1787878494.0,6.0,0,0,0,0.000000,0
610267,1787878500.0,6.0,0,0,0,0.000000,0
610268,1787878506.001,6.000999927520752,0,0,0,0.000000,0
610269,1787878512.0,5.999000072479248,0,0,0,0.000000,0
610270,1787878518.0,6.0,0,0,0,0.000000,0
610271,1787878524.0,6.0,0,0,0,0.000000,0
610272,1787878530.0,6.0,0,0,0,0.000000,0
610273,1787878536.0,6.0,0,0,0,0.000000,0
610274,1787878542.001,6.000999927520752,0,0,0,0.000000,0
610275,1787878548.0,5.999000072479248,0,0,0,0.000000,0
610276,1787878554.0,6.0,0,0,0,0.000000,0
610277,1787878560.0,6.0,0,0,0,0.000000,0
610278,1787878566.0,6.0,0,0,0,0.000000,0
610279,1787878572.0,6.0,0,0,0,0.000000,0
610280,1787878578.0,6.0,0,0,0,0.000000,0
610281,1787878584.0,6.0,0,0,0,0.000000,0
610282,1787878590.0,6.0,0,0,0,0.000000,0
610283,1787878596.001,6.000999927520752,0,0,0,0.000000,0
610284,1787878602.001,6.0,0,0,0,0.000000,0
610285,1787878608.0,5.999000072479248,0,0,0,0.000000,0
610286,1787878614.0,6.0,0,0,0,0.000000,0
610287,1787878620.0,6.0,0,0,0,0.000000,0
610288,1787878626.0,6.0,0,0,0,0.000000,0
610289,1787878632.001,6.000999927520752,0,0,0,0.000000,0
610290,1787878638.0,5.999000072479248,0,0,0,0.000000,0
610291,1787878644.0,6.0,0,0,0,0.000000,0
610292,1787878650.0,6.0,0,0,0,0.000000,0
610293,1787878656.0,6.0,0,0,0,0.000000,0
610294,1787878662.0,6.0,0,0,0,0.000000,0
610295,1787878668.0,6.0,0,0,0,0.000000,0
610296,1787878674.0,6.0,0,0,0,0.000000,0
610297,1787878680.0,6.0,0,0,0,0.000000,0
610298,1787878686.0,6.0,0,0,0,0.000000,0
610299,1787878692.0,6.0,0,0,0,0.000000,0
610300,1787878698.0,6.0,0,0,0,0.000000,0
610301,1787878704.0,6.0,0,0,0,0.000000,0
610302,1787878710.0,6.0,0,0,0,0.000000,0
610303,1787878716.0,6.0,0,0,0,0.000000,0
610304,1787878722.0,6.0,0,0,0,0.000000,0
610305,1787878728.0,6.0,0,0,0,0.000000,0
610306,1787878734.0,6.0,0,0,0,0.000000,0
610307,1787878740.001,6.000999927520752,0,0,0,0.000000,0
610308,1787878746.0,5.999000072479248,0,0,0,0.000000,0
610309,1787878752.0,6.0,0,0,0,0.000000,0
610310,1787878758.0,6.0,0,0,0,0.000000,0
610311,1787878764.0,6.0,0,0,0,0.000000,0
610312,1787878770.001,6.000999927520752,0,0,0,0.000000,0
610313,1787878776.0,5.999000072479248,0,0,0,0.000000,0
610314,1787878782.001,6.000999927520752,0,0,0,0.000000,0
610315,1787878788.0,5.999000072479248,0,0,0,0.000000,0
610316,1787878794.0,6.0,0,0,0,0.000000,0
610317,1787878800.0,6.0,0,0,0,0.000000,0
610318,1787878806.0,6.0,0,0,0,0.000000,0
610319,1787878812.0,6.0,0,0,0,0.000000,0
610320,1787878818.0,6.0,0,0,0,0.000000,0
610321,1787878824.0,6.0,0,0,0,0.000000,0
610322,1787878830.001,6.000999927520752,0,0,0,0.000000,0
610323,1787878836.0,5.999000072479248,0,0,0,0.000000,0
610324,1787878842.0,6.0,0,0,0,0.000000,0
610325,1787878848.001,6.000999927520752,0,0,0,0.000000,0
610326,1787878854.0,5.999000072479248,0,0,0,0.000000,0
610327,1787878860.0,6.0,0,0,0,0.000000,0
610328,1787878866.0,6.0,0,0,0,0.000000,0
610329,1787878872.0,6.0,0,0,0,0.000000,0
610330,1787878878.0,6.0,0,0,0,0.000000,0
610331,1787878884.001,6.000999927520752,0,0,0,0.000000,0
610332,1787878890.0,5.999000072479248,0,0,0,0.000000,0
610333,1787878896.0,6.0,0,0,0,0.000000,0
610334,1787878902.0,6.0,0,0,0,0.000000,0
610335,1787878908.0,6.0,0,0,0,0.000000,0
610336,1787878914.0,6.0,0,0,0,0.000000,0
610337,1787878920.0,6.0,0,0,0,0.000000,0
610338,1787878926.0,6.0,0,0,0,0.000000,0
610339,1787878932.0,6.0,0,0,0,0.000000,0
610340,1787878938.0,6.0,0,0,0,0.000000,0
610341,1787878944.001,6.000999927520752,0,0,0,0.000000,0
610342,1787878950.0,5.999000072479248,0,0,0,0.000000,0
610343,1787878956.0,6.0,0,0,0,0.000000,0
610344,1787878962.0,6.0,0,0,0,0.000000,0
610345,1787878968.0,6.0,0,0,0,0.000000,0
610346,1787878974.0,6.0,0,0,0,0.000000,0
610347,1787878980.0,6.0,0,0,0,0.000000,0
610348,1787878986.0,6.0,0,0,0,0.000000,0
610349,1787878992.0,6.0,0,0,0,0.000000,0
610350,1787878998.0,6.0,0,0,0,0.000000,0
610351,1787879004.001,6.000999927520752,0,0,0,0.000000,0
610352,1787879010.001,6.0,0,0,0,0.000000,0
610353,1787879016.0,5.999000072479248,0,0,0,0.000000,0
610354,1787879022.0,6.0,0,0,0,0.000000,0
610355,1787879028.0,6.0,0,0,0,0.000000,0
610356,1787879034.0,6.0,0,0,0,0.000000,0
610357,1787879040.0,6.0,0,0,0,0.000000,0
610358,1787879046.0,6.0,0,0,0,0.000000,0
610359,1787879052.001,6.000999927520752,0,0,0,0.000000,0
610360,1787879058.0,5.999000072479248,0,0,0,0.000000,0
610361,1787879064.0,6.0,0,0,0,0.000000,0
610362,1787879070.0,6.0,0,0,0,0.000000,0
610363,1787879076.0,6.0,0,0,0,0.000000,0
610364,1787879082.0,6.0,0,0,0,0.000000,0
610365,1787879088.001,6.000999927520752,0,0,0,0.000000,0
610366,1787879094.0,5.999000072479248,0,0,0,0.000000,0
610367,1787879100.0,6.0,0,0,0,0.000000,0
610368,1787879106.0,6.0,0,0,0,0.000000,0
610369,1787879112.0,6.0,0,0,0,0.000000,0
610370,1787879118.0,6.0,0,0,0,0.000000,0
610371,1787879124.001,6.000999927520752,0,0,0,0.000000,0
610372,1787879130.0,5.999000072479248,0,0,0,0.000000,0
610373,1787879136.0,6.0,0,0,0,0.000000,0
610374,1787879142.0,6.0,0,0,0,0.000000,0
610375,1787879148.0,6.0,0,0,0,0.000000,0
610376,1787879154.001,6.000999927520752,0,0,0,0.000000,0
610377,1787879160.0,5.999000072479248,0,0,0,0.000000,0
610378,1787879166.0,6.0,0,0,0,0.000000,0
610379,1787879172.0,6.0,0,0,0,0.000000,0
610380,1787879178.0,6.0,0,0,0,0.000000,0
610381,1787879184.0,6.0,0,0,0,0.000000,0
610382,1787879190.0,6.0,0,0,0,0.000000,0
610383,1787879196.0,6.0,0,0,0,0.000000,0
610384,1787879202.0,6.0,0,0,0,0.000000,0
610385,1787879208.0,6.0,0,0,0,0.000000,0
610386,1787879214.0,6.0,0,0,0,0.000000,0
610387,1787879220.0,6.0,0,0,0,0.000000,0
610388,1787879226.0,6.0,0,0,0,0.000000,0
610389,1787879232.0,6.0,0,0,0,0.000000,0
610390,1787879238.0,6.0,0,0,0,0.000000,0
610391,1787879244.0,6.0,0,0,0,0.000000,0
610392,1787879250.0,6.0,0,0,0,0.000000,0
610393,1787879256.0,6.0,0,0,0,0.000000,0
610394,1787879262.0,6.0,0,0,0,0.000000,0
610395,1787879268.0,6.0,0,0,0,0.000000,0
610396,1787879274.0,6.0,0,0,0,0.000000,0
610397,1787879280.0,6.0,0,0,0,0.000000,0
610398,1787879286.0,6.0,0,0,0,0.000000,0
610399,1787879292.0,6.0,0,0,0,0.000000,0
610400,1787879298.0,6.0,0,0,0,0.000000,0
610401,1787879304.0,6.0,0,0,0,0.000000,0
610402,1787879310.0,6.0,0,0,0,0.000000,0
610403,1787879316.0,6.0,0,0,0,0.000000,0
610404,1787879322.0,6.0,0,0,0,0.000000,0
610405,1787879328.001,6.000999927520752,0,0,0,0.000000,0
610406,1787879334.0,5.999000072479248,0,0,0,0.000000,0
610407,1787879340.0,6.0,0,0,0,0.000000,0
610408,1787879346.0,6.0,0,0,0,0.000000,0
610409,1787879352.0,6.0,0,0,0,0.000000,0
610410,1787879358.0,6.0,0,0,0,0.000000,0
610411,1787879364.001,6.000999927520752,0,0,0,0.000000,0
610412,1787879370.0,5.999000072479248,0,0,0,0.000000,0
610413,1787879376.0,6.0,0,0,0,0.000000,0
610414,1787879382.0,6.0,0,0,0,0.000000,0
610415,1787879388.0,6.0,0,0,0,0.000000,0
610416,1787879394.0,6.0,0,0,0,0.000000,0
610417,1787879400.0,6.0,0,0,0,0.000000,0
610418,1787879406.0,6.0,0,0,0,0.000000,0
610419,1787879412.001,6.000999927520752,0,0,0,0.000000,0
610420,1787879418.001,6.0,0,0,0,0.000000,0
610421,1787879424.0,5.999000072479248,0,0,0,0.000000,0
610422,1787879430.0,6.0,0,0,0,0.000000,0
610423,1787879436.0,6.0,0,0,0,0.000000,0
610424,1787879442.0,6.0,0,0,0,0.000000,0
610425,1787879448.0,6.0,0,0,0,0.000000,0
610426,1787879454.001,6.000999927520752,0,0,0,0.000000,0
610427,1787879460.001,6.0,0,0,0,0.000000,0
610428,1787879466.0,5.999000072479248,0,0,0,0.000000,0
610429,1787879472.0,6.0,0,0,0,0.000000,0
610430,1787879478.0,6.0,0,0,0,0.000000,0
610431,1787879484.001,6.000999927520752,0,0,0,0.000000,0
610432,1787879490.0,5.999000072479248,0,0,0,0.000000,0
610433,1787879496.0,6.0,0,0,0,0.000000,0
610434,1787879502.0,6.0,0,0,0,0.000000,0
610435,1787879508.0,6.0,0,0,0,0.000000,0
610436,1787879514.0,6.0,0,0,0,0.000000,0
610437,1787879520.0,6.0,0,0,0,0.000000,0
610438,1787879526.0,6.0,0,0,0,0.000000,0
610439,1787879532.001,6.000999927520752,0,0,0,0.000000,0
610440,1787879538.0,5.999000072479248,0,0,0,0.000000,0
610441,1787879544.0,6.0,0,0,0,0.000000,0
610442,1787879550.0,6.0,0,0,0,0.000000,0
610443,1787879556.0,6.0,0,0,0,0.000000,0
610444,1787879562.0,6.0,0,0,0,0.000000,0
610445,1787879568.001,6.000999927520752,0,0,0,0.000000,0
610446,1787879574.0,5.999000072479248,0,0,0,0.000000,0
610447,1787879580.0,6.0,0,0,0,0.000000,0
610448,1787879586.001,6.000999927520752,0,0,0,0.000000,0
610449,1787879592.0,5.999000072479248,0,0,0,0.000000,0
610450,1787879598.0,6.0,0,0,0,0.000000,0
610451,1787879604.0,6.0,0,0,0,0.000000,0
610452,1787879610.0,6.0,0,0,0,0.000000,0
610453,1787879616.0,6.0,0,0,0,0.000000,0
610454,1787879622.0,6.0,0,0,0,0.000000,0
610455,1787879628.0,6.0,0,0,0,0.000000,0
610456,1787879634.0,6.0,0,0,0,0.000000,0
610457,1787879640.0,6.0,0,0,0,0.000000,0
610458,1787879646.0,6.0,0,0,0,0.000000,0
610459,1787879652.0,6.0,0,0,0,0.000000,0
610460,1787879658.0,6.0,0,0,0,0.000000,0
610461,1787879664.0,6.0,0,0,0,0.000000,0
610462,1787879670.0,6.0,0,0,0,0.000000,0
610463,1787879676.0,6.0,0,0,0,0.000000,0
610464,1787879682.0,6.0,0,0,0,0.000000,0
610465,1787879688.0,6.0,0,0,0,0.000000,0
610466,1787879694.0,6.0,0,0,0,0.000000,0
610467,1787879700.0,6.0,0,0,0,0.000000,0
610468,1787879706.0,6.0,0,0,0,0.000000,0
610469,1787879712.0,6.0,0,0,0,0.000000,0
610470,1787879718.0,6.0,0,0,0,0.000000,0
610471,1787879724.0,6.0,0,0,0,0.000000,0
610472,1787879730.0,6.0,0,0,0,0.000000,0
610473,1787879736.0,6.0,0,0,0,0.000000,0
610474,1787879742.0,6.0,0,0,0,0.000000,0
610475,1787879748.0,6.0,0,0,0,0.000000,0
610476,1787879754.0,6.0,0,0,0,0.000000,0
610477,1787879760.0,6.0,0,0,0,0.000000,0
610478,1787879766.0,6.0,0,0,0,0.000000,0
610479,1787879772.0,6.0,0,0,0,0.000000,0
610480,1787879778.0,6.0,0,0,0,0.000000,0
610481,1787879784.0,6.0,0,0,0,0.000000,0
610482,1787879790.0,6.0,0,0,0,0.000000,0
610483,1787879796.0,6.0,0,0,0,0.000000,0
610484,1787879802.0,6.0,0,0,0,0.000000,0
610485,1787879808.0,6.0,0,0,0,0.000000,0
610486,1787879814.0,6.0,0,0,0,0.000000,0
610487,1787879820.0,6.0,0,0,0,0.000000,0
610488,1787879826.0,6.0,0,0,0,0.000000,0
610489,1787879832.0,6.0,0,0,0,0.000000,0
610490,1787879838.0,6.0,0,0,0,0.000000,0
610491,1787879844.0,6.0,0,0,0,0.000000,0
610492,1787879850.0,6.0,1,1,8344,0.041720,1
610493,1787879856.0,6.0,0,0,0,0.000000,0
610494,1787879862.0,6.0,0,0,0,0.000000,0
610495,1787879868.001,6.000999927520752,0,0,0,0.000000,0
610496,1787879874.0,5.999000072479248,0,0,0,0.000000,0
610497,1787879880.001,6.000999927520752,1,1,8342,0.041710,1
610498,1787879886.001,6.0,0,0,0,0.000000,0
610499,1787879892.0,5.999000072479248,0,0,0,0.000000,0
610500,1787879898.0,6.0,0,0,0,0.000000,0
610501,1787879904.0,6.0,0,0,0,0.000000,0
610502,1787879910.0,6.0,0,0,0,0.000000,0
610503,1787879916.001,6.000999927520752,0,0,0,0.000000,0
610504,1787879922.001,6.0,1,1,8347,0.041735,1
610505,1787879928.0,5.999000072479248,0,0,0,0.000000,0
610506,1787879934.0,6.0,0,0,0,0.000000,0
610507,1787879940.001,6.000999927520752,0,0,0,0.000000,0
610508,1787879946.0,5.999000072479248,0,0,0,0.000000,0
610509,1787879952.0,6.0,0,0,0,0.000000,0
610510,1787879958.001,6.000999927520752,0,0,0,0.000000,0
610511,1787879964.0,5.999000072479248,0,0,0,0.000000,0
610512,1787879970.0,6.0,0,0,0,0.000000,0
610513,1787879976.001,6.000999927520752,0,0,0,0.000000,0
610514,1787879982.0,5.999000072479248,0,0,0,0.000000,0
610515,1787879988.0,6.0,0,0,0,0.000000,0
610516,1787879994.0,6.0,0,0,0,0.000000,0
610517,1787880000.0,6.0,0,0,0,0.000000,0
610518,1787880006.0,6.0,0,0,0,0.000000,0
610519,1787880012.0,6.0,0,0,0,0.000000,0
610520,1787880018.0,6.0,0,0,0,0.000000,0
610521,1787880024.001,6.000999927520752,0,0,0,0.000000,0
610522,1787880030.001,6.0,0,0,0,0.000000,0
610523,1787880036.0,5.999000072479248,0,0,0,0.000000,0
610524,1787880042.0,6.0,0,0,0,0.000000,0
610525,1787880048.0,6.0,0,0,0,0.000000,0
610526,1787880054.0,6.0,0,0,0,0.000000,0
610527,1787880060.0,6.0,0,0,0,0.000000,0
610528,1787880066.001,6.000999927520752,0,0,0,0.000000,0
610529,1787880072.0,5.999000072479248,0,0,0,0.000000,0
610530,1787880078.0,6.0,0,0,0,0.000000,0
610531,1787880084.0,6.0,0,0,0,0.000000,0
610532,1787880090.001,6.000999927520752,0,0,0,0.000000,0
610533,1787880096.0,5.999000072479248,0,0,0,0.000000,0
610534,1787880102.0,6.0,0,0,0,0.000000,0
610535,1787880108.0,6.0,0,0,0,0.000000,0
610536,1787880114.0,6.0,0,0,0,0.000000,0
610537,1787880120.0,6.0,0,0,0,0.000000,0
610538,1787880126.0,6.0,0,0,0,0.000000,0
610539,1787880132.0,6.0,0,0,0,0.000000,0
610540,1787880138.0,6.0,0,0,0,0.000000,0
610541,1787880144.0,6.0,0,0,0,0.000000,0
610542,1787880150.0,6.0,0,0,0,0.000000,0
610543,1787880156.0,6.0,0,0,0,0.000000,0
610544,1787880162.0,6.0,0,0,0,0.000000,0
610545,1787880168.0,6.0,0,0,0,0.000000,0
610546,1787880174.001,6.000999927520752,0,0,0,0.000000,0
610547,1787880180.0,5.999000072479248,0,0,0,0.000000,0
610548,1787880186.0,6.0,0,0,0,0.000000,0
610549,1787880192.0,6.0,0,0,0,0.000000,0
610550,1787880198.001,6.000999927520752,0,0,0,0.000000,0
610551,1787880204.0,5.999000072479248,0,0,0,0.000000,0
610552,1787880210.0,6.0,0,0,0,0.000000,0
610553,1787880216.0,6.0,0,0,0,0.000000,0
610554,1787880222.0,6.0,0,0,0,0.000000,0
610555,1787880228.001,6.000999927520752,0,0,0,0.000000,0
610556,1787880234.0,5.999000072479248,0,0,0,0.000000,0
610557,1787880240.0,6.0,0,0,0,0.000000,0
610558,1787880246.0,6.0,0,0,0,0.000000,0
610559,1787880252.0,6.0,0,0,0,0.000000,0
610560,1787880258.0,6.0,0,0,0,0.000000,0
610561,1787880264.0,6.0,0,0,0,0.000000,0
610562,1787880270.0,6.0,0,0,0,0.000000,0
610563,1787880276.0,6.0,0,0,0,0.000000,0
610564,1787880282.001,6.000999927520752,0,0,0,0.000000,0
610565,1787880288.0,5.999000072479248,0,0,0,0.000000,0
610566,1787880294.0,6.0,0,0,0,0.000000,0
610567,1787880300.0,6.0,0,0,0,0.000000,0
610568,1787880306.0,6.0,0,0,0,0.000000,0
610569,1787880312.0,6.0,0,0,0,0.000000,0
610570,1787880318.0,6.0,0,0,0,0.000000,0
610571,1787880324.0,6.0,0,0,0,0.000000,0
610572,1787880330.0,6.0,0,0,0,0.000000,0
610573,1787880336.0,6.0,0,0,0,0.000000,0
610574,1787880342.0,6.0,0,0,0,0.000000,0
610575,1787880348.0,6.0,0,0,0,0.000000,0
610576,1787880354.0,6.0,0,0,0,0.000000,0
610577,1787880360.0,6.0,0,0,0,0.000000,0
610578,1787880366.0,6.0,0,0,0,0.000000,0
610579,1787880372.0,6.0,0,0,0,0.000000,0
610580,1787880378.0,6.0,0,0,0,0.000000,0
610581,1787880384.0,6.0,0,0,0,0.000000,0
610582,1787880390.0,6.0,0,0,0,0.000000,0
610583,1787880396.0,6.0,0,0,0,0.000000,0
610584,1787880402.0,6.0,0,0,0,0.000000,0
610585,1787880408.0,6.0,0,0,0,0.000000,0
610586,1787880414.001,6.000999927520752,0,0,0,0.000000,0
610587,1787880420.0,5.999000072479248,0,0,0,0.000000,0
610588,1787880426.0,6.0,0,0,0,0.000000,0
610589,1787880432.0,6.0,0,0,0,0.000000,0
610590,1787880438.0,6.0,0,0,0,0.000000,0
610591,1787880444.0,6.0,0,0,0,0.000000,0
610592,1787880450.0,6.0,0,0,0,0.000000,0
610593,1787880456.0,6.0,0,0,0,0.000000,0
610594,1787880462.0,6.0,0,0,0,0.000000,0
610595,1787880468.0,6.0,0,0,0,0.000000,0
610596,1787880474.0,6.0,0,0,0,0.000000,0
610597,1787880480.0,6.0,0,0,0,0.000000,0
610598,1787880486.0,6.0,0,0,0,0.000000,0
610599,1787880492.0,6.0,0,0,0,0.000000,0
610600,1787880498.0,6.0,0,0,0,0.000000,0
610601,1787880504.0,6.0,0,0,0,0.000000,0
610602,1787880510.0,6.0,0,0,0,0.000000,0
610603,1787880516.0,6.0,0,0,0,0.000000,0
610604,1787880522.0,6.0,0,0,0,0.000000,0
610605,1787880528.0,6.0,0,0,0,0.000000,0
610606,1787880534.001,6.000999927520752,0,0,0,0.000000,0
610607,1787880540.0,5.999000072479248,0,0,0,0.000000,0
610608,1787880546.0,6.0,0,0,0,0.000000,0
610609,1787880552.0,6.0,0,0,0,0.000000,0
610610,1787880558.0,6.0,0,0,0,0.000000,0
610611,1787880564.0,6.0,0,0,0,0.000000,0
610612,1787880570.0,6.0,0,0,0,0.000000,0
610613,1787880576.0,6.0,0,0,0,0.000000,0
610614,1787880582.0,6.0,0,0,0,0.000000,0
610615,1787880588.0,6.0,0,0,0,0.000000,0
610616,1787880594.0,6.0,0,0,0,0.000000,0
610617,1787880600.0,6.0,0,0,0,0.000000,0
610618,1787880606.0,6.0,0,0,0,0.000000,0
610619,1787880612.0,6.0,0,0,0,0.000000,0
610620,1787880618.0,6.0,0,0,0,0.000000,0
610621,1787880624.0,6.0,0,0,0,0.000000,0
610622,1787880630.0,6.0,0,0,0,0.000000,0
610623,1787880636.001,6.000999927520752,0,0,0,0.000000,0
610624,1787880642.0,5.999000072479248,0,0,0,0.000000,0
610625,1787880648.0,6.0,0,0,0,0.000000,0
610626,1787880654.0,6.0,0,0,0,0.000000,0
610627,1787880660.0,6.0,0,0,0,0.000000,0
610628,1787880666.0,6.0,0,0,0,0.000000,0
610629,1787880672.001,6.000999927520752,0,0,0,0.000000,0
610630,1787880678.0,5.999000072479248,0,0,0,0.000000,0
610631,1787880684.0,6.0,0,0,0,0.000000,0
610632,1787880690.0,6.0,0,0,0,0.000000,0
610633,1787880696.0,6.0,0,0,0,0.000000,0
610634,1787880702.0,6.0,0,0,0,0.000000,0
610635,1787880708.001,6.000999927520752,0,0,0,0.000000,0
610636,1787880714.0,5.999000072479248,0,0,0,0.000000,0
610637,1787880720.0,6.0,0,0,0,0.000000,0
610638,1787880726.0,6.0,0,0,0,0.000000,0
610639,1787880732.0,6.0,0,0,0,0.000000,0
610640,1787880738.001,6.000999927520752,0,0,0,0.000000,0
610641,1787880744.0,5.999000072479248,0,0,0,0.000000,0
610642,1787880750.0,6.0,0,0,0,0.000000,0
610643,1787880756.001,6.000999927520752,0,0,0,0.000000,0
610644,1787880762.0,5.999000072479248,0,0,0,0.000000,0
610645,1787880768.001,6.000999927520752,0,0,0,0.000000,0
610646,1787880774.0,5.999000072479248,0,0,0,0.000000,0
610647,1787880780.001,6.000999927520752,0,0,0,0.000000,0
610648,1787880786.001,6.0,0,0,0,0.000000,0
610649,1787880792.0,5.999000072479248,0,0,0,0.000000,0
610650,1787880798.0,6.0,0,0,0,0.000000,0
610651,1787880804.001,6.000999927520752,0,0,0,0.000000,0
610652,1787880810.0,5.999000072479248,0,0,0,0.000000,0
610653,1787880816.001,6.000999927520752,0,0,0,0.000000,0
610654,1787880822.001,6.0,0,0,0,0.000000,0
610655,1787880828.0,5.999000072479248,0,0,0,0.000000,0
610656,1787880834.0,6.0,0,0,0,0.000000,0
610657,1787880840.0,6.0,0,0,0,0.000000,0
610658,1787880846.0,6.0,0,0,0,0.000000,0
610659,1787880852.0,6.0,0,0,0,0.000000,0
610660,1787880858.0,6.0,0,0,0,0.000000,0
610661,1787880864.0,6.0,0,0,0,0.000000,0
610662,1787880870.0,6.0,0,0,0,0.000000,0
610663,1787880876.0,6.0,0,0,0,0.000000,0
610664,1787880882.0,6.0,0,0,0,0.000000,0
610665,1787880888.0,6.0,0,0,0,0.000000,0
610666,1787880894.0,6.0,0,0,0,0.000000,0
610667,1787880900.0,6.0,0,0,0,0.000000,0
610668,1787880906.001,6.000999927520752,0,0,0,0.000000,0
610669,1787880912.0,5.999000072479248,0,0,0,0.000000,0
610670,1787880918.0,6.0,0,0,0,0.000000,0
610671,1787880924.0,6.0,0,0,0,0.000000,0
610672,1787880930.0,6.0,0,0,0,0.000000,0
610673,1787880936.0,6.0,0,0,0,0.000000,0
610674,1787880942.0,6.0,0,0,0,0.000000,0
610675,1787880948.0,6.0,0,0,0,0.000000,0
610676,1787880954.0,6.0,0,0,0,0.000000,0
610677,1787880960.0,6.0,0,0,0,0.000000,0
610678,1787880966.0,6.0,0,0,0,0.000000,0
610679,1787880972.0,6.0,0,0,0,0.000000,0
610680,1787880978.001,6.000999927520752,0,0,0,0.000000,0
610681,1787880984.0,5.999000072479248,0,0,0,0.000000,0
610682,1787880990.001,6.000999927520752,0,0,0,0.000000,0
610683,1787880996.0,5.999000072479248,0,0,0,0.000000,0
610684,1787881002.0,6.0,0,0,0,0.000000,0
610685,1787881008.0,6.0,0,0,0,0.000000,0
610686,1787881014.0,6.0,0,0,0,0.000000,0
610687,1787881020.0,6.0,0,0,0,0.000000,0
610688,1787881026.0,6.0,0,0,0,0.000000,0
610689,1787881032.0,6.0,0,0,0,0.000000,0
610690,1787881038.0,6.0,0,0,0,0.000000,0
610691,1787881044.0,6.0,0,0,0,0.000000,0
610692,1787881050.001,6.000999927520752,0,0,0,0.000000,0
610693,1787881056.0,5.999000072479248,0,0,0,0.000000,0
610694,1787881062.0,6.0,0,0,0,0.000000,0
610695,1787881068.0,6.0,0,0,0,0.000000,0
610696,1787881074.0,6.0,0,0,0,0.000000,0
610697,1787881080.0,6.0,0,0,0,0.000000,0
610698,1787881086.0,6.0,0,0,0,0.000000,0
610699,1787881092.0,6.0,0,0,0,0.000000,0
610700,1787881098.0,6.0,0,0,0,0.000000,0
610701,1787881104.001,6.000999927520752,0,0,0,0.000000,0
610702,1787881110.0,5.999000072479248,0,0,0,0.000000,0
610703,1787881116.0,6.0,0,0,0,0.000000,0
610704,1787881122.0,6.0,0,0,0,0.000000,0
610705,1787881128.0,6.0,0,0,0,0.000000,0
610706,1787881134.0,6.0,0,0,0,0.000000,0
610707,1787881140.0,6.0,0,0,0,0.000000,0
610708,1787881146.0,6.0,0,0,0,0.000000,0
610709,1787881152.001,6.000999927520752,0,0,0,0.000000,0
610710,1787881158.0,5.999000072479248,0,0,0,0.000000,0
610711,1787881164.0,6.0,0,0,0,0.000000,0
610712,1787881170.0,6.0,0,0,0,0.000000,0
610713,1787881176.0,6.0,0,0,0,0.000000,0
610714,1787881182.0,6.0,0,0,0,0.000000,0
610715,1787881188.0,6.0,0,0,0,0.000000,0
610716,1787881194.0,6.0,0,0,0,0.000000,0
610717,1787881200.0,6.0,0,0,0,0.000000,0
610718,1787881206.0,6.0,0,0,0,0.000000,0
610719,1787881212.0,6.0,0,0,0,0.000000,0
610720,1787881218.001,6.000999927520752,0,0,0,0.000000,0
610721,1787881224.0,5.999000072479248,0,0,0,0.000000,0
610722,1787881230.0,6.0,0,0,0,0.000000,0
610723,1787881236.0,6.0,0,0,0,0.000000,0
610724,1787881242.0,6.0,0,0,0,0.000000,0
610725,1787881248.0,6.0,0,0,0,0.000000,0
610726,1787881254.0,6.0,0,0,0,0.000000,0
610727,1787881260.0,6.0,0,0,0,0.000000,0
610728,1787881266.001,6.000999927520752,0,0,0,0.000000,0
610729,1787881272.0,5.999000072479248,0,0,0,0.000000,0
610730,1787881278.0,6.0,0,0,0,0.000000,0
610731,1787881284.0,6.0,0,0,0,0.000000,0
610732,1787881290.0,6.0,0,0,0,0.000000,0
610733,1787881296.0,6.0,0,0,0,0.000000,0
610734,1787881302.0,6.0,0,0,0,0.000000,0
610735,1787881308.0,6.0,0,0,0,0.000000,0
610736,1787881314.0,6.0,0,0,0,0.000000,0
610737,1787881320.0,6.0,0,0,0,0.000000,0
610738,1787881326.001,6.000999927520752,0,0,0,0.000000,0
610739,1787881332.0,5.999000072479248,0,0,0,0.000000,0
610740,1787881338.0,6.0,0,0,0,0.000000,0
610741,1787881344.0,6.0,0,0,0,0.000000,0
610742,1787881350.0,6.0,0,0,0,0.000000,0
610743,1787881356.0,6.0,0,0,0,0.000000,0
610744,1787881362.0,6.0,0,0,0,0.000000,0
610745,1787881368.0,6.0,0,0,0,0.000000,0
610746,1787881374.0,6.0,0,0,0,0.000000,0
610747,1787881380.001,6.000999927520752,0,0,0,0.000000,0
610748,1787881386.0,5.999000072479248,0,0,0,0.000000,0
610749,1787881392.0,6.0,0,0,0,0.000000,0
610750,1787881398.0,6.0,0,0,0,0.000000,0
610751,1787881404.0,6.0,0,0,0,0.000000,0
610752,1787881410.0,6.0,0,0,0,0.000000,0
610753,1787881416.0,6.0,0,0,0,0.000000,0
610754,1787881422.0,6.0,0,0,0,0.000000,0
610755,1787881428.0,6.0,0,0,0,0.000000,0
610756,1787881434.0,6.0,0,0,0,0.000000,0
610757,1787881440.0,6.0,0,0,0,0.000000,0
610758,1787881446.0,6.0,0,0,0,0.000000,0
610759,1787881452.0,6.0,0,0,0,0.000000,0
610760,1787881458.0,6.0,0,0,0,0.000000,0
610761,1787881464.0,6.0,0,0,0,0.000000,0
610762,1787881470.0,6.0,0,0,0,0.000000,0
610763,1787881476.0,6.0,0,0,0,0.000000,0
610764,1787881482.0,6.0,0,0,0,0.000000,0
610765,1787881488.0,6.0,0,0,0,0.000000,0
610766,1787881494.001,6.000999927520752,0,0,0,0.000000,0
610767,1787881500.0,5.999000072479248,0,0,0,0.000000,0
610768,1787881506.0,6.0,0,0,0,0.000000,0
610769,1787881512.0,6.0,0,0,0,0.000000,0
610770,1787881518.0,6.0,0,0,0,0.000000,0
610771,1787881524.0,6.0,0,0,0,0.000000,0
610772,1787881530.0,6.0,0,0,0,0.000000,0
610773,1787881536.001,6.000999927520752,0,0,0,0.000000,0
610774,1787881542.0,5.999000072479248,0,0,0,0.000000,0
610775,1787881548.0,6.0,0,0,0,0.000000,0
610776,1787881554.0,6.0,0,0,0,0.000000,0
610777,1787881560.001,6.000999927520752,0,0,0,0.000000,0
610778,1787881566.001,6.0,0,0,0,0.000000,0
610779,1787881572.001,6.0,0,0,0,0.000000,0
610780,1787881578.0,5.999000072479248,0,0,0,0.000000,0
610781,1787881584.0,6.0,0,0,0,0.000000,0
610782,1787881590.0,6.0,0,0,0,0.000000,0
610783,1787881596.0,6.0,0,0,0,0.000000,0
610784,1787881602.0,6.0,0,0,0,0.000000,0
610785,1787881608.0,6.0,0,0,0,0.000000,0
610786,1787881614.0,6.0,0,0,0,0.000000,0
610787,1787881620.001,6.000999927520752,0,0,0,0.000000,0
610788,1787881626.001,6.0,0,0,0,0.000000,0
610789,1787881632.0,5.999000072479248,0,0,0,0.000000,0
610790,1787881638.0,6.0,0,0,0,0.000000,0
610791,1787881644.001,6.000999927520752,0,0,0,0.000000,0
610792,1787881650.0,5.999000072479248,0,0,0,0.000000,0
610793,1787881656.001,6.000999927520752,0,0,0,0.000000,0
610794,1787881662.0,5.999000072479248,0,0,0,0.000000,0
610795,1787881668.0,6.0,0,0,0,0.000000,0
610796,1787881674.0,6.0,0,0,0,0.000000,0
610797,1787881680.001,6.000999927520752,0,0,0,0.000000,0
610798,1787881686.001,6.0,0,0,0,0.000000,0
610799,1787881692.001,6.0,0,0,0,0.000000,0
610800,1787881698.0,5.999000072479248,0,0,0,0.000000,0
610801,1787881704.0,6.0,0,0,0,0.000000,0
610802,1787881710.001,6.000999927520752,0,0,0,0.000000,0
610803,1787881716.0,5.999000072479248,0,0,0,0.000000,0
610804,1787881722.0,6.0,0,0,0,0.000000,0
610805,1787881728.0,6.0,0,0,0,0.000000,0
610806,1787881734.0,6.0,0,0,0,0.000000,0
610807,1787881740.0,6.0,0,0,0,0.000000,0
610808,1787881746.0,6.0,0,0,0,0.000000,0
610809,1787881752.0,6.0,0,0,0,0.000000,0
610810,1787881758.0,6.0,0,0,0,0.000000,0
610811,1787881764.0,6.0,0,0,0,0.000000,0
610812,1787881770.0,6.0,0,0,0,0.000000,0
610813,1787881776.0,6.0,0,0,0,0.000000,0
610814,1787881782.001,6.000999927520752,0,0,0,0.000000,0
610815,1787881788.0,5.999000072479248,0,0,0,0.000000,0
610816,1787881794.0,6.0,0,0,0,0.000000,0
610817,1787881800.0,6.0,0,0,0,0.000000,0
610818,1787881806.0,6.0,0,0,0,0.000000,0
610819,1787881812.0,6.0,0,0,0,0.000000,0
610820,1787881818.001,6.000999927520752,0,0,0,0.000000,0
610821,1787881824.001,6.0,0,0,0,0.000000,0
610822,1787881830.0,5.999000072479248,0,0,0,0.000000,0
610823,1787881836.0,6.0,0,0,0,0.000000,0
610824,1787881842.0,6.0,0,0,0,0.000000,0
610825,1787881848.0,6.0,0,0,0,0.000000,0
610826,1787881854.0,6.0,0,0,0,0.000000,0
610827,1787881860.0,6.0,0,0,0,0.000000,0
610828,1787881866.0,6.0,0,0,0,0.000000,0
610829,1787881872.0,6.0,1,1,7986,0.039930,1
610830,1787881878.0,6.0,0,0,0,0.000000,0
610831,1787881884.0,6.0,0,0,0,0.000000,0
610832,1787881890.0,6.0,0,0,0,0.000000,0
610833,1787881896.0,6.0,0,0,0,0.000000,0
610834,1787881902.001,6.000999927520752,0,0,0,0.000000,0
610835,1787881908.0,5.999000072479248,0,0,0,0.000000,0
610836,1787881914.0,6.0,0,0,0,0.000000,0
610837,1787881920.0,6.0,0,0,0,0.000000,0
610838,1787881926.0,6.0,0,0,0,0.000000,0
610839,1787881932.0,6.0,0,0,0,0.000000,0
610840,1787881938.001,6.000999927520752,0,0,0,0.000000,0
610841,1787881944.0,5.999000072479248,0,0,0,0.000000,0
610842,1787881950.0,6.0,0,0,0,0.000000,0
610843,1787881956.0,6.0,0,0,0,0.000000,0
610844,1787881962.0,6.0,0,0,0,0.000000,0
610845,1787881968.001,6.000999927520752,0,0,0,0.000000,0
610846,1787881974.0,5.999000072479248,0,0,0,0.000000,0
610847,1787881980.0,6.0,0,0,0,0.000000,0
610848,1787881986.001,6.000999927520752,0,0,0,0.000000,0
610849,1787881992.0,5.999000072479248,0,0,0,0.000000,0
610850,1787881998.0,6.0,0,0,0,0.000000,0
610851,1787882004.0,6.0,0,0,0,0.000000,0
610852,1787882010.0,6.0,0,0,0,0.000000,0
610853,1787882016.0,6.0,0,0,0,0.000000,0
610854,1787882022.0,6.0,0,0,0,0.000000,0
610855,1787882028.0,6.0,0,0,0,0.000000,0
610856,1787882034.0,6.0,0,0,0,0.000000,0
610857,1787882040.0,6.0,0,0,0,0.000000,0
610858,1787882046.0,6.0,0,0,0,0.000000,0
610859,1787882052.0,6.0,0,0,0,0.000000,0
610860,1787882058.0,6.0,0,0,0,0.000000,0
610861,1787882064.0,6.0,0,0,0,0.000000,0
610862,1787882070.0,6.0,0,0,0,0.000000,0
610863,1787882076.001,6.000999927520752,0,0,0,0.000000,0
610864,1787882082.0,5.999000072479248,0,0,0,0.000000,0
610865,1787882088.0,6.0,0,0,0,0.000000,0
610866,1787882094.0,6.0,0,0,0,0.000000,0
610867,1787882100.0,6.0,0,0,0,0.000000,0
610868,1787882106.0,6.0,0,0,0,0.000000,0
610869,1787882112.0,6.0,0,0,0,0.000000,0
610870,1787882118.0,6.0,0,0,0,0.000000,0
610871,1787882124.0,6.0,0,0,0,0.000000,0
610872,1787882130.0,6.0,0,0,0,0.000000,0
610873,1787882136.0,6.0,0,0,0,0.000000,0
610874,1787882142.0,6.0,0,0,0,0.000000,0
610875,1787882148.001,6.000999927520752,0,0,0,0.000000,0
610876,1787882154.0,5.999000072479248,0,0,0,0.000000,0
610877,1787882160.0,6.0,0,0,0,0.000000,0
610878,1787882166.0,6.0,0,0,0,0.000000,0
610879,1787882172.0,6.0,0,0,0,0.000000,0
610880,1787882178.0,6.0,0,0,0,0.000000,0
610881,1787882184.0,6.0,0,0,0,0.000000,0
610882,1787882190.0,6.0,0,0,0,0.000000,0
610883,1787882196.001,6.000999927520752,0,0,0,0.000000,0
610884,1787882202.0,5.999000072479248,0,0,0,0.000000,0
610885,1787882208.0,6.0,0,0,0,0.000000,0
610886,1787882214.0,6.0,0,0,0,0.000000,0
610887,1787882220.0,6.0,0,0,0,0.000000,0
610888,1787882226.0,6.0,0,0,0,0.000000,0
610889,1787882232.0,6.0,0,0,0,0.000000,0
610890,1787882238.0,6.0,0,0,0,0.000000,0
610891,1787882244.0,6.0,0,0,0,0.000000,0
610892,1787882250.0,6.0,0,0,0,0.000000,0
610893,1787882256.0,6.0,0,0,0,0.000000,0
610894,1787882262.0,6.0,0,0,0,0.000000,0
610895,1787882268.001,6.000999927520752,0,0,0,0.000000,0
610896,1787882274.0,5.999000072479248,0,0,0,0.000000,0
610897,1787882280.0,6.0,0,0,0,0.000000,0
610898,1787882286.0,6.0,0,0,0,0.000000,0
610899,1787882292.0,6.0,0,0,0,0.000000,0
610900,1787882298.0,6.0,0,0,0,0.000000,0
610901,1787882304.0,6.0,0,0,0,0.000000,0
610902,1787882310.001,6.000999927520752,0,0,0,0.000000,0
610903,1787882316.0,5.999000072479248,0,0,0,0.000000,0
610904,1787882322.0,6.0,0,0,0,0.000000,0
610905,1787882328.0,6.0,0,0,0,0.000000,0
610906,1787882334.0,6.0,0,0,0,0.000000,0
610907,1787882340.0,6.0,0,0,0,0.000000,0
610908,1787882346.0,6.0,0,0,0,0.000000,0
610909,1787882352.0,6.0,0,0,0,0.000000,0
610910,1787882358.0,6.0,0,0,0,0.000000,0
610911,1787882364.0,6.0,0,0,0,0.000000,0
610912,1787882370.001,6.000999927520752,0,0,0,0.000000,0
610913,1787882376.001,6.0,0,0,0,0.000000,0
610914,1787882382.0,5.999000072479248,0,0,0,0.000000,0
610915,1787882388.0,6.0,0,0,0,0.000000,0
610916,1787882394.0,6.0,0,0,0,0.000000,0
610917,1787882400.001,6.000999927520752,0,0,0,0.000000,0
610918,1787882406.0,5.999000072479248,0,0,0,0.000000,0
610919,1787882412.001,6.000999927520752,0,0,0,0.000000,0
610920,1787882418.0,5.999000072479248,0,0,0,0.000000,0
610921,1787882424.0,6.0,0,0,0,0.000000,0
610922,1787882430.0,6.0,0,0,0,0.000000,0
610923,1787882436.0,6.0,0,0,0,0.000000,0
610924,1787882442.0,6.0,0,0,0,0.000000,0
610925,1787882448.0,6.0,0,0,0,0.000000,0
610926,1787882454.0,6.0,0,0,0,0.000000,0
610927,1787882460.0,6.0,0,0,0,0.000000,0
610928,1787882466.0,6.0,0,0,0,0.000000,0
610929,1787882472.001,6.000999927520752,0,0,0,0.000000,0
610930,1787882478.0,5.999000072479248,0,0,0,0.000000,0
610931,1787882484.001,6.000999927520752,0,0,0,0.000000,0
610932,1787882490.0,5.999000072479248,0,0,0,0.000000,0
610933,1787882496.0,6.0,0,0,0,0.000000,0
610934,1787882502.001,6.000999927520752,0,0,0,0.000000,0
610935,1787882508.001,6.0,0,0,0,0.000000,0
610936,1787882514.0,5.999000072479248,0,0,0,0.000000,0
610937,1787882520.0,6.0,0,0,0,0.000000,0
610938,1787882526.001,6.000999927520752,0,0,0,0.000000,0
610939,1787882532.0,5.999000072479248,0,0,0,0.000000,0
610940,1787882538.0,6.0,0,0,0,0.000000,0
610941,1787882544.001,6.000999927520752,0,0,0,0.000000,0
610942,1787882550.0,5.999000072479248,0,0,0,0.000000,0
610943,1787882556.001,6.000999927520752,0,0,0,0.000000,0
610944,1787882562.0,5.999000072479248,0,0,0,0.000000,0
610945,1787882568.0,6.0,0,0,0,0.000000,0
610946,1787882574.0,6.0,0,0,0,0.000000,0
610947,1787882580.0,6.0,0,0,0,0.000000,0
610948,1787882586.0,6.0,0,0,0,0.000000,0
610949,1787882592.0,6.0,0,0,0,0.000000,0
610950,1787882598.001,6.000999927520752,0,0,0,0.000000,0
610951,1787882604.001,6.0,0,0,0,0.000000,0
610952,1787882610.0,5.999000072479248,0,0,0,0.000000,0
610953,1787882616.0,6.0,0,0,0,0.000000,0
610954,1787882622.0,6.0,0,0,0,0.000000,0
610955,1787882628.0,6.0,0,0,0,0.000000,0
610956,1787882634.0,6.0,0,0,0,0.000000,0
610957,1787882640.001,6.000999927520752,0,0,0,0.000000,0
610958,1787882646.0,5.999000072479248,0,0,0,0.000000,0
610959,1787882652.0,6.0,0,0,0,0.000000,0
610960,1787882658.0,6.0,0,0,0,0.000000,0
610961,1787882664.001,6.000999927520752,0,0,0,0.000000,0
610962,1787882670.0,5.999000072479248,0,0,0,0.000000,0
610963,1787882676.0,6.0,0,0,0,0.000000,0
610964,1787882682.0,6.0,0,0,0,0.000000,0
610965,1787882688.0,6.0,0,0,0,0.000000,0
610966,1787882694.0,6.0,0,0,0,0.000000,0
610967,1787882700.0,6.0,0,0,0,0.000000,0
610968,1787882706.0,6.0,0,0,0,0.000000,0
610969,1787882712.0,6.0,0,0,0,0.000000,0
610970,1787882718.0,6.0,0,0,0,0.000000,0
610971,1787882724.0,6.0,0,0,0,0.000000,0
610972,1787882730.0,6.0,0,0,0,0.000000,0
610973,1787882736.0,6.0,0,0,0,0.000000,0
610974,1787882742.0,6.0,0,0,0,0.000000,0
610975,1787882748.0,6.0,0,0,0,0.000000,0
610976,1787882754.001,6.000999927520752,0,0,0,0.000000,0
610977,1787882760.0,5.999000072479248,0,0,0,0.000000,0
610978,1787882766.0,6.0,0,0,0,0.000000,0
610979,1787882772.0,6.0,0,0,0,0.000000,0
610980,1787882778.0,6.0,0,0,0,0.000000,0
610981,1787882784.0,6.0,0,0,0,0.000000,0
610982,1787882790.001,6.000999927520752,0,0,0,0.000000,0
610983,1787882796.0,5.999000072479248,0,0,0,0.000000,0
610984,1787882802.0,6.0,0,0,0,0.000000,0
610985,1787882808.0,6.0,0,0,0,0.000000,0
610986,1787882814.0,6.0,0,0,0,0.000000,0
610987,1787882820.0,6.0,0,0,0,0.000000,0
610988,1787882826.0,6.0,0,0,0,0.000000,0
610989,1787882832.0,6.0,0,0,0,0.000000,0
610990,1787882838.0,6.0,0,0,0,0.000000,0
610991,1787882844.0,6.0,0,0,0,0.000000,0
610992,1787882850.0,6.0,0,0,0,0.000000,0
610993,1787882856.0,6.0,0,0,0,0.000000,0
610994,1787882862.0,6.0,0,0,0,0.000000,0
610995,1787882868.0,6.0,0,0,0,0.000000,0
610996,1787882874.0,6.0,0,0,0,0.000000,0
610997,1787882880.0,6.0,0,0,0,0.000000,0
610998,1787882886.0,6.0,0,0,0,0.000000,0
610999,1787882892.0,6.0,0,0,0,0.000000,0
611000,1787882898.0,6.0,0,0,0,0.000000,0
611001,1787882904.0,6.0,0,0,0,0.000000,0
611002,1787882910.0,6.0,0,0,0,0.000000,0
611003,1787882916.0,6.0,0,0,0,0.000000,0
611004,1787882922.0,6.0,0,0,0,0.000000,0
611005,1787882928.0,6.0,0,0,0,0.000000,0
611006,1787882934.0,6.0,0,0,0,0.000000,0
611007,1787882940.001,6.000999927520752,0,0,0,0.000000,0
611008,1787882946.0,5.999000072479248,0,0,0,0.000000,0
611009,1787882952.0,6.0,0,0,0,0.000000,0
611010,1787882958.0,6.0,0,0,0,0.000000,0
611011,1787882964.0,6.0,0,0,0,0.000000,0
611012,1787882970.001,6.000999927520752,0,0,0,0.000000,0
611013,1787882976.001,6.0,0,0,0,0.000000,0
611014,1787882982.0,5.999000072479248,0,0,0,0.000000,0
611015,1787882988.0,6.0,0,0,0,0.000000,0
611016,1787882994.0,6.0,0,0,0,0.000000,0
611017,1787883000.0,6.0,0,0,0,0.000000,0
611018,1787883006.001,6.000999927520752,0,0,0,0.000000,0
611019,1787883012.001,6.0,0,0,0,0.000000,0
611020,1787883018.0,5.999000072479248,0,0,0,0.000000,0
611021,1787883024.0,6.0,0,0,0,0.000000,0
611022,1787883030.0,6.0,0,0,0,0.000000,0
611023,1787883036.0,6.0,0,0,0,0.000000,0
611024,1787883042.0,6.0,0,0,0,0.000000,0
611025,1787883048.0,6.0,0,0,0,0.000000,0
611026,1787883054.0,6.0,0,0,0,0.000000,0
611027,1787883060.0,6.0,0,0,0,0.000000,0
611028,1787883066.0,6.0,0,0,0,0.000000,0
611029,1787883072.001,6.000999927520752,0,0,0,0.000000,0
611030,1787883078.001,6.0,0,0,0,0.000000,0
611031,1787883084.0,5.999000072479248,0,0,0,0.000000,0
611032,1787883090.0,6.0,0,0,0,0.000000,0
611033,1787883096.0,6.0,0,0,0,0.000000,0
611034,1787883102.0,6.0,0,0,0,0.000000,0
611035,1787883108.001,6.000999927520752,0,0,0,0.000000,0
611036,1787883114.0,5.999000072479248,0,0,0,0.000000,0
611037,1787883120.0,6.0,0,0,0,0.000000,0
611038,1787883126.0,6.0,0,0,0,0.000000,0
611039,1787883132.0,6.0,0,0,0,0.000000,0
611040,1787883138.0,6.0,0,0,0,0.000000,0
611041,1787883144.0,6.0,0,0,0,0.000000,0
611042,1787883150.0,6.0,0,0,0,0.000000,0
611043,1787883156.0,6.0,0,0,0,0.000000,0
611044,1787883162.001,6.000999927520752,0,0,0,0.000000,0
611045,1787883168.001,6.0,0,0,0,0.000000,0
611046,1787883174.0,5.999000072479248,0,0,0,0.000000,0
611047,1787883180.0,6.0,0,0,0,0.000000,0
611048,1787883186.0,6.0,0,0,0,0.000000,0
611049,1787883192.0,6.0,0,0,0,0.000000,0
611050,1787883198.001,6.000999927520752,0,0,0,0.000000,0
611051,1787883204.001,6.0,0,0,0,0.000000,0
611052,1787883210.0,5.999000072479248,0,0,0,0.000000,0
611053,1787883216.0,6.0,0,0,0,0.000000,0
611054,1787883222.0,6.0,0,0,0,0.000000,0
611055,1787883228.001,6.000999927520752,0,0,0,0.000000,0
611056,1787883234.0,5.999000072479248,0,0,0,0.000000,0
611057,1787883240.0,6.0,0,0,0,0.000000,0
611058,1787883246.0,6.0,0,0,0,0.000000,0
611059,1787883252.0,6.0,0,0,0,0.000000,0
611060,1787883258.001,6.000999927520752,0,0,0,0.000000,0
611061,1787883264.0,5.999000072479248,0,0,0,0.000000,0
611062,1787883270.001,6.000999927520752,0,0,0,0.000000,0
611063,1787883276.0,5.999000072479248,0,0,0,0.000000,0
611064,1787883282.0,6.0,0,0,0,0.000000,0
611065,1787883288.0,6.0,0,0,0,0.000000,0
611066,1787883294.0,6.0,0,0,0,0.000000,0
611067,1787883300.0,6.0,0,0,0,0.000000,0
611068,1787883306.0,6.0,0,0,0,0.000000,0
611069,1787883312.001,6.000999927520752,0,0,0,0.000000,0
611070,1787883318.0,5.999000072479248,0,0,0,0.000000,0
611071,1787883324.0,6.0,0,0,0,0.000000,0
611072,1787883330.0,6.0,0,0,0,0.000000,0
611073,1787883336.001,6.000999927520752,0,0,0,0.000000,0
611074,1787883342.001,6.0,0,0,0,0.000000,0
611075,1787883348.0,5.999000072479248,0,0,0,0.000000,0
611076,1787883354.0,6.0,0,0,0,0.000000,0
611077,1787883360.001,6.000999927520752,0,0,0,0.000000,0
611078,1787883366.0,5.999000072479248,0,0,0,0.000000,0
611079,1787883372.001,6.000999927520752,0,0,0,0.000000,0
611080,1787883378.0,5.999000072479248,0,0,0,0.000000,0
611081,1787883384.001,6.000999927520752,0,0,0,0.000000,0
611082,1787883390.0,5.999000072479248,0,0,0,0.000000,0
611083,1787883396.0,6.0,0,0,0,0.000000,0
611084,1787883402.001,6.000999927520752,0,0,0,0.000000,0
611085,1787883408.0,5.999000072479248,0,0,0,0.000000,0
611086,1787883414.001,6.000999927520752,0,0,0,0.000000,0
611087,1787883420.0,5.999000072479248,0,0,0,0.000000,0
611088,1787883426.0,6.0,0,0,0,0.000000,0
611089,1787883432.0,6.0,0,0,0,0.000000,0
611090,1787883438.001,6.000999927520752,0,0,0,0.000000,0
611091,1787883444.0,5.999000072479248,0,0,0,0.000000,0
611092,1787883450.0,6.0,0,0,0,0.000000,0
611093,1787883456.0,6.0,0,0,0,0.000000,0
611094,1787883462.0,6.0,0,0,0,0.000000,0
611095,1787883468.0,6.0,0,0,0,0.000000,0
611096,1787883474.001,6.000999927520752,0,0,0,0.000000,0
611097,1787883480.0,5.999000072479248,0,0,0,0.000000,0
611098,1787883486.0,6.0,0,0,0,0.000000,0
611099,1787883492.0,6.0,0,0,0,0.000000,0
611100,1787883498.0,6.0,0,0,0,0.000000,0
611101,1787883504.0,6.0,0,0,0,0.000000,0
611102,1787883510.0,6.0,0,0,0,0.000000,0
611103,1787883516.0,6.0,0,0,0,0.000000,0
611104,1787883522.001,6.000999927520752,0,0,0,0.000000,0
611105,1787883528.0,5.999000072479248,0,0,0,0.000000,0
611106,1787883534.0,6.0,0,0,0,0.000000,0
611107,1787883540.001,6.000999927520752,0,0,0,0.000000,0
611108,1787883546.0,5.999000072479248,0,0,0,0.000000,0
611109,1787883552.0,6.0,0,0,0,0.000000,0
611110,1787883558.0,6.0,0,0,0,0.000000,0
611111,1787883564.0,6.0,0,0,0,0.000000,0
611112,1787883570.0,6.0,0,0,0,0.000000,0
611113,1787883576.0,6.0,0,0,0,0.000000,0
611114,1787883582.0,6.0,0,0,0,0.000000,0
611115,1787883588.001,6.000999927520752,0,0,0,0.000000,0
611116,1787883594.0,5.999000072479248,0,0,0,0.000000,0
611117,1787883600.001,6.000999927520752,0,0,0,0.000000,0
611118,1787883606.0,5.999000072479248,0,0,0,0.000000,0
611119,1787883612.0,6.0,0,0,0,0.000000,0
611120,1787883618.001,6.000999927520752,0,0,0,0.000000,0
611121,1787883624.001,6.0,0,0,0,0.000000,0
611122,1787883630.0,5.999000072479248,0,0,0,0.000000,0
611123,1787883636.0,6.0,0,0,0,0.000000,0
611124,1787883642.0,6.0,0,0,0,0.000000,0
611125,1787883648.0,6.0,0,0,0,0.000000,0
611126,1787883654.0,6.0,0,0,0,0.000000,0
611127,1787883660.001,6.000999927520752,0,0,0,0.000000,0
611128,1787883666.0,5.999000072479248,0,0,0,0.000000,0
611129,1787883672.0,6.0,0,0,0,0.000000,0
611130,1787883678.001,6.000999927520752,0,0,0,0.000000,0
611131,1787883684.0,5.999000072479248,0,0,0,0.000000,0
611132,1787883690.0,6.0,0,0,0,0.000000,0
611133,1787883696.0,6.0,0,0,0,0.000000,0
611134,1787883702.0,6.0,0,0,0,0.000000,0
611135,1787883708.0,6.0,0,0,0,0.000000,0
611136,1787883714.0,6.0,0,0,0,0.000000,0
611137,1787883720.0,6.0,0,0,0,0.000000,0
611138,1787883726.0,6.0,0,0,0,0.000000,0
611139,1787883732.0,6.0,0,0,0,0.000000,0
611140,1787883738.0,6.0,0,0,0,0.000000,0
611141,1787883744.001,6.000999927520752,0,0,0,0.000000,0
611142,1787883750.0,5.999000072479248,0,0,0,0.000000,0
611143,1787883756.0,6.0,0,0,0,0.000000,0
611144,1787883762.0,6.0,0,0,0,0.000000,0
611145,1787883768.0,6.0,0,0,0,0.000000,0
611146,1787883774.0,6.0,0,0,0,0.000000,0
611147,1787883780.0,6.0,0,0,0,0.000000,0
611148,1787883786.0,6.0,0,0,0,0.000000,0
611149,1787883792.0,6.0,0,0,0,0.000000,0
611150,1787883798.0,6.0,0,0,0,0.000000,0
611151,1787883804.0,6.0,0,0,0,0.000000,0
611152,1787883810.0,6.0,0,0,0,0.000000,0
611153,1787883816.001,6.000999927520752,0,0,0,0.000000,0
611154,1787883822.0,5.999000072479248,0,0,0,0.000000,0
611155,1787883828.0,6.0,0,0,0,0.000000,0
611156,1787883834.001,6.000999927520752,0,0,0,0.000000,0
611157,1787883840.0,5.999000072479248,0,0,0,0.000000,0
611158,1787883846.0,6.0,0,0,0,0.000000,0
611159,1787883852.0,6.0,0,0,0,0.000000,0
611160,1787883858.0,6.0,0,0,0,0.000000,0
611161,1787883864.0,6.0,0,0,0,0.000000,0
611162,1787883870.001,6.000999927520752,0,0,0,0.000000,0
611163,1787883876.0,5.999000072479248,0,0,0,0.000000,0
611164,1787883882.0,6.0,0,0,0,0.000000,0
611165,1787883888.0,6.0,0,0,0,0.000000,0
611166,1787883894.0,6.0,0,0,0,0.000000,0
611167,1787883900.001,6.000999927520752,0,0,0,0.000000,0
611168,1787883906.001,6.0,0,0,0,0.000000,0
611169,1787883912.0,5.999000072479248,0,0,0,0.000000,0
611170,1787883918.001,6.000999927520752,0,0,0,0.000000,0
611171,1787883924.0,5.999000072479248,0,0,0,0.000000,0
611172,1787883930.0,6.0,0,0,0,0.000000,0
611173,1787883936.001,6.000999927520752,0,0,0,0.000000,0
611174,1787883942.0,5.999000072479248,0,0,0,0.000000,0
611175,1787883948.0,6.0,0,0,0,0.000000,0
611176,1787883954.0,6.0,0,0,0,0.000000,0
611177,1787883960.0,6.0,0,0,0,0.000000,0
611178,1787883966.0,6.0,0,0,0,0.000000,0
611179,1787883972.0,6.0,0,0,0,0.000000,0
611180,1787883978.0,6.0,0,0,0,0.000000,0
611181,1787883984.0,6.0,0,0,0,0.000000,0
611182,1787883990.0,6.0,0,0,0,0.000000,0
611183,1787883996.0,6.0,0,0,0,0.000000,0
611184,1787884002.0,6.0,0,0,0,0.000000,0
611185,1787884008.0,6.0,0,0,0,0.000000,0
611186,1787884014.0,6.0,0,0,0,0.000000,0
611187,1787884020.0,6.0,0,0,0,0.000000,0
611188,1787884026.0,6.0,0,0,0,0.000000,0
611189,1787884032.0,6.0,0,0,0,0.000000,0
611190,1787884038.0,6.0,0,0,0,0.000000,0
611191,1787884044.0,6.0,0,0,0,0.000000,0
611192,1787884050.0,6.0,0,0,0,0.000000,0
611193,1787884056.0,6.0,0,0,0,0.000000,0
611194,1787884062.001,6.000999927520752,0,0,0,0.000000,0
611195,1787884068.0,5.999000072479248,0,0,0,0.000000,0
611196,1787884074.0,6.0,0,0,0,0.000000,0
611197,1787884080.0,6.0,0,0,0,0.000000,0
611198,1787884086.0,6.0,0,0,0,0.000000,0
611199,1787884092.0,6.0,0,0,0,0.000000,0
611200,1787884098.0,6.0,0,0,0,0.000000,0
611201,1787884104.0,6.0,0,0,0,0.000000,0
611202,1787884110.001,6.000999927520752,0,0,0,0.000000,0
611203,1787884116.0,5.999000072479248,0,0,0,0.000000,0
611204,1787884122.0,6.0,0,0,0,0.000000,0
611205,1787884128.0,6.0,0,0,0,0.000000,0
611206,1787884134.0,6.0,0,0,0,0.000000,0
611207,1787884140.0,6.0,0,0,0,0.000000,0
611208,1787884146.001,6.000999927520752,0,0,0,0.000000,0
611209,1787884152.0,5.999000072479248,0,0,0,0.000000,0
611210,1787884158.0,6.0,0,0,0,0.000000,0
611211,1787884164.0,6.0,0,0,0,0.000000,0
611212,1787884170.0,6.0,0,0,0,0.000000,0
611213,1787884176.0,6.0,0,0,0,0.000000,0
611214,1787884182.001,6.000999927520752,0,0,0,0.000000,0
611215,1787884188.0,5.999000072479248,0,0,0,0.000000,0
611216,1787884194.0,6.0,0,0,0,0.000000,0
611217,1787884200.0,6.0,0,0,0,0.000000,0
611218,1787884206.0,6.0,0,0,0,0.000000,0
611219,1787884212.0,6.0,0,0,0,0.000000,0
611220,1787884218.0,6.0,0,0,0,0.000000,0
611221,1787884224.0,6.0,0,0,0,0.000000,0
611222,1787884230.0,6.0,0,0,0,0.000000,0
611223,1787884236.0,6.0,0,0,0,0.000000,0
611224,1787884242.0,6.0,0,0,0,0.000000,0
611225,1787884248.0,6.0,0,0,0,0.000000,0
611226,1787884254.0,6.0,0,0,0,0.000000,0
611227,1787884260.0,6.0,0,0,0,0.000000,0
611228,1787884266.0,6.0,0,0,0,0.000000,0
611229,1787884272.0,6.0,0,0,0,0.000000,0
611230,1787884278.0,6.0,0,0,0,0.000000,0
611231,1787884284.0,6.0,0,0,0,0.000000,0
611232,1787884290.0,6.0,0,0,0,0.000000,0
611233,1787884296.0,6.0,0,0,0,0.000000,0
611234,1787884302.0,6.0,0,0,0,0.000000,0
611235,1787884308.0,6.0,0,0,0,0.000000,0
611236,1787884314.0,6.0,0,0,0,0.000000,0
611237,1787884320.0,6.0,0,0,0,0.000000,0
611238,1787884326.0,6.0,0,0,0,0.000000,0
611239,1787884332.001,6.000999927520752,0,0,0,0.000000,0
611240,1787884338.0,5.999000072479248,0,0,0,0.000000,0
611241,1787884344.0,6.0,0,0,0,0.000000,0
611242,1787884350.0,6.0,0,0,0,0.000000,0
611243,1787884356.0,6.0,0,0,0,0.000000,0
611244,1787884362.0,6.0,0,0,0,0.000000,0
611245,1787884368.0,6.0,0,0,0,0.000000,0
611246,1787884374.0,6.0,0,0,0,0.000000,0
611247,1787884380.0,6.0,0,0,0,0.000000,0
611248,1787884386.0,6.0,0,0,0,0.000000,0
611249,1787884392.0,6.0,0,0,0,0.000000,0
611250,1787884398.0,6.0,0,0,0,0.000000,0
611251,1787884404.0,6.0,0,0,0,0.000000,0
611252,1787884410.0,6.0,0,0,0,0.000000,0
611253,1787884416.0,6.0,0,0,0,0.000000,0
611254,1787884422.0,6.0,0,0,0,0.000000,0
611255,1787884428.0,6.0,0,0,0,0.000000,0
611256,1787884434.0,6.0,0,0,0,0.000000,0
611257,1787884440.001,6.000999927520752,0,0,0,0.000000,0
611258,1787884446.0,5.999000072479248,0,0,0,0.000000,0
611259,1787884452.0,6.0,0,0,0,0.000000,0
611260,1787884458.0,6.0,0,0,0,0.000000,0
611261,1787884464.0,6.0,0,0,0,0.000000,0
611262,1787884470.0,6.0,0,0,0,0.000000,0
611263,1787884476.0,6.0,0,0,0,0.000000,0
611264,1787884482.0,6.0,0,0,0,0.000000,0
611265,1787884488.0,6.0,0,0,0,0.000000,0
611266,1787884494.0,6.0,0,0,0,0.000000,0
611267,1787884500.0,6.0,0,0,0,0.000000,0
611268,1787884506.0,6.0,0,0,0,0.000000,0
611269,1787884512.0,6.0,0,0,0,0.000000,0
611270,1787884518.0,6.0,0,0,0,0.000000,0
611271,1787884524.0,6.0,0,0,0,0.000000,0
611272,1787884530.0,6.0,0,0,0,0.000000,0
611273,1787884536.0,6.0,0,0,0,0.000000,0
611274,1787884542.0,6.0,0,0,0,0.000000,0
611275,1787884548.0,6.0,0,0,0,0.000000,0
611276,1787884554.0,6.0,0,0,0,0.000000,0
611277,1787884560.0,6.0,0,0,0,0.000000,0
611278,1787884566.001,6.000999927520752,0,0,0,0.000000,0
611279,1787884572.0,5.999000072479248,0,0,0,0.000000,0
611280,1787884578.0,6.0,0,0,0,0.000000,0
611281,1787884584.0,6.0,0,0,0,0.000000,0
611282,1787884590.0,6.0,0,0,0,0.000000,0
611283,1787884596.0,6.0,0,0,0,0.000000,0
611284,1787884602.001,6.000999927520752,0,0,0,0.000000,0
611285,1787884608.0,5.999000072479248,0,0,0,0.000000,0
611286,1787884614.0,6.0,0,0,0,0.000000,0
611287,1787884620.0,6.0,0,0,0,0.000000,0
611288,1787884626.0,6.0,0,0,0,0.000000,0
611289,1787884632.0,6.0,0,0,0,0.000000,0
611290,1787884638.0,6.0,0,0,0,0.000000,0
611291,1787884644.0,6.0,0,0,0,0.000000,0
611292,1787884650.0,6.0,0,0,0,0.000000,0
611293,1787884656.001,6.000999927520752,0,0,0,0.000000,0
611294,1787884662.0,5.999000072479248,0,0,0,0.000000,0
611295,1787884668.0,6.0,0,0,0,0.000000,0
611296,1787884674.0,6.0,0,0,0,0.000000,0
611297,1787884680.001,6.000999927520752,0,0,0,0.000000,0
611298,1787884686.0,5.999000072479248,0,0,0,0.000000,0
611299,1787884692.0,6.0,0,0,0,0.000000,0
611300,1787884698.001,6.000999927520752,0,0,0,0.000000,0
611301,1787884704.0,5.999000072479248,0,0,0,0.000000,0
611302,1787884710.0,6.0,0,0,0,0.000000,0
611303,1787884716.001,6.000999927520752,0,0,0,0.000000,0
611304,1787884722.0,5.999000072479248,0,0,0,0.000000,0
611305,1787884728.0,6.0,0,0,0,0.000000,0
611306,1787884734.001,6.000999927520752,0,0,0,0.000000,0
611307,1787884740.0,5.999000072479248,0,0,0,0.000000,0
611308,1787884746.0,6.0,0,0,0,0.000000,0
611309,1787884752.0,6.0,0,0,0,0.000000,0
611310,1787884758.0,6.0,0,0,0,0.000000,0
611311,1787884764.0,6.0,0,0,0,0.000000,0
611312,1787884770.0,6.0,0,0,0,0.000000,0
611313,1787884776.0,6.0,0,0,0,0.000000,0
611314,1787884782.0,6.0,0,0,0,0.000000,0
611315,1787884788.0,6.0,0,0,0,0.000000,0
611316,1787884794.0,6.0,0,0,0,0.000000,0
611317,1787884800.0,6.0,0,0,0,0.000000,0
611318,1787884806.001,6.000999927520752,0,0,0,0.000000,0
611319,1787884812.0,5.999000072479248,0,0,0,0.000000,0
611320,1787884818.0,6.0,0,0,0,0.000000,0
611321,1787884824.001,6.000999927520752,0,0,0,0.000000,0
611322,1787884830.0,5.999000072479248,0,0,0,0.000000,0
611323,1787884836.0,6.0,0,0,0,0.000000,0
611324,1787884842.001,6.000999927520752,0,0,0,0.000000,0
611325,1787884848.0,5.999000072479248,0,0,0,0.000000,0
611326,1787884854.0,6.0,0,0,0,0.000000,0
611327,1787884860.001,6.000999927520752,0,0,0,0.000000,0
611328,1787884866.0,5.999000072479248,0,0,0,0.000000,0
611329,1787884872.0,6.0,0,0,0,0.000000,0
611330,1787884878.0,6.0,0,0,0,0.000000,0
611331,1787884884.001,6.000999927520752,0,0,0,0.000000,0
611332,1787884890.0,5.999000072479248,0,0,0,0.000000,0
611333,1787884896.001,6.000999927520752,0,0,0,0.000000,0
611334,1787884902.0,5.999000072479248,0,0,0,0.000000,0
611335,1787884908.0,6.0,0,0,0,0.000000,0
611336,1787884914.0,6.0,0,0,0,0.000000,0
611337,1787884920.0,6.0,0,0,0,0.000000,0
611338,1787884926.0,6.0,0,0,0,0.000000,0
611339,1787884932.001,6.000999927520752,0,0,0,0.000000,0
611340,1787884938.0,5.999000072479248,0,0,0,0.000000,0
611341,1787884944.0,6.0,0,0,0,0.000000,0
611342,1787884950.001,6.000999927520752,0,0,0,0.000000,0
611343,1787884956.0,5.999000072479248,0,0,0,0.000000,0
611344,1787884962.0,6.0,0,0,0,0.000000,0
611345,1787884968.0,6.0,0,0,0,0.000000,0
611346,1787884974.0,6.0,0,0,0,0.000000,0
611347,1787884980.0,6.0,0,0,0,0.000000,0
611348,1787884986.0,6.0,0,0,0,0.000000,0
611349,1787884992.0,6.0,0,0,0,0.000000,0
611350,1787884998.0,6.0,0,0,0,0.000000,0
611351,1787885004.0,6.0,0,0,0,0.000000,0
611352,1787885010.0,6.0,0,0,0,0.000000,0
611353,1787885016.0,6.0,0,0,0,0.000000,0
611354,1787885022.001,6.000999927520752,0,0,0,0.000000,0
611355,1787885028.0,5.999000072479248,0,0,0,0.000000,0
611356,1787885034.0,6.0,0,0,0,0.000000,0
611357,1787885040.0,6.0,0,0,0,0.000000,0
611358,1787885046.0,6.0,0,0,0,0.000000,0
611359,1787885052.0,6.0,0,0,0,0.000000,0
611360,1787885058.0,6.0,0,0,0,0.000000,0
611361,1787885064.0,6.0,0,0,0,0.000000,0
611362,1787885070.0,6.0,0,0,0,0.000000,0
611363,1787885076.0,6.0,0,0,0,0.000000,0
611364,1787885082.0,6.0,0,0,0,0.000000,0
611365,1787885088.0,6.0,0,0,0,0.000000,0
611366,1787885094.0,6.0,0,0,0,0.000000,0
611367,1787885100.0,6.0,0,0,0,0.000000,0
611368,1787885106.0,6.0,0,0,0,0.000000,0
611369,1787885112.0,6.0,0,0,0,0.000000,0
611370,1787885118.0,6.0,0,0,0,0.000000,0
611371,1787885124.0,6.0,0,0,0,0.000000,0
611372,1787885130.0,6.0,0,0,0,0.000000,0
611373,1787885136.001,6.000999927520752,0,0,0,0.000000,0
611374,1787885142.0,5.999000072479248,0,0,0,0.000000,0
611375,1787885148.0,6.0,0,0,0,0.000000,0
611376,1787885154.001,6.000999927520752,0,0,0,0.000000,0
611377,1787885160.0,5.999000072479248,0,0,0,0.000000,0
611378,1787885166.0,6.0,0,0,0,0.000000,0
611379,1787885172.001,6.000999927520752,0,0,0,0.000000,0
611380,1787885178.001,6.0,0,0,0,0.000000,0
611381,1787885184.0,5.999000072479248,0,0,0,0.000000,0
611382,1787885190.0,6.0,0,0,0,0.000000,0
611383,1787885196.0,6.0,0,0,0,0.000000,0
611384,1787885202.001,6.000999927520752,0,0,0,0.000000,0
611385,1787885208.0,5.999000072479248,0,0,0,0.000000,0
611386,1787885214.001,6.000999927520752,0,0,0,0.000000,0
611387,1787885220.0,5.999000072479248,0,0,0,0.000000,0
611388,1787885226.0,6.0,0,0,0,0.000000,0
611389,1787885232.0,6.0,0,0,0,0.000000,0
611390,1787885238.0,6.0,0,0,0,0.000000,0
611391,1787885244.0,6.0,0,0,0,0.000000,0
611392,1787885250.0,6.0,0,0,0,0.000000,0
611393,1787885256.0,6.0,0,0,0,0.000000,0
611394,1787885262.0,6.0,0,0,0,0.000000,0
611395,1787885268.001,6.000999927520752,0,0,0,0.000000,0
611396,1787885274.0,5.999000072479248,0,0,0,0.000000,0
611397,1787885280.0,6.0,0,0,0,0.000000,0
611398,1787885286.0,6.0,0,0,0,0.000000,0
611399,1787885292.0,6.0,0,0,0,0.000000,0
611400,1787885298.0,6.0,0,0,0,0.000000,0
611401,1787885304.0,6.0,0,0,0,0.000000,0
611402,1787885310.0,6.0,0,0,0,0.000000,0
611403,1787885316.0,6.0,0,0,0,0.000000,0
611404,1787885322.0,6.0,0,0,0,0.000000,0
611405,1787885328.0,6.0,0,0,0,0.000000,0
611406,1787885334.0,6.0,0,0,0,0.000000,0
611407,1787885340.0,6.0,0,0,0,0.000000,0
611408,1787885346.0,6.0,0,0,0,0.000000,0
611409,1787885352.0,6.0,0,0,0,0.000000,0
611410,1787885358.0,6.0,0,0,0,0.000000,0
611411,1787885364.001,6.000999927520752,0,0,0,0.000000,0
611412,1787885370.0,5.999000072479248,0,0,0,0.000000,0
611413,1787885376.0,6.0,0,0,0,0.000000,0
611414,1787885382.0,6.0,0,0,0,0.000000,0
611415,1787885388.0,6.0,0,0,0,0.000000,0
611416,1787885394.0,6.0,0,0,0,0.000000,0
611417,1787885400.001,6.000999927520752,0,0,0,0.000000,0
611418,1787885406.001,6.0,0,0,0,0.000000,0
611419,1787885412.0,5.999000072479248,0,0,0,0.000000,0
611420,1787885418.0,6.0,0,0,0,0.000000,0
611421,1787885424.0,6.0,0,0,0,0.000000,0
611422,1787885430.0,6.0,0,0,0,0.000000,0
611423,1787885436.0,6.0,0,0,0,0.000000,0
611424,1787885442.0,6.0,0,0,0,0.000000,0
611425,1787885448.0,6.0,0,0,0,0.000000,0
611426,1787885454.0,6.0,0,0,0,0.000000,0
611427,1787885460.0,6.0,0,0,0,0.000000,0
611428,1787885466.0,6.0,0,0,0,0.000000,0
611429,1787885472.0,6.0,0,0,0,0.000000,0
611430,1787885478.0,6.0,0,0,0,0.000000,0
611431,1787885484.0,6.0,0,0,0,0.000000,0
611432,1787885490.0,6.0,0,0,0,0.000000,0
611433,1787885496.0,6.0,0,0,0,0.000000,0
611434,1787885502.0,6.0,0,0,0,0.000000,0
611435,1787885508.0,6.0,0,0,0,0.000000,0
611436,1787885514.0,6.0,0,0,0,0.000000,0
611437,1787885520.0,6.0,0,0,0,0.000000,0
611438,1787885526.0,6.0,0,0,0,0.000000,0
611439,1787885532.0,6.0,0,0,0,0.000000,0
611440,1787885538.0,6.0,0,0,0,0.000000,0
611441,1787885544.0,6.0,0,0,0,0.000000,0
611442,1787885550.0,6.0,0,0,0,0.000000,0
611443,1787885556.0,6.0,0,0,0,0.000000,0
611444,1787885562.0,6.0,0,0,0,0.000000,0
611445,1787885568.0,6.0,0,0,0,0.000000,0
611446,1787885574.0,6.0,0,0,0,0.000000,0
611447,1787885580.0,6.0,0,0,0,0.000000,0
611448,1787885586.0,6.0,0,0,0,0.000000,0
611449,1787885592.001,6.000999927520752,0,0,0,0.000000,0
611450,1787885598.0,5.999000072479248,0,0,0,0.000000,0
611451,1787885604.0,6.0,0,0,0,0.000000,0
611452,1787885610.0,6.0,0,0,0,0.000000,0
611453,1787885616.0,6.0,0,0,0,0.000000,0
611454,1787885622.001,6.000999927520752,0,0,0,0.000000,0
611455,1787885628.0,5.999000072479248,0,0,0,0.000000,0
611456,1787885634.0,6.0,0,0,0,0.000000,0
611457,1787885640.0,6.0,0,0,0,0.000000,0
611458,1787885646.0,6.0,0,0,0,0.000000,0
611459,1787885652.0,6.0,0,0,0,0.000000,0
611460,1787885658.0,6.0,1,1,3820,0.019100,1
611461,1787885664.0,6.0,0,0,0,0.000000,0
611462,1787885670.0,6.0,0,0,0,0.000000,0
611463,1787885676.0,6.0,1,1,3822,0.019110,1
611464,1787885682.0,6.0,0,0,0,0.000000,0
611465,1787885688.0,6.0,0,0,0,0.000000,0
611466,1787885694.0,6.0,0,0,0,0.000000,0
611467,1787885700.0,6.0,0,0,0,0.000000,0
611468,1787885706.0,6.0,0,0,0,0.000000,0
611469,1787885712.0,6.0,0,0,0,0.000000,0
611470,1787885718.0,6.0,0,0,0,0.000000,0
611471,1787885724.0,6.0,0,0,0,0.000000,0
611472,1787885730.0,6.0,0,0,0,0.000000,0
611473,1787885736.0,6.0,0,0,0,0.000000,0
611474,1787885742.0,6.0,0,0,0,0.000000,0
611475,1787885748.0,6.0,0,0,0,0.000000,0
611476,1787885754.0,6.0,0,0,0,0.000000,0
611477,1787885760.001,6.000999927520752,0,0,0,0.000000,0
611478,1787885766.0,5.999000072479248,0,0,0,0.000000,0
611479,1787885772.0,6.0,0,0,0,0.000000,0
611480,1787885778.0,6.0,0,0,0,0.000000,0
611481,1787885784.0,6.0,0,0,0,0.000000,0
611482,1787885790.0,6.0,0,0,0,0.000000,0
611483,1787885796.0,6.0,0,0,0,0.000000,0
611484,1787885802.0,6.0,0,0,0,0.000000,0
611485,1787885808.0,6.0,0,0,0,0.000000,0
611486,1787885814.0,6.0,0,0,0,0.000000,0
611487,1787885820.0,6.0,0,0,0,0.000000,0
611488,1787885826.0,6.0,0,0,0,0.000000,0
611489,1787885832.0,6.0,0,0,0,0.000000,0
611490,1787885838.0,6.0,0,0,0,0.000000,0
611491,1787885844.001,6.000999927520752,0,0,0,0.000000,0
611492,1787885850.0,5.999000072479248,0,0,0,0.000000,0
611493,1787885856.0,6.0,0,0,0,0.000000,0
611494,1787885862.0,6.0,0,0,0,0.000000,0
611495,1787885868.0,6.0,0,0,0,0.000000,0
611496,1787885874.0,6.0,0,0,0,0.000000,0
611497,1787885880.001,6.000999927520752,0,0,0,0.000000,0
611498,1787885886.0,5.999000072479248,0,0,0,0.000000,0
611499,1787885892.0,6.0,0,0,0,0.000000,0
611500,1787885898.001,6.000999927520752,0,0,0,0.000000,0
611501,1787885904.0,5.999000072479248,0,0,0,0.000000,0
611502,1787885910.0,6.0,0,0,0,0.000000,0
611503,1787885916.0,6.0,0,0,0,0.000000,0
611504,1787885922.001,6.000999927520752,0,0,0,0.000000,0
611505,1787885928.0,5.999000072479248,0,0,0,0.000000,0
611506,1787885934.001,6.000999927520752,0,0,0,0.000000,0
611507,1787885940.0,5.999000072479248,0,0,0,0.000000,0
611508,1787885946.0,6.0,0,0,0,0.000000,0
611509,1787885952.0,6.0,0,0,0,0.000000,0
611510,1787885958.0,6.0,0,0,0,0.000000,0
611511,1787885964.0,6.0,0,0,0,0.000000,0
611512,1787885970.0,6.0,0,0,0,0.000000,0
611513,1787885976.0,6.0,0,0,0,0.000000,0
611514,1787885982.0,6.0,0,0,0,0.000000,0
611515,1787885988.0,6.0,0,0,0,0.000000,0
611516,1787885994.0,6.0,0,0,0,0.000000,0
611517,1787886000.001,6.000999927520752,0,0,0,0.000000,0
611518,1787886006.0,5.999000072479248,0,0,0,0.000000,0
611519,1787886012.0,6.0,0,0,0,0.000000,0
611520,1787886018.0,6.0,0,0,0,0.000000,0
611521,1787886024.0,6.0,0,0,0,0.000000,0
611522,1787886030.0,6.0,0,0,0,0.000000,0
611523,1787886036.0,6.0,0,0,0,0.000000,0
611524,1787886042.0,6.0,0,0,0,0.000000,0
611525,1787886048.0,6.0,0,0,0,0.000000,0
611526,1787886054.001,6.000999927520752,0,0,0,0.000000,0
611527,1787886060.0,5.999000072479248,0,0,0,0.000000,0
611528,1787886066.0,6.0,0,0,0,0.000000,0
611529,1787886072.0,6.0,0,0,0,0.000000,0
611530,1787886078.0,6.0,0,0,0,0.000000,0
611531,1787886084.0,6.0,0,0,0,0.000000,0
611532,1787886090.0,6.0,0,0,0,0.000000,0
611533,1787886096.0,6.0,0,0,0,0.000000,0
611534,1787886102.0,6.0,0,0,0,0.000000,0
611535,1787886108.001,6.000999927520752,0,0,0,0.000000,0
611536,1787886114.0,5.999000072479248,0,0,0,0.000000,0
611537,1787886120.001,6.000999927520752,0,0,0,0.000000,0
611538,1787886126.0,5.999000072479248,0,0,0,0.000000,0
611539,1787886132.0,6.0,0,0,0,0.000000,0
611540,1787886138.0,6.0,0,0,0,0.000000,0
611541,1787886144.0,6.0,0,0,0,0.000000,0
611542,1787886150.0,6.0,0,0,0,0.000000,0
611543,1787886156.0,6.0,0,0,0,0.000000,0
611544,1787886162.0,6.0,0,0,0,0.000000,0
611545,1787886168.0,6.0,0,0,0,0.000000,0
611546,1787886174.001,6.000999927520752,0,0,0,0.000000,0
611547,1787886180.0,5.999000072479248,0,0,0,0.000000,0
611548,1787886186.0,6.0,0,0,0,0.000000,0
611549,1787886192.0,6.0,0,0,0,0.000000,0
611550,1787886198.0,6.0,0,0,0,0.000000,0
611551,1787886204.0,6.0,0,0,0,0.000000,0
611552,1787886210.001,6.000999927520752,0,0,0,0.000000,0
611553,1787886216.0,5.999000072479248,0,0,0,0.000000,0
611554,1787886222.001,6.000999927520752,0,0,0,0.000000,0
611555,1787886228.0,5.999000072479248,0,0,0,0.000000,0
611556,1787886234.0,6.0,0,0,0,0.000000,0
611557,1787886240.0,6.0,0,0,0,0.000000,0
611558,1787886246.001,6.000999927520752,0,0,0,0.000000,0
611559,1787886252.0,5.999000072479248,0,0,0,0.000000,0
611560,1787886258.001,6.000999927520752,0,0,0,0.000000,0
611561,1787886264.0,5.999000072479248,0,0,0,0.000000,0
611562,1787886270.0,6.0,0,0,0,0.000000,0
611563,1787886276.0,6.0,0,0,0,0.000000,0
611564,1787886282.0,6.0,0,0,0,0.000000,0
611565,1787886288.0,6.0,0,0,0,0.000000,0
611566,1787886294.0,6.0,0,0,0,0.000000,0
611567,1787886300.0,6.0,0,0,0,0.000000,0
611568,1787886306.0,6.0,0,0,0,0.000000,0
611569,1787886312.001,6.000999927520752,0,0,0,0.000000,0
611570,1787886318.0,5.999000072479248,0,0,0,0.000000,0
611571,1787886324.0,6.0,0,0,0,0.000000,0
611572,1787886330.001,6.000999927520752,0,0,0,0.000000,0
611573,1787886336.0,5.999000072479248,0,0,0,0.000000,0
611574,1787886342.001,6.000999927520752,0,0,0,0.000000,0
611575,1787886348.001,6.0,0,0,0,0.000000,0
611576,1787886354.0,5.999000072479248,0,0,0,0.000000,0
611577,1787886360.0,6.0,0,0,0,0.000000,0
611578,1787886366.0,6.0,0,0,0,0.000000,0
611579,1787886372.0,6.0,0,0,0,0.000000,0
611580,1787886378.001,6.000999927520752,0,0,0,0.000000,0
611581,1787886384.001,6.0,0,0,0,0.000000,0
611582,1787886390.0,5.999000072479248,0,0,0,0.000000,0
611583,1787886396.0,6.0,0,0,0,0.000000,0
611584,1787886402.0,6.0,0,0,0,0.000000,0
611585,1787886408.0,6.0,0,0,0,0.000000,0
611586,1787886414.0,6.0,0,0,0,0.000000,0
611587,1787886420.0,6.0,0,0,0,0.000000,0
611588,1787886426.0,6.0,0,0,0,0.000000,0
611589,1787886432.0,6.0,0,0,0,0.000000,0
611590,1787886438.001,6.000999927520752,0,0,0,0.000000,0
611591,1787886444.0,5.999000072479248,0,0,0,0.000000,0
611592,1787886450.0,6.0,0,0,0,0.000000,0
611593,1787886456.001,6.000999927520752,0,0,0,0.000000,0
611594,1787886462.0,5.999000072479248,0,0,0,0.000000,0
611595,1787886468.0,6.0,0,0,0,0.000000,0
611596,1787886474.0,6.0,1,1,3820,0.019100,1
611597,1787886480.0,6.0,0,0,0,0.000000,0
611598,1787886486.0,6.0,0,0,0,0.000000,0
611599,1787886492.0,6.0,0,0,0,0.000000,0
611600,1787886498.0,6.0,0,0,0,0.000000,0
611601,1787886504.0,6.0,0,0,0,0.000000,0
611602,1787886510.0,6.0,0,0,0,0.000000,0
611603,1787886516.0,6.0,0,0,0,0.000000,0
611604,1787886522.0,6.0,0,0,0,0.000000,0
611605,1787886528.001,6.000999927520752,0,0,0,0.000000,0
611606,1787886534.0,5.999000072479248,0,0,0,0.000000,0
611607,1787886540.0,6.0,1,1,3820,0.019100,1
611608,1787886546.0,6.0,0,0,0,0.000000,0
611609,1787886552.0,6.0,0,0,0,0.000000,0
611610,1787886558.0,6.0,0,0,0,0.000000,0
611611,1787886564.001,6.000999927520752,0,0,0,0.000000,0
611612,1787886570.0,5.999000072479248,0,0,0,0.000000,0
611613,1787886576.0,6.0,0,0,0,0.000000,0
611614,1787886582.0,6.0,0,0,0,0.000000,0
611615,1787886588.0,6.0,0,0,0,0.000000,0
611616,1787886594.0,6.0,0,0,0,0.000000,0
611617,1787886600.0,6.0,0,0,0,0.000000,0
611618,1787886606.001,6.000999927520752,0,0,0,0.000000,0
611619,1787886612.001,6.0,0,0,0,0.000000,0
611620,1787886618.0,5.999000072479248,0,0,0,0.000000,0
611621,1787886624.001,6.000999927520752,0,0,0,0.000000,0
611622,1787886630.0,5.999000072479248,0,0,0,0.000000,0
611623,1787886636.001,6.000999927520752,0,0,0,0.000000,0
611624,1787886642.0,5.999000072479248,0,0,0,0.000000,0
611625,1787886648.0,6.0,0,0,0,0.000000,0
611626,1787886654.0,6.0,0,0,0,0.000000,0
611627,1787886660.001,6.000999927520752,0,0,0,0.000000,0
611628,1787886666.0,5.999000072479248,0,0,0,0.000000,0
611629,1787886672.001,6.000999927520752,0,0,0,0.000000,0
611630,1787886678.001,6.0,0,0,0,0.000000,0
611631,1787886684.0,5.999000072479248,0,0,0,0.000000,0
611632,1787886690.0,6.0,0,0,0,0.000000,0
611633,1787886696.001,6.000999927520752,0,0,0,0.000000,0
611634,1787886702.0,5.999000072479248,0,0,0,0.000000,0
611635,1787886708.001,6.000999927520752,0,0,0,0.000000,0
611636,1787886714.001,6.0,0,0,0,0.000000,0
611637,1787886720.0,5.999000072479248,0,0,0,0.000000,0
611638,1787886726.0,6.0,0,0,0,0.000000,0
611639,1787886732.0,6.0,0,0,0,0.000000,0
611640,1787886738.0,6.0,0,0,0,0.000000,0
611641,1787886744.001,6.000999927520752,0,0,0,0.000000,0
611642,1787886750.0,5.999000072479248,0,0,0,0.000000,0
611643,1787886756.0,6.0,0,0,0,0.000000,0
611644,1787886762.0,6.0,0,0,0,0.000000,0
611645,1787886768.001,6.000999927520752,0,0,0,0.000000,0
611646,1787886774.0,5.999000072479248,0,0,0,0.000000,0
611647,1787886780.001,6.000999927520752,0,0,0,0.000000,0
611648,1787886786.0,5.999000072479248,0,0,0,0.000000,0
611649,1787886792.0,6.0,0,0,0,0.000000,0
611650,1787886798.0,6.0,0,0,0,0.000000,0
611651,1787886804.0,6.0,0,0,0,0.000000,0
611652,1787886810.001,6.000999927520752,0,0,0,0.000000,0
611653,1787886816.0,5.999000072479248,0,0,0,0.000000,0
611654,1787886822.0,6.0,0,0,0,0.000000,0
611655,1787886828.0,6.0,0,0,0,0.000000,0
611656,1787886834.001,6.000999927520752,0,0,0,0.000000,0
611657,1787886840.0,5.999000072479248,0,0,0,0.000000,0
611658,1787886846.0,6.0,0,0,0,0.000000,0
611659,1787886852.0,6.0,0,0,0,0.000000,0
611660,1787886858.0,6.0,0,0,0,0.000000,0
611661,1787886864.0,6.0,0,0,0,0.000000,0
611662,1787886870.001,6.000999927520752,0,0,0,0.000000,0
611663,1787886876.0,5.999000072479248,0,0,0,0.000000,0
611664,1787886882.0,6.0,0,0,0,0.000000,0
611665,1787886888.0,6.0,0,0,0,0.000000,0
611666,1787886894.0,6.0,0,0,0,0.000000,0
611667,1787886900.0,6.0,0,0,0,0.000000,0
611668,1787886906.001,6.000999927520752,0,0,0,0.000000,0
611669,1787886912.0,5.999000072479248,0,0,0,0.000000,0
611670,1787886918.0,6.0,0,0,0,0.000000,0
611671,1787886924.0,6.0,0,0,0,0.000000,0
611672,1787886930.0,6.0,0,0,0,0.000000,0
611673,1787886936.0,6.0,0,0,0,0.000000,0
611674,1787886942.0,6.0,0,0,0,0.000000,0
611675,1787886948.0,6.0,0,0,0,0.000000,0
611676,1787886954.0,6.0,0,0,0,0.000000,0
611677,1787886960.0,6.0,0,0,0,0.000000,0
611678,1787886966.0,6.0,0,0,0,0.000000,0
611679,1787886972.0,6.0,0,0,0,0.000000,0
611680,1787886978.001,6.000999927520752,0,0,0,0.000000,0
611681,1787886984.0,5.999000072479248,0,0,0,0.000000,0
611682,1787886990.0,6.0,0,0,0,0.000000,0
611683,1787886996.0,6.0,0,0,0,0.000000,0
611684,1787887002.0,6.0,0,0,0,0.000000,0
611685,1787887008.0,6.0,0,0,0,0.000000,0
611686,1787887014.0,6.0,0,0,0,0.000000,0
611687,1787887020.0,6.0,0,0,0,0.000000,0
611688,1787887026.0,6.0,0,0,0,0.000000,0
611689,1787887032.0,6.0,0,0,0,0.000000,0
611690,1787887038.0,6.0,0,0,0,0.000000,0
611691,1787887044.0,6.0,0,0,0,0.000000,0
611692,1787887050.0,6.0,0,0,0,0.000000,0
611693,1787887056.0,6.0,0,0,0,0.000000,0
611694,1787887062.0,6.0,0,0,0,0.000000,0
611695,1787887068.0,6.0,0,0,0,0.000000,0
611696,1787887074.0,6.0,0,0,0,0.000000,0
611697,1787887080.0,6.0,0,0,0,0.000000,0
611698,1787887086.0,6.0,0,0,0,0.000000,0
611699,1787887092.0,6.0,0,0,0,0.000000,0
611700,1787887098.0,6.0,0,0,0,0.000000,0
611701,1787887104.001,6.000999927520752,0,0,0,0.000000,0
611702,1787887110.0,5.999000072479248,0,0,0,0.000000,0
611703,1787887116.0,6.0,0,0,0,0.000000,0
611704,1787887122.0,6.0,0,0,0,0.000000,0
611705,1787887128.0,6.0,0,0,0,0.000000,0
611706,1787887134.0,6.0,0,0,0,0.000000,0
611707,1787887140.0,6.0,0,0,0,0.000000,0
611708,1787887146.001,6.000999927520752,0,0,0,0.000000,0
611709,1787887152.001,6.0,0,0,0,0.000000,0
611710,1787887158.0,5.999000072479248,0,0,0,0.000000,0
611711,1787887164.0,6.0,0,0,0,0.000000,0
611712,1787887170.0,6.0,0,0,0,0.000000,0
611713,1787887176.001,6.000999927520752,0,0,0,0.000000,0
611714,1787887182.001,6.0,0,0,0,0.000000,0
611715,1787887188.0,5.999000072479248,0,0,0,0.000000,0
611716,1787887194.0,6.0,0,0,0,0.000000,0
611717,1787887200.0,6.0,0,0,0,0.000000,0
611718,1787887206.0,6.0,0,0,0,0.000000,0
611719,1787887212.0,6.0,0,0,0,0.000000,0
611720,1787887218.001,6.000999927520752,0,0,0,0.000000,0
611721,1787887224.0,5.999000072479248,0,0,0,0.000000,0
611722,1787887230.0,6.0,0,0,0,0.000000,0
611723,1787887236.0,6.0,0,0,0,0.000000,0
611724,1787887242.0,6.0,0,0,0,0.000000,0
611725,1787887248.001,6.000999927520752,0,0,0,0.000000,0
611726,1787887254.0,5.999000072479248,0,0,0,0.000000,0
611727,1787887260.0,6.0,0,0,0,0.000000,0
611728,1787887266.0,6.0,0,0,0,0.000000,0
611729,1787887272.0,6.0,0,0,0,0.000000,0
611730,1787887278.0,6.0,0,0,0,0.000000,0
611731,1787887284.0,6.0,0,0,0,0.000000,0
611732,1787887290.0,6.0,0,0,0,0.000000,0
611733,1787887296.0,6.0,0,0,0,0.000000,0
611734,1787887302.0,6.0,0,0,0,0.000000,0
611735,1787887308.0,6.0,0,0,0,0.000000,0
611736,1787887314.0,6.0,0,0,0,0.000000,0
611737,1787887320.001,6.000999927520752,0,0,0,0.000000,0
611738,1787887326.0,5.999000072479248,0,0,0,0.000000,0
611739,1787887332.001,6.000999927520752,0,0,0,0.000000,0
611740,1787887338.0,5.999000072479248,0,0,0,0.000000,0
611741,1787887344.0,6.0,0,0,0,0.000000,0
611742,1787887350.0,6.0,0,0,0,0.000000,0
611743,1787887356.0,6.0,0,0,0,0.000000,0
611744,1787887362.001,6.000999927520752,0,0,0,0.000000,0
611745,1787887368.001,6.0,0,0,0,0.000000,0
611746,1787887374.0,5.999000072479248,0,0,0,0.000000,0
611747,1787887380.0,6.0,0,0,0,0.000000,0
611748,1787887386.0,6.0,0,0,0,0.000000,0
611749,1787887392.001,6.000999927520752,0,0,0,0.000000,0
611750,1787887398.0,5.999000072479248,0,0,0,0.000000,0
611751,1787887404.0,6.0,0,0,0,0.000000,0
611752,1787887410.0,6.0,0,0,0,0.000000,0
611753,1787887416.001,6.000999927520752,0,0,0,0.000000,0
611754,1787887422.0,5.999000072479248,0,0,0,0.000000,0
611755,1787887428.001,6.000999927520752,0,0,0,0.000000,0
611756,1787887434.001,6.0,0,0,0,0.000000,0
611757,1787887440.001,6.0,0,0,0,0.000000,0
611758,1787887446.0,5.999000072479248,0,0,0,0.000000,0
611759,1787887452.001,6.000999927520752,0,0,0,0.000000,0
611760,1787887458.0,5.999000072479248,0,0,0,0.000000,0
611761,1787887464.0,6.0,0,0,0,0.000000,0
611762,1787887470.0,6.0,0,0,0,0.000000,0
611763,1787887476.0,6.0,0,0,0,0.000000,0
611764,1787887482.0,6.0,0,0,0,0.000000,0
611765,1787887488.0,6.0,0,0,0,0.000000,0
611766,1787887494.0,6.0,0,0,0,0.000000,0
611767,1787887500.001,6.000999927520752,0,0,0,0.000000,0
611768,1787887506.0,5.999000072479248,0,0,0,0.000000,0
611769,1787887512.001,6.000999927520752,0,0,0,0.000000,0
611770,1787887518.0,5.999000072479248,0,0,0,0.000000,0
611771,1787887524.0,6.0,0,0,0,0.000000,0
611772,1787887530.0,6.0,0,0,0,0.000000,0
611773,1787887536.001,6.000999927520752,0,0,0,0.000000,0
611774,1787887542.0,5.999000072479248,0,0,0,0.000000,0
611775,1787887548.001,6.000999927520752,0,0,0,0.000000,0
611776,1787887554.0,5.999000072479248,0,0,0,0.000000,0
611777,1787887560.0,6.0,0,0,0,0.000000,0
611778,1787887566.0,6.0,0,0,0,0.000000,0
611779,1787887572.001,6.000999927520752,0,0,0,0.000000,0
611780,1787887578.0,5.999000072479248,0,0,0,0.000000,0
611781,1787887584.0,6.0,0,0,0,0.000000,0
611782,1787887590.0,6.0,0,0,0,0.000000,0
611783,1787887596.0,6.0,0,0,0,0.000000,0
611784,1787887602.001,6.000999927520752,0,0,0,0.000000,0
611785,1787887608.001,6.0,0,0,0,0.000000,0
611786,1787887614.001,6.0,0,0,0,0.000000,0
611787,1787887620.0,5.999000072479248,0,0,0,0.000000,0
611788,1787887626.0,6.0,0,0,0,0.000000,0
611789,1787887632.0,6.0,0,0,0,0.000000,0
611790,1787887638.0,6.0,0,0,0,0.000000,0
611791,1787887644.0,6.0,0,0,0,0.000000,0
611792,1787887650.0,6.0,0,0,0,0.000000,0
611793,1787887656.0,6.0,0,0,0,0.000000,0
611794,1787887662.001,6.000999927520752,0,0,0,0.000000,0
611795,1787887668.0,5.999000072479248,0,0,0,0.000000,0
611796,1787887674.0,6.0,0,0,0,0.000000,0
611797,1787887680.0,6.0,0,0,0,0.000000,0
611798,1787887686.0,6.0,0,0,0,0.000000,0
611799,1787887692.0,6.0,0,0,0,0.000000,0
611800,1787887698.0,6.0,0,0,0,0.000000,0
611801,1787887704.0,6.0,0,0,0,0.000000,0
611802,1787887710.0,6.0,0,0,0,0.000000,0
611803,1787887716.001,6.000999927520752,0,0,0,0.000000,0
611804,1787887722.0,5.999000072479248,0,0,0,0.000000,0
611805,1787887728.0,6.0,0,0,0,0.000000,0
611806,1787887734.0,6.0,0,0,0,0.000000,0
611807,1787887740.0,6.0,0,0,0,0.000000,0
611808,1787887746.0,6.0,0,0,0,0.000000,0
611809,1787887752.0,6.0,0,0,0,0.000000,0
611810,1787887758.0,6.0,0,0,0,0.000000,0
611811,1787887764.0,6.0,0,0,0,0.000000,0
611812,1787887770.0,6.0,0,0,0,0.000000,0
611813,1787887776.0,6.0,0,0,0,0.000000,0
611814,1787887782.0,6.0,0,0,0,0.000000,0
611815,1787887788.0,6.0,0,0,0,0.000000,0
611816,1787887794.0,6.0,0,0,0,0.000000,0
611817,1787887800.001,6.000999927520752,0,0,0,0.000000,0
611818,1787887806.0,5.999000072479248,0,0,0,0.000000,0
611819,1787887812.0,6.0,0,0,0,0.000000,0
611820,1787887818.0,6.0,0,0,0,0.000000,0
611821,1787887824.0,6.0,0,0,0,0.000000,0
611822,1787887830.0,6.0,0,0,0,0.000000,0
611823,1787887836.001,6.000999927520752,0,0,0,0.000000,0
611824,1787887842.001,6.0,0,0,0,0.000000,0
611825,1787887848.0,5.999000072479248,0,0,0,0.000000,0
611826,1787887854.0,6.0,0,0,0,0.000000,0
611827,1787887860.0,6.0,0,0,0,0.000000,0
611828,1787887866.0,6.0,0,0,0,0.000000,0
611829,1787887872.001,6.000999927520752,0,0,0,0.000000,0
611830,1787887878.0,5.999000072479248,0,0,0,0.000000,0
611831,1787887884.0,6.0,0,0,0,0.000000,0
611832,1787887890.0,6.0,0,0,0,0.000000,0
611833,1787887896.001,6.000999927520752,0,0,0,0.000000,0
611834,1787887902.0,5.999000072479248,0,0,0,0.000000,0
611835,1787887908.0,6.0,0,0,0,0.000000,0
611836,1787887914.0,6.0,0,0,0,0.000000,0
611837,1787887920.001,6.000999927520752,0,0,0,0.000000,0
611838,1787887926.0,5.999000072479248,0,0,0,0.000000,0
611839,1787887932.0,6.0,0,0,0,0.000000,0
611840,1787887938.001,6.000999927520752,0,0,0,0.000000,0
611841,1787887944.0,5.999000072479248,0,0,0,0.000000,0
611842,1787887950.0,6.0,0,0,0,0.000000,0
611843,1787887956.001,6.000999927520752,0,0,0,0.000000,0
611844,1787887962.0,5.999000072479248,0,0,0,0.000000,0
611845,1787887968.0,6.0,0,0,0,0.000000,0
611846,1787887974.001,6.000999927520752,0,0,0,0.000000,0
611847,1787887980.0,5.999000072479248,0,0,0,0.000000,0
611848,1787887986.0,6.0,0,0,0,0.000000,0
611849,1787887992.0,6.0,0,0,0,0.000000,0
611850,1787887998.001,6.000999927520752,0,0,0,0.000000,0
611851,1787888004.0,5.999000072479248,0,0,0,0.000000,0
611852,1787888010.0,6.0,0,0,0,0.000000,0
611853,1787888016.001,6.000999927520752,0,0,0,0.000000,0
611854,1787888022.0,5.999000072479248,0,0,0,0.000000,0
611855,1787888028.0,6.0,0,0,0,0.000000,0
611856,1787888034.0,6.0,0,0,0,0.000000,0
611857,1787888040.0,6.0,0,0,0,0.000000,0
611858,1787888046.0,6.0,0,0,0,0.000000,0
611859,1787888052.0,6.0,0,0,0,0.000000,0
611860,1787888058.001,6.000999927520752,0,0,0,0.000000,0
611861,1787888064.0,5.999000072479248,0,0,0,0.000000,0
611862,1787888070.0,6.0,0,0,0,0.000000,0
611863,1787888076.001,6.000999927520752,0,0,0,0.000000,0
611864,1787888082.0,5.999000072479248,0,0,0,0.000000,0
611865,1787888088.0,6.0,0,0,0,0.000000,0
611866,1787888094.0,6.0,0,0,0,0.000000,0
611867,1787888100.0,6.0,0,0,0,0.000000,0
611868,1787888106.001,6.000999927520752,0,0,0,0.000000,0
611869,1787888112.001,6.0,0,0,0,0.000000,0
611870,1787888118.0,5.999000072479248,0,0,0,0.000000,0
611871,1787888124.0,6.0,0,0,0,0.000000,0
611872,1787888130.0,6.0,0,0,0,0.000000,0
611873,1787888136.0,6.0,0,0,0,0.000000,0
611874,1787888142.0,6.0,0,0,0,0.000000,0
611875,1787888148.0,6.0,0,0,0,0.000000,0
611876,1787888154.0,6.0,0,0,0,0.000000,0
611877,1787888160.0,6.0,0,0,0,0.000000,0
611878,1787888166.0,6.0,0,0,0,0.000000,0
611879,1787888172.0,6.0,0,0,0,0.000000,0
611880,1787888178.001,6.000999927520752,0,0,0,0.000000,0
611881,1787888184.0,5.999000072479248,0,0,0,0.000000,0
611882,1787888190.0,6.0,0,0,0,0.000000,0
611883,1787888196.001,6.000999927520752,0,0,0,0.000000,0
611884,1787888202.0,5.999000072479248,0,0,0,0.000000,0
611885,1787888208.0,6.0,0,0,0,0.000000,0
611886,1787888214.0,6.0,0,0,0,0.000000,0
611887,1787888220.0,6.0,0,0,0,0.000000,0
611888,1787888226.0,6.0,0,0,0,0.000000,0
611889,1787888232.001,6.000999927520752,0,0,0,0.000000,0
611890,1787888238.0,5.999000072479248,0,0,0,0.000000,0
611891,1787888244.0,6.0,0,0,0,0.000000,0
611892,1787888250.0,6.0,0,0,0,0.000000,0
611893,1787888256.0,6.0,0,0,0,0.000000,0
611894,1787888262.0,6.0,0,0,0,0.000000,0
611895,1787888268.001,6.000999927520752,0,0,0,0.000000,0
611896,1787888274.0,5.999000072479248,0,0,0,0.000000,0
611897,1787888280.0,6.0,0,0,0,0.000000,0
611898,1787888286.0,6.0,0,0,0,0.000000,0
611899,1787888292.0,6.0,0,0,0,0.000000,0
611900,1787888298.001,6.000999927520752,0,0,0,0.000000,0
611901,1787888304.0,5.999000072479248,0,0,0,0.000000,0
611902,1787888310.0,6.0,0,0,0,0.000000,0
611903,1787888316.0,6.0,0,0,0,0.000000,0
611904,1787888322.008,6.007999897003174,0,0,0,0.000000,0
611905,1787888328.001,5.993000030517578,0,0,0,0.000000,0
611906,1787888334.0,5.999000072479248,0,0,0,0.000000,0
611907,1787888340.0,6.0,0,0,0,0.000000,0
611908,1787888346.0,6.0,0,0,0,0.000000,0
611909,1787888352.0,6.0,0,0,0,0.000000,0
611910,1787888358.0,6.0,0,0,0,0.000000,0
611911,1787888364.001,6.000999927520752,0,0,0,0.000000,0
611912,1787888370.0,5.999000072479248,0,0,0,0.000000,0
611913,1787888376.0,6.0,0,0,0,0.000000,0
611914,1787888382.0,6.0,0,0,0,0.000000,0
611915,1787888388.0,6.0,0,0,0,0.000000,0
611916,1787888394.0,6.0,0,0,0,0.000000,0
611917,1787888400.001,6.000999927520752,0,0,0,0.000000,0
611918,1787888406.0,5.999000072479248,0,0,0,0.000000,0
611919,1787888412.0,6.0,0,0,0,0.000000,0
611920,1787888418.0,6.0,0,0,0,0.000000,0
611921,1787888424.0,6.0,0,0,0,0.000000,0
611922,1787888430.0,6.0,0,0,0,0.000000,0
611923,1787888436.001,6.000999927520752,0,0,0,0.000000,0
611924,1787888442.0,5.999000072479248,0,0,0,0.000000,0
611925,1787888448.0,6.0,0,0,0,0.000000,0
611926,1787888454.0,6.0,0,0,0,0.000000,0
611927,1787888460.001,6.000999927520752,0,0,0,0.000000,0
611928,1787888466.001,6.0,0,0,0,0.000000,0
611929,1787888472.0,5.999000072479248,0,0,0,0.000000,0
611930,1787888478.0,6.0,0,0,0,0.000000,0
611931,1787888484.0,6.0,0,0,0,0.000000,0
611932,1787888490.0,6.0,0,0,0,0.000000,0
611933,1787888496.0,6.0,0,0,0,0.000000,0
611934,1787888502.0,6.0,0,0,0,0.000000,0
611935,1787888508.0,6.0,0,0,0,0.000000,0
611936,1787888514.0,6.0,0,0,0,0.000000,0
611937,1787888520.0,6.0,0,0,0,0.000000,0
611938,1787888526.0,6.0,0,0,0,0.000000,0
611939,1787888532.0,6.0,0,0,0,0.000000,0
611940,1787888538.001,6.000999927520752,0,0,0,0.000000,0
611941,1787888544.0,5.999000072479248,0,0,0,0.000000,0
611942,1787888550.0,6.0,0,0,0,0.000000,0
611943,1787888556.0,6.0,0,0,0,0.000000,0
611944,1787888562.0,6.0,0,0,0,0.000000,0
611945,1787888568.0,6.0,0,0,0,0.000000,0
611946,1787888574.001,6.000999927520752,0,0,0,0.000000,0
611947,1787888580.0,5.999000072479248,0,0,0,0.000000,0
611948,1787888586.0,6.0,0,0,0,0.000000,0
611949,1787888592.0,6.0,0,0,0,0.000000,0
611950,1787888598.0,6.0,0,0,0,0.000000,0
611951,1787888604.0,6.0,0,0,0,0.000000,0
611952,1787888610.001,6.000999927520752,0,0,0,0.000000,0
611953,1787888616.0,5.999000072479248,0,0,0,0.000000,0
611954,1787888622.0,6.0,0,0,0,0.000000,0
611955,1787888628.001,6.000999927520752,0,0,0,0.000000,0
611956,1787888634.0,5.999000072479248,0,0,0,0.000000,0
611957,1787888640.0,6.0,0,0,0,0.000000,0
611958,1787888646.001,6.000999927520752,0,0,0,0.000000,0
611959,1787888652.001,6.0,0,0,0,0.000000,0
611960,1787888658.0,5.999000072479248,0,0,0,0.000000,0
611961,1787888664.001,6.000999927520752,0,0,0,0.000000,0
611962,1787888670.0,5.999000072479248,0,0,0,0.000000,0
611963,1787888676.0,6.0,0,0,0,0.000000,0
611964,1787888682.001,6.000999927520752,0,0,0,0.000000,0
611965,1787888688.0,5.999000072479248,0,0,0,0.000000,0
611966,1787888694.001,6.000999927520752,0,0,0,0.000000,0
611967,1787888700.001,6.0,0,0,0,0.000000,0
611968,1787888706.0,5.999000072479248,0,0,0,0.000000,0
611969,1787888712.0,6.0,0,0,0,0.000000,0
611970,1787888718.0,6.0,0,0,0,0.000000,0
611971,1787888724.0,6.0,0,0,0,0.000000,0
611972,1787888730.0,6.0,0,0,0,0.000000,0
611973,1787888736.001,6.000999927520752,0,0,0,0.000000,0
611974,1787888742.0,5.999000072479248,0,0,0,0.000000,0
611975,1787888748.001,6.000999927520752,0,0,0,0.000000,0
611976,1787888754.001,6.0,0,0,0,0.000000,0
611977,1787888760.0,5.999000072479248,0,0,0,0.000000,0
611978,1787888766.0,6.0,0,0,0,0.000000,0
611979,1787888772.0,6.0,0,0,0,0.000000,0
611980,1787888778.0,6.0,0,0,0,0.000000,0
611981,1787888784.0,6.0,0,0,0,0.000000,0
611982,1787888790.0,6.0,0,0,0,0.000000,0
611983,1787888796.001,6.000999927520752,0,0,0,0.000000,0
611984,1787888802.0,5.999000072479248,0,0,0,0.000000,0
611985,1787888808.0,6.0,0,0,0,0.000000,0
611986,1787888814.0,6.0,0,0,0,0.000000,0
611987,1787888820.0,6.0,0,0,0,0.000000,0
611988,1787888826.0,6.0,0,0,0,0.000000,0
611989,1787888832.001,6.000999927520752,0,0,0,0.000000,0
611990,1787888838.0,5.999000072479248,0,0,0,0.000000,0
611991,1787888844.0,6.0,0,0,0,0.000000,0
611992,1787888850.0,6.0,0,0,0,0.000000,0
611993,1787888856.0,6.0,0,0,0,0.000000,0
611994,1787888862.0,6.0,0,0,0,0.000000,0
611995,1787888868.0,6.0,0,0,0,0.000000,0
611996,1787888874.001,6.000999927520752,0,0,0,0.000000,0
611997,1787888880.0,5.999000072479248,0,0,0,0.000000,0
611998,1787888886.001,6.000999927520752,0,0,0,0.000000,0
611999,1787888892.0,5.999000072479248,0,0,0,0.000000,0
612000,1787888898.0,6.0,0,0,0,0.000000,0
612001,1787888904.0,6.0,0,0,0,0.000000,0
612002,1787888910.001,6.000999927520752,0,0,0,0.000000,0
612003,1787888916.0,5.999000072479248,0,0,0,0.000000,0
612004,1787888922.0,6.0,0,0,0,0.000000,0
612005,1787888928.0,6.0,0,0,0,0.000000,0
612006,1787888934.0,6.0,0,0,0,0.000000,0
612007,1787888940.0,6.0,0,0,0,0.000000,0
612008,1787888946.0,6.0,0,0,0,0.000000,0
612009,1787888952.0,6.0,0,0,0,0.000000,0
612010,1787888958.0,6.0,0,0,0,0.000000,0
612011,1787888964.0,6.0,0,0,0,0.000000,0
612012,1787888970.0,6.0,0,0,0,0.000000,0
612013,1787888976.001,6.000999927520752,0,0,0,0.000000,0
612014,1787888982.001,6.0,0,0,0,0.000000,0
612015,1787888988.0,5.999000072479248,0,0,0,0.000000,0
612016,1787888994.0,6.0,0,0,0,0.000000,0
612017,1787889000.0,6.0,0,0,0,0.000000,0
612018,1787889006.0,6.0,0,0,0,0.000000,0
612019,1787889012.001,6.000999927520752,0,0,0,0.000000,0
612020,1787889018.001,6.0,0,0,0,0.000000,0
612021,1787889024.0,5.999000072479248,0,0,0,0.000000,0
612022,1787889030.0,6.0,0,0,0,0.000000,0
612023,1787889036.0,6.0,0,0,0,0.000000,0
612024,1787889042.0,6.0,0,0,0,0.000000,0
612025,1787889048.0,6.0,0,0,0,0.000000,0
612026,1787889054.0,6.0,0,0,0,0.000000,0
612027,1787889060.0,6.0,0,0,0,0.000000,0
612028,1787889066.0,6.0,0,0,0,0.000000,0
612029,1787889072.0,6.0,0,0,0,0.000000,0
612030,1787889078.0,6.0,0,0,0,0.000000,0
612031,1787889084.0,6.0,0,0,0,0.000000,0
612032,1787889090.0,6.0,0,0,0,0.000000,0
612033,1787889096.0,6.0,0,0,0,0.000000,0
612034,1787889102.001,6.000999927520752,0,0,0,0.000000,0
612035,1787889108.0,5.999000072479248,0,0,0,0.000000,0
612036,1787889114.001,6.000999927520752,0,0,0,0.000000,0
612037,1787889120.0,5.999000072479248,0,0,0,0.000000,0
612038,1787889126.0,6.0,0,0,0,0.000000,0
612039,1787889132.0,6.0,0,0,0,0.000000,0
612040,1787889138.0,6.0,0,0,0,0.000000,0
612041,1787889144.001,6.000999927520752,0,0,0,0.000000,0
612042,1787889150.001,6.0,0,0,0,0.000000,0
612043,1787889156.0,5.999000072479248,0,0,0,0.000000,0
612044,1787889162.0,6.0,0,0,0,0.000000,0
612045,1787889168.0,6.0,0,0,0,0.000000,0
612046,1787889174.001,6.000999927520752,0,0,0,0.000000,0
612047,1787889180.0,5.999000072479248,0,0,0,0.000000,0
612048,1787889186.0,6.0,0,0,0,0.000000,0
612049,1787889192.0,6.0,0,0,0,0.000000,0
612050,1787889198.0,6.0,0,0,0,0.000000,0
612051,1787889204.0,6.0,0,0,0,0.000000,0
612052,1787889210.001,6.000999927520752,0,0,0,0.000000,0
612053,1787889216.0,5.999000072479248,0,0,0,0.000000,0
612054,1787889222.0,6.0,0,0,0,0.000000,0
612055,1787889228.0,6.0,0,0,0,0.000000,0
612056,1787889234.0,6.0,0,0,0,0.000000,0
612057,1787889240.0,6.0,0,0,0,0.000000,0
612058,1787889246.0,6.0,0,0,0,0.000000,0
612059,1787889252.0,6.0,0,0,0,0.000000,0
612060,1787889258.0,6.0,0,0,0,0.000000,0
612061,1787889264.0,6.0,0,0,0,0.000000,0
612062,1787889270.0,6.0,0,0,0,0.000000,0
612063,1787889276.0,6.0,0,0,0,0.000000,0
612064,1787889282.0,6.0,0,0,0,0.000000,0
612065,1787889288.0,6.0,0,0,0,0.000000,0
612066,1787889294.0,6.0,0,0,0,0.000000,0
612067,1787889300.0,6.0,0,0,0,0.000000,0
612068,1787889306.0,6.0,0,0,0,0.000000,0
612069,1787889312.0,6.0,0,0,0,0.000000,0
612070,1787889318.001,6.000999927520752,0,0,0,0.000000,0
612071,1787889324.0,5.999000072479248,0,0,0,0.000000,0
612072,1787889330.0,6.0,0,0,0,0.000000,0
612073,1787889336.0,6.0,0,0,0,0.000000,0
612074,1787889342.0,6.0,0,0,0,0.000000,0
612075,1787889348.0,6.0,0,0,0,0.000000,0
612076,1787889354.0,6.0,0,0,0,0.000000,0
612077,1787889360.0,6.0,0,0,0,0.000000,0
612078,1787889366.001,6.000999927520752,0,0,0,0.000000,0
612079,1787889372.0,5.999000072479248,0,0,0,0.000000,0
612080,1787889378.0,6.0,0,0,0,0.000000,0
612081,1787889384.0,6.0,0,0,0,0.000000,0
612082,1787889390.001,6.000999927520752,0,0,0,0.000000,0
612083,1787889396.0,5.999000072479248,0,0,0,0.000000,0
612084,1787889402.0,6.0,0,0,0,0.000000,0
612085,1787889408.0,6.0,0,0,0,0.000000,0
612086,1787889414.0,6.0,0,0,0,0.000000,0
612087,1787889420.0,6.0,0,0,0,0.000000,0
612088,1787889426.001,6.000999927520752,0,0,0,0.000000,0
612089,1787889432.0,5.999000072479248,0,0,0,0.000000,0
612090,1787889438.001,6.000999927520752,0,0,0,0.000000,0
612091,1787889444.0,5.999000072479248,0,0,0,0.000000,0
612092,1787889450.0,6.0,0,0,0,0.000000,0
612093,1787889456.0,6.0,0,0,0,0.000000,0
612094,1787889462.0,6.0,0,0,0,0.000000,0
612095,1787889468.0,6.0,0,0,0,0.000000,0
612096,1787889474.0,6.0,0,0,0,0.000000,0
612097,1787889480.0,6.0,0,0,0,0.000000,0
612098,1787889486.0,6.0,0,0,0,0.000000,0
612099,1787889492.0,6.0,0,0,0,0.000000,0
612100,1787889498.0,6.0,0,0,0,0.000000,0
612101,1787889504.0,6.0,0,0,0,0.000000,0
612102,1787889510.0,6.0,0,0,0,0.000000,0
612103,1787889516.0,6.0,0,0,0,0.000000,0
612104,1787889522.0,6.0,0,0,0,0.000000,0
612105,1787889528.0,6.0,0,0,0,0.000000,0
612106,1787889534.001,6.000999927520752,0,0,0,0.000000,0
612107,1787889540.0,5.999000072479248,0,0,0,0.000000,0
612108,1787889546.0,6.0,0,0,0,0.000000,0
612109,1787889552.0,6.0,0,0,0,0.000000,0
612110,1787889558.0,6.0,0,0,0,0.000000,0
612111,1787889564.0,6.0,0,0,0,0.000000,0
612112,1787889570.0,6.0,0,0,0,0.000000,0
612113,1787889576.001,6.000999927520752,0,0,0,0.000000,0
612114,1787889582.0,5.999000072479248,0,0,0,0.000000,0
612115,1787889588.0,6.0,0,0,0,0.000000,0
612116,1787889594.0,6.0,0,0,0,0.000000,0
612117,1787889600.0,6.0,0,0,0,0.000000,0
612118,1787889606.0,6.0,0,0,0,0.000000,0
612119,1787889612.0,6.0,0,0,0,0.000000,0
612120,1787889618.0,6.0,0,0,0,0.000000,0
612121,1787889624.0,6.0,0,0,0,0.000000,0
612122,1787889630.001,6.000999927520752,0,0,0,0.000000,0
612123,1787889636.0,5.999000072479248,0,0,0,0.000000,0
612124,1787889642.001,6.000999927520752,0,0,0,0.000000,0
612125,1787889648.0,5.999000072479248,0,0,0,0.000000,0
612126,1787889654.0,6.0,0,0,0,0.000000,0
612127,1787889660.0,6.0,0,0,0,0.000000,0
612128,1787889666.001,6.000999927520752,0,0,0,0.000000,0
612129,1787889672.0,5.999000072479248,0,0,0,0.000000,0
612130,1787889678.0,6.0,0,0,0,0.000000,0
612131,1787889684.0,6.0,0,0,0,0.000000,0
612132,1787889690.0,6.0,0,0,0,0.000000,0
612133,1787889696.0,6.0,0,0,0,0.000000,0
612134,1787889702.001,6.000999927520752,0,0,0,0.000000,0
612135,1787889708.001,6.0,0,0,0,0.000000,0
612136,1787889714.0,5.999000072479248,0,0,0,0.000000,0
612137,1787889720.0,6.0,0,0,0,0.000000,0
612138,1787889726.0,6.0,0,0,0,0.000000,0
612139,1787889732.0,6.0,0,0,0,0.000000,0
612140,1787889738.0,6.0,0,0,0,0.000000,0
612141,1787889744.0,6.0,0,0,0,0.000000,0
612142,1787889750.0,6.0,0,0,0,0.000000,0
612143,1787889756.0,6.0,0,0,0,0.000000,0
612144,1787889762.0,6.0,0,0,0,0.000000,0
612145,1787889768.0,6.0,0,0,0,0.000000,0
612146,1787889774.0,6.0,0,0,0,0.000000,0
612147,1787889780.0,6.0,0,0,0,0.000000,0
612148,1787889786.0,6.0,0,0,0,0.000000,0
612149,1787889792.0,6.0,0,0,0,0.000000,0
612150,1787889798.0,6.0,0,0,0,0.000000,0
612151,1787889804.0,6.0,0,0,0,0.000000,0
612152,1787889810.0,6.0,0,0,0,0.000000,0
612153,1787889816.0,6.0,0,0,0,0.000000,0
612154,1787889822.0,6.0,0,0,0,0.000000,0
612155,1787889828.001,6.000999927520752,0,0,0,0.000000,0
612156,1787889834.0,5.999000072479248,0,0,0,0.000000,0
612157,1787889840.0,6.0,0,0,0,0.000000,0
612158,1787889846.0,6.0,0,0,0,0.000000,0
612159,1787889852.001,6.000999927520752,0,0,0,0.000000,0
612160,1787889858.0,5.999000072479248,0,0,0,0.000000,0
612161,1787889864.0,6.0,0,0,0,0.000000,0
612162,1787889870.001,6.000999927520752,0,0,0,0.000000,0
612163,1787889876.0,5.999000072479248,0,0,0,0.000000,0
612164,1787889882.0,6.0,0,0,0,0.000000,0
612165,1787889888.001,6.000999927520752,0,0,0,0.000000,0
612166,1787889894.001,6.0,0,0,0,0.000000,0
612167,1787889900.0,5.999000072479248,0,0,0,0.000000,0
612168,1787889906.0,6.0,0,0,0,0.000000,0
612169,1787889912.0,6.0,0,0,0,0.000000,0
612170,1787889918.0,6.0,0,0,0,0.000000,0
612171,1787889924.0,6.0,0,0,0,0.000000,0
612172,1787889930.0,6.0,0,0,0,0.000000,0
612173,1787889936.0,6.0,0,0,0,0.000000,0
612174,1787889942.0,6.0,0,0,0,0.000000,0
612175,1787889948.001,6.000999927520752,0,0,0,0.000000,0
612176,1787889954.0,5.999000072479248,0,0,0,0.000000,0
612177,1787889960.0,6.0,0,0,0,0.000000,0
612178,1787889966.0,6.0,0,0,0,0.000000,0
612179,1787889972.0,6.0,0,0,0,0.000000,0
612180,1787889978.0,6.0,0,0,0,0.000000,0
612181,1787889984.001,6.000999927520752,0,0,0,0.000000,0
612182,1787889990.0,5.999000072479248,0,0,0,0.000000,0
612183,1787889996.0,6.0,0,0,0,0.000000,0
612184,1787890002.0,6.0,0,0,0,0.000000,0
612185,1787890008.0,6.0,0,0,0,0.000000,0
612186,1787890014.001,6.000999927520752,0,0,0,0.000000,0
612187,1787890020.0,5.999000072479248,0,0,0,0.000000,0
612188,1787890026.0,6.0,0,0,0,0.000000,0
612189,1787890032.0,6.0,0,0,0,0.000000,0
612190,1787890038.0,6.0,0,0,0,0.000000,0
612191,1787890044.0,6.0,0,0,0,0.000000,0
612192,1787890050.0,6.0,0,0,0,0.000000,0
612193,1787890056.0,6.0,0,0,0,0.000000,0
612194,1787890062.0,6.0,0,0,0,0.000000,0
612195,1787890068.0,6.0,0,0,0,0.000000,0
612196,1787890074.0,6.0,0,0,0,0.000000,0
612197,1787890080.0,6.0,0,0,0,0.000000,0
612198,1787890086.0,6.0,0,0,0,0.000000,0
612199,1787890092.0,6.0,0,0,0,0.000000,0
612200,1787890098.0,6.0,0,0,0,0.000000,0
612201,1787890104.001,6.000999927520752,0,0,0,0.000000,0
612202,1787890110.0,5.999000072479248,0,0,0,0.000000,0
612203,1787890116.0,6.0,0,0,0,0.000000,0
612204,1787890122.0,6.0,0,0,0,0.000000,0
612205,1787890128.0,6.0,0,0,0,0.000000,0
612206,1787890134.0,6.0,0,0,0,0.000000,0
612207,1787890140.0,6.0,0,0,0,0.000000,0
612208,1787890146.0,6.0,0,0,0,0.000000,0
612209,1787890152.0,6.0,0,0,0,0.000000,0
612210,1787890158.0,6.0,0,0,0,0.000000,0
612211,1787890164.0,6.0,0,0,0,0.000000,0
612212,1787890170.0,6.0,0,0,0,0.000000,0
612213,1787890176.0,6.0,0,0,0,0.000000,0
612214,1787890182.0,6.0,0,0,0,0.000000,0
612215,1787890188.0,6.0,0,0,0,0.000000,0
612216,1787890194.0,6.0,0,0,0,0.000000,0
612217,1787890200.0,6.0,0,0,0,0.000000,0
612218,1787890206.0,6.0,0,0,0,0.000000,0
612219,1787890212.0,6.0,0,0,0,0.000000,0
612220,1787890218.0,6.0,0,0,0,0.000000,0
612221,1787890224.0,6.0,0,0,0,0.000000,0
612222,1787890230.001,6.000999927520752,0,0,0,0.000000,0
612223,1787890236.0,5.999000072479248,0,0,0,0.000000,0
612224,1787890242.0,6.0,0,0,0,0.000000,0
612225,1787890248.0,6.0,0,0,0,0.000000,0
612226,1787890254.0,6.0,0,0,0,0.000000,0
612227,1787890260.0,6.0,0,0,0,0.000000,0
612228,1787890266.0,6.0,0,0,0,0.000000,0
612229,1787890272.0,6.0,0,0,0,0.000000,0
612230,1787890278.0,6.0,0,0,0,0.000000,0
612231,1787890284.0,6.0,0,0,0,0.000000,0
612232,1787890290.0,6.0,0,0,0,0.000000,0
612233,1787890296.0,6.0,0,0,0,0.000000,0
612234,1787890302.0,6.0,0,0,0,0.000000,0
612235,1787890308.001,6.000999927520752,0,0,0,0.000000,0
612236,1787890314.0,5.999000072479248,0,0,0,0.000000,0
612237,1787890320.0,6.0,0,0,0,0.000000,0
612238,1787890326.0,6.0,0,0,0,0.000000,0
612239,1787890332.0,6.0,0,0,0,0.000000,0
612240,1787890338.0,6.0,0,0,0,0.000000,0
612241,1787890344.001,6.000999927520752,0,0,0,0.000000,0
612242,1787890350.0,5.999000072479248,0,0,0,0.000000,0
612243,1787890356.0,6.0,0,0,0,0.000000,0
612244,1787890362.0,6.0,0,0,0,0.000000,0
612245,1787890368.0,6.0,0,0,0,0.000000,0
612246,1787890374.0,6.0,0,0,0,0.000000,0
612247,1787890380.0,6.0,0,0,0,0.000000,0
612248,1787890386.0,6.0,0,0,0,0.000000,0
612249,1787890392.0,6.0,0,0,0,0.000000,0
612250,1787890398.0,6.0,0,0,0,0.000000,0
612251,1787890404.001,6.000999927520752,0,0,0,0.000000,0
612252,1787890410.0,5.999000072479248,0,0,0,0.000000,0
612253,1787890416.0,6.0,0,0,0,0.000000,0
612254,1787890422.0,6.0,0,0,0,0.000000,0
612255,1787890428.0,6.0,0,0,0,0.000000,0
612256,1787890434.0,6.0,0,0,0,0.000000,0
612257,1787890440.0,6.0,0,0,0,0.000000,0
612258,1787890446.0,6.0,0,0,0,0.000000,0
612259,1787890452.001,6.000999927520752,0,0,0,0.000000,0
612260,1787890458.0,5.999000072479248,0,0,0,0.000000,0
612261,1787890464.0,6.0,0,0,0,0.000000,0
612262,1787890470.0,6.0,0,0,0,0.000000,0
612263,1787890476.0,6.0,0,0,0,0.000000,0
612264,1787890482.001,6.000999927520752,0,0,0,0.000000,0
612265,1787890488.001,6.0,0,0,0,0.000000,0
612266,1787890494.0,5.999000072479248,0,0,0,0.000000,0
612267,1787890500.0,6.0,0,0,0,0.000000,0
612268,1787890506.0,6.0,0,0,0,0.000000,0
612269,1787890512.0,6.0,0,0,0,0.000000,0
612270,1787890518.001,6.000999927520752,0,0,0,0.000000,0
612271,1787890524.001,6.0,0,0,0,0.000000,0
612272,1787890530.0,5.999000072479248,0,0,0,0.000000,0
612273,1787890536.001,6.000999927520752,0,0,0,0.000000,0
612274,1787890542.0,5.999000072479248,0,0,0,0.000000,0
612275,1787890548.0,6.0,0,0,0,0.000000,0
612276,1787890554.0,6.0,0,0,0,0.000000,0
612277,1787890560.0,6.0,0,0,0,0.000000,0
612278,1787890566.0,6.0,0,0,0,0.000000,0
612279,1787890572.0,6.0,0,0,0,0.000000,0
612280,1787890578.0,6.0,0,0,0,0.000000,0
612281,1787890584.0,6.0,0,0,0,0.000000,0
612282,1787890590.0,6.0,0,0,0,0.000000,0
612283,1787890596.001,6.000999927520752,0,0,0,0.000000,0
612284,1787890602.0,5.999000072479248,0,0,0,0.000000,0
612285,1787890608.0,6.0,0,0,0,0.000000,0
612286,1787890614.0,6.0,0,0,0,0.000000,0
612287,1787890620.0,6.0,0,0,0,0.000000,0
612288,1787890626.0,6.0,0,0,0,0.000000,0
612289,1787890632.001,6.000999927520752,0,0,0,0.000000,0
612290,1787890638.0,5.999000072479248,0,0,0,0.000000,0
612291,1787890644.0,6.0,0,0,0,0.000000,0
612292,1787890650.0,6.0,0,0,0,0.000000,0
612293,1787890656.0,6.0,0,0,0,0.000000,0
612294,1787890662.0,6.0,0,0,0,0.000000,0
612295,1787890668.0,6.0,0,0,0,0.000000,0
612296,1787890674.0,6.0,0,0,0,0.000000,0
612297,1787890680.0,6.0,0,0,0,0.000000,0
612298,1787890686.0,6.0,0,0,0,0.000000,0
612299,1787890692.0,6.0,0,0,0,0.000000,0
612300,1787890698.0,6.0,0,0,0,0.000000,0
612301,1787890704.0,6.0,0,0,0,0.000000,0
612302,1787890710.0,6.0,0,0,0,0.000000,0
612303,1787890716.0,6.0,0,0,0,0.000000,0
612304,1787890722.0,6.0,0,0,0,0.000000,0
612305,1787890728.0,6.0,0,0,0,0.000000,0
612306,1787890734.001,6.000999927520752,0,0,0,0.000000,0
612307,1787890740.0,5.999000072479248,0,0,0,0.000000,0
612308,1787890746.0,6.0,0,0,0,0.000000,0
612309,1787890752.0,6.0,0,0,0,0.000000,0
612310,1787890758.0,6.0,0,0,0,0.000000,0
612311,1787890764.0,6.0,0,0,0,0.000000,0
612312,1787890770.0,6.0,0,0,0,0.000000,0
612313,1787890776.0,6.0,0,0,0,0.000000,0
612314,1787890782.0,6.0,0,0,0,0.000000,0
612315,1787890788.0,6.0,0,0,0,0.000000,0
612316,1787890794.001,6.000999927520752,0,0,0,0.000000,0
612317,1787890800.0,5.999000072479248,0,0,0,0.000000,0
612318,1787890806.0,6.0,0,0,0,0.000000,0
612319,1787890812.0,6.0,0,0,0,0.000000,0
612320,1787890818.0,6.0,0,0,0,0.000000,0
612321,1787890824.001,6.000999927520752,0,0,0,0.000000,0
612322,1787890830.0,5.999000072479248,0,0,0,0.000000,0
612323,1787890836.0,6.0,0,0,0,0.000000,0
612324,1787890842.002,6.002000093460083,0,0,0,0.000000,0
612325,1787890848.0,5.997999906539917,0,0,0,0.000000,0
612326,1787890854.0,6.0,0,0,0,0.000000,0
612327,1787890860.0,6.0,0,0,0,0.000000,0
612328,1787890866.001,6.000999927520752,0,0,0,0.000000,0
612329,1787890872.001,6.0,0,0,0,0.000000,0
612330,1787890878.001,6.0,0,0,0,0.000000,0
612331,1787890884.0,5.999000072479248,0,0,0,0.000000,0
612332,1787890890.0,6.0,0,0,0,0.000000,0
612333,1787890896.001,6.000999927520752,0,0,0,0.000000,0
612334,1787890902.001,6.0,0,0,0,0.000000,0
612335,1787890908.0,5.999000072479248,0,0,0,0.000000,0
612336,1787890914.001,6.000999927520752,0,0,0,0.000000,0
612337,1787890920.0,5.999000072479248,0,0,0,0.000000,0
612338,1787890926.0,6.0,0,0,0,0.000000,0
612339,1787890932.0,6.0,0,0,0,0.000000,0
612340,1787890938.001,6.000999927520752,0,0,0,0.000000,0
612341,1787890944.0,5.999000072479248,0,0,0,0.000000,0
612342,1787890950.0,6.0,0,0,0,0.000000,0
612343,1787890956.0,6.0,0,0,0,0.000000,0
612344,1787890962.0,6.0,0,0,0,0.000000,0
612345,1787890968.0,6.0,0,0,0,0.000000,0
612346,1787890974.001,6.000999927520752,0,0,0,0.000000,0
612347,1787890980.0,5.999000072479248,0,0,0,0.000000,0
612348,1787890986.0,6.0,0,0,0,0.000000,0
612349,1787890992.0,6.0,0,0,0,0.000000,0
612350,1787890998.0,6.0,0,0,0,0.000000,0
612351,1787891004.0,6.0,0,0,0,0.000000,0
612352,1787891010.001,6.000999927520752,0,0,0,0.000000,0
612353,1787891016.0,5.999000072479248,0,0,0,0.000000,0
612354,1787891022.0,6.0,0,0,0,0.000000,0
612355,1787891028.001,6.000999927520752,0,0,0,0.000000,0
612356,1787891034.0,5.999000072479248,0,0,0,0.000000,0
612357,1787891040.0,6.0,0,0,0,0.000000,0
612358,1787891046.0,6.0,0,0,0,0.000000,0
612359,1787891052.0,6.0,0,0,0,0.000000,0
612360,1787891058.001,6.000999927520752,0,0,0,0.000000,0
612361,1787891064.001,6.0,0,0,0,0.000000,0
612362,1787891070.0,5.999000072479248,0,0,0,0.000000,0
612363,1787891076.0,6.0,0,0,0,0.000000,0
612364,1787891082.0,6.0,0,0,0,0.000000,0
612365,1787891088.0,6.0,0,0,0,0.000000,0
612366,1787891094.0,6.0,0,0,0,0.000000,0
612367,1787891100.0,6.0,0,0,0,0.000000,0
612368,1787891106.0,6.0,0,0,0,0.000000,0
612369,1787891112.0,6.0,0,0,0,0.000000,0
612370,1787891118.0,6.0,0,0,0,0.000000,0
612371,1787891124.0,6.0,0,0,0,0.000000,0
612372,1787891130.0,6.0,0,0,0,0.000000,0
612373,1787891136.0,6.0,0,0,0,0.000000,0
612374,1787891142.0,6.0,0,0,0,0.000000,0
612375,1787891148.0,6.0,0,0,0,0.000000,0
612376,1787891154.0,6.0,0,0,0,0.000000,0
612377,1787891160.0,6.0,0,0,0,0.000000,0
612378,1787891166.0,6.0,0,0,0,0.000000,0
612379,1787891172.0,6.0,0,0,0,0.000000,0
612380,1787891178.0,6.0,0,0,0,0.000000,0
612381,1787891184.001,6.000999927520752,0,0,0,0.000000,0
612382,1787891190.0,5.999000072479248,0,0,0,0.000000,0
612383,1787891196.001,6.000999927520752,0,0,0,0.000000,0
612384,1787891202.0,5.999000072479248,0,0,0,0.000000,0
612385,1787891208.0,6.0,0,0,0,0.000000,0
612386,1787891214.0,6.0,0,0,0,0.000000,0
612387,1787891220.001,6.000999927520752,0,0,0,0.000000,0
612388,1787891226.0,5.999000072479248,0,0,0,0.000000,0
612389,1787891232.0,6.0,0,0,0,0.000000,0
612390,1787891238.0,6.0,0,0,0,0.000000,0
612391,1787891244.0,6.0,0,0,0,0.000000,0
612392,1787891250.001,6.000999927520752,0,0,0,0.000000,0
612393,1787891256.0,5.999000072479248,0,0,0,0.000000,0
612394,1787891262.0,6.0,0,0,0,0.000000,0
612395,1787891268.0,6.0,0,0,0,0.000000,0
612396,1787891274.001,6.000999927520752,0,0,0,0.000000,0
612397,1787891280.0,5.999000072479248,0,0,0,0.000000,0
612398,1787891286.001,6.000999927520752,0,0,0,0.000000,0
612399,1787891292.0,5.999000072479248,0,0,0,0.000000,0
612400,1787891298.0,6.0,0,0,0,0.000000,0
612401,1787891304.0,6.0,0,0,0,0.000000,0
612402,1787891310.001,6.000999927520752,0,0,0,0.000000,0
612403,1787891316.0,5.999000072479248,0,0,0,0.000000,0
612404,1787891322.0,6.0,0,0,0,0.000000,0
612405,1787891328.001,6.000999927520752,0,0,0,0.000000,0
612406,1787891334.0,5.999000072479248,0,0,0,0.000000,0
612407,1787891340.001,6.000999927520752,0,0,0,0.000000,0
612408,1787891346.0,5.999000072479248,0,0,0,0.000000,0
612409,1787891352.0,6.0,0,0,0,0.000000,0
612410,1787891358.0,6.0,0,0,0,0.000000,0
612411,1787891364.001,6.000999927520752,0,0,0,0.000000,0
612412,1787891370.0,5.999000072479248,0,0,0,0.000000,0
612413,1787891376.001,6.000999927520752,0,0,0,0.000000,0
612414,1787891382.0,5.999000072479248,0,0,0,0.000000,0
612415,1787891388.0,6.0,0,0,0,0.000000,0
612416,1787891394.0,6.0,0,0,0,0.000000,0
612417,1787891400.001,6.000999927520752,0,0,0,0.000000,0
612418,1787891406.0,5.999000072479248,0,0,0,0.000000,0
612419,1787891412.0,6.0,0,0,0,0.000000,0
612420,1787891418.0,6.0,0,0,0,0.000000,0
612421,1787891424.0,6.0,0,0,0,0.000000,0
612422,1787891430.0,6.0,0,0,0,0.000000,0
612423,1787891436.0,6.0,0,0,0,0.000000,0
612424,1787891442.0,6.0,0,0,0,0.000000,0
612425,1787891448.0,6.0,0,0,0,0.000000,0
612426,1787891454.0,6.0,0,0,0,0.000000,0
612427,1787891460.0,6.0,0,0,0,0.000000,0
612428,1787891466.0,6.0,0,0,0,0.000000,0
612429,1787891472.0,6.0,0,0,0,0.000000,0
612430,1787891478.0,6.0,0,0,0,0.000000,0
612431,1787891484.0,6.0,0,0,0,0.000000,0
612432,1787891490.0,6.0,0,0,0,0.000000,0
612433,1787891496.0,6.0,0,0,0,0.000000,0
612434,1787891502.0,6.0,0,0,0,0.000000,0
612435,1787891508.0,6.0,0,0,0,0.000000,0
612436,1787891514.0,6.0,0,0,0,0.000000,0
612437,1787891520.0,6.0,0,0,0,0.000000,0
612438,1787891526.0,6.0,0,0,0,0.000000,0
612439,1787891532.0,6.0,0,0,0,0.000000,0
612440,1787891538.0,6.0,0,0,0,0.000000,0
612441,1787891544.0,6.0,0,0,0,0.000000,0
612442,1787891550.0,6.0,0,0,0,0.000000,0
612443,1787891556.0,6.0,0,0,0,0.000000,0
612444,1787891562.001,6.000999927520752,0,0,0,0.000000,0
612445,1787891568.0,5.999000072479248,0,0,0,0.000000,0
612446,1787891574.0,6.0,0,0,0,0.000000,0
612447,1787891580.0,6.0,0,0,0,0.000000,0
612448,1787891586.0,6.0,0,0,0,0.000000,0
612449,1787891592.0,6.0,0,0,0,0.000000,0
612450,1787891598.0,6.0,0,0,0,0.000000,0
612451,1787891604.0,6.0,0,0,0,0.000000,0
612452,1787891610.001,6.000999927520752,0,0,0,0.000000,0
612453,1787891616.0,5.999000072479248,0,0,0,0.000000,0
612454,1787891622.0,6.0,0,0,0,0.000000,0
612455,1787891628.001,6.000999927520752,0,0,0,0.000000,0
612456,1787891634.0,5.999000072479248,0,0,0,0.000000,0
612457,1787891640.001,6.000999927520752,0,0,0,0.000000,0
612458,1787891646.0,5.999000072479248,0,0,0,0.000000,0
612459,1787891652.0,6.0,0,0,0,0.000000,0
612460,1787891658.0,6.0,0,0,0,0.000000,0
612461,1787891664.0,6.0,0,0,0,0.000000,0
612462,1787891670.0,6.0,0,0,0,0.000000,0
612463,1787891676.0,6.0,0,0,0,0.000000,0
612464,1787891682.0,6.0,0,0,0,0.000000,0
612465,1787891688.0,6.0,0,0,0,0.000000,0
612466,1787891694.0,6.0,0,0,0,0.000000,0
612467,1787891700.001,6.000999927520752,0,0,0,0.000000,0
612468,1787891706.0,5.999000072479248,0,0,0,0.000000,0
612469,1787891712.0,6.0,0,0,0,0.000000,0
612470,1787891718.0,6.0,0,0,0,0.000000,0
612471,1787891724.001,6.000999927520752,0,0,0,0.000000,0
612472,1787891730.0,5.999000072479248,0,0,0,0.000000,0
612473,1787891736.001,6.000999927520752,0,0,0,0.000000,0
612474,1787891742.0,5.999000072479248,0,0,0,0.000000,0
612475,1787891748.0,6.0,0,0,0,0.000000,0
612476,1787891754.0,6.0,0,0,0,0.000000,0
612477,1787891760.001,6.000999927520752,0,0,0,0.000000,0
612478,1787891766.0,5.999000072479248,0,0,0,0.000000,0
612479,1787891772.0,6.0,0,0,0,0.000000,0
612480,1787891778.001,6.000999927520752,0,0,0,0.000000,0
612481,1787891784.0,5.999000072479248,0,0,0,0.000000,0
612482,1787891790.0,6.0,0,0,0,0.000000,0
612483,1787891796.0,6.0,0,0,0,0.000000,0
612484,1787891802.0,6.0,0,0,0,0.000000,0
612485,1787891808.0,6.0,0,0,0,0.000000,0
612486,1787891814.0,6.0,0,0,0,0.000000,0
612487,1787891820.0,6.0,0,0,0,0.000000,0
612488,1787891826.0,6.0,0,0,0,0.000000,0
612489,1787891832.0,6.0,0,0,0,0.000000,0
612490,1787891838.001,6.000999927520752,0,0,0,0.000000,0
612491,1787891844.0,5.999000072479248,0,0,0,0.000000,0
612492,1787891850.0,6.0,0,0,0,0.000000,0
612493,1787891856.0,6.0,0,0,0,0.000000,0
612494,1787891862.001,6.000999927520752,0,0,0,0.000000,0
612495,1787891868.0,5.999000072479248,0,0,0,0.000000,0
612496,1787891874.0,6.0,0,0,0,0.000000,0
612497,1787891880.0,6.0,0,0,0,0.000000,0
612498,1787891886.0,6.0,0,0,0,0.000000,0
612499,1787891892.0,6.0,0,0,0,0.000000,0
612500,1787891898.001,6.000999927520752,0,0,0,0.000000,0
612501,1787891904.0,5.999000072479248,0,0,0,0.000000,0
612502,1787891910.0,6.0,0,0,0,0.000000,0
612503,1787891916.0,6.0,0,0,0,0.000000,0
612504,1787891922.0,6.0,0,0,0,0.000000,0
612505,1787891928.0,6.0,0,0,0,0.000000,0
612506,1787891934.0,6.0,0,0,0,0.000000,0
612507,1787891940.0,6.0,0,0,0,0.000000,0
612508,1787891946.001,6.000999927520752,0,0,0,0.000000,0
612509,1787891952.0,5.999000072479248,0,0,0,0.000000,0
612510,1787891958.0,6.0,0,0,0,0.000000,0
612511,1787891964.0,6.0,0,0,0,0.000000,0
612512,1787891970.0,6.0,0,0,0,0.000000,0
612513,1787891976.0,6.0,0,0,0,0.000000,0
612514,1787891982.001,6.000999927520752,0,0,0,0.000000,0
612515,1787891988.0,5.999000072479248,0,0,0,0.000000,0
612516,1787891994.0,6.0,0,0,0,0.000000,0
612517,1787892000.001,6.000999927520752,0,0,0,0.000000,0
612518,1787892006.0,5.999000072479248,0,0,0,0.000000,0
612519,1787892012.0,6.0,0,0,0,0.000000,0
612520,1787892018.0,6.0,0,0,0,0.000000,0
612521,1787892024.0,6.0,0,0,0,0.000000,0
612522,1787892030.0,6.0,0,0,0,0.000000,0
612523,1787892036.0,6.0,0,0,0,0.000000,0
612524,1787892042.0,6.0,0,0,0,0.000000,0
612525,1787892048.0,6.0,0,0,0,0.000000,0
612526,1787892054.0,6.0,0,0,0,0.000000,0
612527,1787892060.001,6.000999927520752,0,0,0,0.000000,0
612528,1787892066.0,5.999000072479248,0,0,0,0.000000,0
612529,1787892072.0,6.0,0,0,0,0.000000,0
612530,1787892078.0,6.0,0,0,0,0.000000,0
612531,1787892084.0,6.0,0,0,0,0.000000,0
612532,1787892090.0,6.0,0,0,0,0.000000,0
612533,1787892096.001,6.000999927520752,0,0,0,0.000000,0
612534,1787892102.0,5.999000072479248,0,0,0,0.000000,0
612535,1787892108.0,6.0,0,0,0,0.000000,0
612536,1787892114.0,6.0,0,0,0,0.000000,0
612537,1787892120.0,6.0,0,0,0,0.000000,0
612538,1787892126.0,6.0,0,0,0,0.000000,0
612539,1787892132.0,6.0,0,0,0,0.000000,0
612540,1787892138.0,6.0,0,0,0,0.000000,0
612541,1787892144.0,6.0,0,0,0,0.000000,0
612542,1787892150.001,6.000999927520752,0,0,0,0.000000,0
612543,1787892156.0,5.999000072479248,0,0,0,0.000000,0
612544,1787892162.0,6.0,0,0,0,0.000000,0
612545,1787892168.0,6.0,0,0,0,0.000000,0
612546,1787892174.0,6.0,0,0,0,0.000000,0
612547,1787892180.001,6.000999927520752,0,0,0,0.000000,0
612548,1787892186.0,5.999000072479248,0,0,0,0.000000,0
612549,1787892192.0,6.0,0,0,0,0.000000,0
612550,1787892198.0,6.0,0,0,0,0.000000,0
612551,1787892204.0,6.0,0,0,0,0.000000,0
612552,1787892210.0,6.0,0,0,0,0.000000,0
612553,1787892216.0,6.0,0,0,0,0.000000,0
612554,1787892222.0,6.0,0,0,0,0.000000,0
612555,1787892228.0,6.0,0,0,0,0.000000,0
612556,1787892234.0,6.0,0,0,0,0.000000,0
612557,1787892240.0,6.0,0,0,0,0.000000,0
612558,1787892246.0,6.0,0,0,0,0.000000,0
612559,1787892252.0,6.0,0,0,0,0.000000,0
612560,1787892258.0,6.0,0,0,0,0.000000,0
612561,1787892264.0,6.0,0,0,0,0.000000,0
612562,1787892270.0,6.0,0,0,0,0.000000,0
612563,1787892276.0,6.0,0,0,0,0.000000,0
612564,1787892282.0,6.0,0,0,0,0.000000,0
612565,1787892288.001,6.000999927520752,0,0,0,0.000000,0
612566,1787892294.0,5.999000072479248,0,0,0,0.000000,0
612567,1787892300.0,6.0,0,0,0,0.000000,0
612568,1787892306.001,6.000999927520752,0,0,0,0.000000,0
612569,1787892312.0,5.999000072479248,0,0,0,0.000000,0
612570,1787892318.001,6.000999927520752,0,0,0,0.000000,0
612571,1787892324.001,6.0,0,0,0,0.000000,0
612572,1787892330.0,5.999000072479248,0,0,0,0.000000,0
612573,1787892336.0,6.0,0,0,0,0.000000,0
612574,1787892342.0,6.0,0,0,0,0.000000,0
612575,1787892348.001,6.000999927520752,0,0,0,0.000000,0
612576,1787892354.001,6.0,0,0,0,0.000000,0
612577,1787892360.0,5.999000072479248,0,0,0,0.000000,0
612578,1787892366.0,6.0,0,0,0,0.000000,0
612579,1787892372.0,6.0,0,0,0,0.000000,0
612580,1787892378.0,6.0,0,0,0,0.000000,0
612581,1787892384.0,6.0,0,0,0,0.000000,0
612582,1787892390.0,6.0,0,0,0,0.000000,0
612583,1787892396.0,6.0,0,0,0,0.000000,0
612584,1787892402.001,6.000999927520752,0,0,0,0.000000,0
612585,1787892408.0,5.999000072479248,0,0,0,0.000000,0
612586,1787892414.0,6.0,0,0,0,0.000000,0
612587,1787892420.0,6.0,0,0,0,0.000000,0
612588,1787892426.0,6.0,0,0,0,0.000000,0
612589,1787892432.0,6.0,0,0,0,0.000000,0
612590,1787892438.0,6.0,0,0,0,0.000000,0
612591,1787892444.0,6.0,0,0,0,0.000000,0
612592,1787892450.0,6.0,0,0,0,0.000000,0
612593,1787892456.001,6.000999927520752,0,0,0,0.000000,0
612594,1787892462.0,5.999000072479248,0,0,0,0.000000,0
612595,1787892468.0,6.0,0,0,0,0.000000,0
612596,1787892474.001,6.000999927520752,0,0,0,0.000000,0
612597,1787892480.0,5.999000072479248,0,0,0,0.000000,0
612598,1787892486.0,6.0,0,0,0,0.000000,0
612599,1787892492.0,6.0,0,0,0,0.000000,0
612600,1787892498.0,6.0,0,0,0,0.000000,0
612601,1787892504.001,6.000999927520752,0,0,0,0.000000,0
612602,1787892510.0,5.999000072479248,0,0,0,0.000000,0
612603,1787892516.0,6.0,0,0,0,0.000000,0
612604,1787892522.0,6.0,0,0,0,0.000000,0
612605,1787892528.0,6.0,0,0,0,0.000000,0
612606,1787892534.0,6.0,0,0,0,0.000000,0
612607,1787892540.001,6.000999927520752,0,0,0,0.000000,0
612608,1787892546.0,5.999000072479248,0,0,0,0.000000,0
612609,1787892552.0,6.0,0,0,0,0.000000,0
612610,1787892558.0,6.0,0,0,0,0.000000,0
612611,1787892564.0,6.0,0,0,0,0.000000,0
612612,1787892570.0,6.0,0,0,0,0.000000,0
612613,1787892576.0,6.0,0,0,0,0.000000,0
612614,1787892582.0,6.0,0,0,0,0.000000,0
612615,1787892588.0,6.0,0,0,0,0.000000,0
612616,1787892594.0,6.0,0,0,0,0.000000,0
612617,1787892600.0,6.0,0,0,0,0.000000,0
612618,1787892606.001,6.000999927520752,0,0,0,0.000000,0
612619,1787892612.001,6.0,0,0,0,0.000000,0
612620,1787892618.001,6.0,0,0,0,0.000000,0
612621,1787892624.0,5.999000072479248,0,0,0,0.000000,0
612622,1787892630.0,6.0,0,0,0,0.000000,0
612623,1787892636.0,6.0,0,0,0,0.000000,0
612624,1787892642.001,6.000999927520752,0,0,0,0.000000,0
612625,1787892648.0,5.999000072479248,0,0,0,0.000000,0
612626,1787892654.0,6.0,0,0,0,0.000000,0
612627,1787892660.0,6.0,0,0,0,0.000000,0
612628,1787892666.0,6.0,0,0,0,0.000000,0
612629,1787892672.0,6.0,0,0,0,0.000000,0
612630,1787892678.0,6.0,0,0,0,0.000000,0
612631,1787892684.0,6.0,0,0,0,0.000000,0
612632,1787892690.001,6.000999927520752,0,0,0,0.000000,0
612633,1787892696.0,5.999000072479248,0,0,0,0.000000,0
612634,1787892702.0,6.0,0,0,0,0.000000,0
612635,1787892708.0,6.0,0,0,0,0.000000,0
612636,1787892714.0,6.0,0,0,0,0.000000,0
612637,1787892720.0,6.0,0,0,0,0.000000,0
612638,1787892726.001,6.000999927520752,0,0,0,0.000000,0
612639,1787892732.0,5.999000072479248,0,0,0,0.000000,0
612640,1787892738.0,6.0,0,0,0,0.000000,0
612641,1787892744.0,6.0,0,0,0,0.000000,0
612642,1787892750.0,6.0,0,0,0,0.000000,0
612643,1787892756.0,6.0,0,0,0,0.000000,0
612644,1787892762.0,6.0,0,0,0,0.000000,0
612645,1787892768.0,6.0,0,0,0,0.000000,0
612646,1787892774.0,6.0,0,0,0,0.000000,0
612647,1787892780.001,6.000999927520752,0,0,0,0.000000,0
612648,1787892786.0,5.999000072479248,0,0,0,0.000000,0
612649,1787892792.0,6.0,0,0,0,0.000000,0
612650,1787892798.0,6.0,0,0,0,0.000000,0
612651,1787892804.001,6.000999927520752,0,0,0,0.000000,0
612652,1787892810.0,5.999000072479248,0,0,0,0.000000,0
612653,1787892816.0,6.0,0,0,0,0.000000,0
612654,1787892822.0,6.0,0,0,0,0.000000,0
612655,1787892828.0,6.0,0,0,0,0.000000,0
612656,1787892834.0,6.0,0,0,0,0.000000,0
612657,1787892840.001,6.000999927520752,0,0,0,0.000000,0
612658,1787892846.0,5.999000072479248,0,0,0,0.000000,0
612659,1787892852.0,6.0,0,0,0,0.000000,0
612660,1787892858.0,6.0,0,0,0,0.000000,0
612661,1787892864.0,6.0,0,0,0,0.000000,0
612662,1787892870.001,6.000999927520752,0,0,0,0.000000,0
612663,1787892876.0,5.999000072479248,0,0,0,0.000000,0
612664,1787892882.0,6.0,0,0,0,0.000000,0
612665,1787892888.0,6.0,0,0,0,0.000000,0
612666,1787892894.0,6.0,0,0,0,0.000000,0
612667,1787892900.0,6.0,0,0,0,0.000000,0
612668,1787892906.0,6.0,0,0,0,0.000000,0
612669,1787892912.0,6.0,0,0,0,0.000000,0
612670,1787892918.0,6.0,0,0,0,0.000000,0
612671,1787892924.0,6.0,0,0,0,0.000000,0
612672,1787892930.001,6.000999927520752,0,0,0,0.000000,0
612673,1787892936.0,5.999000072479248,0,0,0,0.000000,0
612674,1787892942.0,6.0,0,0,0,0.000000,0
612675,1787892948.0,6.0,0,0,0,0.000000,0
612676,1787892954.0,6.0,0,0,0,0.000000,0
612677,1787892960.0,6.0,0,0,0,0.000000,0
612678,1787892966.001,6.000999927520752,0,0,0,0.000000,0
612679,1787892972.0,5.999000072479248,0,0,0,0.000000,0
612680,1787892978.001,6.000999927520752,0,0,0,0.000000,0
612681,1787892984.0,5.999000072479248,0,0,0,0.000000,0
612682,1787892990.0,6.0,0,0,0,0.000000,0
612683,1787892996.0,6.0,0,0,0,0.000000,0
612684,1787893002.0,6.0,0,0,0,0.000000,0
612685,1787893008.0,6.0,0,0,0,0.000000,0
612686,1787893014.0,6.0,0,0,0,0.000000,0
612687,1787893020.0,6.0,0,0,0,0.000000,0
612688,1787893026.001,6.000999927520752,0,0,0,0.000000,0
612689,1787893032.0,5.999000072479248,0,0,0,0.000000,0
612690,1787893038.0,6.0,0,0,0,0.000000,0
612691,1787893044.0,6.0,0,0,0,0.000000,0
612692,1787893050.001,6.000999927520752,0,0,0,0.000000,0
612693,1787893056.0,5.999000072479248,0,0,0,0.000000,0
612694,1787893062.001,6.000999927520752,0,0,0,0.000000,0
612695,1787893068.0,5.999000072479248,0,0,0,0.000000,0
612696,1787893074.0,6.0,0,0,0,0.000000,0
612697,1787893080.0,6.0,0,0,0,0.000000,0
612698,1787893086.0,6.0,0,0,0,0.000000,0
612699,1787893092.0,6.0,0,0,0,0.000000,0
612700,1787893098.0,6.0,0,0,0,0.000000,0
612701,1787893104.0,6.0,0,0,0,0.000000,0
612702,1787893110.0,6.0,0,0,0,0.000000,0
612703,1787893116.0,6.0,0,0,0,0.000000,0
612704,1787893122.001,6.000999927520752,0,0,0,0.000000,0
612705,1787893128.0,5.999000072479248,0,0,0,0.000000,0
612706,1787893134.0,6.0,0,0,0,0.000000,0
612707,1787893140.0,6.0,0,0,0,0.000000,0
612708,1787893146.0,6.0,0,0,0,0.000000,0
612709,1787893152.0,6.0,0,0,0,0.000000,0
612710,1787893158.0,6.0,0,0,0,0.000000,0
612711,1787893164.0,6.0,0,0,0,0.000000,0
612712,1787893170.0,6.0,0,0,0,0.000000,0
612713,1787893176.0,6.0,0,0,0,0.000000,0
612714,1787893182.0,6.0,0,0,0,0.000000,0
612715,1787893188.0,6.0,0,0,0,0.000000,0
612716,1787893194.0,6.0,0,0,0,0.000000,0
612717,1787893200.0,6.0,0,0,0,0.000000,0
612718,1787893206.0,6.0,0,0,0,0.000000,0
612719,1787893212.0,6.0,0,0,0,0.000000,0
612720,1787893218.0,6.0,0,0,0,0.000000,0
612721,1787893224.001,6.000999927520752,0,0,0,0.000000,0
612722,1787893230.0,5.999000072479248,0,0,0,0.000000,0
612723,1787893236.0,6.0,0,0,0,0.000000,0
612724,1787893242.0,6.0,0,0,0,0.000000,0
612725,1787893248.0,6.0,0,0,0,0.000000,0
612726,1787893254.0,6.0,0,0,0,0.000000,0
612727,1787893260.001,6.000999927520752,0,0,0,0.000000,0
612728,1787893266.0,5.999000072479248,0,0,0,0.000000,0
612729,1787893272.0,6.0,0,0,0,0.000000,0
612730,1787893278.0,6.0,0,0,0,0.000000,0
612731,1787893284.0,6.0,0,0,0,0.000000,0
612732,1787893290.0,6.0,0,0,0,0.000000,0
612733,1787893296.0,6.0,0,0,0,0.000000,0
612734,1787893302.0,6.0,1,1,9452,0.047260,1
612735,1787893308.001,6.000999927520752,0,0,0,0.000000,0
612736,1787893314.0,5.999000072479248,0,0,0,0.000000,0
612737,1787893320.0,6.0,0,0,0,0.000000,0
612738,1787893326.0,6.0,0,0,0,0.000000,0
612739,1787893332.0,6.0,0,0,0,0.000000,0
612740,1787893338.0,6.0,0,0,0,0.000000,0
612741,1787893344.001,6.000999927520752,0,0,0,0.000000,0
612742,1787893350.001,6.0,0,0,0,0.000000,0
612743,1787893356.0,5.999000072479248,0,0,0,0.000000,0
612744,1787893362.0,6.0,0,0,0,0.000000,0
612745,1787893368.0,6.0,0,0,0,0.000000,0
612746,1787893374.0,6.0,0,0,0,0.000000,0
612747,1787893380.001,6.000999927520752,0,0,0,0.000000,0
612748,1787893386.001,6.0,0,0,0,0.000000,0
612749,1787893392.0,5.999000072479248,0,0,0,0.000000,0
612750,1787893398.001,6.000999927520752,0,0,0,0.000000,0
612751,1787893404.0,5.999000072479248,0,0,0,0.000000,0
612752,1787893410.0,6.0,0,0,0,0.000000,0
612753,1787893416.0,6.0,0,0,0,0.000000,0
612754,1787893422.0,6.0,0,0,0,0.000000,0
612755,1787893428.0,6.0,0,0,0,0.000000,0
612756,1787893434.0,6.0,0,0,0,0.000000,0
612757,1787893440.0,6.0,0,0,0,0.000000,0
612758,1787893446.001,6.000999927520752,0,0,0,0.000000,0
612759,1787893452.0,5.999000072479248,0,0,0,0.000000,0
612760,1787893458.001,6.000999927520752,0,0,0,0.000000,0
612761,1787893464.0,5.999000072479248,0,0,0,0.000000,0
612762,1787893470.0,6.0,0,0,0,0.000000,0
612763,1787893476.001,6.000999927520752,0,0,0,0.000000,0
612764,1787893482.001,6.0,0,0,0,0.000000,0
612765,1787893488.001,6.0,0,0,0,0.000000,0
612766,1787893494.0,5.999000072479248,0,0,0,0.000000,0
612767,1787893500.0,6.0,0,0,0,0.000000,0
612768,1787893506.0,6.0,0,0,0,0.000000,0
612769,1787893512.0,6.0,0,0,0,0.000000,0
612770,1787893518.0,6.0,0,0,0,0.000000,0
612771,1787893524.0,6.0,0,0,0,0.000000,0
612772,1787893530.0,6.0,0,0,0,0.000000,0
612773,1787893536.001,6.000999927520752,0,0,0,0.000000,0
612774,1787893542.0,5.999000072479248,0,0,0,0.000000,0
612775,1787893548.0,6.0,0,0,0,0.000000,0
612776,1787893554.0,6.0,0,0,0,0.000000,0
612777,1787893560.0,6.0,0,0,0,0.000000,0
612778,1787893566.0,6.0,0,0,0,0.000000,0
612779,1787893572.0,6.0,0,0,0,0.000000,0
612780,1787893578.001,6.000999927520752,0,0,0,0.000000,0
612781,1787893584.0,5.999000072479248,0,0,0,0.000000,0
612782,1787893590.0,6.0,0,0,0,0.000000,0
612783,1787893596.0,6.0,0,0,0,0.000000,0
612784,1787893602.0,6.0,0,0,0,0.000000,0
612785,1787893608.0,6.0,0,0,0,0.000000,0
612786,1787893614.001,6.000999927520752,0,0,0,0.000000,0
612787,1787893620.001,6.0,0,0,0,0.000000,0
612788,1787893626.0,5.999000072479248,0,0,0,0.000000,0
612789,1787893632.0,6.0,0,0,0,0.000000,0
612790,1787893638.0,6.0,0,0,0,0.000000,0
612791,1787893644.0,6.0,0,0,0,0.000000,0
612792,1787893650.0,6.0,0,0,0,0.000000,0
612793,1787893656.0,6.0,0,0,0,0.000000,0
612794,1787893662.0,6.0,0,0,0,0.000000,0
612795,1787893668.001,6.000999927520752,0,0,0,0.000000,0
612796,1787893674.0,5.999000072479248,0,0,0,0.000000,0
612797,1787893680.0,6.0,0,0,0,0.000000,0
612798,1787893686.0,6.0,0,0,0,0.000000,0
612799,1787893692.0,6.0,0,0,0,0.000000,0
612800,1787893698.0,6.0,0,0,0,0.000000,0
612801,1787893704.0,6.0,0,0,0,0.000000,0
612802,1787893710.0,6.0,0,0,0,0.000000,0
612803,1787893716.001,6.000999927520752,0,0,0,0.000000,0
612804,1787893722.0,5.999000072479248,0,0,0,0.000000,0
612805,1787893728.0,6.0,0,0,0,0.000000,0
612806,1787893734.0,6.0,0,0,0,0.000000,0
612807,1787893740.0,6.0,0,0,0,0.000000,0
612808,1787893746.0,6.0,0,0,0,0.000000,0
612809,1787893752.001,6.000999927520752,0,0,0,0.000000,0
612810,1787893758.0,5.999000072479248,0,0,0,0.000000,0
612811,1787893764.0,6.0,0,0,0,0.000000,0
612812,1787893770.0,6.0,0,0,0,0.000000,0
612813,1787893776.0,6.0,0,0,0,0.000000,0
612814,1787893782.0,6.0,0,0,0,0.000000,0
612815,1787893788.0,6.0,0,0,0,0.000000,0
612816,1787893794.0,6.0,0,0,0,0.000000,0
612817,1787893800.001,6.000999927520752,0,0,0,0.000000,0
612818,1787893806.0,5.999000072479248,0,0,0,0.000000,0
612819,1787893812.001,6.000999927520752,0,0,0,0.000000,0
612820,1787893818.0,5.999000072479248,0,0,0,0.000000,0
612821,1787893824.0,6.0,0,0,0,0.000000,0
612822,1787893830.0,6.0,0,0,0,0.000000,0
612823,1787893836.0,6.0,0,0,0,0.000000,0
612824,1787893842.001,6.000999927520752,0,0,0,0.000000,0
612825,1787893848.0,5.999000072479248,0,0,0,0.000000,0
612826,1787893854.0,6.0,0,0,0,0.000000,0
612827,1787893860.0,6.0,0,0,0,0.000000,0
612828,1787893866.0,6.0,0,0,0,0.000000,0
612829,1787893872.0,6.0,0,0,0,0.000000,0
612830,1787893878.001,6.000999927520752,0,0,0,0.000000,0
612831,1787893884.0,5.999000072479248,0,0,0,0.000000,0
612832,1787893890.0,6.0,0,0,0,0.000000,0
612833,1787893896.0,6.0,0,0,0,0.000000,0
612834,1787893902.0,6.0,0,0,0,0.000000,0
612835,1787893908.0,6.0,0,0,0,0.000000,0
612836,1787893914.001,6.000999927520752,0,0,0,0.000000,0
612837,1787893920.0,5.999000072479248,0,0,0,0.000000,0
612838,1787893926.0,6.0,0,0,0,0.000000,0
612839,1787893932.0,6.0,0,0,0,0.000000,0
612840,1787893938.0,6.0,0,0,0,0.000000,0
612841,1787893944.0,6.0,0,0,0,0.000000,0
612842,1787893950.0,6.0,0,0,0,0.000000,0
612843,1787893956.0,6.0,0,0,0,0.000000,0
612844,1787893962.0,6.0,0,0,0,0.000000,0
612845,1787893968.0,6.0,0,0,0,0.000000,0
612846,1787893974.0,6.0,0,0,0,0.000000,0
612847,1787893980.0,6.0,0,0,0,0.000000,0
612848,1787893986.0,6.0,0,0,0,0.000000,0
612849,1787893992.0,6.0,0,0,0,0.000000,0
612850,1787893998.0,6.0,0,0,0,0.000000,0
612851,1787894004.0,6.0,0,0,0,0.000000,0
612852,1787894010.0,6.0,0,0,0,0.000000,0
612853,1787894016.0,6.0,0,0,0,0.000000,0
612854,1787894022.0,6.0,0,0,0,0.000000,0
612855,1787894028.001,6.000999927520752,0,0,0,0.000000,0
612856,1787894034.0,5.999000072479248,0,0,0,0.000000,0
612857,1787894040.0,6.0,0,0,0,0.000000,0
612858,1787894046.0,6.0,0,0,0,0.000000,0
612859,1787894052.001,6.000999927520752,0,0,0,0.000000,0
612860,1787894058.001,6.0,0,0,0,0.000000,0
612861,1787894064.001,6.0,0,0,0,0.000000,0
612862,1787894070.0,5.999000072479248,0,0,0,0.000000,0
612863,1787894076.0,6.0,0,0,0,0.000000,0
612864,1787894082.0,6.0,0,0,0,0.000000,0
612865,1787894088.0,6.0,0,0,0,0.000000,0
612866,1787894094.0,6.0,0,0,0,0.000000,0
612867,1787894100.0,6.0,0,0,0,0.000000,0
612868,1787894106.0,6.0,0,0,0,0.000000,0
612869,1787894112.0,6.0,0,0,0,0.000000,0
612870,1787894118.0,6.0,0,0,0,0.000000,0
612871,1787894124.0,6.0,0,0,0,0.000000,0
612872,1787894130.0,6.0,0,0,0,0.000000,0
612873,1787894136.0,6.0,0,0,0,0.000000,0
612874,1787894142.001,6.000999927520752,0,0,0,0.000000,0
612875,1787894148.0,5.999000072479248,0,0,0,0.000000,0
612876,1787894154.001,6.000999927520752,0,0,0,0.000000,0
612877,1787894160.0,5.999000072479248,0,0,0,0.000000,0
612878,1787894166.0,6.0,0,0,0,0.000000,0
612879,1787894172.0,6.0,0,0,0,0.000000,0
612880,1787894178.0,6.0,0,0,0,0.000000,0
612881,1787894184.0,6.0,0,0,0,0.000000,0
612882,1787894190.001,6.000999927520752,0,0,0,0.000000,0
612883,1787894196.0,5.999000072479248,0,0,0,0.000000,0
612884,1787894202.001,6.000999927520752,0,0,0,0.000000,0
612885,1787894208.0,5.999000072479248,0,0,0,0.000000,0
612886,1787894214.0,6.0,0,0,0,0.000000,0
612887,1787894220.0,6.0,0,0,0,0.000000,0
612888,1787894226.001,6.000999927520752,0,0,0,0.000000,0
612889,1787894232.001,6.0,0,0,0,0.000000,0
612890,1787894238.0,5.999000072479248,0,0,0,0.000000,0
612891,1787894244.0,6.0,0,0,0,0.000000,0
612892,1787894250.0,6.0,0,0,0,0.000000,0
612893,1787894256.001,6.000999927520752,0,0,0,0.000000,0
612894,1787894262.001,6.0,0,0,0,0.000000,0
612895,1787894268.0,5.999000072479248,1,1,8149,0.040745,1
612896,1787894274.0,6.0,0,0,0,0.000000,0
612897,1787894280.0,6.0,0,0,0,0.000000,0
612898,1787894286.0,6.0,0,0,0,0.000000,0
612899,1787894292.001,6.000999927520752,0,0,0,0.000000,0
612900,1787894298.001,6.0,0,0,0,0.000000,0
612901,1787894304.0,5.999000072479248,0,0,0,0.000000,0
612902,1787894310.0,6.0,0,0,0,0.000000,0
612903,1787894316.0,6.0,0,0,0,0.000000,0
612904,1787894322.0,6.0,0,0,0,0.000000,0
612905,1787894328.0,6.0,0,0,0,0.000000,0
612906,1787894334.001,6.000999927520752,0,0,0,0.000000,0
612907,1787894340.0,5.999000072479248,0,0,0,0.000000,0
612908,1787894346.0,6.0,0,0,0,0.000000,0
612909,1787894352.0,6.0,0,0,0,0.000000,0
612910,1787894358.0,6.0,0,0,0,0.000000,0
612911,1787894364.0,6.0,0,0,0,0.000000,0
612912,1787894370.0,6.0,0,0,0,0.000000,0
612913,1787894376.0,6.0,0,0,0,0.000000,0
612914,1787894382.001,6.000999927520752,0,0,0,0.000000,0
612915,1787894388.0,5.999000072479248,0,0,0,0.000000,0
612916,1787894394.001,6.000999927520752,0,0,0,0.000000,0
612917,1787894400.0,5.999000072479248,0,0,0,0.000000,0
612918,1787894406.001,6.000999927520752,0,0,0,0.000000,0
612919,1787894412.001,6.0,0,0,0,0.000000,0
612920,1787894418.001,6.0,0,0,0,0.000000,0
612921,1787894424.0,5.999000072479248,0,0,0,0.000000,0
612922,1787894430.001,6.000999927520752,0,0,0,0.000000,0
612923,1787894436.001,6.0,0,0,0,0.000000,0
612924,1787894442.0,5.999000072479248,0,0,0,0.000000,0
612925,1787894448.0,6.0,0,0,0,0.000000,0
612926,1787894454.0,6.0,0,0,0,0.000000,0
612927,1787894460.0,6.0,0,0,0,0.000000,0
612928,1787894466.0,6.0,0,0,0,0.000000,0
612929,1787894472.001,6.000999927520752,0,0,0,0.000000,0
612930,1787894478.0,5.999000072479248,0,0,0,0.000000,0
612931,1787894484.0,6.0,0,0,0,0.000000,0
612932,1787894490.001,6.000999927520752,0,0,0,0.000000,0
612933,1787894496.0,5.999000072479248,0,0,0,0.000000,0
612934,1787894502.0,6.0,0,0,0,0.000000,0
612935,1787894508.001,6.000999927520752,0,0,0,0.000000,0
612936,1787894514.0,5.999000072479248,0,0,0,0.000000,0
612937,1787894520.0,6.0,0,0,0,0.000000,0
612938,1787894526.0,6.0,0,0,0,0.000000,0
612939,1787894532.0,6.0,0,0,0,0.000000,0
612940,1787894538.0,6.0,0,0,0,0.000000,0
612941,1787894544.0,6.0,0,0,0,0.000000,0
612942,1787894550.0,6.0,0,0,0,0.000000,0
612943,1787894556.0,6.0,0,0,0,0.000000,0
612944,1787894562.0,6.0,0,0,0,0.000000,0
612945,1787894568.0,6.0,0,0,0,0.000000,0
612946,1787894574.001,6.000999927520752,0,0,0,0.000000,0
612947,1787894580.0,5.999000072479248,0,0,0,0.000000,0
612948,1787894586.001,6.000999927520752,0,0,0,0.000000,0
612949,1787894592.0,5.999000072479248,0,0,0,0.000000,0
612950,1787894598.001,6.000999927520752,0,0,0,0.000000,0
612951,1787894604.0,5.999000072479248,0,0,0,0.000000,0
612952,1787894610.001,6.000999927520752,0,0,0,0.000000,0
612953,1787894616.0,5.999000072479248,0,0,0,0.000000,0
612954,1787894622.001,6.000999927520752,0,0,0,0.000000,0
612955,1787894628.0,5.999000072479248,0,0,0,0.000000,0
612956,1787894634.001,6.000999927520752,0,0,0,0.000000,0
612957,1787894640.0,5.999000072479248,0,0,0,0.000000,0
612958,1787894646.001,6.000999927520752,0,0,0,0.000000,0
612959,1787894652.0,5.999000072479248,0,0,0,0.000000,0
612960,1787894658.001,6.000999927520752,0,0,0,0.000000,0
612961,1787894664.0,5.999000072479248,0,0,0,0.000000,0
612962,1787894670.001,6.000999927520752,0,0,0,0.000000,0
612963,1787894676.001,6.0,0,0,0,0.000000,0
612964,1787894682.001,6.0,0,0,0,0.000000,0
612965,1787894688.0,5.999000072479248,0,0,0,0.000000,0
612966,1787894694.0,6.0,0,0,0,0.000000,0
612967,1787894700.001,6.000999927520752,0,0,0,0.000000,0
612968,1787894706.0,5.999000072479248,0,0,0,0.000000,0
612969,1787894712.0,6.0,0,0,0,0.000000,0
612970,1787894718.001,6.000999927520752,0,0,0,0.000000,0
612971,1787894724.0,5.999000072479248,0,0,0,0.000000,0
612972,1787894730.0,6.0,0,0,0,0.000000,0
612973,1787894736.001,6.000999927520752,0,0,0,0.000000,0
612974,1787894742.0,5.999000072479248,0,0,0,0.000000,0
612975,1787894748.0,6.0,0,0,0,0.000000,0
612976,1787894754.001,6.000999927520752,0,0,0,0.000000,0
612977,1787894760.001,6.0,0,0,0,0.000000,0
612978,1787894766.0,5.999000072479248,0,0,0,0.000000,0
612979,1787894772.0,6.0,0,0,0,0.000000,0
612980,1787894778.0,6.0,0,0,0,0.000000,0
612981,1787894784.0,6.0,0,0,0,0.000000,0
612982,1787894790.0,6.0,0,0,0,0.000000,0
612983,1787894796.0,6.0,0,0,0,0.000000,0
612984,1787894802.0,6.0,0,0,0,0.000000,0
612985,1787894808.0,6.0,0,0,0,0.000000,0
612986,1787894814.0,6.0,0,0,0,0.000000,0
612987,1787894820.0,6.0,0,0,0,0.000000,0
612988,1787894826.0,6.0,0,0,0,0.000000,0
612989,1787894832.0,6.0,0,0,0,0.000000,0
612990,1787894838.0,6.0,0,0,0,0.000000,0
612991,1787894844.001,6.000999927520752,0,0,0,0.000000,0
612992,1787894850.0,5.999000072479248,0,0,0,0.000000,0
612993,1787894856.0,6.0,0,0,0,0.000000,0
612994,1787894862.0,6.0,0,0,0,0.000000,0
612995,1787894868.001,6.000999927520752,0,0,0,0.000000,0
612996,1787894874.0,5.999000072479248,0,0,0,0.000000,0
612997,1787894880.0,6.0,0,0,0,0.000000,0
612998,1787894886.0,6.0,0,0,0,0.000000,0
612999,1787894892.0,6.0,0,0,0,0.000000,0
613000,1787894898.0,6.0,0,0,0,0.000000,0
613001,1787894904.001,6.000999927520752,0,0,0,0.000000,0
613002,1787894910.0,5.999000072479248,0,0,0,0.000000,0
613003,1787894916.0,6.0,0,0,0,0.000000,0
613004,1787894922.0,6.0,0,0,0,0.000000,0
613005,1787894928.0,6.0,0,0,0,0.000000,0
613006,1787894934.0,6.0,0,0,0,0.000000,0
613007,1787894940.001,6.000999927520752,0,0,0,0.000000,0
613008,1787894946.0,5.999000072479248,0,0,0,0.000000,0
613009,1787894952.0,6.0,0,0,0,0.000000,0
613010,1787894958.0,6.0,0,0,0,0.000000,0
613011,1787894964.0,6.0,0,0,0,0.000000,0
613012,1787894970.0,6.0,0,0,0,0.000000,0
613013,1787894976.0,6.0,0,0,0,0.000000,0
613014,1787894982.0,6.0,0,0,0,0.000000,0
613015,1787894988.001,6.000999927520752,0,0,0,0.000000,0
613016,1787894994.0,5.999000072479248,0,0,0,0.000000,0
613017,1787895000.001,6.000999927520752,0,0,0,0.000000,0
613018,1787895006.0,5.999000072479248,0,0,0,0.000000,0
613019,1787895012.0,6.0,0,0,0,0.000000,0
613020,1787895018.001,6.000999927520752,0,0,0,0.000000,0
613021,1787895024.0,5.999000072479248,0,0,0,0.000000,0
613022,1787895030.0,6.0,0,0,0,0.000000,0
613023,1787895036.0,6.0,0,0,0,0.000000,0
613024,1787895042.0,6.0,0,0,0,0.000000,0
613025,1787895048.0,6.0,0,0,0,0.000000,0
613026,1787895054.0,6.0,0,0,0,0.000000,0
613027,1787895060.0,6.0,0,0,0,0.000000,0
613028,1787895066.0,6.0,0,0,0,0.000000,0
613029,1787895072.0,6.0,0,0,0,0.000000,0
613030,1787895078.001,6.000999927520752,0,0,0,0.000000,0
613031,1787895084.0,5.999000072479248,0,0,0,0.000000,0
613032,1787895090.0,6.0,0,0,0,0.000000,0
613033,1787895096.0,6.0,0,0,0,0.000000,0
613034,1787895102.001,6.000999927520752,1,1,8151,0.040755,1
613035,1787895108.0,5.999000072479248,0,0,0,0.000000,0
613036,1787895114.0,6.0,0,0,0,0.000000,0
613037,1787895120.0,6.0,0,0,0,0.000000,0
613038,1787895126.0,6.0,0,0,0,0.000000,0
613039,1787895132.0,6.0,0,0,0,0.000000,0
613040,1787895138.0,6.0,0,0,0,0.000000,0
613041,1787895144.0,6.0,0,0,0,0.000000,0
613042,1787895150.001,6.000999927520752,0,0,0,0.000000,0
613043,1787895156.001,6.0,0,0,0,0.000000,0
613044,1787895162.001,6.0,0,0,0,0.000000,0
613045,1787895168.0,5.999000072479248,0,0,0,0.000000,0
613046,1787895174.0,6.0,0,0,0,0.000000,0
613047,1787895180.001,6.000999927520752,0,0,0,0.000000,0
613048,1787895186.001,6.0,0,0,0,0.000000,0
613049,1787895192.001,6.0,0,0,0,0.000000,0
613050,1787895198.001,6.0,1,1,9452,0.047260,1
613051,1787895204.0,5.999000072479248,0,0,0,0.000000,0
613052,1787895210.0,6.0,0,0,0,0.000000,0
613053,1787895216.0,6.0,0,0,0,0.000000,0
613054,1787895222.0,6.0,0,0,0,0.000000,0
613055,1787895228.0,6.0,0,0,0,0.000000,0
613056,1787895234.0,6.0,0,0,0,0.000000,0
613057,1787895240.0,6.0,0,0,0,0.000000,0
613058,1787895246.0,6.0,0,0,0,0.000000,0
613059,1787895252.0,6.0,0,0,0,0.000000,0
613060,1787895258.001,6.000999927520752,0,0,0,0.000000,0
613061,1787895264.0,5.999000072479248,0,0,0,0.000000,0
613062,1787895270.0,6.0,0,0,0,0.000000,0
613063,1787895276.0,6.0,0,0,0,0.000000,0
613064,1787895282.0,6.0,0,0,0,0.000000,0
613065,1787895288.0,6.0,0,0,0,0.000000,0
613066,1787895294.001,6.000999927520752,0,0,0,0.000000,0
613067,1787895300.0,5.999000072479248,0,0,0,0.000000,0
613068,1787895306.0,6.0,0,0,0,0.000000,0
613069,1787895312.0,6.0,0,0,0,0.000000,0
613070,1787895318.0,6.0,0,0,0,0.000000,0
613071,1787895324.0,6.0,0,0,0,0.000000,0
613072,1787895330.0,6.0,0,0,0,0.000000,0
613073,1787895336.0,6.0,0,0,0,0.000000,0
613074,1787895342.0,6.0,0,0,0,0.000000,0
613075,1787895348.0,6.0,0,0,0,0.000000,0
613076,1787895354.0,6.0,0,0,0,0.000000,0
613077,1787895360.0,6.0,0,0,0,0.000000,0
613078,1787895366.0,6.0,0,0,0,0.000000,0
613079,1787895372.0,6.0,0,0,0,0.000000,0
613080,1787895378.0,6.0,0,0,0,0.000000,0
613081,1787895384.0,6.0,0,0,0,0.000000,0
613082,1787895390.0,6.0,0,0,0,0.000000,0
613083,1787895396.001,6.000999927520752,0,0,0,0.000000,0
613084,1787895402.0,5.999000072479248,0,0,0,0.000000,0
613085,1787895408.0,6.0,0,0,0,0.000000,0
613086,1787895414.0,6.0,0,0,0,0.000000,0
613087,1787895420.0,6.0,0,0,0,0.000000,0
613088,1787895426.0,6.0,0,0,0,0.000000,0
613089,1787895432.0,6.0,0,0,0,0.000000,0
613090,1787895438.0,6.0,0,0,0,0.000000,0
613091,1787895444.0,6.0,0,0,0,0.000000,0
613092,1787895450.0,6.0,0,0,0,0.000000,0
613093,1787895456.0,6.0,0,0,0,0.000000,0
613094,1787895462.0,6.0,0,0,0,0.000000,0
613095,1787895468.0,6.0,0,0,0,0.000000,0
613096,1787895474.0,6.0,0,0,0,0.000000,0
613097,1787895480.0,6.0,0,0,0,0.000000,0
613098,1787895486.001,6.000999927520752,0,0,0,0.000000,0
613099,1787895492.0,5.999000072479248,0,0,0,0.000000,0
613100,1787895498.0,6.0,0,0,0,0.000000,0
613101,1787895504.0,6.0,0,0,0,0.000000,0
613102,1787895510.0,6.0,0,0,0,0.000000,0
613103,1787895516.001,6.000999927520752,0,0,0,0.000000,0
613104,1787895522.0,5.999000072479248,0,0,0,0.000000,0
613105,1787895528.001,6.000999927520752,0,0,0,0.000000,0
613106,1787895534.0,5.999000072479248,0,0,0,0.000000,0
613107,1787895540.001,6.000999927520752,0,0,0,0.000000,0
613108,1787895546.0,5.999000072479248,0,0,0,0.000000,0
613109,1787895552.001,6.000999927520752,0,0,0,0.000000,0
613110,1787895558.001,6.0,0,0,0,0.000000,0
613111,1787895564.001,6.0,0,0,0,0.000000,0
613112,1787895570.0,5.999000072479248,0,0,0,0.000000,0
613113,1787895576.0,6.0,0,0,0,0.000000,0
613114,1787895582.0,6.0,0,0,0,0.000000,0
613115,1787895588.0,6.0,0,0,0,0.000000,0
613116,1787895594.0,6.0,0,0,0,0.000000,0
613117,1787895600.0,6.0,0,0,0,0.000000,0
613118,1787895606.0,6.0,0,0,0,0.000000,0
613119,1787895612.0,6.0,0,0,0,0.000000,0
613120,1787895618.0,6.0,0,0,0,0.000000,0
613121,1787895624.0,6.0,0,0,0,0.000000,0
613122,1787895630.0,6.0,0,0,0,0.000000,0
613123,1787895636.001,6.000999927520752,0,0,0,0.000000,0
613124,1787895642.0,5.999000072479248,0,0,0,0.000000,0
613125,1787895648.0,6.0,0,0,0,0.000000,0
613126,1787895654.0,6.0,0,0,0,0.000000,0
613127,1787895660.0,6.0,0,0,0,0.000000,0
613128,1787895666.0,6.0,0,0,0,0.000000,0
613129,1787895672.0,6.0,0,0,0,0.000000,0
613130,1787895678.0,6.0,0,0,0,0.000000,0
613131,1787895684.0,6.0,0,0,0,0.000000,0
613132,1787895690.001,6.000999927520752,0,0,0,0.000000,0
613133,1787895696.0,5.999000072479248,0,0,0,0.000000,0
613134,1787895702.0,6.0,0,0,0,0.000000,0
613135,1787895708.0,6.0,0,0,0,0.000000,0
613136,1787895714.0,6.0,0,0,0,0.000000,0
613137,1787895720.0,6.0,0,0,0,0.000000,0
613138,1787895726.001,6.000999927520752,0,0,0,0.000000,0
613139,1787895732.0,5.999000072479248,0,0,0,0.000000,0
613140,1787895738.0,6.0,0,0,0,0.000000,0
613141,1787895744.0,6.0,0,0,0,0.000000,0
613142,1787895750.0,6.0,0,0,0,0.000000,0
613143,1787895756.0,6.0,0,0,0,0.000000,0
613144,1787895762.0,6.0,0,0,0,0.000000,0
613145,1787895768.0,6.0,0,0,0,0.000000,0
613146,1787895774.0,6.0,0,0,0,0.000000,0
613147,1787895780.0,6.0,0,0,0,0.000000,0
613148,1787895786.0,6.0,0,0,0,0.000000,0
613149,1787895792.001,6.000999927520752,0,0,0,0.000000,0
613150,1787895798.001,6.0,0,0,0,0.000000,0
613151,1787895804.0,5.999000072479248,0,0,0,0.000000,0
613152,1787895810.0,6.0,0,0,0,0.000000,0
613153,1787895816.0,6.0,0,0,0,0.000000,0
613154,1787895822.0,6.0,0,0,0,0.000000,0
613155,1787895828.0,6.0,0,0,0,0.000000,0
613156,1787895834.0,6.0,0,0,0,0.000000,0
613157,1787895840.0,6.0,0,0,0,0.000000,0
613158,1787895846.0,6.0,0,0,0,0.000000,0
613159,1787895852.0,6.0,0,0,0,0.000000,0
613160,1787895858.001,6.000999927520752,0,0,0,0.000000,0
613161,1787895864.0,5.999000072479248,0,0,0,0.000000,0
613162,1787895870.0,6.0,0,0,0,0.000000,0
613163,1787895876.0,6.0,0,0,0,0.000000,0
613164,1787895882.0,6.0,0,0,0,0.000000,0
613165,1787895888.0,6.0,0,0,0,0.000000,0
613166,1787895894.001,6.000999927520752,0,0,0,0.000000,0
613167,1787895900.0,5.999000072479248,0,0,0,0.000000,0
613168,1787895906.0,6.0,0,0,0,0.000000,0
613169,1787895912.0,6.0,0,0,0,0.000000,0
613170,1787895918.0,6.0,0,0,0,0.000000,0
613171,1787895924.0,6.0,0,0,0,0.000000,0
613172,1787895930.0,6.0,0,0,0,0.000000,0
613173,1787895936.0,6.0,0,0,0,0.000000,0
613174,1787895942.001,6.000999927520752,0,0,0,0.000000,0
613175,1787895948.0,5.999000072479248,0,0,0,0.000000,0
613176,1787895954.0,6.0,0,0,0,0.000000,0
613177,1787895960.0,6.0,0,0,0,0.000000,0
613178,1787895966.0,6.0,0,0,0,0.000000,0
613179,1787895972.0,6.0,0,0,0,0.000000,0
613180,1787895978.0,6.0,0,0,0,0.000000,0
613181,1787895984.0,6.0,0,0,0,0.000000,0
613182,1787895990.0,6.0,0,0,0,0.000000,0
613183,1787895996.0,6.0,0,0,0,0.000000,0
613184,1787896002.001,6.000999927520752,0,0,0,0.000000,0
613185,1787896008.0,5.999000072479248,0,0,0,0.000000,0
613186,1787896014.0,6.0,0,0,0,0.000000,0
613187,1787896020.001,6.000999927520752,0,0,0,0.000000,0
613188,1787896026.0,5.999000072479248,0,0,0,0.000000,0
613189,1787896032.0,6.0,0,0,0,0.000000,0
613190,1787896038.0,6.0,0,0,0,0.000000,0
613191,1787896044.0,6.0,0,0,0,0.000000,0
613192,1787896050.0,6.0,0,0,0,0.000000,0
613193,1787896056.0,6.0,0,0,0,0.000000,0
613194,1787896062.0,6.0,0,0,0,0.000000,0
613195,1787896068.0,6.0,0,0,0,0.000000,0
613196,1787896074.0,6.0,0,0,0,0.000000,0
613197,1787896080.0,6.0,0,0,0,0.000000,0
613198,1787896086.0,6.0,0,0,0,0.000000,0
613199,1787896092.0,6.0,0,0,0,0.000000,0
613200,1787896098.0,6.0,0,0,0,0.000000,0
613201,1787896104.0,6.0,0,0,0,0.000000,0
613202,1787896110.0,6.0,0,0,0,0.000000,0
613203,1787896116.0,6.0,0,0,0,0.000000,0
613204,1787896122.0,6.0,0,0,0,0.000000,0
613205,1787896128.0,6.0,0,0,0,0.000000,0
613206,1787896134.0,6.0,0,0,0,0.000000,0
613207,1787896140.001,6.000999927520752,0,0,0,0.000000,0
613208,1787896146.0,5.999000072479248,0,0,0,0.000000,0
613209,1787896152.001,6.000999927520752,0,0,0,0.000000,0
613210,1787896158.0,5.999000072479248,0,0,0,0.000000,0
613211,1787896164.0,6.0,0,0,0,0.000000,0
613212,1787896170.0,6.0,0,0,0,0.000000,0
613213,1787896176.0,6.0,0,0,0,0.000000,0
613214,1787896182.0,6.0,0,0,0,0.000000,0
613215,1787896188.0,6.0,0,0,0,0.000000,0
613216,1787896194.0,6.0,0,0,0,0.000000,0
613217,1787896200.001,6.000999927520752,0,0,0,0.000000,0
613218,1787896206.0,5.999000072479248,0,0,0,0.000000,0
613219,1787896212.0,6.0,0,0,0,0.000000,0
613220,1787896218.0,6.0,0,0,0,0.000000,0
613221,1787896224.0,6.0,0,0,0,0.000000,0
613222,1787896230.001,6.000999927520752,0,0,0,0.000000,0
613223,1787896236.001,6.0,0,0,0,0.000000,0
613224,1787896242.0,5.999000072479248,0,0,0,0.000000,0
613225,1787896248.0,6.0,0,0,0,0.000000,0
613226,1787896254.0,6.0,0,0,0,0.000000,0
613227,1787896260.0,6.0,0,0,0,0.000000,0
613228,1787896266.0,6.0,0,0,0,0.000000,0
613229,1787896272.001,6.000999927520752,0,0,0,0.000000,0
613230,1787896278.001,6.0,0,0,0,0.000000,0
613231,1787896284.0,5.999000072479248,0,0,0,0.000000,0
613232,1787896290.001,6.000999927520752,0,0,0,0.000000,0
613233,1787896296.001,6.0,0,0,0,0.000000,0
613234,1787896302.0,5.999000072479248,0,0,0,0.000000,0
613235,1787896308.001,6.000999927520752,0,0,0,0.000000,0
613236,1787896314.0,5.999000072479248,0,0,0,0.000000,0
613237,1787896320.0,6.0,0,0,0,0.000000,0
613238,1787896326.0,6.0,0,0,0,0.000000,0
613239,1787896332.0,6.0,0,0,0,0.000000,0
613240,1787896338.0,6.0,0,0,0,0.000000,0
613241,1787896344.0,6.0,0,0,0,0.000000,0
613242,1787896350.0,6.0,0,0,0,0.000000,0
613243,1787896356.0,6.0,0,0,0,0.000000,0
613244,1787896362.0,6.0,0,0,0,0.000000,0
613245,1787896368.0,6.0,0,0,0,0.000000,0
613246,1787896374.001,6.000999927520752,0,0,0,0.000000,0
613247,1787896380.0,5.999000072479248,1,1,30759,0.153795,1
613248,1787896386.0,6.0,0,0,0,0.000000,0
613249,1787896392.0,6.0,0,0,0,0.000000,0
613250,1787896398.0,6.0,0,0,0,0.000000,0
613251,1787896404.0,6.0,0,0,0,0.000000,0
613252,1787896410.001,6.000999927520752,1,1,20923,0.104615,1
613253,1787896416.0,5.999000072479248,0,0,0,0.000000,0
613254,1787896422.0,6.0,0,0,0,0.000000,0
613255,1787896428.0,6.0,0,0,0,0.000000,0
613256,1787896434.0,6.0,0,0,0,0.000000,0
613257,1787896440.001,6.000999927520752,1,1,20800,0.104000,1
613258,1787896446.0,5.999000072479248,0,0,0,0.000000,0
613259,1787896452.001,6.000999927520752,0,0,0,0.000000,0
613260,1787896458.0,5.999000072479248,0,0,0,0.000000,0
613261,1787896464.0,6.0,0,0,0,0.000000,0
613262,1787896470.0,6.0,0,0,0,0.000000,0
613263,1787896476.0,6.0,0,0,0,0.000000,0
613264,1787896482.0,6.0,0,0,0,0.000000,0
613265,1787896488.001,6.000999927520752,1,1,30755,0.153775,1
613266,1787896494.0,5.999000072479248,0,0,0,0.000000,0
613267,1787896500.0,6.0,0,0,0,0.000000,0
613268,1787896506.001,6.000999927520752,0,0,0,0.000000,0
613269,1787896512.0,5.999000072479248,0,0,0,0.000000,0
613270,1787896518.0,6.0,1,1,20925,0.104625,1
613271,1787896524.0,6.0,0,0,0,0.000000,0
613272,1787896530.0,6.0,0,0,0,0.000000,0
613273,1787896536.001,6.000999927520752,0,0,0,0.000000,0
613274,1787896542.001,6.0,0,0,0,0.000000,0
613275,1787896548.001,6.0,0,0,0,0.000000,0
613276,1787896554.0,5.999000072479248,1,1,30755,0.153775,1
613277,1787896560.001,6.000999927520752,0,0,0,0.000000,0
613278,1787896566.001,6.0,0,0,0,0.000000,0
613279,1787896572.001,6.0,0,0,0,0.000000,0
613280,1787896578.0,5.999000072479248,0,0,0,0.000000,0
613281,1787896584.001,6.000999927520752,0,0,0,0.000000,0
613282,1787896590.0,5.999000072479248,0,0,0,0.000000,0
613283,1787896596.0,6.0,0,0,0,0.000000,0
613284,1787896602.0,6.0,0,0,0,0.000000,0
613285,1787896608.0,6.0,1,1,36119,0.180595,1
613286,1787896614.0,6.0,0,0,0,0.000000,0
613287,1787896620.0,6.0,0,0,0,0.000000,0
613288,1787896626.0,6.0,0,0,0,0.000000,0
613289,1787896632.0,6.0,1,1,30755,0.153775,1
613290,1787896638.0,6.0,0,0,0,0.000000,0
613291,1787896644.0,6.0,0,0,0,0.000000,0
613292,1787896650.0,6.0,0,0,0,0.000000,0
613293,1787896656.0,6.0,0,0,0,0.000000,0
613294,1787896662.0,6.0,1,1,20934,0.104670,1
613295,1787896668.0,6.0,0,0,0,0.000000,0
613296,1787896674.0,6.0,0,0,0,0.000000,0
613297,1787896680.0,6.0,0,0,0,0.000000,0
613298,1787896686.0,6.0,0,0,0,0.000000,0
613299,1787896692.0,6.0,1,1,20800,0.104000,1
613300,1787896698.001,6.000999927520752,0,0,0,0.000000,0
613301,1787896704.0,5.999000072479248,0,0,0,0.000000,0
613302,1787896710.0,6.0,0,0,0,0.000000,0
613303,1787896716.0,6.0,0,0,0,0.000000,0
613304,1787896722.0,6.0,0,0,0,0.000000,0
613305,1787896734.0,12.0,0,0,0,0.000000,0
613306,1787896740.0,6.0,0,0,0,0.000000,0
613307,1787896746.0,6.0,0,0,0,0.000000,0
613308,1787896752.0,6.0,1,1,21947,0.109735,1
613309,1787896758.0,6.0,0,0,0,0.000000,0
613310,1787896764.0,6.0,0,0,0,0.000000,0
613311,1787896770.0,6.0,0,0,0,0.000000,0
613312,1787896776.0,6.0,0,0,0,0.000000,0
613313,1787896782.0,6.0,1,1,21738,0.108690,1
613314,1787896788.0,6.0,0,0,0,0.000000,0
613315,1787896794.0,6.0,0,0,0,0.000000,0
613316,1787896800.0,6.0,0,0,0,0.000000,0
613317,1787896806.0,6.0,0,0,0,0.000000,0
613318,1787896812.0,6.0,1,1,20257,0.101285,1
613319,1787896818.0,6.0,0,0,0,0.000000,0
613320,1787896824.001,6.000999927520752,0,0,0,0.000000,0
613321,1787896830.001,6.0,0,0,0,0.000000,0
613322,1787896836.0,5.999000072479248,1,1,21737,0.108685,1
613323,1787896842.001,6.000999927520752,0,0,0,0.000000,0
613324,1787896848.0,5.999000072479248,0,0,0,0.000000,0
613325,1787896854.0,6.0,0,0,0,0.000000,0
613326,1787896860.001,6.000999927520752,1,1,21947,0.109735,1
613327,1787896866.001,6.0,0,0,0,0.000000,0
613328,1787896872.001,6.0,0,0,0,0.000000,0
613329,1787896878.0,5.999000072479248,0,0,0,0.000000,0
613330,1787896884.0,6.0,0,0,0,0.000000,0
613331,1787896890.0,6.0,1,1,18631,0.093155,1
613332,1787896896.0,6.0,0,0,0,0.000000,0
613333,1787896902.001,6.000999927520752,0,0,0,0.000000,0
613334,1787896908.0,5.999000072479248,0,0,0,0.000000,0
613335,1787896914.0,6.0,0,0,0,0.000000,0
613336,1787896920.0,6.0,0,0,0,0.000000,0
613337,1787896926.0,6.0,0,0,0,0.000000,0
613338,1787896932.001,6.000999927520752,0,0,0,0.000000,0
613339,1787896938.0,5.999000072479248,0,0,0,0.000000,0
613340,1787896944.0,6.0,0,0,0,0.000000,0
613341,1787896950.0,6.0,1,1,17102,0.085510,1
613342,1787896956.0,6.0,0,0,0,0.000000,0
613343,1787896962.0,6.0,0,0,0,0.000000,0
613344,1787896968.0,6.0,0,0,0,0.000000,0
613345,1787896974.0,6.0,0,0,0,0.000000,0
613346,1787896980.001,6.000999927520752,1,1,18654,0.093270,1
613347,1787896986.0,5.999000072479248,0,0,0,0.000000,0
613348,1787896992.0,6.0,0,0,0,0.000000,0
613349,1787896998.001,6.000999927520752,0,0,0,0.000000,0
613350,1787897004.0,5.999000072479248,0,0,0,0.000000,0
613351,1787897010.0,6.0,0,0,0,0.000000,0
613352,1787897016.0,6.0,0,0,0,0.000000,0
613353,1787897022.0,6.0,0,0,0,0.000000,0
613354,1787897028.0,6.0,0,0,0,0.000000,0
613355,1787897034.001,6.000999927520752,0,0,0,0.000000,0
613356,1787897040.0,5.999000072479248,2,2,32565,0.162825,2
613357,1787897046.0,6.0,0,0,0,0.000000,0
613358,1787897052.0,6.0,0,0,0,0.000000,0
613359,1787897058.0,6.0,0,0,0,0.000000,0
613360,1787897064.0,6.0,1,1,20092,0.100460,1
613361,1787897070.001,6.000999927520752,0,0,0,0.000000,0
613362,1787897076.0,5.999000072479248,0,0,0,0.000000,0
613363,1787897082.0,6.0,0,0,0,0.000000,0
613364,1787897088.0,6.0,0,0,0,0.000000,0
613365,1787897094.0,6.0,1,1,20300,0.101500,1
613366,1787897100.001,6.000999927520752,0,0,0,0.000000,0
613367,1787897106.0,5.999000072479248,0,0,0,0.000000,0
613368,1787897112.0,6.0,0,0,0,0.000000,0
613369,1787897118.001,6.000999927520752,1,1,20093,0.100465,1
613370,1787897124.0,5.999000072479248,0,0,0,0.000000,0
613371,1787897130.0,6.0,0,0,0,0.000000,0
613372,1787897136.0,6.0,0,0,0,0.000000,0
613373,1787897142.0,6.0,0,0,0,0.000000,0
613374,1787897148.0,6.0,1,1,20303,0.101515,1
613375,1787897154.0,6.0,0,0,0,0.000000,0
613376,1787897160.001,6.000999927520752,0,0,0,0.000000,0
613377,1787897166.001,6.0,0,0,0,0.000000,0
613378,1787897172.0,5.999000072479248,0,0,0,0.000000,0
613379,1787897178.0,6.0,1,1,20410,0.102050,1
613380,1787897184.001,6.000999927520752,0,0,0,0.000000,0
613381,1787897190.0,5.999000072479248,0,0,0,0.000000,0
613382,1787897196.0,6.0,0,0,0,0.000000,0
613383,1787897202.001,6.000999927520752,1,1,20092,0.100460,1
613384,1787897208.0,5.999000072479248,0,0,0,0.000000,0
613385,1787897214.0,6.0,0,0,0,0.000000,0
613386,1787897220.0,6.0,0,0,0,0.000000,0
613387,1787897226.0,6.0,0,0,0,0.000000,0
613388,1787897232.0,6.0,1,1,20299,0.101495,1
613389,1787897238.001,6.000999927520752,0,0,0,0.000000,0
613390,1787897244.0,5.999000072479248,0,0,0,0.000000,0
613391,1787897250.0,6.0,0,0,0,0.000000,0
613392,1787897256.0,6.0,0,0,0,0.000000,0
613393,1787897262.0,6.0,0,0,0,0.000000,0
613394,1787897268.001,6.000999927520752,0,0,0,0.000000,0
613395,1787897274.0,5.999000072479248,0,0,0,0.000000,0
613396,1787897280.0,6.0,0,0,0,0.000000,0
613397,1787897286.0,6.0,0,0,0,0.000000,0
613398,1787897292.0,6.0,0,0,0,0.000000,0
613399,1787897298.0,6.0,1,1,16979,0.084895,1
613400,1787897304.001,6.000999927520752,0,0,0,0.000000,0
613401,1787897310.001,6.0,0,0,0,0.000000,0
613402,1787897316.0,5.999000072479248,0,0,0,0.000000,0
613403,1787897322.001,6.000999927520752,1,1,16979,0.084895,1
613404,1787897328.001,6.0,0,0,0,0.000000,0
613405,1787897334.0,5.999000072479248,0,0,0,0.000000,0
613406,1787897340.0,6.0,0,0,0,0.000000,0
613407,1787897346.0,6.0,0,0,0,0.000000,0
613408,1787897352.0,6.0,1,1,18566,0.092830,1
613409,1787897358.001,6.000999927520752,0,0,0,0.000000,0
613410,1787897364.0,5.999000072479248,0,0,0,0.000000,0
613411,1787897370.001,6.000999927520752,0,0,0,0.000000,0
613412,1787897376.0,5.999000072479248,0,0,0,0.000000,0
613413,1787897382.0,6.0,0,0,0,0.000000,0
613414,1787897388.0,6.0,0,0,0,0.000000,0
613415,1787897394.0,6.0,0,0,0,0.000000,0
613416,1787897400.0,6.0,0,0,0,0.000000,0
613417,1787897406.001,6.000999927520752,0,0,0,0.000000,0
613418,1787897412.0,5.999000072479248,0,0,0,0.000000,0
613419,1787897418.0,6.0,1,1,18383,0.091915,1
613420,1787897424.001,6.000999927520752,0,0,0,0.000000,0
613421,1787897430.001,6.0,0,0,0,0.000000,0
613422,1787897436.0,5.999000072479248,0,0,0,0.000000,0
613423,1787897442.0,6.0,1,1,18383,0.091915,1
613424,1787897448.0,6.0,0,0,0,0.000000,0
613425,1787897454.0,6.0,0,0,0,0.000000,0
613426,1787897460.0,6.0,0,0,0,0.000000,0
613427,1787897466.0,6.0,0,0,0,0.000000,0
613428,1787897472.0,6.0,1,1,18552,0.092760,1
613429,1787897478.0,6.0,0,0,0,0.000000,0
613430,1787897484.0,6.0,0,0,0,0.000000,0
613431,1787897490.0,6.0,0,0,0,0.000000,0
613432,1787897496.0,6.0,1,1,18382,0.091910,1
613433,1787897502.0,6.0,0,0,0,0.000000,0
613434,1787897508.0,6.0,0,0,0,0.000000,0
613435,1787897514.0,6.0,0,0,0,0.000000,0
613436,1787897520.0,6.0,0,0,0,0.000000,0
613437,1787897526.0,6.0,1,1,18552,0.092760,1
613438,1787897532.0,6.0,0,0,0,0.000000,0
613439,1787897538.0,6.0,0,0,0,0.000000,0
613440,1787897544.0,6.0,0,0,0,0.000000,0
613441,1787897550.0,6.0,0,0,0,0.000000,0
613442,1787897556.0,6.0,0,0,0,0.000000,0
613443,1787897562.001,6.000999927520752,0,0,0,0.000000,0
613444,1787897568.0,5.999000072479248,0,0,0,0.000000,0
613445,1787897574.0,6.0,0,0,0,0.000000,0
613446,1787897580.0,6.0,0,0,0,0.000000,0
613447,1787897586.0,6.0,2,2,22191,0.110955,2
613448,1787897592.0,6.0,0,0,0,0.000000,0
613449,1787897598.0,6.0,0,0,0,0.000000,0
613450,1787897604.0,6.0,0,0,0,0.000000,0
613451,1787897610.0,6.0,1,1,15613,0.078065,1
613452,1787897616.001,6.000999927520752,0,0,0,0.000000,0
613453,1787897622.0,5.999000072479248,0,0,0,0.000000,0
613454,1787897628.001,6.000999927520752,0,0,0,0.000000,0
613455,1787897634.0,5.999000072479248,0,0,0,0.000000,0
613456,1787897640.0,6.0,0,0,0,0.000000,0
613457,1787897646.0,6.0,0,0,0,0.000000,0
613458,1787897652.0,6.0,0,0,0,0.000000,0
613459,1787897658.0,6.0,0,0,0,0.000000,0
613460,1787897664.0,6.0,0,0,0,0.000000,0
613461,1787897670.0,6.0,1,1,18383,0.091915,1
613462,1787897676.0,6.0,0,0,0,0.000000,0
613463,1787897682.0,6.0,0,0,0,0.000000,0
613464,1787897688.0,6.0,0,0,0,0.000000,0
613465,1787897694.0,6.0,1,1,18552,0.092760,1
613466,1787897700.0,6.0,0,0,0,0.000000,0
613467,1787897706.0,6.0,0,0,0,0.000000,0
613468,1787897712.0,6.0,0,0,0,0.000000,0
613469,1787897718.0,6.0,0,0,0,0.000000,0
613470,1787897724.0,6.0,0,0,0,0.000000,0
613471,1787897730.0,6.0,0,0,0,0.000000,0
613472,1787897736.0,6.0,0,0,0,0.000000,0
613473,1787897742.0,6.0,0,0,0,0.000000,0
613474,1787897748.0,6.0,0,0,0,0.000000,0
613475,1787897754.0,6.0,0,0,0,0.000000,0
613476,1787897760.001,6.000999927520752,0,0,0,0.000000,0
613477,1787897766.0,5.999000072479248,0,0,0,0.000000,0
613478,1787897772.0,6.0,0,0,0,0.000000,0
613479,1787897778.001,6.000999927520752,0,0,0,0.000000,0
613480,1787897784.0,5.999000072479248,1,1,4337,0.021685,1
613481,1787897790.0,6.0,0,0,0,0.000000,0
613482,1787897796.001,6.000999927520752,0,0,0,0.000000,0
613483,1787897802.0,5.999000072479248,0,0,0,0.000000,0
613484,1787897808.0,6.0,0,0,0,0.000000,0
613485,1787897814.0,6.0,0,0,0,0.000000,0
613486,1787897820.0,6.0,0,0,0,0.000000,0
613487,1787897826.0,6.0,0,0,0,0.000000,0
613488,1787897832.0,6.0,0,0,0,0.000000,0
613489,1787897838.0,6.0,1,1,26741,0.133705,1
613490,1787897844.0,6.0,0,0,0,0.000000,0
613491,1787897850.001,6.000999927520752,0,0,0,0.000000,0
613492,1787897856.0,5.999000072479248,0,0,0,0.000000,0
613493,1787897862.001,6.000999927520752,0,0,0,0.000000,0
613494,1787897868.0,5.999000072479248,0,0,0,0.000000,0
613495,1787897874.0,6.0,0,0,0,0.000000,0
613496,1787897880.0,6.0,0,0,0,0.000000,0
613497,1787897886.0,6.0,0,0,0,0.000000,0
613498,1787897892.0,6.0,0,0,0,0.000000,0
613499,1787897898.001,6.000999927520752,0,0,0,0.000000,0
613500,1787897904.0,5.999000072479248,0,0,0,0.000000,0
613501,1787897910.0,6.0,0,0,0,0.000000,0
613502,1787897916.0,6.0,0,0,0,0.000000,0
613503,1787897922.0,6.0,0,0,0,0.000000,0
613504,1787897928.001,6.000999927520752,0,0,0,0.000000,0
613505,1787897934.0,5.999000072479248,0,0,0,0.000000,0
613506,1787897940.0,6.0,0,0,0,0.000000,0
613507,1787897946.001,6.000999927520752,0,0,0,0.000000,0
613508,1787897952.0,5.999000072479248,0,0,0,0.000000,0
613509,1787897958.0,6.0,0,0,0,0.000000,0
613510,1787897964.0,6.0,0,0,0,0.000000,0
613511,1787897970.0,6.0,0,0,0,0.000000,0
613512,1787897976.0,6.0,0,0,0,0.000000,0
613513,1787897982.0,6.0,0,0,0,0.000000,0
613514,1787897988.001,6.000999927520752,0,0,0,0.000000,0
613515,1787897994.0,5.999000072479248,0,0,0,0.000000,0
613516,1787898000.0,6.0,0,0,0,0.000000,0
613517,1787898006.0,6.0,0,0,0,0.000000,0
613518,1787898012.0,6.0,0,0,0,0.000000,0
613519,1787898018.0,6.0,0,0,0,0.000000,0
613520,1787898024.001,6.000999927520752,0,0,0,0.000000,0
613521,1787898030.0,5.999000072479248,0,0,0,0.000000,0
613522,1787898036.0,6.0,0,0,0,0.000000,0
613523,1787898042.0,6.0,0,0,0,0.000000,0
613524,1787898048.0,6.0,0,0,0,0.000000,0
613525,1787898054.0,6.0,0,0,0,0.000000,0
613526,1787898060.0,6.0,0,0,0,0.000000,0
613527,1787898066.0,6.0,0,0,0,0.000000,0
613528,1787898072.0,6.0,0,0,0,0.000000,0
613529,1787898078.0,6.0,0,0,0,0.000000,0
613530,1787898084.0,6.0,0,0,0,0.000000,0
613531,1787898090.0,6.0,0,0,0,0.000000,0
613532,1787898096.0,6.0,0,0,0,0.000000,0
613533,1787898102.0,6.0,0,0,0,0.000000,0
613534,1787898108.0,6.0,0,0,0,0.000000,0
613535,1787898114.0,6.0,0,0,0,0.000000,0
613536,1787898120.001,6.000999927520752,0,0,0,0.000000,0
613537,1787898126.0,5.999000072479248,0,0,0,0.000000,0
613538,1787898132.0,6.0,0,0,0,0.000000,0
613539,1787898138.0,6.0,0,0,0,0.000000,0
613540,1787898144.0,6.0,0,0,0,0.000000,0
613541,1787898150.0,6.0,0,0,0,0.000000,0
613542,1787898156.0,6.0,0,0,0,0.000000,0
613543,1787898162.0,6.0,0,0,0,0.000000,0
613544,1787898168.0,6.0,0,0,0,0.000000,0
613545,1787898174.0,6.0,0,0,0,0.000000,0
613546,1787898180.0,6.0,0,0,0,0.000000,0
613547,1787898186.001,6.000999927520752,0,0,0,0.000000,0
613548,1787898192.0,5.999000072479248,0,0,0,0.000000,0
613549,1787898198.001,6.000999927520752,0,0,0,0.000000,0
613550,1787898204.0,5.999000072479248,0,0,0,0.000000,0
613551,1787898210.0,6.0,0,0,0,0.000000,0
613552,1787898216.001,6.000999927520752,0,0,0,0.000000,0
613553,1787898222.001,6.0,0,0,0,0.000000,0
613554,1787898228.001,6.0,0,0,0,0.000000,0
613555,1787898234.0,5.999000072479248,0,0,0,0.000000,0
613556,1787898240.0,6.0,0,0,0,0.000000,0
613557,1787898246.0,6.0,0,0,0,0.000000,0
613558,1787898252.0,6.0,0,0,0,0.000000,0
613559,1787898258.001,6.000999927520752,0,0,0,0.000000,0
613560,1787898264.0,5.999000072479248,0,0,0,0.000000,0
613561,1787898270.001,6.000999927520752,0,0,0,0.000000,0
613562,1787898276.0,5.999000072479248,0,0,0,0.000000,0
613563,1787898282.0,6.0,0,0,0,0.000000,0
613564,1787898288.0,6.0,0,0,0,0.000000,0
613565,1787898294.0,6.0,0,0,0,0.000000,0
613566,1787898300.0,6.0,0,0,0,0.000000,0
613567,1787898306.0,6.0,0,0,0,0.000000,0
613568,1787898312.0,6.0,0,0,0,0.000000,0
613569,1787898318.0,6.0,0,0,0,0.000000,0
613570,1787898324.0,6.0,0,0,0,0.000000,0
613571,1787898330.0,6.0,0,0,0,0.000000,0
613572,1787898336.0,6.0,0,0,0,0.000000,0
613573,1787898342.0,6.0,0,0,0,0.000000,0
613574,1787898348.0,6.0,0,0,0,0.000000,0
613575,1787898354.0,6.0,0,0,0,0.000000,0
613576,1787898360.0,6.0,0,0,0,0.000000,0
613577,1787898366.0,6.0,0,0,0,0.000000,0
613578,1787898372.0,6.0,0,0,0,0.000000,0
613579,1787898378.0,6.0,0,0,0,0.000000,0
613580,1787898384.0,6.0,0,0,0,0.000000,0
613581,1787898390.001,6.000999927520752,0,0,0,0.000000,0
613582,1787898396.0,5.999000072479248,0,0,0,0.000000,0
613583,1787898402.0,6.0,0,0,0,0.000000,0
613584,1787898408.0,6.0,0,0,0,0.000000,0
613585,1787898414.001,6.000999927520752,0,0,0,0.000000,0
613586,1787898420.0,5.999000072479248,0,0,0,0.000000,0
613587,1787898426.001,6.000999927520752,0,0,0,0.000000,0
613588,1787898432.0,5.999000072479248,0,0,0,0.000000,0
613589,1787898438.0,6.0,0,0,0,0.000000,0
613590,1787898444.0,6.0,0,0,0,0.000000,0
613591,1787898450.001,6.000999927520752,0,0,0,0.000000,0
613592,1787898456.0,5.999000072479248,0,0,0,0.000000,0
613593,1787898462.001,6.000999927520752,0,0,0,0.000000,0
613594,1787898468.0,5.999000072479248,0,0,0,0.000000,0
613595,1787898474.0,6.0,0,0,0,0.000000,0
613596,1787898480.0,6.0,0,0,0,0.000000,0
613597,1787898486.0,6.0,0,0,0,0.000000,0
613598,1787898492.0,6.0,0,0,0,0.000000,0
613599,1787898498.0,6.0,0,0,0,0.000000,0
613600,1787898504.0,6.0,0,0,0,0.000000,0
613601,1787898510.0,6.0,0,0,0,0.000000,0
613602,1787898516.0,6.0,0,0,0,0.000000,0
613603,1787898522.0,6.0,0,0,0,0.000000,0
613604,1787898528.0,6.0,0,0,0,0.000000,0
613605,1787898534.001,6.000999927520752,0,0,0,0.000000,0
613606,1787898540.0,5.999000072479248,0,0,0,0.000000,0
613607,1787898546.0,6.0,0,0,0,0.000000,0
613608,1787898552.0,6.0,0,0,0,0.000000,0
613609,1787898558.0,6.0,0,0,0,0.000000,0
613610,1787898564.0,6.0,0,0,0,0.000000,0
613611,1787898570.0,6.0,0,0,0,0.000000,0
613612,1787898576.0,6.0,0,0,0,0.000000,0
613613,1787898582.0,6.0,0,0,0,0.000000,0
613614,1787898588.0,6.0,0,0,0,0.000000,0
613615,1787898594.001,6.000999927520752,0,0,0,0.000000,0
613616,1787898600.0,5.999000072479248,0,0,0,0.000000,0
613617,1787898606.0,6.0,0,0,0,0.000000,0
613618,1787898612.0,6.0,0,0,0,0.000000,0
613619,1787898618.0,6.0,0,0,0,0.000000,0
613620,1787898624.001,6.000999927520752,0,0,0,0.000000,0
613621,1787898630.001,6.0,0,0,0,0.000000,0
613622,1787898636.0,5.999000072479248,0,0,0,0.000000,0
613623,1787898642.0,6.0,0,0,0,0.000000,0
613624,1787898648.0,6.0,0,0,0,0.000000,0
613625,1787898654.001,6.000999927520752,0,0,0,0.000000,0
613626,1787898660.0,5.999000072479248,0,0,0,0.000000,0
613627,1787898666.0,6.0,0,0,0,0.000000,0
613628,1787898672.0,6.0,0,0,0,0.000000,0
613629,1787898678.0,6.0,0,0,0,0.000000,0
613630,1787898684.0,6.0,0,0,0,0.000000,0
613631,1787898690.001,6.000999927520752,0,0,0,0.000000,0
613632,1787898696.0,5.999000072479248,0,0,0,0.000000,0
613633,1787898702.0,6.0,0,0,0,0.000000,0
613634,1787898708.0,6.0,0,0,0,0.000000,0
613635,1787898714.001,6.000999927520752,0,0,0,0.000000,0
613636,1787898720.0,5.999000072479248,0,0,0,0.000000,0
613637,1787898726.001,6.000999927520752,0,0,0,0.000000,0
613638,1787898732.0,5.999000072479248,0,0,0,0.000000,0
613639,1787898738.0,6.0,0,0,0,0.000000,0
613640,1787898744.0,6.0,0,0,0,0.000000,0
613641,1787898750.0,6.0,0,0,0,0.000000,0
613642,1787898756.0,6.0,0,0,0,0.000000,0
613643,1787898762.001,6.000999927520752,0,0,0,0.000000,0
613644,1787898768.0,5.999000072479248,0,0,0,0.000000,0
613645,1787898774.0,6.0,0,0,0,0.000000,0
613646,1787898780.0,6.0,0,0,0,0.000000,0
613647,1787898786.0,6.0,0,0,0,0.000000,0
613648,1787898792.0,6.0,0,0,0,0.000000,0
613649,1787898798.0,6.0,0,0,0,0.000000,0
613650,1787898804.0,6.0,0,0,0,0.000000,0
613651,1787898810.0,6.0,0,0,0,0.000000,0
613652,1787898816.0,6.0,0,0,0,0.000000,0
613653,1787898822.0,6.0,0,0,0,0.000000,0
613654,1787898828.0,6.0,0,0,0,0.000000,0
613655,1787898834.0,6.0,0,0,0,0.000000,0
613656,1787898840.0,6.0,0,0,0,0.000000,0
613657,1787898846.0,6.0,0,0,0,0.000000,0
613658,1787898852.001,6.000999927520752,0,0,0,0.000000,0
613659,1787898858.001,6.0,0,0,0,0.000000,0
613660,1787898864.0,5.999000072479248,0,0,0,0.000000,0
613661,1787898870.0,6.0,0,0,0,0.000000,0
613662,1787898876.0,6.0,0,0,0,0.000000,0
613663,1787898882.001,6.000999927520752,0,0,0,0.000000,0
613664,1787898888.0,5.999000072479248,0,0,0,0.000000,0
613665,1787898894.0,6.0,0,0,0,0.000000,0
613666,1787898900.001,6.000999927520752,0,0,0,0.000000,0
613667,1787898906.0,5.999000072479248,0,0,0,0.000000,0
613668,1787898912.0,6.0,0,0,0,0.000000,0
613669,1787898918.0,6.0,0,0,0,0.000000,0
613670,1787898924.0,6.0,0,0,0,0.000000,0
613671,1787898930.0,6.0,0,0,0,0.000000,0
613672,1787898936.0,6.0,0,0,0,0.000000,0
613673,1787898942.0,6.0,0,0,0,0.000000,0
613674,1787898948.0,6.0,0,0,0,0.000000,0
613675,1787898954.0,6.0,0,0,0,0.000000,0
613676,1787898960.0,6.0,0,0,0,0.000000,0
613677,1787898966.0,6.0,0,0,0,0.000000,0
613678,1787898972.0,6.0,0,0,0,0.000000,0
613679,1787898978.0,6.0,0,0,0,0.000000,0
613680,1787898984.0,6.0,0,0,0,0.000000,0
613681,1787898990.0,6.0,0,0,0,0.000000,0
613682,1787898996.0,6.0,0,0,0,0.000000,0
613683,1787899002.001,6.000999927520752,0,0,0,0.000000,0
613684,1787899008.001,6.0,0,0,0,0.000000,0
613685,1787899014.0,5.999000072479248,0,0,0,0.000000,0
613686,1787899020.0,6.0,1,1,26741,0.133705,1
613687,1787899026.0,6.0,0,0,0,0.000000,0
613688,1787899032.0,6.0,0,0,0,0.000000,0
613689,1787899038.0,6.0,0,0,0,0.000000,0
613690,1787899044.0,6.0,0,0,0,0.000000,0
613691,1787899050.0,6.0,0,0,0,0.000000,0
613692,1787899056.0,6.0,0,0,0,0.000000,0
613693,1787899062.0,6.0,0,0,0,0.000000,0
613694,1787899068.0,6.0,0,0,0,0.000000,0
613695,1787899074.0,6.0,0,0,0,0.000000,0
613696,1787899080.0,6.0,0,0,0,0.000000,0
613697,1787899086.0,6.0,0,0,0,0.000000,0
613698,1787899092.0,6.0,0,0,0,0.000000,0
613699,1787899098.0,6.0,0,0,0,0.000000,0
613700,1787899104.0,6.0,0,0,0,0.000000,0
613701,1787899110.001,6.000999927520752,0,0,0,0.000000,0
613702,1787899116.0,5.999000072479248,0,0,0,0.000000,0
613703,1787899122.0,6.0,0,0,0,0.000000,0
613704,1787899128.0,6.0,0,0,0,0.000000,0
613705,1787899134.0,6.0,0,0,0,0.000000,0
613706,1787899140.0,6.0,0,0,0,0.000000,0
613707,1787899146.0,6.0,0,0,0,0.000000,0
613708,1787899152.0,6.0,0,0,0,0.000000,0
613709,1787899158.0,6.0,0,0,0,0.000000,0
613710,1787899164.0,6.0,0,0,0,0.000000,0
613711,1787899170.0,6.0,0,0,0,0.000000,0
613712,1787899176.0,6.0,0,0,0,0.000000,0
613713,1787899182.0,6.0,0,0,0,0.000000,0
613714,1787899188.0,6.0,0,0,0,0.000000,0
613715,1787899194.0,6.0,0,0,0,0.000000,0
613716,1787899200.0,6.0,0,0,0,0.000000,0
613717,1787899206.0,6.0,0,0,0,0.000000,0
613718,1787899212.0,6.0,1,1,4554,0.022770,1
613719,1787899218.0,6.0,0,0,0,0.000000,0
613720,1787899224.0,6.0,0,0,0,0.000000,0
613721,1787899230.0,6.0,0,0,0,0.000000,0
613722,1787899236.0,6.0,0,0,0,0.000000,0
613723,1787899242.0,6.0,0,0,0,0.000000,0
613724,1787899248.0,6.0,0,0,0,0.000000,0
613725,1787899254.0,6.0,1,1,3939,0.019695,1
613726,1787899260.0,6.0,0,0,0,0.000000,0
613727,1787899266.0,6.0,0,0,0,0.000000,0
613728,1787899272.0,6.0,0,0,0,0.000000,0
613729,1787899278.0,6.0,0,0,0,0.000000,0
613730,1787899284.0,6.0,0,0,0,0.000000,0
613731,1787899290.0,6.0,0,0,0,0.000000,0
613732,1787899296.0,6.0,0,0,0,0.000000,0
613733,1787899302.0,6.0,0,0,0,0.000000,0
613734,1787899308.001,6.000999927520752,0,0,0,0.000000,0
613735,1787899314.0,5.999000072479248,0,0,0,0.000000,0
613736,1787899320.0,6.0,0,0,0,0.000000,0
613737,1787899326.0,6.0,0,0,0,0.000000,0
613738,1787899332.0,6.0,0,0,0,0.000000,0
613739,1787899338.001,6.000999927520752,0,0,0,0.000000,0
613740,1787899344.0,5.999000072479248,0,0,0,0.000000,0
613741,1787899350.0,6.0,1,1,26741,0.133705,1
613742,1787899356.0,6.0,0,0,0,0.000000,0
613743,1787899362.001,6.000999927520752,0,0,0,0.000000,0
613744,1787899368.0,5.999000072479248,0,0,0,0.000000,0
613745,1787899374.0,6.0,0,0,0,0.000000,0
613746,1787899380.0,6.0,0,0,0,0.000000,0
613747,1787899386.001,6.000999927520752,0,0,0,0.000000,0
613748,1787899392.0,5.999000072479248,0,0,0,0.000000,0
613749,1787899398.0,6.0,0,0,0,0.000000,0
613750,1787899404.0,6.0,1,1,21579,0.107895,1
613751,1787899410.0,6.0,0,0,0,0.000000,0
613752,1787899416.0,6.0,0,0,0,0.000000,0
613753,1787899422.001,6.000999927520752,0,0,0,0.000000,0
613754,1787899428.0,5.999000072479248,0,0,0,0.000000,0
613755,1787899434.0,6.0,0,0,0,0.000000,0
613756,1787899440.0,6.0,0,0,0,0.000000,0
613757,1787899446.0,6.0,0,0,0,0.000000,0
613758,1787899452.0,6.0,0,0,0,0.000000,0
613759,1787899458.001,6.000999927520752,0,0,0,0.000000,0
613760,1787899464.0,5.999000072479248,0,0,0,0.000000,0
613761,1787899470.0,6.0,0,0,0,0.000000,0
613762,1787899476.0,6.0,0,0,0,0.000000,0
613763,1787899482.0,6.0,0,0,0,0.000000,0
613764,1787899488.001,6.000999927520752,0,0,0,0.000000,0
613765,1787899494.001,6.0,0,0,0,0.000000,0
613766,1787899500.0,5.999000072479248,0,0,0,0.000000,0
613767,1787899506.0,6.0,0,0,0,0.000000,0
613768,1787899512.0,6.0,0,0,0,0.000000,0
613769,1787899518.0,6.0,0,0,0,0.000000,0
613770,1787899524.001,6.000999927520752,0,0,0,0.000000,0
613771,1787899530.0,5.999000072479248,0,0,0,0.000000,0
613772,1787899536.0,6.0,0,0,0,0.000000,0
613773,1787899542.0,6.0,0,0,0,0.000000,0
613774,1787899548.0,6.0,0,0,0,0.000000,0
613775,1787899554.001,6.000999927520752,0,0,0,0.000000,0
613776,1787899560.0,5.999000072479248,0,0,0,0.000000,0
613777,1787899566.0,6.0,0,0,0,0.000000,0
613778,1787899572.0,6.0,0,0,0,0.000000,0
613779,1787899578.0,6.0,0,0,0,0.000000,0
613780,1787899584.001,6.000999927520752,0,0,0,0.000000,0
613781,1787899590.0,5.999000072479248,0,0,0,0.000000,0
613782,1787899596.001,6.000999927520752,0,0,0,0.000000,0
613783,1787899602.0,5.999000072479248,0,0,0,0.000000,0
613784,1787899608.0,6.0,0,0,0,0.000000,0
613785,1787899614.001,6.000999927520752,0,0,0,0.000000,0
613786,1787899620.0,5.999000072479248,0,0,0,0.000000,0
613787,1787899626.0,6.0,0,0,0,0.000000,0
613788,1787899632.001,6.000999927520752,0,0,0,0.000000,0
613789,1787899638.0,5.999000072479248,0,0,0,0.000000,0
613790,1787899644.0,6.0,0,0,0,0.000000,0
613791,1787899650.0,6.0,0,0,0,0.000000,0
613792,1787899656.0,6.0,0,0,0,0.000000,0
613793,1787899662.0,6.0,0,0,0,0.000000,0
613794,1787899668.0,6.0,0,0,0,0.000000,0
613795,1787899674.0,6.0,0,0,0,0.000000,0
613796,1787899680.0,6.0,0,0,0,0.000000,0
613797,1787899686.0,6.0,0,0,0,0.000000,0
613798,1787899692.001,6.000999927520752,0,0,0,0.000000,0
613799,1787899698.0,5.999000072479248,0,0,0,0.000000,0
613800,1787899704.0,6.0,0,0,0,0.000000,0
613801,1787899710.0,6.0,0,0,0,0.000000,0
613802,1787899716.0,6.0,0,0,0,0.000000,0
613803,1787899722.0,6.0,0,0,0,0.000000,0
613804,1787899728.0,6.0,0,0,0,0.000000,0
613805,1787899734.0,6.0,0,0,0,0.000000,0
613806,1787899740.0,6.0,0,0,0,0.000000,0
613807,1787899746.0,6.0,0,0,0,0.000000,0
613808,1787899752.0,6.0,0,0,0,0.000000,0
613809,1787899758.0,6.0,1,1,9451,0.047255,1
613810,1787899764.0,6.0,0,0,0,0.000000,0
613811,1787899770.001,6.000999927520752,0,0,0,0.000000,0
613812,1787899776.0,5.999000072479248,0,0,0,0.000000,0
613813,1787899782.0,6.0,0,0,0,0.000000,0
613814,1787899788.0,6.0,0,0,0,0.000000,0
613815,1787899794.001,6.000999927520752,0,0,0,0.000000,0
613816,1787899800.0,5.999000072479248,0,0,0,0.000000,0
613817,1787899806.0,6.0,0,0,0,0.000000,0
613818,1787899812.0,6.0,0,0,0,0.000000,0
613819,1787899818.0,6.0,0,0,0,0.000000,0
613820,1787899824.0,6.0,0,0,0,0.000000,0
613821,1787899830.001,6.000999927520752,0,0,0,0.000000,0
613822,1787899836.0,5.999000072479248,0,0,0,0.000000,0
613823,1787899842.0,6.0,0,0,0,0.000000,0
613824,1787899848.001,6.000999927520752,0,0,0,0.000000,0
613825,1787899854.0,5.999000072479248,0,0,0,0.000000,0
613826,1787899860.0,6.0,0,0,0,0.000000,0
613827,1787899866.0,6.0,0,0,0,0.000000,0
613828,1787899872.001,6.000999927520752,0,0,0,0.000000,0
613829,1787899878.0,5.999000072479248,0,0,0,0.000000,0
613830,1787899884.0,6.0,0,0,0,0.000000,0
613831,1787899890.0,6.0,0,0,0,0.000000,0
613832,1787899896.0,6.0,0,0,0,0.000000,0
613833,1787899902.0,6.0,0,0,0,0.000000,0
613834,1787899908.0,6.0,0,0,0,0.000000,0
613835,1787899914.0,6.0,0,0,0,0.000000,0
613836,1787899920.0,6.0,0,0,0,0.000000,0
613837,1787899926.001,6.000999927520752,0,0,0,0.000000,0
613838,1787899932.0,5.999000072479248,0,0,0,0.000000,0
613839,1787899938.0,6.0,0,0,0,0.000000,0
613840,1787899944.0,6.0,0,0,0,0.000000,0
613841,1787899950.0,6.0,0,0,0,0.000000,0
613842,1787899956.0,6.0,0,0,0,0.000000,0
613843,1787899962.001,6.000999927520752,0,0,0,0.000000,0
613844,1787899968.0,5.999000072479248,0,0,0,0.000000,0
613845,1787899974.0,6.0,0,0,0,0.000000,0
613846,1787899980.0,6.0,1,1,26741,0.133705,1
613847,1787899986.001,6.000999927520752,0,0,0,0.000000,0
613848,1787899992.0,5.999000072479248,0,0,0,0.000000,0
613849,1787899998.0,6.0,0,0,0,0.000000,0
613850,1787900004.0,6.0,0,0,0,0.000000,0
613851,1787900010.0,6.0,0,0,0,0.000000,0
613852,1787900016.001,6.000999927520752,0,0,0,0.000000,0
613853,1787900022.0,5.999000072479248,0,0,0,0.000000,0
613854,1787900028.0,6.0,0,0,0,0.000000,0
613855,1787900034.0,6.0,0,0,0,0.000000,0
613856,1787900040.0,6.0,0,0,0,0.000000,0
613857,1787900046.0,6.0,0,0,0,0.000000,0
613858,1787900052.0,6.0,0,0,0,0.000000,0
613859,1787900058.001,6.000999927520752,0,0,0,0.000000,0
613860,1787900064.0,5.999000072479248,0,0,0,0.000000,0
613861,1787900070.0,6.0,0,0,0,0.000000,0
613862,1787900076.0,6.0,0,0,0,0.000000,0
613863,1787900082.0,6.0,0,0,0,0.000000,0
613864,1787900088.0,6.0,0,0,0,0.000000,0
613865,1787900094.0,6.0,0,0,0,0.000000,0
613866,1787900100.0,6.0,0,0,0,0.000000,0
613867,1787900106.0,6.0,0,0,0,0.000000,0
613868,1787900112.0,6.0,0,0,0,0.000000,0
613869,1787900118.001,6.000999927520752,0,0,0,0.000000,0
613870,1787900124.0,5.999000072479248,0,0,0,0.000000,0
613871,1787900130.0,6.0,0,0,0,0.000000,0
613872,1787900136.0,6.0,0,0,0,0.000000,0
613873,1787900142.0,6.0,0,0,0,0.000000,0
613874,1787900148.0,6.0,0,0,0,0.000000,0
613875,1787900154.0,6.0,0,0,0,0.000000,0
613876,1787900160.0,6.0,0,0,0,0.000000,0
613877,1787900166.0,6.0,0,0,0,0.000000,0
613878,1787900172.0,6.0,0,0,0,0.000000,0
613879,1787900178.0,6.0,0,0,0,0.000000,0
613880,1787900184.0,6.0,0,0,0,0.000000,0
613881,1787900190.001,6.000999927520752,0,0,0,0.000000,0
613882,1787900196.001,6.0,0,0,0,0.000000,0
613883,1787900202.0,5.999000072479248,0,0,0,0.000000,0
613884,1787900208.0,6.0,0,0,0,0.000000,0
613885,1787900214.0,6.0,0,0,0,0.000000,0
613886,1787900220.0,6.0,0,0,0,0.000000,0
613887,1787900226.001,6.000999927520752,0,0,0,0.000000,0
613888,1787900232.0,5.999000072479248,0,0,0,0.000000,0
613889,1787900238.0,6.0,0,0,0,0.000000,0
613890,1787900244.0,6.0,0,0,0,0.000000,0
613891,1787900250.0,6.0,0,0,0,0.000000,0
613892,1787900256.001,6.000999927520752,0,0,0,0.000000,0
613893,1787900262.0,5.999000072479248,0,0,0,0.000000,0
613894,1787900268.0,6.0,0,0,0,0.000000,0
613895,1787900274.001,6.000999927520752,0,0,0,0.000000,0
613896,1787900280.0,5.999000072479248,0,0,0,0.000000,0
613897,1787900286.0,6.0,0,0,0,0.000000,0
613898,1787900292.001,6.000999927520752,0,0,0,0.000000,0
613899,1787900298.0,5.999000072479248,0,0,0,0.000000,0
613900,1787900304.0,6.0,0,0,0,0.000000,0
613901,1787900310.001,6.000999927520752,0,0,0,0.000000,0
613902,1787900316.0,5.999000072479248,0,0,0,0.000000,0
613903,1787900322.0,6.0,0,0,0,0.000000,0
613904,1787900328.0,6.0,0,0,0,0.000000,0
613905,1787900334.0,6.0,0,0,0,0.000000,0
613906,1787900340.001,6.000999927520752,0,0,0,0.000000,0
613907,1787900346.0,5.999000072479248,0,0,0,0.000000,0
613908,1787900352.0,6.0,0,0,0,0.000000,0
613909,1787900358.0,6.0,0,0,0,0.000000,0
613910,1787900364.0,6.0,0,0,0,0.000000,0
613911,1787900370.0,6.0,0,0,0,0.000000,0
613912,1787900376.001,6.000999927520752,0,0,0,0.000000,0
613913,1787900382.0,5.999000072479248,0,0,0,0.000000,0
613914,1787900388.0,6.0,0,0,0,0.000000,0
613915,1787900394.0,6.0,0,0,0,0.000000,0
613916,1787900400.0,6.0,0,0,0,0.000000,0
613917,1787900406.0,6.0,0,0,0,0.000000,0
613918,1787900412.0,6.0,0,0,0,0.000000,0
613919,1787900418.0,6.0,0,0,0,0.000000,0
613920,1787900424.0,6.0,0,0,0,0.000000,0
613921,1787900430.0,6.0,0,0,0,0.000000,0
613922,1787900436.0,6.0,0,0,0,0.000000,0
613923,1787900442.0,6.0,0,0,0,0.000000,0
613924,1787900448.0,6.0,0,0,0,0.000000,0
613925,1787900454.0,6.0,0,0,0,0.000000,0
613926,1787900460.0,6.0,0,0,0,0.000000,0
613927,1787900466.001,6.000999927520752,0,0,0,0.000000,0
613928,1787900472.0,5.999000072479248,0,0,0,0.000000,0
613929,1787900478.0,6.0,0,0,0,0.000000,0
613930,1787900484.0,6.0,0,0,0,0.000000,0
613931,1787900490.0,6.0,0,0,0,0.000000,0
613932,1787900496.0,6.0,0,0,0,0.000000,0
613933,1787900502.0,6.0,0,0,0,0.000000,0
613934,1787900508.0,6.0,0,0,0,0.000000,0
613935,1787900514.0,6.0,0,0,0,0.000000,0
613936,1787900520.001,6.000999927520752,0,0,0,0.000000,0
613937,1787900526.0,5.999000072479248,0,0,0,0.000000,0
613938,1787900532.0,6.0,0,0,0,0.000000,0
613939,1787900538.0,6.0,0,0,0,0.000000,0
613940,1787900544.0,6.0,0,0,0,0.000000,0
613941,1787900550.0,6.0,0,0,0,0.000000,0
613942,1787900556.0,6.0,0,0,0,0.000000,0
613943,1787900562.0,6.0,0,0,0,0.000000,0
613944,1787900568.0,6.0,0,0,0,0.000000,0
613945,1787900574.0,6.0,0,0,0,0.000000,0
613946,1787900580.0,6.0,1,1,6771,0.033855,1
613947,1787900586.0,6.0,0,0,0,0.000000,0
613948,1787900592.0,6.0,0,0,0,0.000000,0
613949,1787900598.001,6.000999927520752,0,0,0,0.000000,0
613950,1787900604.0,5.999000072479248,0,0,0,0.000000,0
613951,1787900610.0,6.0,0,0,0,0.000000,0
613952,1787900616.0,6.0,0,0,0,0.000000,0
613953,1787900622.0,6.0,1,1,6772,0.033860,1
613954,1787900628.0,6.0,0,0,0,0.000000,0
613955,1787900634.001,6.000999927520752,0,0,0,0.000000,0
613956,1787900640.0,5.999000072479248,0,0,0,0.000000,0
613957,1787900646.0,6.0,0,0,0,0.000000,0
613958,1787900652.0,6.0,0,0,0,0.000000,0
613959,1787900658.0,6.0,0,0,0,0.000000,0
613960,1787900664.0,6.0,1,1,6772,0.033860,1
613961,1787900670.0,6.0,0,0,0,0.000000,0
613962,1787900676.0,6.0,0,0,0,0.000000,0
613963,1787900682.0,6.0,0,0,0,0.000000,0
613964,1787900688.0,6.0,0,0,0,0.000000,0
613965,1787900694.0,6.0,0,0,0,0.000000,0
613966,1787900700.0,6.0,0,0,0,0.000000,0
613967,1787900706.0,6.0,1,1,6772,0.033860,0
613968,1787900712.001,6.000999927520752,0,0,0,0.000000,0
613969,1787900718.0,5.999000072479248,0,0,0,0.000000,0
613970,1787900724.0,6.0,0,0,0,0.000000,0
613971,1787900730.0,6.0,0,0,0,0.000000,0
613972,1787900736.0,6.0,0,0,0,0.000000,0
613973,1787900742.0,6.0,0,0,0,0.000000,0
613974,1787900748.0,6.0,1,1,6772,0.033860,1
613975,1787900754.0,6.0,0,0,0,0.000000,0
613976,1787900760.0,6.0,0,0,0,0.000000,0
613977,1787900766.0,6.0,0,0,0,0.000000,0
613978,1787900772.0,6.0,0,0,0,0.000000,0
613979,1787900778.0,6.0,0,0,0,0.000000,0
613980,1787900784.0,6.0,0,0,0,0.000000,0
613981,1787900790.0,6.0,1,1,6771,0.033855,1
613982,1787900796.0,6.0,0,0,0,0.000000,0
613983,1787900802.0,6.0,0,0,0,0.000000,0
613984,1787900808.0,6.0,0,0,0,0.000000,0
613985,1787900814.0,6.0,0,0,0,0.000000,0
613986,1787900820.0,6.0,0,0,0,0.000000,0
613987,1787900826.0,6.0,0,0,0,0.000000,0
613988,1787900832.0,6.0,1,1,6798,0.033990,1
613989,1787900838.0,6.0,0,0,0,0.000000,0
613990,1787900844.0,6.0,0,0,0,0.000000,0
613991,1787900850.0,6.0,0,0,0,0.000000,0
613992,1787900856.0,6.0,0,0,0,0.000000,0
613993,1787900862.0,6.0,0,0,0,0.000000,0
613994,1787900868.001,6.000999927520752,0,0,0,0.000000,0
613995,1787900874.0,5.999000072479248,0,0,0,0.000000,0
613996,1787900880.0,6.0,0,0,0,0.000000,0
613997,1787900886.0,6.0,0,0,0,0.000000,0
613998,1787900892.0,6.0,0,0,0,0.000000,0
613999,1787900898.0,6.0,0,0,0,0.000000,0
614000,1787900904.0,6.0,0,0,0,0.000000,0
614001,1787900910.0,6.0,0,0,0,0.000000,0
614002,1787900916.001,6.000999927520752,0,0,0,0.000000,0
614003,1787900922.0,5.999000072479248,0,0,0,0.000000,0
614004,1787900928.001,6.000999927520752,0,0,0,0.000000,0
614005,1787900934.0,5.999000072479248,0,0,0,0.000000,0
614006,1787900940.0,6.0,0,0,0,0.000000,0
614007,1787900946.0,6.0,0,0,0,0.000000,0
614008,1787900952.0,6.0,0,0,0,0.000000,0
614009,1787900958.0,6.0,0,0,0,0.000000,0
614010,1787900964.0,6.0,0,0,0,0.000000,0
614011,1787900970.0,6.0,0,0,0,0.000000,0
614012,1787900976.0,6.0,0,0,0,0.000000,0
614013,1787900982.0,6.0,0,0,0,0.000000,0
614014,1787900988.0,6.0,0,0,0,0.000000,0
614015,1787900994.0,6.0,0,0,0,0.000000,0
614016,1787901000.001,6.000999927520752,0,0,0,0.000000,0
614017,1787901006.0,5.999000072479248,0,0,0,0.000000,0
614018,1787901012.0,6.0,0,0,0,0.000000,0
614019,1787901018.0,6.0,0,0,0,0.000000,0
614020,1787901024.0,6.0,0,0,0,0.000000,0
614021,1787901030.0,6.0,0,0,0,0.000000,0
614022,1787901036.0,6.0,0,0,0,0.000000,0
614023,1787901042.0,6.0,0,0,0,0.000000,0
614024,1787901048.0,6.0,0,0,0,0.000000,0
614025,1787901054.0,6.0,0,0,0,0.000000,0
614026,1787901060.0,6.0,0,0,0,0.000000,0
614027,1787901066.0,6.0,0,0,0,0.000000,0
614028,1787901072.0,6.0,0,0,0,0.000000,0
614029,1787901078.001,6.000999927520752,0,0,0,0.000000,0
614030,1787901084.0,5.999000072479248,0,0,0,0.000000,0
614031,1787901090.0,6.0,0,0,0,0.000000,0
614032,1787901096.0,6.0,0,0,0,0.000000,0
614033,1787901102.0,6.0,0,0,0,0.000000,0
614034,1787901108.0,6.0,0,0,0,0.000000,0
614035,1787901114.0,6.0,0,0,0,0.000000,0
614036,1787901120.0,6.0,0,0,0,0.000000,0
614037,1787901126.0,6.0,0,0,0,0.000000,0
614038,1787901132.0,6.0,0,0,0,0.000000,0
614039,1787901138.001,6.000999927520752,0,0,0,0.000000,0
614040,1787901144.0,5.999000072479248,0,0,0,0.000000,0
614041,1787901150.0,6.0,0,0,0,0.000000,0
614042,1787901156.0,6.0,0,0,0,0.000000,0
614043,1787901162.0,6.0,0,0,0,0.000000,0
614044,1787901168.0,6.0,0,0,0,0.000000,0
614045,1787901174.0,6.0,0,0,0,0.000000,0
614046,1787901180.0,6.0,0,0,0,0.000000,0
614047,1787901186.0,6.0,0,0,0,0.000000,0
614048,1787901192.0,6.0,0,0,0,0.000000,0
614049,1787901198.0,6.0,0,0,0,0.000000,0
614050,1787901204.0,6.0,0,0,0,0.000000,0
614051,1787901210.0,6.0,0,0,0,0.000000,0
614052,1787901216.0,6.0,0,0,0,0.000000,0
614053,1787901222.0,6.0,0,0,0,0.000000,0
614054,1787901228.0,6.0,0,0,0,0.000000,0
614055,1787901234.0,6.0,0,0,0,0.000000,0
614056,1787901240.0,6.0,0,0,0,0.000000,0
614057,1787901246.0,6.0,0,0,0,0.000000,0
614058,1787901252.0,6.0,0,0,0,0.000000,0
614059,1787901258.0,6.0,0,0,0,0.000000,0
614060,1787901264.0,6.0,0,0,0,0.000000,0
614061,1787901270.001,6.000999927520752,0,0,0,0.000000,0
614062,1787901276.001,6.0,0,0,0,0.000000,0
614063,1787901282.001,6.0,0,0,0,0.000000,0
614064,1787901288.0,5.999000072479248,0,0,0,0.000000,0
614065,1787901294.0,6.0,0,0,0,0.000000,0
614066,1787901300.0,6.0,0,0,0,0.000000,0
614067,1787901306.0,6.0,0,0,0,0.000000,0
614068,1787901312.0,6.0,0,0,0,0.000000,0
614069,1787901318.0,6.0,0,0,0,0.000000,0
614070,1787901324.0,6.0,0,0,0,0.000000,0
614071,1787901330.0,6.0,0,0,0,0.000000,0
614072,1787901336.001,6.000999927520752,0,0,0,0.000000,0
614073,1787901342.001,6.0,0,0,0,0.000000,0
614074,1787901348.0,5.999000072479248,0,0,0,0.000000,0
614075,1787901354.0,6.0,0,0,0,0.000000,0
614076,1787901360.0,6.0,0,0,0,0.000000,0
614077,1787901366.0,6.0,0,0,0,0.000000,0
614078,1787901372.0,6.0,0,0,0,0.000000,0
614079,1787901378.0,6.0,0,0,0,0.000000,0
614080,1787901384.0,6.0,0,0,0,0.000000,0
614081,1787901390.0,6.0,0,0,0,0.000000,0
614082,1787901396.0,6.0,0,0,0,0.000000,0
614083,1787901402.001,6.000999927520752,0,0,0,0.000000,0
614084,1787901408.001,6.0,0,0,0,0.000000,0
614085,1787901414.0,5.999000072479248,0,0,0,0.000000,0
614086,1787901420.0,6.0,0,0,0,0.000000,0
614087,1787901426.0,6.0,0,0,0,0.000000,0
614088,1787901432.001,6.000999927520752,0,0,0,0.000000,0
614089,1787901438.0,5.999000072479248,0,0,0,0.000000,0
614090,1787901444.0,6.0,0,0,0,0.000000,0
614091,1787901450.0,6.0,0,0,0,0.000000,0
614092,1787901456.0,6.0,0,0,0,0.000000,0
614093,1787901462.0,6.0,0,0,0,0.000000,0
614094,1787901468.001,6.000999927520752,0,0,0,0.000000,0
614095,1787901474.0,5.999000072479248,0,0,0,0.000000,0
614096,1787901480.0,6.0,0,0,0,0.000000,0
614097,1787901486.0,6.0,0,0,0,0.000000,0
614098,1787901492.001,6.000999927520752,0,0,0,0.000000,0
614099,1787901498.0,5.999000072479248,0,0,0,0.000000,0
614100,1787901504.0,6.0,0,0,0,0.000000,0
614101,1787901510.0,6.0,0,0,0,0.000000,0
614102,1787901516.001,6.000999927520752,0,0,0,0.000000,0
614103,1787901522.001,6.0,0,0,0,0.000000,0
614104,1787901528.001,6.0,0,0,0,0.000000,0
614105,1787901534.001,6.0,0,0,0,0.000000,0
614106,1787901540.0,5.999000072479248,0,0,0,0.000000,0
614107,1787901546.0,6.0,0,0,0,0.000000,0
614108,1787901552.0,6.0,0,0,0,0.000000,0
614109,1787901558.0,6.0,0,0,0,0.000000,0
614110,1787901564.0,6.0,0,0,0,0.000000,0
614111,1787901570.0,6.0,0,0,0,0.000000,0
614112,1787901576.0,6.0,0,0,0,0.000000,0
614113,1787901582.0,6.0,0,0,0,0.000000,0
614114,1787901588.0,6.0,0,0,0,0.000000,0
614115,1787901594.001,6.000999927520752,0,0,0,0.000000,0
614116,1787901600.0,5.999000072479248,0,0,0,0.000000,0
614117,1787901606.0,6.0,0,0,0,0.000000,0
614118,1787901612.0,6.0,0,0,0,0.000000,0
614119,1787901618.0,6.0,0,0,0,0.000000,0
614120,1787901624.0,6.0,0,0,0,0.000000,0
614121,1787901630.0,6.0,0,0,0,0.000000,0
614122,1787901636.0,6.0,0,0,0,0.000000,0
614123,1787901642.0,6.0,0,0,0,0.000000,0
614124,1787901648.0,6.0,0,0,0,0.000000,0
614125,1787901654.0,6.0,0,0,0,0.000000,0
614126,1787901660.0,6.0,0,0,0,0.000000,0
614127,1787901666.001,6.000999927520752,0,0,0,0.000000,0
614128,1787901672.001,6.0,0,0,0,0.000000,0
614129,1787901678.0,5.999000072479248,0,0,0,0.000000,0
614130,1787901684.001,6.000999927520752,0,0,0,0.000000,0
614131,1787901690.0,5.999000072479248,0,0,0,0.000000,0
